userid,transaction,region,transaction_date,product_category,total_amount,status,city,age,subscription,raw_times,email,username,price,storeid,quantity,discount,product_id,priority,base_price,final_price
U00001,TXN100001,West,2025-06-09,Grocery,5517.0,Refunded,Jaipur,58,Basic,2025-06-09 01:52:00,user1@example.com,user1,2758.5,S068,2,10,P8953,Low,3065.0,3616.7
U00002,TXN100002,West,2025-01-04,Grocery,27689.6,Failed,Pune,65,Basic,2025-01-04 12:59:00,user2@example.com,user2,3461.2,S012,8,15,P2984,Low,4072.0,4804.96
U00003,TXN100003,East,2025-05-23,Fashion,5490.0,Completed,Bengaluru,38,Basic,2025-05-23 22:51:00,user3@example.com,user3,1098.0,S059,5,25,P3255,Urgent,1464.0,1727.52
U00004,TXN100004,East,2025-11-02,Home,2976.0,Completed,Pune,66,Premium,2025-11-02 20:17:00,user4@example.com,user4,744.0,S032,4,20,P2188,Urgent,930.0,1097.4
U00005,TXN100005,North,2025-10-24,Home,1193.4,Refunded,Delhi,52,Basic,2025-10-24 16:17:00,user5@example.com,user5,298.35,S087,4,15,P8060,Medium,351.0,414.18
U00006,TXN100006,South,2025-03-31,Books,1179.8,Pending,Hyderabad,64,Free,2025-03-31 23:07:00,user6@example.com,user6,1179.8,S062,1,15,P8384,High,1388.0,1637.84
U00007,TXN100007,East,2025-01-30,Fashion,8437.5,Completed,Mumbai,20,Basic,2025-01-30 15:24:00,user7@example.com,user7,1687.5,S063,5,10,P4485,Low,1875.0,2212.5
U00008,TXN100008,North,2025-02-04,Sports,1036.8,Pending,Kolkata,23,Free,2025-02-04 06:57:00,user8@example.com,user8,1036.8,S014,1,20,P1269,Urgent,1296.0,1529.28
U00009,TXN100009,West,2026-01-31,Electronics,31014.4,Refunded,Bengaluru,28,Premium,2026-01-31 13:02:00,user9@example.com,user9,3876.8,S062,8,20,P4887,Medium,4846.0,5718.28
U00010,TXN100010,East,2025-03-09,Books,11183.4,Failed,Chennai,44,Free,2025-03-09 03:05:00,user10@example.com,user10,2795.85,S037,4,5,P6569,Medium,2943.0,3472.74
U00011,TXN100011,South,2025-06-16,Fashion,1883.0,Failed,Mumbai,36,Premium,2025-06-16 05:36:00,user11@example.com,user11,1883.0,S100,1,0,P5804,Low,1883.0,2221.94
U00012,TXN100012,West,2025-02-24,Electronics,4928.0,Pending,Chennai,40,Basic,2025-02-24 01:25:00,user12@example.com,user12,4928.0,S059,1,0,P9070,High,4928.0,5815.04
U00013,TXN100013,North,2026-04-19,Books,24973.2,Completed,Delhi,48,Free,2026-04-19 21:41:00,user13@example.com,user13,2774.8,S038,9,30,P5638,Urgent,3964.0,4677.52
U00014,TXN100014,South,2026-01-10,Grocery,18813.6,Completed,Chennai,22,Free,2026-01-10 02:17:00,user14@example.com,user14,2090.4,S040,9,20,P7593,Urgent,2613.0,3083.34
U00015,TXN100015,West,2025-01-10,Sports,12486.0,Refunded,Chennai,68,Premium,2025-01-10 13:18:00,user15@example.com,user15,3121.5,S001,4,25,P5480,Medium,4162.0,4911.16
U00016,TXN100016,East,2026-02-14,Grocery,3848.45,Pending,Bengaluru,62,Free,2026-02-14 07:18:00,user16@example.com,user16,3848.45,S005,1,5,P1694,Urgent,4051.0,4780.18
U00017,TXN100017,North,2025-10-22,Electronics,5440.0,Failed,Kolkata,44,Free,2025-10-22 16:59:00,user17@example.com,user17,1360.0,S078,4,20,P8309,Medium,1700.0,2006.0
U00018,TXN100018,East,2025-07-29,Sports,9246.0,Pending,Mumbai,58,Premium,2025-07-29 19:04:00,user18@example.com,user18,3082.0,S080,3,0,P4917,Urgent,3082.0,3636.76
U00019,TXN100019,North,2026-01-05,Electronics,3684.0,Failed,Delhi,63,Basic,2026-01-05 01:33:00,user19@example.com,user19,921.0,S025,4,25,P8005,Low,1228.0,1449.04
U00020,TXN100020,North,2025-07-16,Fashion,10846.0,Failed,Kolkata,40,Premium,2025-07-16 02:34:00,user20@example.com,user20,1084.6,S040,10,15,P1638,Medium,1276.0,1505.68
U00021,TXN100021,South,2025-10-20,Grocery,1459.5,Failed,Hyderabad,46,Basic,2025-10-20 07:39:00,user21@example.com,user21,1459.5,S098,1,25,P2650,Medium,1946.0,2296.28
U00022,TXN100022,West,2025-11-28,Home,4204.8,Pending,Delhi,60,Free,2025-11-28 19:10:00,user22@example.com,user22,1401.6,S086,3,20,P9307,Medium,1752.0,2067.36
U00023,TXN100023,West,2025-06-22,Electronics,10880.1,Failed,Jaipur,35,Premium,2025-06-22 21:36:00,user23@example.com,user23,1554.3,S055,7,10,P1041,High,1727.0,2037.86
U00024,TXN100024,East,2026-01-04,Books,8677.5,Completed,Kolkata,66,Free,2026-01-04 11:50:00,user24@example.com,user24,1735.5,S009,5,25,P7256,Low,2314.0,2730.52
U00025,TXN100025,North,2025-10-07,Home,9878.1,Pending,Chennai,32,Basic,2025-10-07 01:08:00,user25@example.com,user25,1646.35,S088,6,5,P2884,Medium,1733.0,2044.94
U00026,TXN100026,East,2025-05-25,Sports,11521.75,Refunded,Mumbai,23,Premium,2025-05-25 14:16:00,user26@example.com,user26,2304.35,S095,5,15,P8367,High,2711.0,3198.98
U00027,TXN100027,West,2025-01-23,Sports,14265.6,Completed,Pune,45,Free,2025-01-23 06:17:00,user27@example.com,user27,3566.4,S070,4,20,P3219,High,4458.0,5260.44
U00028,TXN100028,West,2025-08-26,Books,20548.5,Refunded,Delhi,62,Free,2025-08-26 00:49:00,user28@example.com,user28,4109.7,S006,5,5,P4173,High,4326.0,5104.68
U00029,TXN100029,West,2025-09-25,Electronics,38445.5,Completed,Chennai,19,Free,2025-09-25 12:15:00,user29@example.com,user29,3844.55,S068,10,15,P6155,Low,4523.0,5337.14
U00030,TXN100030,South,2025-01-28,Books,31857.3,Completed,Hyderabad,52,Premium,2025-01-28 22:55:00,user30@example.com,user30,3539.7,S056,9,5,P7336,High,3726.0,4396.68
U00031,TXN100031,East,2025-06-15,Sports,29529.85,Pending,Chennai,69,Free,2025-06-15 23:29:00,user31@example.com,user31,4218.55,S033,7,15,P7909,Low,4963.0,5856.34
U00032,TXN100032,North,2026-01-10,Sports,7595.25,Refunded,Delhi,67,Free,2026-01-10 21:14:00,user32@example.com,user32,2531.75,S100,3,5,P8407,Low,2665.0,3144.7
U00033,TXN100033,West,2025-10-08,Books,12975.0,Failed,Jaipur,23,Premium,2025-10-08 18:19:00,user33@example.com,user33,2595.0,S087,5,25,P3248,Urgent,3460.0,4082.8
U00034,TXN100034,East,2025-07-10,Fashion,22146.0,Failed,Hyderabad,38,Free,2025-07-10 10:30:00,user34@example.com,user34,2768.25,S035,8,25,P2791,Urgent,3691.0,4355.38
U00035,TXN100035,South,2025-06-02,Home,4649.4,Refunded,Kolkata,52,Free,2025-06-02 07:44:00,user35@example.com,user35,516.6,S012,9,30,P1917,Urgent,738.0,870.84
U00036,TXN100036,West,2025-04-14,Home,2437.2,Pending,Delhi,45,Free,2025-04-14 23:17:00,user36@example.com,user36,1218.6,S074,2,10,P8204,High,1354.0,1597.72
U00037,TXN100037,North,2025-06-15,Grocery,23093.0,Pending,Bengaluru,46,Free,2025-06-15 20:03:00,user37@example.com,user37,2309.3,S016,10,30,P7506,Urgent,3299.0,3892.82
U00038,TXN100038,East,2025-07-23,Electronics,5882.4,Pending,Jaipur,46,Free,2025-07-23 17:31:00,user38@example.com,user38,2941.2,S045,2,10,P7541,Medium,3268.0,3856.24
U00039,TXN100039,South,2025-01-21,Grocery,15635.1,Pending,Delhi,52,Free,2025-01-21 07:46:00,user39@example.com,user39,2605.85,S053,6,5,P8098,Low,2743.0,3236.74
U00040,TXN100040,South,2025-08-26,Home,5856.0,Refunded,Kolkata,19,Basic,2025-08-26 00:12:00,user40@example.com,user40,2928.0,S004,2,25,P4083,Urgent,3904.0,4606.72
U00041,TXN100041,North,2025-03-10,Electronics,3605.7,Failed,Hyderabad,63,Premium,2025-03-10 00:00:00,user41@example.com,user41,1201.9,S006,3,15,P2784,High,1414.0,1668.52
U00042,TXN100042,North,2026-04-13,Home,3176.25,Refunded,Hyderabad,31,Free,2026-04-13 18:17:00,user42@example.com,user42,453.75,S069,7,25,P6461,Low,605.0,713.9
U00043,TXN100043,East,2025-01-31,Electronics,448.8,Failed,Mumbai,41,Basic,2025-01-31 08:55:00,user43@example.com,user43,149.6,S053,3,15,P1850,High,176.0,207.68
U00044,TXN100044,South,2025-06-10,Home,7216.5,Refunded,Delhi,41,Free,2025-06-10 17:59:00,user44@example.com,user44,721.65,S018,10,15,P1854,Low,849.0,1001.82
U00045,TXN100045,West,2025-04-01,Books,12089.0,Completed,Kolkata,63,Free,2025-04-01 10:50:00,user45@example.com,user45,1208.9,S085,10,30,P1798,High,1727.0,2037.86
U00046,TXN100046,South,2025-01-04,Electronics,2406.4,Failed,Chennai,59,Free,2025-01-04 11:46:00,user46@example.com,user46,2406.4,S039,1,20,P9248,Urgent,3008.0,3549.44
U00047,TXN100047,West,2025-03-30,Books,2783.5,Failed,Mumbai,47,Free,2025-03-30 06:37:00,user47@example.com,user47,2783.5,S022,1,5,P1516,Urgent,2930.0,3457.4
U00048,TXN100048,North,2025-04-06,Home,9659.4,Pending,Jaipur,30,Premium,2025-04-06 04:56:00,user48@example.com,user48,1609.9,S053,6,15,P9375,Low,1894.0,2234.92
U00049,TXN100049,West,2025-09-10,Fashion,23650.2,Pending,Pune,55,Free,2025-09-10 21:40:00,user49@example.com,user49,3378.6,S088,7,10,P8008,Low,3754.0,4429.72
U00050,TXN100050,North,2026-02-12,Fashion,19422.75,Refunded,Delhi,26,Premium,2026-02-12 11:18:00,user50@example.com,user50,3884.55,S092,5,5,P6575,High,4089.0,4825.02
U00051,TXN100051,North,2025-12-03,Home,2263.2,Pending,Bengaluru,55,Premium,2025-12-03 14:56:00,user51@example.com,user51,2263.2,S037,1,20,P8074,Urgent,2829.0,3338.22
U00052,TXN100052,West,2025-08-02,Home,6924.0,Pending,Jaipur,27,Free,2025-08-02 22:38:00,user52@example.com,user52,865.5,S041,8,25,P8435,Medium,1154.0,1361.72
U00053,TXN100053,South,2025-11-12,Grocery,25275.6,Pending,Hyderabad,43,Premium,2025-11-12 23:37:00,user53@example.com,user53,4212.6,S082,6,15,P2727,High,4956.0,5848.08
U00054,TXN100054,East,2025-10-04,Electronics,1544.7,Refunded,Kolkata,18,Premium,2025-10-04 14:10:00,user54@example.com,user54,514.9,S036,3,5,P8008,High,542.0,639.56
U00055,TXN100055,South,2025-08-07,Books,15584.8,Completed,Jaipur,35,Premium,2025-08-07 07:56:00,user55@example.com,user55,1948.1,S007,8,30,P4254,Low,2783.0,3283.94
U00056,TXN100056,West,2025-08-06,Sports,22200.0,Refunded,Bengaluru,66,Basic,2025-08-06 06:26:00,user56@example.com,user56,2775.0,S044,8,25,P2187,Urgent,3700.0,4366.0
U00057,TXN100057,West,2025-05-04,Home,17843.2,Completed,Pune,59,Free,2025-05-04 08:15:00,user57@example.com,user57,2230.4,S049,8,15,P7955,High,2624.0,3096.32
U00058,TXN100058,North,2025-09-05,Home,26390.0,Completed,Jaipur,60,Basic,2025-09-05 22:20:00,user58@example.com,user58,3770.0,S023,7,0,P6910,High,3770.0,4448.6
U00059,TXN100059,West,2026-01-03,Fashion,1387.2,Pending,Mumbai,59,Basic,2026-01-03 13:29:00,user59@example.com,user59,462.4,S013,3,15,P6905,High,544.0,641.92
U00060,TXN100060,South,2025-07-20,Sports,14448.0,Failed,Kolkata,64,Free,2025-07-20 07:29:00,user60@example.com,user60,1444.8,S083,10,30,P8045,Urgent,2064.0,2435.52
U00061,TXN100061,West,2025-10-20,Home,17293.5,Refunded,Mumbai,24,Free,2025-10-20 23:26:00,user61@example.com,user61,2470.5,S016,7,10,P2771,Medium,2745.0,3239.1
U00062,TXN100062,North,2025-09-26,Fashion,10269.0,Refunded,Bengaluru,29,Free,2025-09-26 05:37:00,user62@example.com,user62,1467.0,S040,7,25,P3450,Urgent,1956.0,2308.08
U00063,TXN100063,North,2025-06-04,Home,2986.8,Completed,Chennai,20,Basic,2025-06-04 15:36:00,user63@example.com,user63,497.8,S062,6,5,P7261,Urgent,524.0,618.32
U00064,TXN100064,East,2025-07-29,Books,4054.5,Failed,Chennai,48,Basic,2025-07-29 12:30:00,user64@example.com,user64,675.75,S040,6,25,P6638,Urgent,901.0,1063.18
U00065,TXN100065,South,2025-12-22,Sports,21336.0,Pending,Kolkata,31,Basic,2025-12-22 15:58:00,user65@example.com,user65,3048.0,S014,7,25,P9895,High,4064.0,4795.52
U00066,TXN100066,North,2025-08-13,Home,3162.0,Completed,Delhi,38,Basic,2025-08-13 18:42:00,user66@example.com,user66,790.5,S022,4,25,P4125,Medium,1054.0,1243.72
U00067,TXN100067,South,2026-04-20,Home,889.5,Refunded,Delhi,50,Basic,2026-04-20 09:21:00,user67@example.com,user67,444.75,S098,2,25,P4747,Medium,593.0,699.74
U00068,TXN100068,East,2025-02-01,Home,12331.2,Failed,Kolkata,63,Basic,2025-02-01 10:21:00,user68@example.com,user68,2055.2,S012,6,20,P8681,Medium,2569.0,3031.42
U00069,TXN100069,East,2025-01-03,Sports,9164.7,Failed,Kolkata,70,Free,2025-01-03 10:20:00,user69@example.com,user69,1018.3,S019,9,15,P4537,Urgent,1198.0,1413.64
U00070,TXN100070,North,2025-07-07,Books,5052.8,Refunded,Kolkata,58,Basic,2025-07-07 17:51:00,user70@example.com,user70,2526.4,S072,2,20,P3674,High,3158.0,3726.44
U00071,TXN100071,East,2025-04-07,Fashion,788.5,Completed,Chennai,25,Free,2025-04-07 15:56:00,user71@example.com,user71,788.5,S004,1,5,P7574,High,830.0,979.4
U00072,TXN100072,North,2025-09-21,Sports,11718.0,Refunded,Kolkata,36,Premium,2025-09-21 01:28:00,user72@example.com,user72,2343.6,S015,5,30,P6885,Medium,3348.0,3950.64
U00073,TXN100073,West,2026-01-08,Home,25752.0,Refunded,Mumbai,22,Free,2026-01-08 22:08:00,user73@example.com,user73,3219.0,S028,8,0,P5407,Urgent,3219.0,3798.42
U00074,TXN100074,North,2025-02-11,Fashion,1712.0,Pending,Bengaluru,27,Free,2025-02-11 17:44:00,user74@example.com,user74,1712.0,S094,1,0,P1155,Medium,1712.0,2020.16
U00075,TXN100075,South,2026-01-26,Books,17461.5,Completed,Mumbai,30,Basic,2026-01-26 08:32:00,user75@example.com,user75,3492.3,S087,5,30,P3665,Medium,4989.0,5887.02
U00076,TXN100076,South,2025-12-22,Home,4190.4,Completed,Delhi,69,Basic,2025-12-22 02:01:00,user76@example.com,user76,2095.2,S067,2,10,P4145,High,2328.0,2747.04
U00077,TXN100077,North,2025-01-30,Grocery,11792.0,Refunded,Mumbai,35,Premium,2025-01-30 01:55:00,user77@example.com,user77,2948.0,S030,4,20,P4738,Medium,3685.0,4348.3
U00078,TXN100078,West,2026-04-25,Grocery,3998.7,Completed,Jaipur,20,Basic,2026-04-25 15:18:00,user78@example.com,user78,3998.7,S051,1,10,P6863,High,4443.0,5242.74
U00079,TXN100079,North,2026-02-27,Electronics,38295.0,Failed,Pune,50,Free,2026-02-27 23:57:00,user79@example.com,user79,4255.0,S048,9,0,P6650,Low,4255.0,5020.9
U00080,TXN100080,South,2025-05-02,Electronics,3739.0,Completed,Pune,25,Basic,2025-05-02 15:18:00,user80@example.com,user80,3739.0,S050,1,0,P4905,Urgent,3739.0,4412.02
U00081,TXN100081,South,2025-02-10,Electronics,34656.0,Failed,Hyderabad,21,Free,2025-02-10 12:40:00,user81@example.com,user81,4332.0,S053,8,0,P7245,Urgent,4332.0,5111.76
U00082,TXN100082,East,2025-10-24,Fashion,12720.0,Failed,Delhi,66,Premium,2025-10-24 05:23:00,user82@example.com,user82,3180.0,S046,4,25,P2046,Urgent,4240.0,5003.2
U00083,TXN100083,East,2025-04-27,Grocery,11459.7,Completed,Delhi,64,Free,2025-04-27 00:18:00,user83@example.com,user83,1909.95,S034,6,15,P3274,Low,2247.0,2651.46
U00084,TXN100084,North,2026-04-12,Home,6842.85,Completed,Kolkata,38,Basic,2026-04-12 14:38:00,user84@example.com,user84,2280.95,S097,3,5,P5046,Low,2401.0,2833.18
U00085,TXN100085,West,2025-04-24,Fashion,3666.6,Completed,Hyderabad,30,Basic,2025-04-24 09:05:00,user85@example.com,user85,611.1,S017,6,10,P9821,Urgent,679.0,801.22
U00086,TXN100086,North,2025-04-04,Fashion,14464.0,Refunded,Bengaluru,55,Free,2025-04-04 09:39:00,user86@example.com,user86,1808.0,S091,8,0,P9967,High,1808.0,2133.44
U00087,TXN100087,East,2025-08-29,Books,14728.0,Failed,Mumbai,69,Basic,2025-08-29 21:42:00,user87@example.com,user87,1841.0,S023,8,0,P9977,Urgent,1841.0,2172.38
U00088,TXN100088,North,2025-04-07,Books,2995.35,Pending,Chennai,69,Basic,2025-04-07 08:43:00,user88@example.com,user88,2995.35,S035,1,5,P8089,Medium,3153.0,3720.54
U00089,TXN100089,North,2025-01-19,Home,290.7,Completed,Mumbai,41,Free,2025-01-19 17:00:00,user89@example.com,user89,290.7,S037,1,5,P9782,Medium,306.0,361.08
U00090,TXN100090,West,2025-07-22,Fashion,912.0,Failed,Mumbai,19,Premium,2025-07-22 21:57:00,user90@example.com,user90,912.0,S003,1,25,P5187,Medium,1216.0,1434.88
U00091,TXN100091,South,2026-04-12,Electronics,3621.6,Pending,Mumbai,33,Premium,2026-04-12 01:31:00,user91@example.com,user91,3621.6,S047,1,10,P2019,Urgent,4024.0,4748.32
U00092,TXN100092,West,2025-08-08,Electronics,7664.0,Completed,Bengaluru,47,Basic,2025-08-08 04:03:00,user92@example.com,user92,3832.0,S084,2,0,P5561,Low,3832.0,4521.76
U00093,TXN100093,West,2025-11-11,Books,3025.75,Failed,Pune,23,Premium,2025-11-11 20:41:00,user93@example.com,user93,3025.75,S015,1,5,P9248,High,3185.0,3758.3
U00094,TXN100094,West,2025-12-05,Books,20100.8,Completed,Hyderabad,65,Basic,2025-12-05 21:47:00,user94@example.com,user94,2512.6,S006,8,15,P5125,Low,2956.0,3488.08
U00095,TXN100095,West,2026-02-25,Home,8485.4,Refunded,Delhi,26,Premium,2026-02-25 04:15:00,user95@example.com,user95,2121.35,S016,4,5,P5251,High,2233.0,2634.94
U00096,TXN100096,South,2026-03-08,Home,31043.7,Completed,Pune,37,Basic,2026-03-08 09:46:00,user96@example.com,user96,3449.3,S056,9,15,P2398,High,4058.0,4788.44
U00097,TXN100097,West,2025-01-25,Electronics,3402.0,Failed,Pune,43,Premium,2025-01-25 15:54:00,user97@example.com,user97,486.0,S077,7,0,P1420,Low,486.0,573.48
U00098,TXN100098,South,2025-06-28,Grocery,3068.8,Pending,Delhi,44,Free,2025-06-28 07:19:00,user98@example.com,user98,1534.4,S037,2,30,P9409,Low,2192.0,2586.56
U00099,TXN100099,West,2025-05-24,Electronics,2227.2,Completed,Pune,48,Basic,2025-05-24 03:42:00,user99@example.com,user99,278.4,S054,8,20,P2143,Urgent,348.0,410.64
U00100,TXN100100,North,2025-02-28,Home,25131.6,Completed,Chennai,37,Premium,2025-02-28 10:36:00,user100@example.com,user100,4188.6,S082,6,10,P2899,Medium,4654.0,5491.72
U00101,TXN100101,South,2026-01-18,Fashion,32487.0,Completed,Bengaluru,41,Basic,2026-01-18 19:59:00,user101@example.com,user101,4641.0,S100,7,0,P3043,Urgent,4641.0,5476.38
U00102,TXN100102,South,2025-08-03,Home,820.8,Failed,Kolkata,31,Basic,2025-08-03 00:55:00,user102@example.com,user102,136.8,S054,6,5,P3570,Urgent,144.0,169.92
U00103,TXN100103,South,2025-01-18,Electronics,2256.8,Pending,Bengaluru,33,Free,2025-01-18 00:12:00,user103@example.com,user103,1128.4,S036,2,30,P6318,Medium,1612.0,1902.16
U00104,TXN100104,South,2025-11-15,Fashion,6758.3,Refunded,Bengaluru,36,Premium,2025-11-15 23:15:00,user104@example.com,user104,3379.15,S071,2,5,P5259,Medium,3557.0,4197.26
U00105,TXN100105,North,2025-03-20,Grocery,770.0,Pending,Mumbai,66,Premium,2025-03-20 22:19:00,user105@example.com,user105,154.0,S041,5,0,P4624,Urgent,154.0,181.72
U00106,TXN100106,West,2026-04-29,Fashion,2704.5,Refunded,Pune,38,Premium,2026-04-29 06:48:00,user106@example.com,user106,1352.25,S076,2,25,P3912,Low,1803.0,2127.54
U00107,TXN100107,West,2026-03-25,Fashion,9462.6,Completed,Jaipur,64,Free,2026-03-25 06:31:00,user107@example.com,user107,3154.2,S004,3,30,P6974,High,4506.0,5317.08
U00108,TXN100108,West,2025-10-15,Sports,20420.4,Refunded,Kolkata,38,Basic,2025-10-15 05:11:00,user108@example.com,user108,2917.2,S054,7,15,P4263,Urgent,3432.0,4049.76
U00109,TXN100109,South,2025-08-08,Fashion,17350.2,Pending,Jaipur,27,Basic,2025-08-08 18:38:00,user109@example.com,user109,2891.7,S051,6,10,P8563,Medium,3213.0,3791.34
U00110,TXN100110,West,2025-07-07,Grocery,1591.2,Pending,Hyderabad,23,Premium,2025-07-07 00:42:00,user110@example.com,user110,530.4,S037,3,20,P5578,High,663.0,782.34
U00111,TXN100111,North,2026-05-01,Fashion,4531.2,Pending,Delhi,18,Basic,2026-05-01 23:09:00,user111@example.com,user111,1510.4,S054,3,20,P1409,High,1888.0,2227.84
U00112,TXN100112,North,2025-03-21,Grocery,19349.4,Refunded,Hyderabad,29,Basic,2025-03-21 13:46:00,user112@example.com,user112,2764.2,S092,7,15,P2161,Low,3252.0,3837.36
U00113,TXN100113,West,2025-12-04,Fashion,29223.0,Refunded,Pune,52,Premium,2025-12-04 20:44:00,user113@example.com,user113,3247.0,S087,9,15,P3953,High,3820.0,4507.6
U00114,TXN100114,North,2025-06-05,Grocery,12842.1,Completed,Hyderabad,66,Premium,2025-06-05 23:33:00,user114@example.com,user114,4280.7,S057,3,5,P1708,Low,4506.0,5317.08
U00115,TXN100115,South,2026-03-26,Electronics,1012.5,Pending,Pune,40,Free,2026-03-26 20:46:00,user115@example.com,user115,168.75,S079,6,25,P7563,Low,225.0,265.5
U00116,TXN100116,West,2026-02-19,Fashion,36624.0,Pending,Hyderabad,24,Free,2026-02-19 04:10:00,user116@example.com,user116,4578.0,S061,8,0,P9357,Medium,4578.0,5402.04
U00117,TXN100117,West,2026-04-07,Electronics,4814.4,Completed,Mumbai,52,Free,2026-04-07 07:11:00,user117@example.com,user117,2407.2,S035,2,15,P8061,Medium,2832.0,3341.76
U00118,TXN100118,West,2025-03-23,Sports,7678.05,Pending,Bengaluru,35,Premium,2025-03-23 02:46:00,user118@example.com,user118,2559.35,S057,3,15,P2698,High,3011.0,3552.98
U00119,TXN100119,North,2025-07-09,Sports,7816.5,Completed,Jaipur,55,Premium,2025-07-09 02:25:00,user119@example.com,user119,2605.5,S011,3,25,P9197,Low,3474.0,4099.32
U00120,TXN100120,East,2026-04-15,Home,20706.0,Failed,Chennai,62,Free,2026-04-15 05:48:00,user120@example.com,user120,3451.0,S059,6,30,P6692,Urgent,4930.0,5817.4
U00121,TXN100121,North,2026-03-25,Books,37602.0,Pending,Mumbai,67,Basic,2026-03-25 12:33:00,user121@example.com,user121,4178.0,S098,9,0,P6363,Low,4178.0,4930.04
U00122,TXN100122,East,2025-10-02,Home,13613.6,Failed,Pune,50,Free,2025-10-02 01:48:00,user122@example.com,user122,1944.8,S042,7,20,P9250,High,2431.0,2868.58
U00123,TXN100123,South,2025-06-07,Electronics,6240.0,Completed,Chennai,54,Premium,2025-06-07 06:05:00,user123@example.com,user123,624.0,S051,10,20,P7060,High,780.0,920.4
U00124,TXN100124,South,2026-02-21,Fashion,4702.0,Refunded,Jaipur,36,Free,2026-02-21 21:09:00,user124@example.com,user124,4702.0,S021,1,0,P1001,Urgent,4702.0,5548.36
U00125,TXN100125,North,2025-07-12,Electronics,2730.0,Failed,Kolkata,68,Premium,2025-07-12 17:17:00,user125@example.com,user125,273.0,S061,10,25,P3347,Medium,364.0,429.52
U00126,TXN100126,South,2026-02-19,Fashion,10025.4,Failed,Jaipur,64,Basic,2026-02-19 12:47:00,user126@example.com,user126,1670.9,S063,6,30,P1722,Urgent,2387.0,2816.66
U00127,TXN100127,East,2025-06-29,Electronics,9097.6,Pending,Pune,67,Free,2025-06-29 02:40:00,user127@example.com,user127,2274.4,S071,4,20,P1118,High,2843.0,3354.74
U00128,TXN100128,North,2025-12-09,Fashion,30438.0,Pending,Chennai,69,Basic,2025-12-09 00:58:00,user128@example.com,user128,3043.8,S040,10,10,P5901,Medium,3382.0,3990.76
U00129,TXN100129,West,2026-01-14,Grocery,14568.75,Failed,Chennai,42,Free,2026-01-14 09:23:00,user129@example.com,user129,2081.25,S055,7,25,P1076,Medium,2775.0,3274.5
U00130,TXN100130,North,2025-08-12,Books,3961.5,Pending,Hyderabad,19,Premium,2025-08-12 19:29:00,user130@example.com,user130,1980.75,S094,2,25,P7957,Medium,2641.0,3116.38
U00131,TXN100131,North,2025-01-06,Books,8276.8,Completed,Pune,54,Premium,2025-01-06 10:57:00,user131@example.com,user131,1034.6,S025,8,30,P6048,Low,1478.0,1744.04
U00132,TXN100132,South,2025-08-25,Grocery,5367.75,Completed,Hyderabad,47,Basic,2025-08-25 16:43:00,user132@example.com,user132,1073.55,S012,5,15,P3626,Urgent,1263.0,1490.34
U00133,TXN100133,West,2025-10-09,Grocery,23968.8,Failed,Jaipur,42,Basic,2025-10-09 19:53:00,user133@example.com,user133,2663.2,S078,9,20,P2365,Urgent,3329.0,3928.22
U00134,TXN100134,West,2025-05-01,Electronics,2253.75,Pending,Jaipur,52,Free,2025-05-01 23:14:00,user134@example.com,user134,450.75,S011,5,25,P5041,Medium,601.0,709.18
U00135,TXN100135,North,2025-01-12,Home,3864.0,Failed,Hyderabad,29,Premium,2025-01-12 01:11:00,user135@example.com,user135,644.0,S046,6,0,P1176,Medium,644.0,759.92
U00136,TXN100136,South,2025-11-19,Fashion,810.0,Completed,Kolkata,33,Premium,2025-11-19 09:20:00,user136@example.com,user136,135.0,S043,6,25,P1720,Medium,180.0,212.4
U00137,TXN100137,East,2025-09-30,Home,18760.0,Completed,Jaipur,55,Basic,2025-09-30 00:14:00,user137@example.com,user137,4690.0,S084,4,0,P1535,Medium,4690.0,5534.2
U00138,TXN100138,South,2025-08-05,Home,3015.0,Failed,Delhi,44,Free,2025-08-05 04:52:00,user138@example.com,user138,1507.5,S020,2,25,P9870,Urgent,2010.0,2371.8
U00139,TXN100139,West,2025-10-02,Books,31120.0,Pending,Mumbai,20,Basic,2025-10-02 14:29:00,user139@example.com,user139,3112.0,S082,10,0,P8734,Medium,3112.0,3672.16
U00140,TXN100140,North,2026-03-27,Fashion,6773.2,Refunded,Mumbai,60,Premium,2026-03-27 09:19:00,user140@example.com,user140,1693.3,S027,4,30,P9032,Medium,2419.0,2854.42
U00141,TXN100141,North,2026-03-24,Sports,8337.2,Completed,Delhi,25,Basic,2026-03-24 22:35:00,user141@example.com,user141,2084.3,S031,4,5,P3411,Urgent,2194.0,2588.92
U00142,TXN100142,South,2026-02-08,Grocery,13764.0,Refunded,Kolkata,50,Basic,2026-02-08 15:35:00,user142@example.com,user142,4588.0,S012,3,0,P7804,Medium,4588.0,5413.84
U00143,TXN100143,East,2025-09-20,Books,28553.2,Completed,Jaipur,58,Premium,2025-09-20 06:29:00,user143@example.com,user143,3569.15,S031,8,15,P1258,Medium,4199.0,4954.82
U00144,TXN100144,East,2026-02-21,Sports,11944.2,Completed,Mumbai,42,Basic,2026-02-21 03:02:00,user144@example.com,user144,3981.4,S048,3,15,P6378,High,4684.0,5527.12
U00145,TXN100145,West,2025-07-26,Home,5696.0,Refunded,Hyderabad,35,Basic,2025-07-26 19:40:00,user145@example.com,user145,569.6,S049,10,20,P7763,Urgent,712.0,840.16
U00146,TXN100146,West,2025-07-29,Electronics,2769.2,Failed,Kolkata,55,Free,2025-07-29 09:02:00,user146@example.com,user146,1384.6,S018,2,30,P1743,Urgent,1978.0,2334.04
U00147,TXN100147,South,2025-09-18,Books,6920.1,Failed,Jaipur,53,Basic,2025-09-18 16:03:00,user147@example.com,user147,2306.7,S033,3,10,P5906,Low,2563.0,3024.34
U00148,TXN100148,East,2025-07-15,Fashion,6052.0,Pending,Jaipur,68,Free,2025-07-15 17:41:00,user148@example.com,user148,3026.0,S043,2,0,P3729,Urgent,3026.0,3570.68
U00149,TXN100149,East,2025-01-08,Sports,12831.6,Completed,Delhi,26,Premium,2025-01-08 04:02:00,user149@example.com,user149,2138.6,S059,6,15,P8034,High,2516.0,2968.88
U00150,TXN100150,North,2025-11-17,Electronics,14433.3,Completed,Chennai,61,Premium,2025-11-17 23:29:00,user150@example.com,user150,1603.7,S063,9,30,P8787,High,2291.0,2703.38
U00151,TXN100151,South,2025-04-22,Home,2114.0,Pending,Chennai,54,Premium,2025-04-22 14:00:00,user151@example.com,user151,1057.0,S063,2,30,P9377,Low,1510.0,1781.8
U00152,TXN100152,North,2025-02-06,Fashion,19560.0,Failed,Pune,21,Premium,2025-02-06 18:09:00,user152@example.com,user152,3260.0,S060,6,0,P8426,Urgent,3260.0,3846.8
U00153,TXN100153,North,2025-11-30,Grocery,9913.5,Failed,Delhi,36,Free,2025-11-30 02:27:00,user153@example.com,user153,1652.25,S092,6,25,P1535,Low,2203.0,2599.54
U00154,TXN100154,North,2025-03-29,Fashion,22848.0,Refunded,Bengaluru,55,Premium,2025-03-29 06:51:00,user154@example.com,user154,2284.8,S003,10,15,P3657,Low,2688.0,3171.84
U00155,TXN100155,East,2025-10-18,Books,11548.8,Refunded,Hyderabad,18,Free,2025-10-18 09:01:00,user155@example.com,user155,1443.6,S090,8,10,P5125,Urgent,1604.0,1892.72
U00156,TXN100156,West,2025-11-27,Books,16452.0,Refunded,Mumbai,22,Free,2025-11-27 19:10:00,user156@example.com,user156,2742.0,S045,6,0,P3342,High,2742.0,3235.56
U00157,TXN100157,North,2026-01-19,Fashion,8052.0,Refunded,Chennai,65,Basic,2026-01-19 05:02:00,user157@example.com,user157,1342.0,S006,6,0,P3568,High,1342.0,1583.56
U00158,TXN100158,East,2026-03-05,Books,2497.6,Failed,Mumbai,43,Free,2026-03-05 06:37:00,user158@example.com,user158,1248.8,S096,2,30,P7929,Low,1784.0,2105.12
U00159,TXN100159,North,2025-12-01,Home,3688.0,Completed,Chennai,31,Basic,2025-12-01 15:52:00,user159@example.com,user159,3688.0,S032,1,20,P7788,Medium,4610.0,5439.8
U00160,TXN100160,South,2026-01-31,Sports,3153.5,Refunded,Pune,29,Free,2026-01-31 06:40:00,user160@example.com,user160,315.35,S055,10,15,P5526,Low,371.0,437.78
U00161,TXN100161,South,2025-11-21,Home,4531.2,Pending,Bengaluru,66,Premium,2025-11-21 10:20:00,user161@example.com,user161,566.4,S054,8,20,P7703,Urgent,708.0,835.44
U00162,TXN100162,West,2026-03-31,Books,540.6,Refunded,Delhi,50,Premium,2026-03-31 01:42:00,user162@example.com,user162,540.6,S036,1,15,P6203,High,636.0,750.48
U00163,TXN100163,South,2025-05-21,Electronics,380.8,Refunded,Mumbai,54,Basic,2025-05-21 20:28:00,user163@example.com,user163,380.8,S097,1,20,P2355,High,476.0,561.68
U00164,TXN100164,West,2025-03-13,Fashion,13263.6,Failed,Pune,18,Basic,2025-03-13 19:48:00,user164@example.com,user164,2210.6,S030,6,30,P6990,Urgent,3158.0,3726.44
U00165,TXN100165,West,2025-03-27,Sports,11510.1,Refunded,Jaipur,47,Premium,2025-03-27 06:37:00,user165@example.com,user165,3836.7,S038,3,10,P4950,Urgent,4263.0,5030.34
U00166,TXN100166,North,2025-04-03,Grocery,20592.0,Pending,Jaipur,26,Premium,2025-04-03 15:52:00,user166@example.com,user166,2574.0,S035,8,0,P3291,Medium,2574.0,3037.32
U00167,TXN100167,West,2025-05-11,Home,5306.0,Refunded,Hyderabad,68,Free,2025-05-11 21:14:00,user167@example.com,user167,530.6,S030,10,30,P2817,High,758.0,894.44
U00168,TXN100168,South,2025-07-15,Fashion,3185.1,Pending,Jaipur,55,Premium,2025-07-15 23:32:00,user168@example.com,user168,3185.1,S001,1,10,P2180,High,3539.0,4176.02
U00169,TXN100169,North,2025-04-16,Electronics,11769.0,Pending,Kolkata,52,Premium,2025-04-16 02:54:00,user169@example.com,user169,2942.25,S097,4,25,P4516,Low,3923.0,4629.14
U00170,TXN100170,North,2025-04-16,Electronics,12633.6,Refunded,Kolkata,24,Free,2025-04-16 04:22:00,user170@example.com,user170,3158.4,S002,4,20,P4382,Urgent,3948.0,4658.64
U00171,TXN100171,South,2025-01-19,Grocery,9086.0,Refunded,Delhi,30,Basic,2025-01-19 02:31:00,user171@example.com,user171,908.6,S085,10,30,P8855,High,1298.0,1531.64
U00172,TXN100172,South,2026-03-18,Electronics,20083.2,Refunded,Pune,23,Premium,2026-03-18 10:47:00,user172@example.com,user172,3347.2,S023,6,20,P2155,Urgent,4184.0,4937.12
U00173,TXN100173,East,2026-03-31,Sports,30533.0,Refunded,Jaipur,41,Free,2026-03-31 06:51:00,user173@example.com,user173,3053.3,S003,10,5,P9841,Medium,3214.0,3792.52
U00174,TXN100174,East,2026-02-15,Sports,29664.0,Pending,Chennai,35,Premium,2026-02-15 17:26:00,user174@example.com,user174,3708.0,S069,8,10,P3603,Urgent,4120.0,4861.6
U00175,TXN100175,South,2025-02-05,Books,27801.0,Completed,Mumbai,65,Premium,2025-02-05 09:53:00,user175@example.com,user175,3089.0,S072,9,0,P5810,Low,3089.0,3645.02
U00176,TXN100176,West,2025-07-04,Electronics,18721.25,Completed,Pune,36,Premium,2025-07-04 17:48:00,user176@example.com,user176,3744.25,S026,5,15,P9791,Medium,4405.0,5197.9
U00177,TXN100177,South,2025-07-16,Books,6280.2,Completed,Chennai,48,Free,2025-07-16 20:47:00,user177@example.com,user177,1046.7,S054,6,10,P2695,High,1163.0,1372.34
U00178,TXN100178,East,2025-03-09,Books,37249.5,Pending,Hyderabad,63,Free,2025-03-09 19:06:00,user178@example.com,user178,3724.95,S023,10,5,P4073,Medium,3921.0,4626.78
U00179,TXN100179,East,2026-04-05,Home,30910.0,Refunded,Hyderabad,32,Basic,2026-04-05 15:58:00,user179@example.com,user179,3091.0,S023,10,0,P9378,High,3091.0,3647.38
U00180,TXN100180,South,2025-07-21,Home,2205.75,Pending,Delhi,47,Free,2025-07-21 17:37:00,user180@example.com,user180,2205.75,S007,1,15,P3913,High,2595.0,3062.1
U00181,TXN100181,West,2025-10-10,Sports,7211.4,Completed,Pune,46,Premium,2025-10-10 23:14:00,user181@example.com,user181,3605.7,S011,2,15,P8094,Low,4242.0,5005.56
U00182,TXN100182,West,2025-08-05,Home,4457.4,Failed,Kolkata,53,Free,2025-08-05 18:26:00,user182@example.com,user182,742.9,S090,6,15,P5014,High,874.0,1031.32
U00183,TXN100183,North,2026-04-12,Fashion,21964.0,Pending,Jaipur,40,Premium,2026-04-12 04:42:00,user183@example.com,user183,2745.5,S082,8,5,P3064,High,2890.0,3410.2
U00184,TXN100184,North,2025-04-21,Sports,804.75,Pending,Mumbai,68,Free,2025-04-21 12:33:00,user184@example.com,user184,804.75,S042,1,25,P3699,High,1073.0,1266.14
U00185,TXN100185,West,2025-02-13,Fashion,2618.0,Completed,Chennai,36,Premium,2025-02-13 16:48:00,user185@example.com,user185,1309.0,S066,2,15,P2092,High,1540.0,1817.2
U00186,TXN100186,North,2025-06-03,Home,7095.6,Refunded,Jaipur,21,Premium,2025-06-03 14:12:00,user186@example.com,user186,788.4,S010,9,10,P2178,Urgent,876.0,1033.68
U00187,TXN100187,South,2025-11-18,Electronics,22768.0,Completed,Delhi,19,Premium,2025-11-18 04:22:00,user187@example.com,user187,2846.0,S081,8,0,P6878,Low,2846.0,3358.28
U00188,TXN100188,West,2025-01-15,Sports,12953.25,Refunded,Pune,50,Free,2025-01-15 07:38:00,user188@example.com,user188,1439.25,S038,9,5,P4610,Low,1515.0,1787.7
U00189,TXN100189,West,2026-04-10,Grocery,16793.0,Completed,Mumbai,32,Premium,2026-04-10 14:17:00,user189@example.com,user189,1679.3,S019,10,30,P8015,Medium,2399.0,2830.82
U00190,TXN100190,West,2026-02-11,Grocery,27977.4,Refunded,Delhi,61,Premium,2026-02-11 15:42:00,user190@example.com,user190,3108.6,S077,9,10,P7583,Low,3454.0,4075.72
U00191,TXN100191,North,2025-06-19,Electronics,2629.0,Pending,Bengaluru,51,Free,2025-06-19 21:15:00,user191@example.com,user191,2629.0,S069,1,0,P3868,High,2629.0,3102.22
U00192,TXN100192,West,2025-02-14,Home,3528.0,Failed,Jaipur,18,Free,2025-02-14 00:23:00,user192@example.com,user192,882.0,S074,4,10,P5807,Low,980.0,1156.4
U00193,TXN100193,East,2025-08-09,Grocery,2420.0,Refunded,Hyderabad,66,Free,2025-08-09 04:21:00,user193@example.com,user193,484.0,S046,5,20,P3864,Low,605.0,713.9
U00194,TXN100194,South,2025-12-18,Sports,14448.0,Refunded,Kolkata,37,Basic,2025-12-18 03:41:00,user194@example.com,user194,3612.0,S051,4,25,P5123,Low,4816.0,5682.88
U00195,TXN100195,South,2025-03-31,Fashion,27384.0,Pending,Bengaluru,23,Basic,2025-03-31 16:16:00,user195@example.com,user195,3423.0,S077,8,0,P7919,Urgent,3423.0,4039.14
U00196,TXN100196,North,2026-03-12,Fashion,6750.0,Failed,Chennai,63,Basic,2026-03-12 16:20:00,user196@example.com,user196,3375.0,S098,2,0,P6256,Medium,3375.0,3982.5
U00197,TXN100197,East,2025-07-04,Electronics,4905.0,Pending,Chennai,42,Free,2025-07-04 21:03:00,user197@example.com,user197,1635.0,S021,3,0,P1716,Low,1635.0,1929.3
U00198,TXN100198,North,2026-01-28,Home,10065.6,Completed,Bengaluru,38,Free,2026-01-28 02:39:00,user198@example.com,user198,3355.2,S031,3,20,P5103,Low,4194.0,4948.92
U00199,TXN100199,West,2025-08-02,Home,2943.2,Completed,Delhi,69,Premium,2025-08-02 08:19:00,user199@example.com,user199,2943.2,S049,1,20,P7215,High,3679.0,4341.22
U00200,TXN100200,West,2025-11-22,Grocery,12882.6,Refunded,Delhi,68,Premium,2025-11-22 11:15:00,user200@example.com,user200,1431.4,S001,9,15,P3188,Medium,1684.0,1987.12
U00201,TXN100201,South,2025-08-31,Books,21194.5,Completed,Pune,52,Basic,2025-08-31 13:35:00,user201@example.com,user201,4238.9,S050,5,5,P7322,Low,4462.0,5265.16
U00202,TXN100202,South,2025-06-04,Grocery,14361.6,Failed,Kolkata,48,Free,2025-06-04 13:53:00,user202@example.com,user202,2393.6,S099,6,15,P7846,Low,2816.0,3322.88
U00203,TXN100203,North,2025-10-18,Fashion,27370.0,Refunded,Pune,19,Free,2025-10-18 03:10:00,user203@example.com,user203,2737.0,S083,10,15,P4962,Urgent,3220.0,3799.6
U00204,TXN100204,West,2025-01-16,Electronics,22901.55,Failed,Pune,42,Basic,2025-01-16 18:12:00,user204@example.com,user204,3271.65,S044,7,15,P9613,Urgent,3849.0,4541.82
U00205,TXN100205,North,2025-06-12,Books,1507.65,Refunded,Mumbai,24,Premium,2025-06-12 15:24:00,user205@example.com,user205,502.55,S069,3,5,P2720,High,529.0,624.22
U00206,TXN100206,West,2026-04-10,Home,8071.2,Completed,Jaipur,40,Basic,2026-04-10 10:23:00,user206@example.com,user206,896.8,S070,9,5,P9617,Urgent,944.0,1113.92
U00207,TXN100207,East,2025-06-14,Home,6965.0,Pending,Kolkata,35,Free,2025-06-14 04:57:00,user207@example.com,user207,1393.0,S013,5,0,P2178,Low,1393.0,1643.74
U00208,TXN100208,North,2025-05-16,Grocery,19091.0,Pending,Bengaluru,43,Free,2025-05-16 15:47:00,user208@example.com,user208,1909.1,S093,10,15,P8597,Low,2246.0,2650.28
U00209,TXN100209,West,2026-02-22,Books,37992.0,Completed,Kolkata,44,Premium,2026-02-22 05:54:00,user209@example.com,user209,3799.2,S060,10,20,P9840,High,4749.0,5603.82
U00210,TXN100210,North,2025-04-24,Electronics,23306.4,Completed,Mumbai,26,Basic,2025-04-24 08:04:00,user210@example.com,user210,2913.3,S030,8,10,P3618,Urgent,3237.0,3819.66
U00211,TXN100211,North,2025-01-20,Grocery,6504.0,Completed,Delhi,34,Free,2025-01-20 00:50:00,user211@example.com,user211,1084.0,S059,6,0,P7052,Urgent,1084.0,1279.12
U00212,TXN100212,West,2025-03-29,Grocery,2602.7,Refunded,Jaipur,42,Premium,2025-03-29 05:30:00,user212@example.com,user212,1301.35,S011,2,15,P7071,High,1531.0,1806.58
U00213,TXN100213,North,2025-09-14,Electronics,16551.2,Refunded,Kolkata,52,Basic,2025-09-14 07:02:00,user213@example.com,user213,4137.8,S035,4,15,P2453,Urgent,4868.0,5744.24
U00214,TXN100214,West,2025-04-22,Books,23865.6,Failed,Bengaluru,50,Basic,2025-04-22 16:24:00,user214@example.com,user214,3977.6,S019,6,20,P3713,High,4972.0,5866.96
U00215,TXN100215,West,2025-11-10,Books,6100.8,Refunded,Kolkata,48,Premium,2025-11-10 09:42:00,user215@example.com,user215,1016.8,S083,6,20,P1860,High,1271.0,1499.78
U00216,TXN100216,East,2025-01-19,Grocery,38175.75,Refunded,Pune,60,Basic,2025-01-19 12:34:00,user216@example.com,user216,4241.75,S044,9,5,P1378,High,4465.0,5268.7
U00217,TXN100217,East,2025-09-05,Home,4203.9,Refunded,Mumbai,40,Free,2025-09-05 23:19:00,user217@example.com,user217,1401.3,S054,3,10,P7357,Urgent,1557.0,1837.26
U00218,TXN100218,West,2026-04-04,Books,20059.2,Refunded,Hyderabad,62,Free,2026-04-04 00:20:00,user218@example.com,user218,2865.6,S021,7,20,P7334,High,3582.0,4226.76
U00219,TXN100219,North,2026-04-04,Home,31070.7,Failed,Kolkata,66,Free,2026-04-04 06:27:00,user219@example.com,user219,3452.3,S021,9,5,P3243,Medium,3634.0,4288.12
U00220,TXN100220,North,2025-11-15,Sports,10455.0,Refunded,Jaipur,62,Premium,2025-11-15 17:36:00,user220@example.com,user220,1045.5,S083,10,25,P7124,High,1394.0,1644.92
U00221,TXN100221,South,2025-06-14,Sports,4216.0,Failed,Kolkata,31,Free,2025-06-14 21:37:00,user221@example.com,user221,2108.0,S010,2,0,P9160,Medium,2108.0,2487.44
U00222,TXN100222,South,2026-02-09,Electronics,3596.0,Pending,Jaipur,67,Free,2026-02-09 06:38:00,user222@example.com,user222,1798.0,S099,2,0,P3603,Medium,1798.0,2121.64
U00223,TXN100223,South,2025-03-16,Electronics,32570.1,Pending,Hyderabad,40,Basic,2025-03-16 20:17:00,user223@example.com,user223,3618.9,S075,9,10,P2650,Medium,4021.0,4744.78
U00224,TXN100224,West,2026-04-18,Grocery,6119.9,Failed,Chennai,68,Premium,2026-04-18 11:28:00,user224@example.com,user224,3059.95,S013,2,5,P2698,High,3221.0,3800.78
U00225,TXN100225,North,2025-10-31,Sports,4531.5,Failed,Hyderabad,31,Basic,2025-10-31 10:46:00,user225@example.com,user225,906.3,S044,5,10,P7033,Medium,1007.0,1188.26
U00226,TXN100226,East,2025-08-16,Sports,10003.5,Completed,Jaipur,60,Free,2025-08-16 11:26:00,user226@example.com,user226,3334.5,S088,3,10,P4609,Low,3705.0,4371.9
U00227,TXN100227,East,2025-12-21,Electronics,4480.0,Failed,Pune,49,Basic,2025-12-21 06:08:00,user227@example.com,user227,448.0,S052,10,20,P9683,High,560.0,660.8
U00228,TXN100228,South,2026-04-28,Fashion,2142.0,Completed,Chennai,70,Free,2026-04-28 00:22:00,user228@example.com,user228,306.0,S031,7,15,P9786,Urgent,360.0,424.8
U00229,TXN100229,North,2025-07-10,Grocery,18377.1,Failed,Pune,21,Premium,2025-07-10 21:00:00,user229@example.com,user229,2041.9,S030,9,30,P1371,Urgent,2917.0,3442.06
U00230,TXN100230,North,2026-02-09,Sports,5006.5,Completed,Bengaluru,64,Basic,2026-02-09 12:11:00,user230@example.com,user230,2503.25,S018,2,5,P9728,High,2635.0,3109.3
U00231,TXN100231,North,2025-05-26,Electronics,1911.0,Completed,Pune,55,Free,2025-05-26 13:43:00,user231@example.com,user231,955.5,S052,2,25,P5081,High,1274.0,1503.32
U00232,TXN100232,East,2025-11-06,Sports,14880.0,Pending,Pune,61,Basic,2025-11-06 01:37:00,user232@example.com,user232,1860.0,S049,8,25,P3377,High,2480.0,2926.4
U00233,TXN100233,South,2025-11-01,Grocery,18542.4,Failed,Hyderabad,70,Premium,2025-11-01 13:45:00,user233@example.com,user233,3090.4,S004,6,20,P3918,Medium,3863.0,4558.34
U00234,TXN100234,West,2026-04-11,Fashion,34155.0,Failed,Kolkata,63,Premium,2026-04-11 06:17:00,user234@example.com,user234,3795.0,S006,9,0,P1311,Medium,3795.0,4478.1
U00235,TXN100235,North,2025-04-01,Electronics,2206.4,Completed,Chennai,55,Free,2025-04-01 19:01:00,user235@example.com,user235,2206.4,S004,1,30,P2888,Urgent,3152.0,3719.36
U00236,TXN100236,West,2026-03-14,Grocery,5917.8,Refunded,Pune,49,Basic,2026-03-14 10:08:00,user236@example.com,user236,2958.9,S002,2,30,P8581,Medium,4227.0,4987.86
U00237,TXN100237,South,2025-07-14,Fashion,19376.0,Completed,Bengaluru,40,Basic,2025-07-14 14:46:00,user237@example.com,user237,2422.0,S089,8,30,P9987,Medium,3460.0,4082.8
U00238,TXN100238,West,2026-02-12,Electronics,10619.1,Completed,Chennai,50,Free,2026-02-12 14:36:00,user238@example.com,user238,3539.7,S023,3,10,P5568,Urgent,3933.0,4640.94
U00239,TXN100239,West,2026-02-25,Books,28687.5,Refunded,Chennai,27,Basic,2026-02-25 11:44:00,user239@example.com,user239,2868.75,S050,10,25,P2982,Low,3825.0,4513.5
U00240,TXN100240,North,2025-08-25,Grocery,15459.5,Pending,Kolkata,42,Free,2025-08-25 21:31:00,user240@example.com,user240,2208.5,S043,7,30,P1875,Medium,3155.0,3722.9
U00241,TXN100241,East,2025-10-06,Grocery,3948.0,Refunded,Mumbai,31,Basic,2025-10-06 05:20:00,user241@example.com,user241,3948.0,S065,1,0,P4088,Medium,3948.0,4658.64
U00242,TXN100242,West,2025-03-06,Books,19552.0,Completed,Delhi,63,Free,2025-03-06 23:29:00,user242@example.com,user242,2444.0,S034,8,0,P9322,High,2444.0,2883.92
U00243,TXN100243,East,2025-09-18,Fashion,6054.3,Refunded,Bengaluru,32,Premium,2025-09-18 19:55:00,user243@example.com,user243,672.7,S059,9,30,P7953,Medium,961.0,1133.98
U00244,TXN100244,South,2025-06-28,Sports,940.8,Failed,Pune,23,Free,2025-06-28 02:22:00,user244@example.com,user244,235.2,S031,4,30,P2029,High,336.0,396.48
U00245,TXN100245,East,2025-03-13,Home,12295.5,Completed,Mumbai,49,Premium,2025-03-13 18:13:00,user245@example.com,user245,1756.5,S074,7,25,P7020,High,2342.0,2763.56
U00246,TXN100246,North,2025-02-08,Electronics,12826.5,Completed,Delhi,24,Basic,2025-02-08 19:35:00,user246@example.com,user246,2565.3,S080,5,15,P5616,Low,3018.0,3561.24
U00247,TXN100247,West,2025-01-02,Books,12847.8,Refunded,Mumbai,58,Basic,2025-01-02 20:03:00,user247@example.com,user247,1835.4,S073,7,30,P3442,Low,2622.0,3093.96
U00248,TXN100248,North,2025-11-10,Grocery,6657.2,Pending,Chennai,70,Basic,2025-11-10 19:01:00,user248@example.com,user248,832.15,S094,8,15,P9261,Low,979.0,1155.22
U00249,TXN100249,South,2025-02-08,Sports,11885.0,Failed,Jaipur,27,Free,2025-02-08 02:12:00,user249@example.com,user249,2377.0,S042,5,0,P4968,Urgent,2377.0,2804.86
U00250,TXN100250,South,2025-03-04,Electronics,1174.2,Completed,Mumbai,28,Basic,2025-03-04 15:35:00,user250@example.com,user250,391.4,S020,3,5,P6980,Medium,412.0,486.16
U00251,TXN100251,East,2026-04-10,Grocery,18822.0,Refunded,Hyderabad,63,Premium,2026-04-10 03:38:00,user251@example.com,user251,3137.0,S059,6,0,P2667,Urgent,3137.0,3701.66
U00252,TXN100252,East,2026-01-28,Grocery,2741.2,Failed,Bengaluru,34,Free,2026-01-28 09:52:00,user252@example.com,user252,2741.2,S071,1,30,P4892,Urgent,3916.0,4620.88
U00253,TXN100253,North,2025-05-17,Sports,5790.75,Completed,Mumbai,18,Basic,2025-05-17 07:03:00,user253@example.com,user253,827.25,S068,7,25,P3717,Low,1103.0,1301.54
U00254,TXN100254,East,2026-04-13,Home,21766.5,Completed,Delhi,58,Basic,2026-04-13 10:44:00,user254@example.com,user254,4353.3,S023,5,10,P4448,Low,4837.0,5707.66
U00255,TXN100255,East,2025-11-23,Grocery,2935.9,Failed,Bengaluru,20,Basic,2025-11-23 19:29:00,user255@example.com,user255,1467.95,S056,2,15,P8365,Low,1727.0,2037.86
U00256,TXN100256,West,2025-09-19,Home,11018.55,Completed,Mumbai,37,Premium,2025-09-19 14:48:00,user256@example.com,user256,3672.85,S070,3,15,P6093,Medium,4321.0,5098.78
U00257,TXN100257,North,2025-04-27,Fashion,16293.6,Completed,Delhi,38,Basic,2025-04-27 13:09:00,user257@example.com,user257,2036.7,S035,8,10,P3976,Medium,2263.0,2670.34
U00258,TXN100258,North,2025-11-05,Grocery,7293.0,Pending,Hyderabad,56,Free,2025-11-05 15:56:00,user258@example.com,user258,3646.5,S051,2,25,P8285,High,4862.0,5737.16
U00259,TXN100259,East,2026-03-06,Grocery,8373.75,Completed,Kolkata,21,Premium,2026-03-06 17:18:00,user259@example.com,user259,1674.75,S003,5,25,P9471,Urgent,2233.0,2634.94
U00260,TXN100260,East,2025-12-13,Home,7826.0,Failed,Chennai,51,Premium,2025-12-13 19:40:00,user260@example.com,user260,1118.0,S086,7,0,P2207,High,1118.0,1319.24
U00261,TXN100261,South,2026-03-31,Grocery,28091.7,Pending,Chennai,42,Premium,2026-03-31 01:05:00,user261@example.com,user261,4013.1,S020,7,10,P7282,High,4459.0,5261.62
U00262,TXN100262,North,2025-08-01,Books,10686.6,Failed,Mumbai,24,Free,2025-08-01 13:28:00,user262@example.com,user262,1781.1,S037,6,10,P3215,Urgent,1979.0,2335.22
U00263,TXN100263,West,2025-06-02,Fashion,2804.9,Failed,Bengaluru,26,Free,2025-06-02 12:33:00,user263@example.com,user263,2804.9,S083,1,30,P4448,High,4007.0,4728.26
U00264,TXN100264,West,2025-05-29,Fashion,7604.8,Pending,Pune,46,Premium,2025-05-29 02:59:00,user264@example.com,user264,1086.4,S096,7,20,P7352,High,1358.0,1602.44
U00265,TXN100265,East,2026-03-31,Fashion,2192.4,Refunded,Chennai,62,Free,2026-03-31 15:28:00,user265@example.com,user265,1096.2,S054,2,30,P2869,Low,1566.0,1847.88
U00266,TXN100266,North,2026-04-18,Books,1216.35,Pending,Bengaluru,43,Premium,2026-04-18 00:50:00,user266@example.com,user266,405.45,S100,3,15,P1650,Urgent,477.0,562.86
U00267,TXN100267,South,2025-05-16,Home,7638.0,Pending,Kolkata,57,Basic,2025-05-16 11:00:00,user267@example.com,user267,3819.0,S088,2,0,P3788,Low,3819.0,4506.42
U00268,TXN100268,West,2025-02-25,Electronics,29824.2,Pending,Pune,26,Free,2025-02-25 08:04:00,user268@example.com,user268,3313.8,S074,9,30,P1419,High,4734.0,5586.12
U00269,TXN100269,South,2025-10-28,Home,16344.0,Failed,Hyderabad,25,Basic,2025-10-28 21:52:00,user269@example.com,user269,3268.8,S091,5,20,P5736,Low,4086.0,4821.48
U00270,TXN100270,West,2026-03-11,Grocery,4759.2,Completed,Mumbai,52,Free,2026-03-11 04:38:00,user270@example.com,user270,1189.8,S023,4,10,P2141,Medium,1322.0,1559.96
U00271,TXN100271,West,2026-04-27,Electronics,27540.0,Pending,Delhi,67,Premium,2026-04-27 20:04:00,user271@example.com,user271,3060.0,S018,9,25,P5082,High,4080.0,4814.4
U00272,TXN100272,East,2026-01-18,Grocery,3361.5,Refunded,Jaipur,43,Premium,2026-01-18 10:35:00,user272@example.com,user272,1120.5,S017,3,25,P1305,Medium,1494.0,1762.92
U00273,TXN100273,West,2025-10-31,Books,17208.0,Refunded,Pune,52,Free,2025-10-31 02:21:00,user273@example.com,user273,2868.0,S044,6,25,P8128,High,3824.0,4512.32
U00274,TXN100274,East,2025-09-20,Books,21357.0,Pending,Chennai,36,Basic,2025-09-20 12:48:00,user274@example.com,user274,3559.5,S089,6,25,P9976,Urgent,4746.0,5600.28
U00275,TXN100275,South,2025-03-03,Books,30663.15,Pending,Pune,50,Premium,2025-03-03 14:47:00,user275@example.com,user275,4380.45,S060,7,5,P5792,Low,4611.0,5440.98
U00276,TXN100276,West,2025-06-28,Grocery,4560.0,Pending,Delhi,63,Basic,2025-06-28 11:38:00,user276@example.com,user276,1140.0,S042,4,20,P9783,Low,1425.0,1681.5
U00277,TXN100277,West,2025-05-09,Fashion,27790.35,Pending,Jaipur,31,Premium,2025-05-09 22:57:00,user277@example.com,user277,3970.05,S015,7,5,P1101,Medium,4179.0,4931.22
U00278,TXN100278,South,2025-09-18,Grocery,7090.0,Failed,Bengaluru,33,Basic,2025-09-18 05:47:00,user278@example.com,user278,3545.0,S027,2,0,P5084,High,3545.0,4183.1
U00279,TXN100279,West,2025-06-24,Grocery,17419.5,Failed,Mumbai,28,Premium,2025-06-24 04:07:00,user279@example.com,user279,2903.25,S089,6,25,P1400,Medium,3871.0,4567.78
U00280,TXN100280,South,2026-04-14,Books,39406.5,Completed,Kolkata,37,Basic,2026-04-14 22:51:00,user280@example.com,user280,4378.5,S073,9,10,P3895,High,4865.0,5740.7
U00281,TXN100281,South,2025-05-09,Sports,17083.5,Pending,Delhi,18,Basic,2025-05-09 18:50:00,user281@example.com,user281,3416.7,S097,5,30,P2037,Medium,4881.0,5759.58
U00282,TXN100282,North,2025-10-09,Fashion,17040.8,Failed,Mumbai,65,Premium,2025-10-09 06:43:00,user282@example.com,user282,2434.4,S082,7,20,P3840,Medium,3043.0,3590.74
U00283,TXN100283,South,2025-08-10,Grocery,9065.0,Failed,Jaipur,26,Basic,2025-08-10 03:36:00,user283@example.com,user283,1813.0,S080,5,30,P1632,Urgent,2590.0,3056.2
U00284,TXN100284,South,2025-07-02,Sports,1563.1,Pending,Chennai,57,Free,2025-07-02 02:02:00,user284@example.com,user284,1563.1,S078,1,30,P6262,Medium,2233.0,2634.94
U00285,TXN100285,North,2025-07-30,Electronics,17834.7,Refunded,Bengaluru,53,Basic,2025-07-30 22:52:00,user285@example.com,user285,2972.45,S009,6,15,P9768,High,3497.0,4126.46
U00286,TXN100286,West,2025-10-07,Electronics,1368.0,Pending,Jaipur,44,Free,2025-10-07 06:47:00,user286@example.com,user286,456.0,S008,3,25,P6447,High,608.0,717.44
U00287,TXN100287,East,2026-04-17,Books,1937.6,Refunded,Mumbai,24,Premium,2026-04-17 04:18:00,user287@example.com,user287,968.8,S036,2,20,P2998,Medium,1211.0,1428.98
U00288,TXN100288,East,2025-02-12,Electronics,14827.5,Pending,Hyderabad,19,Free,2025-02-12 19:34:00,user288@example.com,user288,2471.25,S039,6,25,P7437,Low,3295.0,3888.1
U00289,TXN100289,South,2025-08-09,Grocery,1026.0,Completed,Pune,28,Basic,2025-08-09 18:56:00,user289@example.com,user289,102.6,S084,10,10,P2069,Medium,114.0,134.52
U00290,TXN100290,West,2025-03-15,Fashion,9113.7,Refunded,Bengaluru,50,Premium,2025-03-15 01:33:00,user290@example.com,user290,1518.95,S068,6,15,P8592,Low,1787.0,2108.66
U00291,TXN100291,North,2025-01-11,Books,27246.0,Pending,Kolkata,58,Premium,2025-01-11 18:08:00,user291@example.com,user291,4541.0,S021,6,0,P2973,Medium,4541.0,5358.38
U00292,TXN100292,North,2025-08-06,Sports,451.5,Refunded,Delhi,47,Premium,2025-08-06 09:12:00,user292@example.com,user292,451.5,S063,1,30,P7055,Medium,645.0,761.1
U00293,TXN100293,East,2025-02-14,Fashion,11044.6,Refunded,Bengaluru,37,Premium,2025-02-14 03:17:00,user293@example.com,user293,1577.8,S002,7,30,P2243,Medium,2254.0,2659.72
U00294,TXN100294,South,2025-08-16,Books,23330.0,Refunded,Pune,42,Free,2025-08-16 11:14:00,user294@example.com,user294,4666.0,S078,5,0,P5136,Low,4666.0,5505.88
U00295,TXN100295,South,2025-03-16,Fashion,9598.5,Refunded,Bengaluru,33,Basic,2025-03-16 08:50:00,user295@example.com,user295,3199.5,S088,3,10,P6962,High,3555.0,4194.9
U00296,TXN100296,South,2025-02-08,Home,7660.8,Completed,Chennai,28,Basic,2025-02-08 21:52:00,user296@example.com,user296,851.2,S024,9,20,P8246,Low,1064.0,1255.52
U00297,TXN100297,North,2025-04-07,Home,6897.0,Pending,Bengaluru,55,Free,2025-04-07 07:20:00,user297@example.com,user297,2299.0,S046,3,0,P5341,Low,2299.0,2712.82
U00298,TXN100298,East,2025-11-01,Fashion,13327.5,Completed,Chennai,59,Premium,2025-11-01 08:49:00,user298@example.com,user298,2665.5,S028,5,25,P5986,High,3554.0,4193.72
U00299,TXN100299,North,2025-06-18,Grocery,17283.9,Pending,Mumbai,29,Premium,2025-06-18 17:46:00,user299@example.com,user299,2880.65,S031,6,15,P9490,High,3389.0,3999.02
U00300,TXN100300,East,2025-05-22,Grocery,40302.0,Completed,Hyderabad,31,Basic,2025-05-22 04:07:00,user300@example.com,user300,4478.0,S025,9,0,P7487,High,4478.0,5284.04
U00301,TXN100301,West,2025-04-12,Grocery,428.4,Failed,Kolkata,61,Free,2025-04-12 00:45:00,user301@example.com,user301,142.8,S087,3,15,P7264,Medium,168.0,198.24
U00302,TXN100302,South,2026-02-26,Sports,16920.0,Pending,Mumbai,38,Premium,2026-02-26 17:41:00,user302@example.com,user302,1692.0,S081,10,10,P7813,Medium,1880.0,2218.4
U00303,TXN100303,East,2025-04-01,Fashion,18198.6,Refunded,Hyderabad,34,Basic,2025-04-01 17:31:00,user303@example.com,user303,2599.8,S084,7,30,P3525,Medium,3714.0,4382.52
U00304,TXN100304,West,2025-11-13,Sports,16292.5,Completed,Pune,30,Basic,2025-11-13 22:14:00,user304@example.com,user304,2327.5,S099,7,30,P4351,High,3325.0,3923.5
U00305,TXN100305,North,2026-01-16,Books,19672.5,Refunded,Jaipur,34,Free,2026-01-16 20:50:00,user305@example.com,user305,1967.25,S005,10,25,P7613,Medium,2623.0,3095.14
U00306,TXN100306,West,2025-06-14,Sports,22689.0,Failed,Mumbai,70,Basic,2025-06-14 06:46:00,user306@example.com,user306,2268.9,S094,10,10,P7809,Medium,2521.0,2974.78
U00307,TXN100307,South,2025-09-19,Electronics,2932.8,Failed,Mumbai,41,Premium,2025-09-19 14:30:00,user307@example.com,user307,488.8,S053,6,20,P9959,High,611.0,720.98
U00308,TXN100308,East,2025-08-01,Fashion,10956.6,Completed,Bengaluru,39,Free,2025-08-01 22:59:00,user308@example.com,user308,1826.1,S014,6,10,P7417,Low,2029.0,2394.22
U00309,TXN100309,West,2025-12-02,Home,35644.95,Failed,Bengaluru,41,Basic,2025-12-02 17:38:00,user309@example.com,user309,3960.55,S079,9,5,P7495,Low,4169.0,4919.42
U00310,TXN100310,East,2026-03-25,Sports,9040.5,Completed,Pune,19,Basic,2026-03-25 08:09:00,user310@example.com,user310,1004.5,S055,9,30,P5570,Low,1435.0,1693.3
U00311,TXN100311,East,2025-03-07,Sports,26370.4,Failed,Jaipur,57,Basic,2025-03-07 11:41:00,user311@example.com,user311,3296.3,S087,8,30,P1613,Medium,4709.0,5556.62
U00312,TXN100312,West,2026-01-29,Books,15133.5,Pending,Jaipur,56,Basic,2026-01-29 08:30:00,user312@example.com,user312,1513.35,S025,10,5,P6841,High,1593.0,1879.74
U00313,TXN100313,North,2025-04-06,Sports,30456.0,Completed,Hyderabad,62,Premium,2025-04-06 06:23:00,user313@example.com,user313,3384.0,S075,9,0,P5583,Medium,3384.0,3993.12
U00314,TXN100314,North,2025-08-07,Books,27981.3,Refunded,Kolkata,40,Basic,2025-08-07 02:29:00,user314@example.com,user314,4663.55,S001,6,5,P2402,Medium,4909.0,5792.62
U00315,TXN100315,North,2025-08-14,Fashion,10084.8,Failed,Hyderabad,57,Free,2025-08-14 04:27:00,user315@example.com,user315,3361.6,S068,3,20,P8693,High,4202.0,4958.36
U00316,TXN100316,East,2025-05-05,Books,9240.0,Pending,Bengaluru,37,Premium,2025-05-05 00:45:00,user316@example.com,user316,1540.0,S061,6,20,P9573,Low,1925.0,2271.5
U00317,TXN100317,North,2025-10-23,Grocery,11673.9,Failed,Jaipur,23,Free,2025-10-23 09:37:00,user317@example.com,user317,3891.3,S063,3,15,P8682,High,4578.0,5402.04
U00318,TXN100318,West,2025-06-20,Grocery,3283.55,Pending,Jaipur,52,Free,2025-06-20 23:46:00,user318@example.com,user318,3283.55,S072,1,15,P3421,Low,3863.0,4558.34
U00319,TXN100319,North,2025-10-14,Grocery,4811.8,Failed,Kolkata,29,Free,2025-10-14 23:00:00,user319@example.com,user319,2405.9,S019,2,30,P1653,Medium,3437.0,4055.66
U00320,TXN100320,South,2025-07-03,Fashion,41310.0,Failed,Kolkata,30,Basic,2025-07-03 16:12:00,user320@example.com,user320,4131.0,S040,10,0,P1740,Medium,4131.0,4874.58
U00321,TXN100321,West,2025-10-06,Home,23782.5,Completed,Chennai,61,Basic,2025-10-06 06:55:00,user321@example.com,user321,3397.5,S062,7,10,P1161,Urgent,3775.0,4454.5
U00322,TXN100322,West,2025-02-14,Electronics,13030.4,Completed,Pune,39,Basic,2025-02-14 21:17:00,user322@example.com,user322,3257.6,S050,4,20,P2224,High,4072.0,4804.96
U00323,TXN100323,South,2025-08-15,Electronics,5411.0,Pending,Jaipur,53,Basic,2025-08-15 21:50:00,user323@example.com,user323,1082.2,S037,5,30,P3191,Low,1546.0,1824.28
U00324,TXN100324,South,2026-03-24,Fashion,10819.65,Failed,Pune,58,Free,2026-03-24 19:04:00,user324@example.com,user324,3606.55,S028,3,15,P3232,High,4243.0,5006.74
U00325,TXN100325,South,2025-06-13,Fashion,14827.5,Completed,Hyderabad,69,Basic,2025-06-13 07:09:00,user325@example.com,user325,2471.25,S095,6,25,P2584,Low,3295.0,3888.1
U00326,TXN100326,East,2025-11-29,Electronics,5459.55,Pending,Kolkata,63,Free,2025-11-29 14:49:00,user326@example.com,user326,1819.85,S096,3,15,P1252,High,2141.0,2526.38
U00327,TXN100327,East,2025-06-13,Home,29168.0,Failed,Delhi,64,Premium,2025-06-13 15:02:00,user327@example.com,user327,3646.0,S096,8,0,P9399,Urgent,3646.0,4302.28
U00328,TXN100328,North,2025-09-10,Fashion,20035.0,Pending,Hyderabad,65,Free,2025-09-10 20:30:00,user328@example.com,user328,4007.0,S066,5,0,P7109,Urgent,4007.0,4728.26
U00329,TXN100329,South,2026-04-28,Grocery,5057.5,Pending,Kolkata,29,Basic,2026-04-28 17:49:00,user329@example.com,user329,2528.75,S063,2,15,P8797,Urgent,2975.0,3510.5
U00330,TXN100330,East,2026-04-28,Grocery,26605.6,Pending,Bengaluru,21,Basic,2026-04-28 05:26:00,user330@example.com,user330,3800.8,S026,7,20,P9148,High,4751.0,5606.18
U00331,TXN100331,East,2025-12-02,Fashion,10649.5,Pending,Bengaluru,21,Basic,2025-12-02 12:44:00,user331@example.com,user331,1064.95,S055,10,5,P8808,Urgent,1121.0,1322.78
U00332,TXN100332,North,2025-02-11,Books,5761.0,Completed,Mumbai,68,Premium,2025-02-11 01:19:00,user332@example.com,user332,2880.5,S085,2,30,P5520,High,4115.0,4855.7
U00333,TXN100333,East,2025-11-22,Sports,5844.0,Failed,Chennai,69,Free,2025-11-22 04:30:00,user333@example.com,user333,1948.0,S071,3,20,P4489,Low,2435.0,2873.3
U00334,TXN100334,East,2025-12-22,Grocery,27552.0,Completed,Delhi,68,Free,2025-12-22 07:42:00,user334@example.com,user334,4592.0,S034,6,0,P1085,Urgent,4592.0,5418.56
U00335,TXN100335,West,2025-05-19,Electronics,20679.6,Completed,Chennai,47,Free,2025-05-19 02:13:00,user335@example.com,user335,2584.95,S034,8,5,P7823,Medium,2721.0,3210.78
U00336,TXN100336,East,2025-02-22,Fashion,8940.8,Pending,Jaipur,38,Free,2025-02-22 05:23:00,user336@example.com,user336,1117.6,S099,8,20,P7114,Urgent,1397.0,1648.46
U00337,TXN100337,North,2025-10-20,Fashion,17028.9,Pending,Chennai,65,Premium,2025-10-20 06:06:00,user337@example.com,user337,1892.1,S050,9,30,P7030,Medium,2703.0,3189.54
U00338,TXN100338,East,2026-02-21,Grocery,44770.0,Refunded,Kolkata,66,Basic,2026-02-21 04:16:00,user338@example.com,user338,4477.0,S078,10,0,P8282,Low,4477.0,5282.86
U00339,TXN100339,North,2025-07-19,Fashion,10594.8,Failed,Bengaluru,49,Free,2025-07-19 08:17:00,user339@example.com,user339,1177.2,S018,9,10,P9165,Medium,1308.0,1543.44
U00340,TXN100340,North,2026-01-13,Grocery,5177.5,Refunded,Delhi,43,Premium,2026-01-13 09:52:00,user340@example.com,user340,2588.75,S027,2,5,P4842,Urgent,2725.0,3215.5
U00341,TXN100341,East,2025-06-04,Grocery,15487.2,Pending,Mumbai,22,Premium,2025-06-04 11:39:00,user341@example.com,user341,3871.8,S042,4,10,P9294,High,4302.0,5076.36
U00342,TXN100342,South,2025-03-16,Books,21170.75,Completed,Jaipur,66,Free,2025-03-16 22:07:00,user342@example.com,user342,4234.15,S024,5,5,P7910,Low,4457.0,5259.26
U00343,TXN100343,North,2025-05-18,Home,27685.35,Failed,Kolkata,23,Premium,2025-05-18 02:58:00,user343@example.com,user343,3955.05,S069,7,15,P9398,Low,4653.0,5490.54
U00344,TXN100344,South,2025-05-06,Grocery,20574.0,Completed,Chennai,38,Basic,2025-05-06 11:54:00,user344@example.com,user344,2057.4,S098,10,10,P2048,Low,2286.0,2697.48
U00345,TXN100345,West,2026-01-19,Fashion,3700.0,Pending,Delhi,22,Free,2026-01-19 02:54:00,user345@example.com,user345,740.0,S091,5,20,P5158,Low,925.0,1091.5
U00346,TXN100346,West,2026-04-20,Home,23529.6,Pending,Chennai,56,Premium,2026-04-20 17:03:00,user346@example.com,user346,2614.4,S062,9,5,P7224,High,2752.0,3247.36
U00347,TXN100347,West,2026-02-16,Fashion,11966.4,Completed,Pune,28,Premium,2026-02-16 05:24:00,user347@example.com,user347,1495.8,S076,8,10,P5513,Urgent,1662.0,1961.16
U00348,TXN100348,East,2026-04-28,Grocery,30572.8,Pending,Hyderabad,18,Premium,2026-04-28 01:21:00,user348@example.com,user348,3821.6,S079,8,15,P4614,Medium,4496.0,5305.28
U00349,TXN100349,North,2025-12-10,Electronics,18083.75,Pending,Bengaluru,28,Free,2025-12-10 00:59:00,user349@example.com,user349,3616.75,S048,5,15,P2867,High,4255.0,5020.9
U00350,TXN100350,East,2025-08-07,Grocery,25640.0,Completed,Chennai,28,Basic,2025-08-07 02:33:00,user350@example.com,user350,2564.0,S030,10,0,P6732,Urgent,2564.0,3025.52
U00351,TXN100351,East,2025-01-09,Grocery,865.45,Completed,Bengaluru,35,Premium,2025-01-09 17:49:00,user351@example.com,user351,865.45,S089,1,5,P8299,Low,911.0,1074.98
U00352,TXN100352,West,2025-10-06,Home,2080.5,Pending,Chennai,25,Free,2025-10-06 19:29:00,user352@example.com,user352,346.75,S005,6,5,P3683,High,365.0,430.7
U00353,TXN100353,West,2025-11-09,Home,1098.9,Refunded,Chennai,67,Free,2025-11-09 15:49:00,user353@example.com,user353,366.3,S028,3,10,P8468,Low,407.0,480.26
U00354,TXN100354,West,2025-07-18,Fashion,339.2,Pending,Bengaluru,48,Basic,2025-07-18 04:22:00,user354@example.com,user354,339.2,S095,1,20,P8664,Urgent,424.0,500.32
U00355,TXN100355,North,2026-03-20,Grocery,30762.9,Refunded,Mumbai,53,Free,2026-03-20 00:52:00,user355@example.com,user355,4394.7,S082,7,10,P1509,Urgent,4883.0,5761.94
U00356,TXN100356,South,2025-07-03,Grocery,3980.5,Refunded,Chennai,37,Basic,2025-07-03 17:53:00,user356@example.com,user356,398.05,S096,10,5,P9874,Low,419.0,494.42
U00357,TXN100357,West,2026-01-23,Home,41274.0,Refunded,Delhi,38,Premium,2026-01-23 01:01:00,user357@example.com,user357,4127.4,S065,10,10,P5994,Urgent,4586.0,5411.48
U00358,TXN100358,West,2025-05-02,Grocery,543.9,Pending,Bengaluru,60,Free,2025-05-02 09:41:00,user358@example.com,user358,543.9,S071,1,30,P6397,Medium,777.0,916.86
U00359,TXN100359,West,2025-01-26,Grocery,42389.0,Completed,Hyderabad,35,Free,2025-01-26 04:36:00,user359@example.com,user359,4238.9,S082,10,5,P9289,High,4462.0,5265.16
U00360,TXN100360,East,2026-01-10,Books,21141.0,Pending,Bengaluru,30,Basic,2026-01-10 13:09:00,user360@example.com,user360,2114.1,S048,10,10,P4412,Urgent,2349.0,2771.82
U00361,TXN100361,South,2025-06-28,Electronics,4726.4,Failed,Jaipur,55,Premium,2025-06-28 18:35:00,user361@example.com,user361,2363.2,S010,2,20,P7353,Urgent,2954.0,3485.72
U00362,TXN100362,South,2026-01-30,Books,38655.0,Failed,Mumbai,27,Basic,2026-01-30 05:03:00,user362@example.com,user362,4295.0,S088,9,0,P4333,Low,4295.0,5068.1
U00363,TXN100363,South,2025-03-03,Fashion,2050.0,Refunded,Hyderabad,35,Free,2025-03-03 07:07:00,user363@example.com,user363,1025.0,S018,2,0,P5211,Low,1025.0,1209.5
U00364,TXN100364,South,2025-07-12,Books,3890.0,Refunded,Chennai,68,Premium,2025-07-12 01:01:00,user364@example.com,user364,3890.0,S094,1,0,P4807,Urgent,3890.0,4590.2
U00365,TXN100365,East,2025-02-21,Fashion,6990.1,Pending,Bengaluru,46,Basic,2025-02-21 18:50:00,user365@example.com,user365,3495.05,S086,2,5,P4793,High,3679.0,4341.22
U00366,TXN100366,East,2025-09-27,Home,29342.0,Failed,Jaipur,69,Premium,2025-09-27 04:08:00,user366@example.com,user366,3667.75,S032,8,15,P3733,High,4315.0,5091.7
U00367,TXN100367,East,2026-01-10,Electronics,12519.0,Failed,Pune,69,Basic,2026-01-10 18:54:00,user367@example.com,user367,4173.0,S010,3,0,P4935,Low,4173.0,4924.14
U00368,TXN100368,West,2025-12-28,Grocery,19733.4,Completed,Chennai,48,Free,2025-12-28 01:19:00,user368@example.com,user368,3288.9,S012,6,5,P2942,Low,3462.0,4085.16
U00369,TXN100369,South,2025-07-13,Grocery,7662.0,Failed,Delhi,54,Premium,2025-07-13 08:02:00,user369@example.com,user369,1277.0,S090,6,0,P4126,High,1277.0,1506.86
U00370,TXN100370,West,2025-12-11,Electronics,39244.5,Completed,Bengaluru,67,Basic,2025-12-11 13:52:00,user370@example.com,user370,3924.45,S027,10,15,P2446,High,4617.0,5448.06
U00371,TXN100371,North,2025-07-28,Electronics,28019.2,Completed,Kolkata,47,Premium,2025-07-28 05:14:00,user371@example.com,user371,3502.4,S012,8,20,P7894,High,4378.0,5166.04
U00372,TXN100372,East,2025-05-04,Home,12974.5,Completed,Chennai,52,Premium,2025-05-04 04:03:00,user372@example.com,user372,2594.9,S042,5,30,P5228,Low,3707.0,4374.26
U00373,TXN100373,South,2025-04-25,Books,11656.0,Refunded,Delhi,60,Free,2025-04-25 18:17:00,user373@example.com,user373,1165.6,S089,10,20,P3819,Urgent,1457.0,1719.26
U00374,TXN100374,South,2025-10-08,Electronics,7785.0,Failed,Mumbai,70,Free,2025-10-08 16:28:00,user374@example.com,user374,3892.5,S089,2,10,P8378,Low,4325.0,5103.5
U00375,TXN100375,North,2025-03-26,Home,15195.6,Refunded,Bengaluru,25,Free,2025-03-26 04:16:00,user375@example.com,user375,1688.4,S047,9,10,P3743,Urgent,1876.0,2213.68
U00376,TXN100376,East,2025-12-27,Home,9120.0,Failed,Pune,40,Basic,2025-12-27 18:35:00,user376@example.com,user376,1824.0,S013,5,5,P3875,Medium,1920.0,2265.6
U00377,TXN100377,North,2025-06-28,Books,2463.3,Refunded,Pune,42,Basic,2025-06-28 18:10:00,user377@example.com,user377,821.1,S057,3,15,P4012,High,966.0,1139.88
U00378,TXN100378,North,2025-03-15,Grocery,10363.5,Failed,Kolkata,27,Free,2025-03-15 11:58:00,user378@example.com,user378,3454.5,S022,3,30,P1367,Urgent,4935.0,5823.3
U00379,TXN100379,South,2025-12-25,Fashion,26392.5,Pending,Pune,32,Premium,2025-12-25 01:53:00,user379@example.com,user379,2639.25,S081,10,25,P3787,Medium,3519.0,4152.42
U00380,TXN100380,South,2025-10-08,Grocery,8784.0,Failed,Jaipur,22,Basic,2025-10-08 12:41:00,user380@example.com,user380,878.4,S022,10,10,P7951,Medium,976.0,1151.68
U00381,TXN100381,East,2025-04-11,Grocery,7366.95,Pending,Hyderabad,40,Premium,2025-04-11 10:06:00,user381@example.com,user381,818.55,S037,9,15,P9948,Low,963.0,1136.34
U00382,TXN100382,North,2025-02-24,Sports,11572.2,Pending,Hyderabad,63,Basic,2025-02-24 15:36:00,user382@example.com,user382,1928.7,S042,6,10,P2092,Low,2143.0,2528.74
U00383,TXN100383,West,2025-05-07,Grocery,802.8,Pending,Delhi,31,Free,2025-05-07 12:31:00,user383@example.com,user383,802.8,S071,1,10,P3513,Medium,892.0,1052.56
U00384,TXN100384,North,2025-06-16,Sports,15055.2,Failed,Kolkata,69,Free,2025-06-16 17:18:00,user384@example.com,user384,3763.8,S070,4,10,P8776,Urgent,4182.0,4934.76
U00385,TXN100385,East,2026-02-16,Electronics,5023.2,Refunded,Pune,38,Premium,2026-02-16 06:02:00,user385@example.com,user385,1674.4,S062,3,30,P8501,Urgent,2392.0,2822.56
U00386,TXN100386,West,2025-03-07,Home,25512.0,Completed,Hyderabad,34,Free,2025-03-07 11:29:00,user386@example.com,user386,2551.2,S041,10,20,P5907,Urgent,3189.0,3763.02
U00387,TXN100387,South,2025-02-20,Grocery,12327.0,Refunded,Mumbai,47,Basic,2025-02-20 18:36:00,user387@example.com,user387,2054.5,S022,6,30,P7497,High,2935.0,3463.3
U00388,TXN100388,East,2025-11-27,Sports,788.0,Pending,Jaipur,60,Basic,2025-11-27 23:32:00,user388@example.com,user388,157.6,S096,5,20,P2973,High,197.0,232.46
U00389,TXN100389,South,2025-09-22,Electronics,5304.6,Pending,Jaipur,55,Premium,2025-09-22 10:20:00,user389@example.com,user389,589.4,S075,9,30,P4993,High,842.0,993.56
U00390,TXN100390,South,2025-06-29,Fashion,13822.2,Failed,Chennai,42,Premium,2025-06-29 18:36:00,user390@example.com,user390,1535.8,S050,9,30,P2853,Urgent,2194.0,2588.92
U00391,TXN100391,East,2025-03-13,Books,22770.0,Completed,Pune,68,Basic,2025-03-13 17:44:00,user391@example.com,user391,2277.0,S092,10,25,P4086,High,3036.0,3582.48
U00392,TXN100392,West,2026-04-16,Fashion,26644.95,Pending,Kolkata,34,Premium,2026-04-16 02:10:00,user392@example.com,user392,2960.55,S088,9,15,P6321,High,3483.0,4109.94
U00393,TXN100393,West,2025-12-29,Sports,669.0,Failed,Hyderabad,40,Free,2025-12-29 17:26:00,user393@example.com,user393,167.25,S050,4,25,P4876,Low,223.0,263.14
U00394,TXN100394,North,2026-01-20,Electronics,4334.4,Failed,Bengaluru,64,Basic,2026-01-20 03:55:00,user394@example.com,user394,541.8,S014,8,30,P4791,Medium,774.0,913.32
U00395,TXN100395,East,2026-01-09,Grocery,582.4,Pending,Kolkata,47,Basic,2026-01-09 21:40:00,user395@example.com,user395,582.4,S024,1,30,P8260,Low,832.0,981.76
U00396,TXN100396,North,2025-01-21,Grocery,4416.0,Failed,Delhi,57,Premium,2025-01-21 05:29:00,user396@example.com,user396,2208.0,S035,2,25,P8519,Low,2944.0,3473.92
U00397,TXN100397,East,2025-04-20,Fashion,19368.0,Completed,Delhi,21,Premium,2025-04-20 20:31:00,user397@example.com,user397,2421.0,S043,8,10,P8016,High,2690.0,3174.2
U00398,TXN100398,East,2025-03-17,Electronics,6848.1,Completed,Mumbai,47,Premium,2025-03-17 10:40:00,user398@example.com,user398,2282.7,S021,3,30,P4328,Urgent,3261.0,3847.98
U00399,TXN100399,North,2025-06-19,Books,6742.2,Pending,Mumbai,67,Premium,2025-06-19 14:27:00,user399@example.com,user399,3371.1,S093,2,15,P7490,High,3966.0,4679.88
U00400,TXN100400,South,2026-01-24,Grocery,12716.7,Completed,Jaipur,70,Basic,2026-01-24 22:51:00,user400@example.com,user400,4238.9,S071,3,5,P9071,High,4462.0,5265.16
U00401,TXN100401,North,2025-10-21,Home,35380.8,Completed,Pune,62,Premium,2025-10-21 09:14:00,user401@example.com,user401,3931.2,S076,9,10,P5553,Medium,4368.0,5154.24
U00402,TXN100402,West,2025-07-08,Sports,10337.7,Pending,Hyderabad,46,Premium,2025-07-08 16:30:00,user402@example.com,user402,3445.9,S019,3,15,P9931,Urgent,4054.0,4783.72
U00403,TXN100403,East,2025-09-18,Grocery,11358.9,Pending,Mumbai,49,Premium,2025-09-18 11:03:00,user403@example.com,user403,3786.3,S068,3,10,P1530,Urgent,4207.0,4964.26
U00404,TXN100404,West,2025-06-11,Fashion,2017.8,Completed,Delhi,29,Free,2025-06-11 17:46:00,user404@example.com,user404,1008.9,S073,2,10,P5786,Medium,1121.0,1322.78
U00405,TXN100405,North,2026-04-03,Fashion,12255.0,Pending,Delhi,25,Basic,2026-04-03 22:34:00,user405@example.com,user405,2451.0,S064,5,5,P1179,High,2580.0,3044.4
U00406,TXN100406,West,2025-08-09,Books,2479.45,Refunded,Delhi,44,Basic,2025-08-09 07:15:00,user406@example.com,user406,2479.45,S045,1,15,P8429,High,2917.0,3442.06
U00407,TXN100407,South,2026-03-14,Fashion,6059.2,Completed,Jaipur,63,Basic,2026-03-14 05:42:00,user407@example.com,user407,865.6,S045,7,20,P8254,Urgent,1082.0,1276.76
U00408,TXN100408,East,2025-03-21,Fashion,1671.6,Refunded,Delhi,53,Free,2025-03-21 11:59:00,user408@example.com,user408,278.6,S063,6,30,P3802,High,398.0,469.64
U00409,TXN100409,South,2025-01-25,Grocery,22816.0,Pending,Bengaluru,65,Free,2025-01-25 09:36:00,user409@example.com,user409,2852.0,S041,8,20,P7388,Urgent,3565.0,4206.7
U00410,TXN100410,South,2025-04-26,Fashion,8120.0,Failed,Jaipur,44,Premium,2025-04-26 00:53:00,user410@example.com,user410,1015.0,S003,8,0,P5697,Low,1015.0,1197.7
U00411,TXN100411,West,2025-01-11,Fashion,6357.75,Pending,Jaipur,56,Free,2025-01-11 18:08:00,user411@example.com,user411,908.25,S074,7,25,P4483,High,1211.0,1428.98
U00412,TXN100412,West,2025-10-08,Sports,7331.4,Pending,Bengaluru,33,Free,2025-10-08 04:21:00,user412@example.com,user412,3665.7,S039,2,10,P3236,Urgent,4073.0,4806.14
U00413,TXN100413,South,2025-01-30,Books,868.3,Refunded,Mumbai,37,Free,2025-01-30 01:57:00,user413@example.com,user413,868.3,S068,1,5,P7030,Low,914.0,1078.52
U00414,TXN100414,West,2025-07-11,Fashion,19693.8,Failed,Bengaluru,46,Free,2025-07-11 17:41:00,user414@example.com,user414,2188.2,S046,9,30,P7410,Medium,3126.0,3688.68
U00415,TXN100415,West,2025-01-09,Sports,19237.5,Refunded,Delhi,28,Basic,2025-01-09 10:14:00,user415@example.com,user415,3206.25,S089,6,5,P1020,High,3375.0,3982.5
U00416,TXN100416,West,2026-04-07,Grocery,16116.0,Failed,Hyderabad,63,Free,2026-04-07 04:56:00,user416@example.com,user416,3223.2,S047,5,15,P8130,High,3792.0,4474.56
U00417,TXN100417,South,2025-08-09,Home,1316.0,Completed,Chennai,45,Basic,2025-08-09 02:30:00,user417@example.com,user417,658.0,S033,2,30,P6810,Urgent,940.0,1109.2
U00418,TXN100418,North,2026-03-27,Grocery,24454.5,Refunded,Jaipur,56,Premium,2026-03-27 19:33:00,user418@example.com,user418,3493.5,S059,7,15,P1589,Low,4110.0,4849.8
U00419,TXN100419,East,2026-02-24,Electronics,28918.0,Completed,Mumbai,53,Free,2026-02-24 05:49:00,user419@example.com,user419,2891.8,S062,10,5,P7729,High,3044.0,3591.92
U00420,TXN100420,South,2025-07-15,Home,14988.0,Pending,Hyderabad,69,Basic,2025-07-15 01:15:00,user420@example.com,user420,3747.0,S094,4,25,P4128,Medium,4996.0,5895.28
U00421,TXN100421,North,2026-04-03,Sports,7966.0,Completed,Mumbai,26,Premium,2026-04-03 05:10:00,user421@example.com,user421,3983.0,S079,2,0,P6753,Low,3983.0,4699.94
U00422,TXN100422,South,2026-01-31,Home,4794.75,Pending,Hyderabad,64,Free,2026-01-31 12:49:00,user422@example.com,user422,1598.25,S091,3,25,P1948,High,2131.0,2514.58
U00423,TXN100423,East,2026-03-03,Sports,1566.75,Failed,Hyderabad,47,Premium,2026-03-03 09:25:00,user423@example.com,user423,1566.75,S022,1,25,P3558,Urgent,2089.0,2465.02
U00424,TXN100424,West,2025-03-23,Electronics,9564.8,Refunded,Jaipur,57,Basic,2025-03-23 15:41:00,user424@example.com,user424,1195.6,S037,8,30,P1040,Medium,1708.0,2015.44
U00425,TXN100425,South,2025-03-09,Home,3911.4,Pending,Delhi,59,Free,2025-03-09 17:53:00,user425@example.com,user425,3911.4,S066,1,10,P8480,High,4346.0,5128.28
U00426,TXN100426,South,2025-05-19,Grocery,13226.25,Pending,Chennai,51,Basic,2025-05-19 16:23:00,user426@example.com,user426,2645.25,S078,5,25,P1952,High,3527.0,4161.86
U00427,TXN100427,East,2025-11-04,Books,9045.9,Pending,Chennai,31,Free,2025-11-04 00:32:00,user427@example.com,user427,4522.95,S066,2,5,P4041,High,4761.0,5617.98
U00428,TXN100428,East,2026-02-04,Sports,9244.0,Pending,Hyderabad,44,Basic,2026-02-04 12:48:00,user428@example.com,user428,1848.8,S071,5,20,P6455,Medium,2311.0,2726.98
U00429,TXN100429,North,2025-10-30,Sports,558.0,Failed,Mumbai,64,Premium,2025-10-30 06:06:00,user429@example.com,user429,139.5,S034,4,10,P4592,High,155.0,182.9
U00430,TXN100430,North,2025-09-28,Books,4896.0,Refunded,Delhi,70,Free,2025-09-28 19:55:00,user430@example.com,user430,1632.0,S065,3,20,P1669,High,2040.0,2407.2
U00431,TXN100431,South,2026-04-15,Fashion,20256.0,Completed,Bengaluru,18,Basic,2026-04-15 05:29:00,user431@example.com,user431,2532.0,S017,8,25,P6152,Urgent,3376.0,3983.68
U00432,TXN100432,South,2026-04-13,Sports,1772.4,Refunded,Pune,28,Basic,2026-04-13 14:00:00,user432@example.com,user432,1772.4,S059,1,30,P6275,High,2532.0,2987.76
U00433,TXN100433,East,2026-03-21,Grocery,18020.8,Refunded,Delhi,65,Basic,2026-03-21 22:44:00,user433@example.com,user433,2252.6,S051,8,30,P3083,Medium,3218.0,3797.24
U00434,TXN100434,East,2025-07-13,Electronics,7293.0,Refunded,Kolkata,62,Basic,2025-07-13 21:17:00,user434@example.com,user434,1458.6,S089,5,15,P3651,High,1716.0,2024.88
U00435,TXN100435,North,2026-03-01,Home,29452.5,Pending,Delhi,46,Free,2026-03-01 19:00:00,user435@example.com,user435,2945.25,S051,10,25,P3229,Urgent,3927.0,4633.86
U00436,TXN100436,North,2026-04-09,Electronics,10445.25,Failed,Delhi,18,Premium,2026-04-09 08:07:00,user436@example.com,user436,2089.05,S062,5,5,P5228,Medium,2199.0,2594.82
U00437,TXN100437,North,2025-07-29,Electronics,13423.5,Completed,Jaipur,52,Basic,2025-07-29 22:40:00,user437@example.com,user437,2237.25,S073,6,5,P9620,High,2355.0,2778.9
U00438,TXN100438,North,2025-04-28,Electronics,1134.0,Refunded,Mumbai,63,Premium,2025-04-28 09:18:00,user438@example.com,user438,567.0,S057,2,10,P2841,Medium,630.0,743.4
U00439,TXN100439,North,2025-10-12,Books,9580.0,Failed,Pune,19,Premium,2025-10-12 17:48:00,user439@example.com,user439,4790.0,S063,2,0,P3952,Urgent,4790.0,5652.2
U00440,TXN100440,South,2025-12-13,Electronics,2698.5,Failed,Jaipur,18,Premium,2025-12-13 09:33:00,user440@example.com,user440,385.5,S087,7,25,P1038,Urgent,514.0,606.52
U00441,TXN100441,West,2025-07-22,Electronics,27219.2,Pending,Delhi,44,Premium,2025-07-22 13:37:00,user441@example.com,user441,3402.4,S061,8,20,P6903,Low,4253.0,5018.54
U00442,TXN100442,South,2025-03-05,Grocery,7238.0,Completed,Hyderabad,25,Premium,2025-03-05 23:42:00,user442@example.com,user442,1447.6,S008,5,30,P3234,High,2068.0,2440.24
U00443,TXN100443,West,2026-01-18,Home,8569.8,Pending,Hyderabad,58,Free,2026-01-18 21:46:00,user443@example.com,user443,2856.6,S005,3,10,P1092,Medium,3174.0,3745.32
U00444,TXN100444,South,2025-01-24,Grocery,9762.0,Failed,Pune,43,Basic,2025-01-24 21:34:00,user444@example.com,user444,2440.5,S040,4,25,P7661,Medium,3254.0,3839.72
U00445,TXN100445,South,2025-11-02,Books,12551.1,Completed,Hyderabad,53,Free,2025-11-02 00:07:00,user445@example.com,user445,4183.7,S093,3,15,P1584,Medium,4922.0,5807.96
U00446,TXN100446,North,2026-04-20,Electronics,2433.0,Pending,Pune,50,Premium,2026-04-20 22:49:00,user446@example.com,user446,608.25,S056,4,25,P9138,Low,811.0,956.98
U00447,TXN100447,West,2025-04-28,Fashion,21530.5,Completed,Jaipur,59,Free,2025-04-28 00:10:00,user447@example.com,user447,2153.05,S038,10,15,P7742,Low,2533.0,2988.94
U00448,TXN100448,East,2025-01-19,Home,1349.8,Failed,Jaipur,45,Basic,2025-01-19 00:06:00,user448@example.com,user448,1349.8,S099,1,15,P4732,Medium,1588.0,1873.84
U00449,TXN100449,South,2026-03-13,Electronics,265.5,Refunded,Chennai,58,Basic,2026-03-13 11:10:00,user449@example.com,user449,88.5,S073,3,25,P8205,High,118.0,139.24
U00450,TXN100450,North,2026-04-14,Grocery,10611.0,Refunded,Kolkata,39,Free,2026-04-14 04:01:00,user450@example.com,user450,1061.1,S080,10,10,P6027,High,1179.0,1391.22
U00451,TXN100451,South,2025-03-12,Electronics,1200.5,Pending,Mumbai,66,Basic,2025-03-12 06:38:00,user451@example.com,user451,1200.5,S024,1,30,P5409,Low,1715.0,2023.7
U00452,TXN100452,East,2026-04-05,Fashion,1632.0,Refunded,Mumbai,49,Free,2026-04-05 07:37:00,user452@example.com,user452,1632.0,S074,1,25,P8746,High,2176.0,2567.68
U00453,TXN100453,East,2025-01-08,Books,10260.0,Pending,Chennai,26,Free,2025-01-08 03:57:00,user453@example.com,user453,1710.0,S053,6,5,P7752,Low,1800.0,2124.0
U00454,TXN100454,North,2025-07-05,Fashion,20216.0,Refunded,Kolkata,29,Premium,2025-07-05 11:00:00,user454@example.com,user454,2527.0,S061,8,30,P5407,Low,3610.0,4259.8
U00455,TXN100455,West,2026-01-15,Grocery,42939.0,Failed,Pune,38,Premium,2026-01-15 15:14:00,user455@example.com,user455,4771.0,S010,9,0,P4453,High,4771.0,5629.78
U00456,TXN100456,South,2025-12-15,Books,12673.8,Pending,Pune,56,Free,2025-12-15 14:29:00,user456@example.com,user456,2112.3,S032,6,10,P7513,High,2347.0,2769.46
U00457,TXN100457,West,2026-04-15,Books,5283.2,Failed,Jaipur,53,Free,2026-04-15 22:02:00,user457@example.com,user457,2641.6,S016,2,20,P1532,High,3302.0,3896.36
U00458,TXN100458,West,2025-05-02,Sports,1742.3,Refunded,Bengaluru,55,Premium,2025-05-02 14:57:00,user458@example.com,user458,1742.3,S004,1,30,P2013,High,2489.0,2937.02
U00459,TXN100459,North,2026-03-16,Home,21460.0,Completed,Delhi,67,Premium,2026-03-16 12:25:00,user459@example.com,user459,2146.0,S004,10,0,P5047,Urgent,2146.0,2532.28
U00460,TXN100460,West,2026-05-01,Home,12600.0,Pending,Hyderabad,35,Free,2026-05-01 06:21:00,user460@example.com,user460,3150.0,S057,4,0,P1042,Medium,3150.0,3717.0
U00461,TXN100461,West,2025-01-10,Sports,16030.0,Failed,Mumbai,67,Basic,2025-01-10 21:32:00,user461@example.com,user461,3206.0,S015,5,0,P2421,Medium,3206.0,3783.08
U00462,TXN100462,North,2025-10-23,Grocery,2242.5,Failed,Bengaluru,20,Premium,2025-10-23 15:18:00,user462@example.com,user462,2242.5,S018,1,25,P3037,Low,2990.0,3528.2
U00463,TXN100463,South,2025-06-02,Grocery,21168.0,Completed,Bengaluru,18,Basic,2025-06-02 05:52:00,user463@example.com,user463,3024.0,S052,7,25,P6239,High,4032.0,4757.76
U00464,TXN100464,South,2025-09-01,Grocery,12208.0,Pending,Pune,28,Premium,2025-09-01 13:02:00,user464@example.com,user464,1220.8,S089,10,30,P7875,Medium,1744.0,2057.92
U00465,TXN100465,North,2025-04-20,Fashion,2497.5,Failed,Mumbai,43,Premium,2025-04-20 10:24:00,user465@example.com,user465,832.5,S055,3,10,P6049,Urgent,925.0,1091.5
U00466,TXN100466,East,2025-04-13,Electronics,4297.5,Completed,Kolkata,69,Free,2025-04-13 03:05:00,user466@example.com,user466,1432.5,S006,3,25,P7261,Low,1910.0,2253.8
U00467,TXN100467,West,2025-05-16,Sports,11016.0,Failed,Kolkata,45,Premium,2025-05-16 09:22:00,user467@example.com,user467,1224.0,S032,9,20,P3904,Low,1530.0,1805.4
U00468,TXN100468,West,2025-02-22,Books,9044.0,Refunded,Pune,39,Free,2025-02-22 16:04:00,user468@example.com,user468,1808.8,S041,5,30,P2718,Medium,2584.0,3049.12
U00469,TXN100469,West,2025-10-16,Fashion,15606.85,Refunded,Hyderabad,43,Premium,2025-10-16 23:10:00,user469@example.com,user469,2229.55,S088,7,15,P5380,Urgent,2623.0,3095.14
U00470,TXN100470,North,2026-01-22,Books,19965.0,Completed,Chennai,20,Premium,2026-01-22 14:45:00,user470@example.com,user470,1996.5,S086,10,25,P5832,High,2662.0,3141.16
U00471,TXN100471,West,2025-12-30,Books,16591.5,Failed,Chennai,40,Basic,2025-12-30 14:51:00,user471@example.com,user471,2765.25,S075,6,25,P3792,Medium,3687.0,4350.66
U00472,TXN100472,North,2026-04-11,Fashion,9153.0,Completed,Mumbai,42,Free,2026-04-11 11:19:00,user472@example.com,user472,1525.5,S010,6,10,P2193,Low,1695.0,2000.1
U00473,TXN100473,South,2025-11-03,Electronics,3637.2,Failed,Mumbai,58,Free,2025-11-03 03:06:00,user473@example.com,user473,1212.4,S088,3,30,P7683,High,1732.0,2043.76
U00474,TXN100474,North,2026-01-03,Home,14125.5,Failed,Mumbai,30,Premium,2026-01-03 21:50:00,user474@example.com,user474,2354.25,S098,6,25,P6669,Medium,3139.0,3704.02
U00475,TXN100475,West,2025-02-22,Books,6249.2,Failed,Mumbai,49,Free,2025-02-22 17:22:00,user475@example.com,user475,1562.3,S054,4,15,P7223,Medium,1838.0,2168.84
U00476,TXN100476,East,2025-01-18,Fashion,28232.0,Pending,Pune,51,Free,2025-01-18 17:48:00,user476@example.com,user476,2823.2,S010,10,20,P2756,Urgent,3529.0,4164.22
U00477,TXN100477,South,2025-12-04,Home,10538.1,Completed,Bengaluru,38,Basic,2025-12-04 04:00:00,user477@example.com,user477,1170.9,S046,9,10,P3249,Low,1301.0,1535.18
U00478,TXN100478,South,2025-10-16,Sports,14018.4,Failed,Pune,24,Basic,2025-10-16 14:40:00,user478@example.com,user478,1752.3,S087,8,10,P2152,Urgent,1947.0,2297.46
U00479,TXN100479,South,2025-10-20,Books,31014.9,Refunded,Chennai,47,Basic,2025-10-20 18:56:00,user479@example.com,user479,4430.7,S087,7,10,P4457,Medium,4923.0,5809.14
U00480,TXN100480,East,2025-05-24,Books,7239.45,Failed,Pune,33,Free,2025-05-24 23:36:00,user480@example.com,user480,2413.15,S062,3,15,P3192,Medium,2839.0,3350.02
U00481,TXN100481,West,2025-07-27,Grocery,34342.5,Refunded,Pune,28,Free,2025-07-27 18:20:00,user481@example.com,user481,3434.25,S083,10,5,P3465,Urgent,3615.0,4265.7
U00482,TXN100482,South,2025-01-04,Fashion,8529.75,Failed,Kolkata,57,Premium,2025-01-04 14:50:00,user482@example.com,user482,947.75,S032,9,15,P8882,Low,1115.0,1315.7
U00483,TXN100483,West,2025-12-31,Books,21022.2,Refunded,Mumbai,51,Basic,2025-12-31 16:58:00,user483@example.com,user483,3503.7,S043,6,10,P5102,Low,3893.0,4593.74
U00484,TXN100484,East,2025-01-29,Books,25168.5,Pending,Hyderabad,55,Premium,2025-01-29 00:48:00,user484@example.com,user484,2516.85,S012,10,15,P5143,Medium,2961.0,3493.98
U00485,TXN100485,West,2025-03-23,Sports,7233.0,Refunded,Chennai,48,Free,2025-03-23 20:05:00,user485@example.com,user485,1808.25,S050,4,25,P3301,High,2411.0,2844.98
U00486,TXN100486,South,2025-10-15,Fashion,3378.2,Failed,Mumbai,60,Basic,2025-10-15 16:25:00,user486@example.com,user486,3378.2,S035,1,30,P9205,Medium,4826.0,5694.68
U00487,TXN100487,North,2026-04-14,Fashion,4688.0,Pending,Hyderabad,61,Free,2026-04-14 03:52:00,user487@example.com,user487,4688.0,S028,1,0,P3993,High,4688.0,5531.84
U00488,TXN100488,North,2025-01-04,Electronics,11352.0,Completed,Mumbai,27,Premium,2025-01-04 07:28:00,user488@example.com,user488,2838.0,S048,4,25,P8179,High,3784.0,4465.12
U00489,TXN100489,East,2025-12-10,Grocery,9638.3,Failed,Kolkata,45,Premium,2025-12-10 05:03:00,user489@example.com,user489,1376.9,S068,7,30,P7565,Medium,1967.0,2321.06
U00490,TXN100490,South,2025-08-01,Sports,1516.2,Failed,Hyderabad,54,Premium,2025-08-01 23:45:00,user490@example.com,user490,505.4,S044,3,30,P5580,High,722.0,851.96
U00491,TXN100491,East,2026-02-27,Grocery,8753.3,Pending,Hyderabad,58,Free,2026-02-27 05:31:00,user491@example.com,user491,4376.65,S049,2,5,P4940,Medium,4607.0,5436.26
U00492,TXN100492,North,2025-07-28,Fashion,3924.0,Refunded,Kolkata,64,Basic,2025-07-28 14:46:00,user492@example.com,user492,1308.0,S035,3,25,P6112,Urgent,1744.0,2057.92
U00493,TXN100493,North,2026-04-23,Home,3170.0,Pending,Mumbai,62,Basic,2026-04-23 15:10:00,user493@example.com,user493,3170.0,S045,1,0,P5183,Medium,3170.0,3740.6
U00494,TXN100494,East,2026-01-06,Fashion,2920.0,Completed,Bengaluru,58,Basic,2026-01-06 23:25:00,user494@example.com,user494,2920.0,S099,1,20,P2394,Medium,3650.0,4307.0
U00495,TXN100495,South,2025-08-21,Electronics,14854.2,Refunded,Jaipur,68,Premium,2025-08-21 03:33:00,user495@example.com,user495,3713.55,S098,4,5,P5176,High,3909.0,4612.62
U00496,TXN100496,North,2025-01-29,Home,7198.5,Failed,Jaipur,26,Premium,2025-01-29 19:17:00,user496@example.com,user496,3599.25,S031,2,25,P4847,Low,4799.0,5662.82
U00497,TXN100497,East,2025-12-23,Home,1734.7,Failed,Chennai,67,Basic,2025-12-23 03:19:00,user497@example.com,user497,867.35,S082,2,5,P9489,High,913.0,1077.34
U00498,TXN100498,South,2026-03-19,Sports,4447.2,Failed,Mumbai,47,Premium,2026-03-19 07:41:00,user498@example.com,user498,1482.4,S067,3,15,P4068,Urgent,1744.0,2057.92
U00499,TXN100499,East,2026-04-30,Electronics,3465.0,Completed,Hyderabad,44,Basic,2026-04-30 14:11:00,user499@example.com,user499,3465.0,S071,1,30,P6197,Medium,4950.0,5841.0
U00500,TXN100500,West,2025-01-25,Home,16833.4,Completed,Kolkata,68,Free,2025-01-25 11:34:00,user500@example.com,user500,4208.35,S084,4,15,P8400,Medium,4951.0,5842.18
U00501,TXN100501,North,2025-11-14,Fashion,20176.0,Pending,Kolkata,55,Premium,2025-11-14 10:59:00,user501@example.com,user501,2017.6,S036,10,20,P8160,Urgent,2522.0,2975.96
U00502,TXN100502,South,2025-07-09,Grocery,13060.0,Pending,Kolkata,60,Basic,2025-07-09 20:06:00,user502@example.com,user502,2612.0,S047,5,20,P6457,Low,3265.0,3852.7
U00503,TXN100503,East,2025-06-02,Grocery,8169.0,Refunded,Chennai,18,Basic,2025-06-02 04:22:00,user503@example.com,user503,2042.25,S004,4,25,P4794,Urgent,2723.0,3213.14
U00504,TXN100504,South,2025-10-04,Grocery,33250.0,Failed,Chennai,34,Free,2025-10-04 18:31:00,user504@example.com,user504,4750.0,S059,7,0,P9454,High,4750.0,5605.0
U00505,TXN100505,South,2026-03-01,Grocery,8484.0,Failed,Chennai,59,Basic,2026-03-01 06:50:00,user505@example.com,user505,848.4,S009,10,30,P6767,Medium,1212.0,1430.16
U00506,TXN100506,South,2025-07-05,Fashion,7603.8,Pending,Chennai,20,Free,2025-07-05 04:09:00,user506@example.com,user506,2534.6,S095,3,5,P5887,Urgent,2668.0,3148.24
U00507,TXN100507,South,2026-03-10,Fashion,27032.0,Refunded,Bengaluru,48,Basic,2026-03-10 21:38:00,user507@example.com,user507,3379.0,S073,8,0,P5046,High,3379.0,3987.22
U00508,TXN100508,West,2025-04-10,Fashion,962.5,Pending,Delhi,65,Free,2025-04-10 00:47:00,user508@example.com,user508,962.5,S074,1,30,P7282,Medium,1375.0,1622.5
U00509,TXN100509,West,2025-04-14,Grocery,802.75,Completed,Bengaluru,67,Premium,2025-04-14 11:59:00,user509@example.com,user509,160.55,S015,5,5,P9938,Urgent,169.0,199.42
U00510,TXN100510,East,2025-11-20,Electronics,11071.2,Failed,Pune,41,Free,2025-11-20 13:41:00,user510@example.com,user510,1581.6,S098,7,20,P2002,High,1977.0,2332.86
U00511,TXN100511,West,2025-03-12,Electronics,2573.2,Pending,Kolkata,43,Premium,2025-03-12 04:04:00,user511@example.com,user511,643.3,S096,4,30,P9276,Low,919.0,1084.42
U00512,TXN100512,East,2025-04-12,Sports,13343.4,Refunded,Jaipur,58,Premium,2025-04-12 12:23:00,user512@example.com,user512,4447.8,S045,3,10,P9775,Low,4942.0,5831.56
U00513,TXN100513,South,2025-10-25,Books,10220.8,Failed,Kolkata,57,Premium,2025-10-25 05:15:00,user513@example.com,user513,1277.6,S001,8,20,P4393,High,1597.0,1884.46
U00514,TXN100514,West,2026-03-13,Home,21483.0,Refunded,Delhi,53,Free,2026-03-13 11:54:00,user514@example.com,user514,2148.3,S070,10,30,P2791,Urgent,3069.0,3621.42
U00515,TXN100515,South,2026-04-26,Electronics,14748.75,Failed,Hyderabad,51,Free,2026-04-26 03:10:00,user515@example.com,user515,2949.75,S080,5,25,P8411,Medium,3933.0,4640.94
U00516,TXN100516,West,2025-07-11,Sports,8353.8,Pending,Pune,47,Basic,2025-07-11 07:37:00,user516@example.com,user516,928.2,S068,9,30,P8468,High,1326.0,1564.68
U00517,TXN100517,North,2025-07-01,Home,28823.0,Refunded,Delhi,53,Premium,2025-07-01 21:29:00,user517@example.com,user517,2882.3,S074,10,5,P3659,Low,3034.0,3580.12
U00518,TXN100518,South,2026-03-26,Grocery,7173.0,Pending,Bengaluru,21,Free,2026-03-26 10:19:00,user518@example.com,user518,1195.5,S046,6,25,P3700,Low,1594.0,1880.92
U00519,TXN100519,East,2025-01-12,Grocery,2515.2,Completed,Pune,58,Free,2025-01-12 15:55:00,user519@example.com,user519,1257.6,S063,2,20,P8644,Medium,1572.0,1854.96
U00520,TXN100520,West,2026-03-23,Grocery,14918.4,Refunded,Chennai,51,Free,2026-03-23 07:33:00,user520@example.com,user520,1657.6,S009,9,30,P5889,Urgent,2368.0,2794.24
U00521,TXN100521,East,2025-03-18,Sports,13153.0,Refunded,Hyderabad,57,Free,2025-03-18 07:47:00,user521@example.com,user521,1879.0,S045,7,0,P6992,Urgent,1879.0,2217.22
U00522,TXN100522,South,2025-03-26,Home,2819.25,Pending,Kolkata,18,Premium,2025-03-26 03:19:00,user522@example.com,user522,2819.25,S033,1,25,P6243,Urgent,3759.0,4435.62
U00523,TXN100523,West,2026-03-18,Fashion,1295.4,Refunded,Pune,40,Basic,2026-03-18 06:03:00,user523@example.com,user523,431.8,S037,3,15,P2268,Medium,508.0,599.44
U00524,TXN100524,West,2025-01-22,Sports,7488.0,Failed,Mumbai,58,Basic,2025-01-22 13:02:00,user524@example.com,user524,832.0,S070,9,0,P7930,Urgent,832.0,981.76
U00525,TXN100525,North,2025-09-23,Fashion,3519.6,Completed,Bengaluru,20,Free,2025-09-23 13:22:00,user525@example.com,user525,1759.8,S027,2,30,P8878,Urgent,2514.0,2966.52
U00526,TXN100526,West,2025-09-03,Books,5316.3,Failed,Chennai,50,Basic,2025-09-03 13:17:00,user526@example.com,user526,1772.1,S078,3,10,P6002,Low,1969.0,2323.42
U00527,TXN100527,West,2025-06-23,Fashion,8386.2,Refunded,Mumbai,62,Basic,2025-06-23 00:14:00,user527@example.com,user527,4193.1,S040,2,10,P2483,Urgent,4659.0,5497.62
U00528,TXN100528,North,2025-09-25,Electronics,20493.0,Pending,Mumbai,43,Free,2025-09-25 01:34:00,user528@example.com,user528,2277.0,S071,9,25,P2572,Low,3036.0,3582.48
U00529,TXN100529,North,2025-04-08,Sports,3871.25,Refunded,Delhi,57,Premium,2025-04-08 22:47:00,user529@example.com,user529,3871.25,S032,1,5,P1123,Low,4075.0,4808.5
U00530,TXN100530,North,2026-02-01,Sports,24080.0,Refunded,Mumbai,61,Premium,2026-02-01 03:18:00,user530@example.com,user530,4816.0,S002,5,0,P7629,Medium,4816.0,5682.88
U00531,TXN100531,East,2026-01-23,Fashion,879.9,Failed,Chennai,64,Premium,2026-01-23 02:03:00,user531@example.com,user531,293.3,S058,3,30,P1318,High,419.0,494.42
U00532,TXN100532,North,2025-11-21,Electronics,1071.0,Pending,Kolkata,61,Basic,2025-11-21 18:48:00,user532@example.com,user532,178.5,S030,6,30,P8885,Urgent,255.0,300.9
U00533,TXN100533,East,2025-07-02,Home,19860.0,Refunded,Mumbai,49,Free,2025-07-02 19:16:00,user533@example.com,user533,2482.5,S050,8,25,P1903,Urgent,3310.0,3905.8
U00534,TXN100534,South,2025-05-17,Sports,23940.0,Pending,Chennai,62,Basic,2025-05-17 10:31:00,user534@example.com,user534,3420.0,S082,7,20,P9061,Low,4275.0,5044.5
U00535,TXN100535,North,2025-04-22,Home,30248.0,Pending,Jaipur,66,Premium,2025-04-22 08:27:00,user535@example.com,user535,3024.8,S063,10,5,P2094,High,3184.0,3757.12
U00536,TXN100536,West,2025-03-06,Fashion,681.6,Pending,Hyderabad,69,Basic,2025-03-06 07:46:00,user536@example.com,user536,170.4,S025,4,20,P7330,High,213.0,251.34
U00537,TXN100537,North,2025-04-16,Electronics,4673.0,Pending,Bengaluru,55,Free,2025-04-16 22:17:00,user537@example.com,user537,4673.0,S061,1,0,P3392,High,4673.0,5514.14
U00538,TXN100538,West,2025-06-26,Books,6485.0,Refunded,Hyderabad,28,Basic,2025-06-26 15:53:00,user538@example.com,user538,1297.0,S052,5,0,P9204,Urgent,1297.0,1530.46
U00539,TXN100539,North,2026-04-20,Fashion,24808.0,Completed,Chennai,61,Premium,2026-04-20 14:56:00,user539@example.com,user539,3544.0,S096,7,0,P3395,Medium,3544.0,4181.92
U00540,TXN100540,East,2025-01-11,Grocery,2814.85,Failed,Delhi,50,Basic,2025-01-11 13:40:00,user540@example.com,user540,2814.85,S059,1,5,P6189,Low,2963.0,3496.34
U00541,TXN100541,North,2025-08-31,Sports,12250.8,Pending,Pune,68,Basic,2025-08-31 11:48:00,user541@example.com,user541,3062.7,S003,4,10,P3130,Urgent,3403.0,4015.54
U00542,TXN100542,North,2025-06-20,Electronics,31978.8,Refunded,Mumbai,67,Basic,2025-06-20 14:50:00,user542@example.com,user542,3553.2,S024,9,10,P2915,Urgent,3948.0,4658.64
U00543,TXN100543,East,2026-04-14,Books,12289.2,Failed,Delhi,52,Free,2026-04-14 21:00:00,user543@example.com,user543,1755.6,S096,7,5,P6373,High,1848.0,2180.64
U00544,TXN100544,South,2025-12-07,Electronics,8039.85,Refunded,Delhi,36,Basic,2025-12-07 14:03:00,user544@example.com,user544,2679.95,S053,3,5,P1055,Medium,2821.0,3328.78
U00545,TXN100545,South,2026-03-09,Books,2238.75,Failed,Jaipur,33,Basic,2026-03-09 14:28:00,user545@example.com,user545,2238.75,S024,1,25,P8222,High,2985.0,3522.3
U00546,TXN100546,West,2026-01-04,Sports,28508.55,Failed,Pune,26,Basic,2026-01-04 20:17:00,user546@example.com,user546,4072.65,S086,7,5,P6346,Low,4287.0,5058.66
U00547,TXN100547,East,2025-01-10,Fashion,10355.0,Completed,Delhi,45,Premium,2025-01-10 06:19:00,user547@example.com,user547,2071.0,S082,5,5,P5015,Low,2180.0,2572.4
U00548,TXN100548,East,2025-10-13,Home,1484.0,Failed,Chennai,60,Basic,2025-10-13 02:44:00,user548@example.com,user548,1484.0,S081,1,0,P7481,High,1484.0,1751.12
U00549,TXN100549,East,2026-02-25,Electronics,1868.3,Failed,Jaipur,70,Basic,2026-02-25 01:03:00,user549@example.com,user549,1868.3,S066,1,30,P3788,Low,2669.0,3149.42
U00550,TXN100550,East,2025-01-22,Electronics,2978.4,Failed,Bengaluru,26,Free,2025-01-22 18:14:00,user550@example.com,user550,2978.4,S018,1,20,P4379,Urgent,3723.0,4393.14
U00551,TXN100551,North,2025-12-03,Books,15560.0,Pending,Pune,50,Basic,2025-12-03 03:23:00,user551@example.com,user551,3890.0,S073,4,0,P3043,Urgent,3890.0,4590.2
U00552,TXN100552,South,2025-01-10,Books,30710.0,Failed,Chennai,39,Basic,2025-01-10 21:37:00,user552@example.com,user552,3071.0,S090,10,0,P2433,Medium,3071.0,3623.78
U00553,TXN100553,East,2025-11-14,Books,11112.0,Refunded,Jaipur,22,Basic,2025-11-14 06:58:00,user553@example.com,user553,2778.0,S012,4,25,P3898,Urgent,3704.0,4370.72
U00554,TXN100554,East,2026-04-13,Electronics,1377.5,Completed,Chennai,36,Basic,2026-04-13 20:59:00,user554@example.com,user554,1377.5,S048,1,5,P4596,Low,1450.0,1711.0
U00555,TXN100555,East,2025-08-04,Fashion,16984.8,Completed,Kolkata,49,Basic,2025-08-04 10:50:00,user555@example.com,user555,2830.8,S052,6,30,P8096,Medium,4044.0,4771.92
U00556,TXN100556,South,2026-04-30,Home,3743.4,Completed,Jaipur,25,Free,2026-04-30 07:32:00,user556@example.com,user556,935.85,S019,4,15,P7513,High,1101.0,1299.18
U00557,TXN100557,East,2026-04-20,Fashion,513.6,Completed,Bengaluru,26,Free,2026-04-20 07:45:00,user557@example.com,user557,85.6,S008,6,20,P5884,Urgent,107.0,126.26
U00558,TXN100558,East,2026-02-02,Fashion,822.0,Failed,Mumbai,23,Free,2026-02-02 07:07:00,user558@example.com,user558,102.75,S049,8,25,P8714,Medium,137.0,161.66
U00559,TXN100559,West,2025-04-23,Home,25864.0,Refunded,Mumbai,36,Free,2025-04-23 07:17:00,user559@example.com,user559,3233.0,S073,8,0,P1686,Low,3233.0,3814.94
U00560,TXN100560,South,2025-01-14,Home,14118.9,Pending,Mumbai,37,Premium,2025-01-14 01:42:00,user560@example.com,user560,2353.15,S048,6,5,P6068,Medium,2477.0,2922.86
U00561,TXN100561,East,2025-04-11,Electronics,2685.0,Completed,Chennai,55,Basic,2025-04-11 14:28:00,user561@example.com,user561,2685.0,S061,1,0,P7979,Urgent,2685.0,3168.3
U00562,TXN100562,West,2026-01-19,Electronics,24555.0,Completed,Jaipur,47,Free,2026-01-19 00:40:00,user562@example.com,user562,4911.0,S041,5,0,P4502,Medium,4911.0,5794.98
U00563,TXN100563,East,2026-02-25,Fashion,28856.25,Refunded,Chennai,36,Premium,2026-02-25 01:06:00,user563@example.com,user563,3206.25,S062,9,5,P6443,Urgent,3375.0,3982.5
U00564,TXN100564,North,2025-09-12,Home,14905.8,Failed,Bengaluru,52,Free,2025-09-12 13:11:00,user564@example.com,user564,2129.4,S087,7,30,P1729,Urgent,3042.0,3589.56
U00565,TXN100565,North,2025-08-14,Electronics,18131.2,Completed,Jaipur,60,Premium,2025-08-14 12:25:00,user565@example.com,user565,2266.4,S015,8,20,P9035,High,2833.0,3342.94
U00566,TXN100566,North,2025-02-21,Electronics,10368.3,Pending,Bengaluru,48,Premium,2025-02-21 13:04:00,user566@example.com,user566,3456.1,S075,3,15,P9678,Low,4066.0,4797.88
U00567,TXN100567,East,2025-06-29,Sports,227.5,Refunded,Mumbai,27,Basic,2025-06-29 19:34:00,user567@example.com,user567,227.5,S099,1,30,P9623,Medium,325.0,383.5
U00568,TXN100568,East,2026-04-21,Sports,19536.0,Refunded,Bengaluru,33,Premium,2026-04-21 16:48:00,user568@example.com,user568,3256.0,S078,6,20,P8218,Medium,4070.0,4802.6
U00569,TXN100569,North,2026-04-17,Home,5162.4,Failed,Jaipur,35,Premium,2026-04-17 04:59:00,user569@example.com,user569,1290.6,S058,4,10,P7171,Medium,1434.0,1692.12
U00570,TXN100570,West,2025-08-08,Home,3394.0,Failed,Chennai,22,Premium,2025-08-08 07:13:00,user570@example.com,user570,3394.0,S036,1,0,P9050,High,3394.0,4004.92
U00571,TXN100571,West,2025-12-16,Grocery,10527.9,Pending,Pune,29,Premium,2025-12-16 03:55:00,user571@example.com,user571,3509.3,S046,3,5,P8295,Urgent,3694.0,4358.92
U00572,TXN100572,West,2025-11-20,Home,4655.0,Refunded,Delhi,27,Basic,2025-11-20 09:53:00,user572@example.com,user572,931.0,S035,5,0,P8739,Urgent,931.0,1098.58
U00573,TXN100573,North,2025-03-01,Sports,3649.9,Completed,Pune,44,Premium,2025-03-01 01:52:00,user573@example.com,user573,1824.95,S086,2,15,P3217,Low,2147.0,2533.46
U00574,TXN100574,East,2025-10-31,Grocery,5662.0,Completed,Pune,59,Free,2025-10-31 20:07:00,user574@example.com,user574,566.2,S054,10,5,P7793,Medium,596.0,703.28
U00575,TXN100575,East,2026-02-14,Electronics,19500.0,Pending,Mumbai,51,Free,2026-02-14 13:47:00,user575@example.com,user575,1950.0,S097,10,25,P9497,High,2600.0,3068.0
U00576,TXN100576,East,2026-04-26,Fashion,31607.45,Failed,Kolkata,41,Basic,2026-04-26 07:23:00,user576@example.com,user576,4515.35,S041,7,5,P8632,Low,4753.0,5608.54
U00577,TXN100577,East,2025-10-06,Sports,1179.0,Failed,Jaipur,62,Basic,2025-10-06 05:21:00,user577@example.com,user577,1179.0,S001,1,0,P4205,Medium,1179.0,1391.22
U00578,TXN100578,West,2025-03-31,Home,647.5,Failed,Chennai,41,Free,2025-03-31 16:40:00,user578@example.com,user578,129.5,S038,5,30,P9895,Medium,185.0,218.3
U00579,TXN100579,South,2025-08-05,Books,2130.0,Pending,Bengaluru,61,Basic,2025-08-05 03:19:00,user579@example.com,user579,426.0,S081,5,0,P1889,Medium,426.0,502.68
U00580,TXN100580,South,2025-12-09,Books,4221.9,Failed,Kolkata,63,Free,2025-12-09 13:31:00,user580@example.com,user580,4221.9,S016,1,10,P5306,Medium,4691.0,5535.38
U00581,TXN100581,South,2025-03-21,Electronics,12217.6,Pending,Delhi,29,Basic,2025-03-21 08:51:00,user581@example.com,user581,1527.2,S024,8,20,P3867,High,1909.0,2252.62
U00582,TXN100582,South,2025-04-15,Grocery,9412.2,Pending,Pune,30,Free,2025-04-15 11:29:00,user582@example.com,user582,3137.4,S050,3,30,P1370,Low,4482.0,5288.76
U00583,TXN100583,West,2026-03-02,Electronics,2743.2,Failed,Kolkata,56,Premium,2026-03-02 23:19:00,user583@example.com,user583,2743.2,S069,1,20,P5808,Low,3429.0,4046.22
U00584,TXN100584,East,2026-03-06,Home,2531.75,Pending,Kolkata,47,Premium,2026-03-06 10:45:00,user584@example.com,user584,506.35,S023,5,5,P4034,High,533.0,628.94
U00585,TXN100585,East,2026-03-17,Sports,3367.75,Refunded,Bengaluru,29,Basic,2026-03-17 11:04:00,user585@example.com,user585,3367.75,S080,1,5,P9804,Urgent,3545.0,4183.1
U00586,TXN100586,South,2026-04-11,Fashion,10199.0,Refunded,Jaipur,56,Free,2026-04-11 18:30:00,user586@example.com,user586,1457.0,S092,7,0,P3258,High,1457.0,1719.26
U00587,TXN100587,East,2025-12-21,Grocery,27335.7,Pending,Kolkata,58,Premium,2025-12-21 09:34:00,user587@example.com,user587,3905.1,S069,7,10,P6200,Low,4339.0,5120.02
U00588,TXN100588,South,2025-10-09,Electronics,33573.0,Pending,Mumbai,41,Premium,2025-10-09 16:41:00,user588@example.com,user588,3357.3,S052,10,5,P5479,Urgent,3534.0,4170.12
U00589,TXN100589,South,2025-04-01,Sports,17505.75,Completed,Chennai,47,Premium,2025-04-01 13:00:00,user589@example.com,user589,3501.15,S099,5,15,P1521,Low,4119.0,4860.42
U00590,TXN100590,South,2025-04-27,Grocery,4066.5,Completed,Delhi,52,Free,2025-04-27 22:14:00,user590@example.com,user590,2033.25,S059,2,25,P3546,Low,2711.0,3198.98
U00591,TXN100591,South,2025-03-20,Books,7117.2,Failed,Hyderabad,47,Free,2025-03-20 11:55:00,user591@example.com,user591,1779.3,S097,4,10,P7702,Medium,1977.0,2332.86
U00592,TXN100592,West,2026-03-31,Fashion,9363.2,Pending,Mumbai,61,Basic,2026-03-31 22:40:00,user592@example.com,user592,1170.4,S051,8,20,P3934,High,1463.0,1726.34
U00593,TXN100593,North,2025-05-23,Grocery,4312.0,Pending,Bengaluru,34,Basic,2025-05-23 10:36:00,user593@example.com,user593,862.4,S036,5,30,P1406,Urgent,1232.0,1453.76
U00594,TXN100594,North,2025-04-03,Fashion,21229.65,Refunded,Pune,21,Basic,2025-04-03 20:39:00,user594@example.com,user594,2358.85,S018,9,5,P9084,High,2483.0,2929.94
U00595,TXN100595,South,2025-11-23,Grocery,6045.0,Pending,Bengaluru,22,Free,2025-11-23 20:42:00,user595@example.com,user595,2015.0,S026,3,0,P1804,High,2015.0,2377.7
U00596,TXN100596,South,2025-10-11,Sports,2027.7,Pending,Delhi,54,Free,2025-10-11 23:12:00,user596@example.com,user596,675.9,S004,3,10,P7817,Low,751.0,886.18
U00597,TXN100597,East,2026-04-06,Sports,5334.0,Pending,Jaipur,38,Premium,2026-04-06 12:37:00,user597@example.com,user597,762.0,S095,7,0,P7782,Medium,762.0,899.16
U00598,TXN100598,South,2025-05-24,Home,2278.4,Failed,Mumbai,65,Premium,2025-05-24 10:48:00,user598@example.com,user598,284.8,S023,8,20,P2355,Urgent,356.0,420.08
U00599,TXN100599,North,2025-06-15,Fashion,13520.0,Refunded,Hyderabad,30,Basic,2025-06-15 08:00:00,user599@example.com,user599,2704.0,S048,5,20,P4133,High,3380.0,3988.4
U00600,TXN100600,South,2025-07-30,Fashion,2059.5,Failed,Bengaluru,41,Free,2025-07-30 09:00:00,user600@example.com,user600,2059.5,S082,1,25,P4260,Low,2746.0,3240.28
U00601,TXN100601,North,2026-04-18,Sports,1238.4,Refunded,Pune,70,Premium,2026-04-18 11:24:00,user601@example.com,user601,1238.4,S081,1,10,P1382,Low,1376.0,1623.68
U00602,TXN100602,West,2026-03-25,Fashion,10920.0,Pending,Kolkata,30,Premium,2026-03-25 08:41:00,user602@example.com,user602,1092.0,S062,10,30,P6249,High,1560.0,1840.8
U00603,TXN100603,South,2026-04-15,Grocery,2396.25,Refunded,Hyderabad,38,Free,2026-04-15 14:57:00,user603@example.com,user603,2396.25,S026,1,25,P3182,Low,3195.0,3770.1
U00604,TXN100604,East,2025-07-11,Home,4503.0,Pending,Kolkata,38,Premium,2025-07-11 08:30:00,user604@example.com,user604,4503.0,S052,1,5,P1717,Medium,4740.0,5593.2
U00605,TXN100605,West,2025-12-03,Fashion,26538.0,Failed,Kolkata,41,Premium,2025-12-03 05:20:00,user605@example.com,user605,3317.25,S028,8,25,P9415,Low,4423.0,5219.14
U00606,TXN100606,North,2025-05-10,Fashion,4920.75,Pending,Jaipur,26,Basic,2025-05-10 16:25:00,user606@example.com,user606,1640.25,S045,3,25,P3417,Urgent,2187.0,2580.66
U00607,TXN100607,South,2025-12-23,Electronics,3668.7,Pending,Bengaluru,46,Free,2025-12-23 16:33:00,user607@example.com,user607,1222.9,S048,3,30,P3429,Medium,1747.0,2061.46
U00608,TXN100608,North,2026-01-31,Books,5634.0,Pending,Pune,33,Premium,2026-01-31 20:07:00,user608@example.com,user608,939.0,S031,6,25,P3831,Low,1252.0,1477.36
U00609,TXN100609,South,2025-07-16,Grocery,7410.0,Pending,Delhi,22,Basic,2025-07-16 01:27:00,user609@example.com,user609,741.0,S030,10,5,P1328,Urgent,780.0,920.4
U00610,TXN100610,North,2025-08-27,Fashion,714.0,Failed,Delhi,19,Premium,2025-08-27 03:18:00,user610@example.com,user610,119.0,S056,6,30,P8512,High,170.0,200.6
U00611,TXN100611,East,2025-10-18,Electronics,27013.5,Refunded,Jaipur,57,Free,2025-10-18 18:43:00,user611@example.com,user611,3001.5,S051,9,25,P3724,Medium,4002.0,4722.36
U00612,TXN100612,North,2025-01-26,Home,3296.0,Pending,Bengaluru,47,Premium,2025-01-26 03:33:00,user612@example.com,user612,824.0,S080,4,0,P7047,Urgent,824.0,972.32
U00613,TXN100613,North,2025-06-01,Home,6892.2,Completed,Bengaluru,61,Basic,2025-06-01 20:50:00,user613@example.com,user613,1148.7,S093,6,30,P9913,Medium,1641.0,1936.38
U00614,TXN100614,West,2026-02-20,Books,6241.55,Refunded,Mumbai,18,Premium,2026-02-20 01:21:00,user614@example.com,user614,891.65,S004,7,15,P6910,Low,1049.0,1237.82
U00615,TXN100615,South,2025-01-29,Books,5770.8,Failed,Chennai,19,Free,2025-01-29 06:38:00,user615@example.com,user615,1923.6,S053,3,30,P7454,Medium,2748.0,3242.64
U00616,TXN100616,North,2025-09-02,Home,2841.45,Refunded,Delhi,63,Premium,2025-09-02 10:33:00,user616@example.com,user616,947.15,S096,3,5,P7277,High,997.0,1176.46
U00617,TXN100617,North,2025-02-06,Books,4440.0,Failed,Chennai,39,Premium,2025-02-06 10:57:00,user617@example.com,user617,888.0,S018,5,25,P5289,Urgent,1184.0,1397.12
U00618,TXN100618,West,2026-02-07,Grocery,13804.8,Failed,Hyderabad,38,Premium,2026-02-07 18:29:00,user618@example.com,user618,2300.8,S085,6,20,P7519,Medium,2876.0,3393.68
U00619,TXN100619,East,2025-05-17,Sports,3661.2,Pending,Mumbai,22,Premium,2025-05-17 03:15:00,user619@example.com,user619,1220.4,S057,3,10,P4804,Urgent,1356.0,1600.08
U00620,TXN100620,South,2025-12-07,Electronics,4835.6,Failed,Kolkata,18,Premium,2025-12-07 00:42:00,user620@example.com,user620,1208.9,S062,4,30,P5170,High,1727.0,2037.86
U00621,TXN100621,South,2025-05-15,Electronics,2526.0,Refunded,Pune,48,Free,2025-05-15 00:08:00,user621@example.com,user621,631.5,S026,4,25,P9624,High,842.0,993.56
U00622,TXN100622,South,2025-07-27,Fashion,8186.4,Refunded,Kolkata,69,Basic,2025-07-27 00:48:00,user622@example.com,user622,909.6,S094,9,20,P2661,Medium,1137.0,1341.66
U00623,TXN100623,North,2025-12-12,Books,330.4,Refunded,Delhi,70,Basic,2025-12-12 10:20:00,user623@example.com,user623,330.4,S012,1,30,P2670,High,472.0,556.96
U00624,TXN100624,South,2025-11-09,Home,12624.0,Pending,Pune,40,Basic,2025-11-09 02:39:00,user624@example.com,user624,3156.0,S092,4,0,P1544,Low,3156.0,3724.08
U00625,TXN100625,South,2025-01-10,Electronics,4143.9,Pending,Mumbai,39,Basic,2025-01-10 07:02:00,user625@example.com,user625,690.65,S048,6,5,P4866,Urgent,727.0,857.86
U00626,TXN100626,West,2025-12-14,Books,4514.4,Refunded,Kolkata,57,Premium,2025-12-14 08:25:00,user626@example.com,user626,1504.8,S005,3,20,P9485,Medium,1881.0,2219.58
U00627,TXN100627,North,2025-11-13,Fashion,3682.8,Completed,Chennai,33,Basic,2025-11-13 10:44:00,user627@example.com,user627,920.7,S076,4,10,P9904,Medium,1023.0,1207.14
U00628,TXN100628,North,2025-01-16,Fashion,13806.8,Refunded,Kolkata,67,Basic,2025-01-16 07:24:00,user628@example.com,user628,3451.7,S043,4,30,P3891,Low,4931.0,5818.58
U00629,TXN100629,East,2026-02-09,Books,17971.8,Completed,Pune,41,Premium,2026-02-09 06:38:00,user629@example.com,user629,2995.3,S093,6,30,P9589,Urgent,4279.0,5049.22
U00630,TXN100630,West,2025-01-05,Electronics,8442.9,Completed,Bengaluru,41,Free,2025-01-05 17:51:00,user630@example.com,user630,2814.3,S014,3,10,P7979,Urgent,3127.0,3689.86
U00631,TXN100631,South,2025-04-11,Sports,15568.0,Refunded,Delhi,27,Basic,2025-04-11 14:47:00,user631@example.com,user631,3113.6,S051,5,30,P8928,Low,4448.0,5248.64
U00632,TXN100632,North,2025-09-09,Electronics,9837.0,Pending,Bengaluru,59,Free,2025-09-09 05:55:00,user632@example.com,user632,3279.0,S092,3,0,P6388,Low,3279.0,3869.22
U00633,TXN100633,East,2025-03-13,Grocery,8200.8,Pending,Bengaluru,47,Premium,2025-03-13 17:00:00,user633@example.com,user633,4100.4,S005,2,15,P1621,High,4824.0,5692.32
U00634,TXN100634,East,2025-08-08,Fashion,27485.4,Pending,Hyderabad,20,Basic,2025-08-08 03:31:00,user634@example.com,user634,4580.9,S049,6,5,P3631,High,4822.0,5689.96
U00635,TXN100635,South,2026-03-11,Home,15973.3,Completed,Hyderabad,47,Premium,2026-03-11 18:31:00,user635@example.com,user635,2281.9,S060,7,5,P6823,High,2402.0,2834.36
U00636,TXN100636,North,2025-12-31,Sports,10580.15,Refunded,Chennai,51,Free,2025-12-31 00:27:00,user636@example.com,user636,1511.45,S097,7,5,P6965,Medium,1591.0,1877.38
U00637,TXN100637,West,2025-05-08,Grocery,45880.0,Failed,Jaipur,64,Free,2025-05-08 18:18:00,user637@example.com,user637,4588.0,S048,10,0,P7677,Low,4588.0,5413.84
U00638,TXN100638,South,2025-05-03,Electronics,1494.75,Pending,Bengaluru,67,Free,2025-05-03 15:35:00,user638@example.com,user638,1494.75,S026,1,25,P8402,Low,1993.0,2351.74
U00639,TXN100639,North,2026-01-08,Home,3539.2,Completed,Jaipur,22,Basic,2026-01-08 20:05:00,user639@example.com,user639,1769.6,S040,2,20,P5266,Urgent,2212.0,2610.16
U00640,TXN100640,West,2025-02-27,Home,6262.2,Failed,Mumbai,41,Free,2025-02-27 03:08:00,user640@example.com,user640,894.6,S062,7,10,P9541,High,994.0,1172.92
U00641,TXN100641,South,2025-10-07,Sports,7368.9,Refunded,Kolkata,20,Free,2025-10-07 13:11:00,user641@example.com,user641,2456.3,S067,3,30,P4637,Low,3509.0,4140.62
U00642,TXN100642,West,2025-10-30,Home,8698.2,Pending,Hyderabad,56,Basic,2025-10-30 21:21:00,user642@example.com,user642,2899.4,S041,3,5,P9169,Low,3052.0,3601.36
U00643,TXN100643,North,2025-03-25,Home,2094.4,Refunded,Kolkata,60,Basic,2025-03-25 07:27:00,user643@example.com,user643,261.8,S065,8,15,P7162,Urgent,308.0,363.44
U00644,TXN100644,West,2025-11-10,Home,9072.0,Refunded,Chennai,70,Free,2025-11-10 03:07:00,user644@example.com,user644,907.2,S091,10,20,P9366,Urgent,1134.0,1338.12
U00645,TXN100645,North,2026-02-18,Books,8501.7,Completed,Delhi,67,Basic,2026-02-18 21:43:00,user645@example.com,user645,1416.95,S036,6,15,P9121,High,1667.0,1967.06
U00646,TXN100646,South,2025-04-21,Fashion,18840.0,Failed,Pune,33,Basic,2025-04-21 21:38:00,user646@example.com,user646,3768.0,S080,5,0,P6907,High,3768.0,4446.24
U00647,TXN100647,South,2025-11-21,Books,6122.55,Refunded,Bengaluru,58,Premium,2025-11-21 09:00:00,user647@example.com,user647,2040.85,S062,3,15,P2945,Low,2401.0,2833.18
U00648,TXN100648,South,2026-01-10,Home,20564.25,Completed,Delhi,66,Premium,2026-01-10 20:41:00,user648@example.com,user648,2937.75,S019,7,25,P2909,Medium,3917.0,4622.06
U00649,TXN100649,North,2025-07-07,Electronics,6426.0,Refunded,Hyderabad,33,Basic,2025-07-07 09:18:00,user649@example.com,user649,3213.0,S001,2,30,P5996,Medium,4590.0,5416.2
U00650,TXN100650,West,2026-03-31,Electronics,8614.2,Pending,Chennai,50,Basic,2026-03-31 21:03:00,user650@example.com,user650,1230.6,S093,7,30,P7382,Urgent,1758.0,2074.44
U00651,TXN100651,North,2025-01-11,Books,1607.4,Pending,Jaipur,34,Basic,2025-01-11 01:30:00,user651@example.com,user651,803.7,S086,2,10,P4869,Low,893.0,1053.74
U00652,TXN100652,West,2026-04-18,Electronics,22914.9,Completed,Chennai,66,Basic,2026-04-18 16:36:00,user652@example.com,user652,2546.1,S068,9,10,P8061,Low,2829.0,3338.22
U00653,TXN100653,North,2025-09-15,Books,41184.0,Pending,Jaipur,60,Premium,2025-09-15 02:44:00,user653@example.com,user653,4576.0,S096,9,0,P2336,High,4576.0,5399.68
U00654,TXN100654,West,2025-07-28,Home,3972.0,Refunded,Chennai,60,Premium,2025-07-28 08:26:00,user654@example.com,user654,1986.0,S039,2,25,P2657,Medium,2648.0,3124.64
U00655,TXN100655,South,2026-03-05,Sports,18117.0,Refunded,Delhi,18,Free,2026-03-05 11:08:00,user655@example.com,user655,1811.7,S003,10,10,P8628,Low,2013.0,2375.34
U00656,TXN100656,East,2025-12-28,Home,27310.5,Failed,Pune,43,Basic,2025-12-28 20:40:00,user656@example.com,user656,3034.5,S014,9,15,P8949,Medium,3570.0,4212.6
U00657,TXN100657,North,2025-08-09,Home,17520.0,Failed,Delhi,70,Free,2025-08-09 21:29:00,user657@example.com,user657,2920.0,S076,6,0,P3011,High,2920.0,3445.6
U00658,TXN100658,South,2025-02-03,Grocery,10701.0,Failed,Mumbai,38,Premium,2025-02-03 23:22:00,user658@example.com,user658,2675.25,S046,4,25,P1230,Medium,3567.0,4209.06
U00659,TXN100659,West,2025-10-20,Fashion,9073.75,Completed,Bengaluru,50,Premium,2025-10-20 20:28:00,user659@example.com,user659,1814.75,S065,5,15,P8330,Urgent,2135.0,2519.3
U00660,TXN100660,North,2025-01-14,Grocery,2486.4,Refunded,Bengaluru,58,Premium,2025-01-14 09:08:00,user660@example.com,user660,828.8,S060,3,20,P5764,Low,1036.0,1222.48
U00661,TXN100661,West,2025-04-20,Fashion,2129.25,Failed,Hyderabad,35,Basic,2025-04-20 13:43:00,user661@example.com,user661,2129.25,S086,1,15,P8534,Medium,2505.0,2955.9
U00662,TXN100662,West,2026-02-28,Home,33105.6,Refunded,Mumbai,34,Premium,2026-02-28 18:21:00,user662@example.com,user662,4138.2,S066,8,10,P3963,High,4598.0,5425.64
U00663,TXN100663,North,2025-03-19,Fashion,10593.45,Completed,Pune,67,Free,2025-03-19 17:37:00,user663@example.com,user663,1513.35,S053,7,5,P2035,Medium,1593.0,1879.74
U00664,TXN100664,North,2025-08-11,Electronics,9612.75,Pending,Chennai,46,Free,2025-08-11 16:59:00,user664@example.com,user664,1373.25,S043,7,25,P5153,High,1831.0,2160.58
U00665,TXN100665,East,2025-02-20,Books,11639.4,Pending,Mumbai,30,Free,2025-02-20 22:07:00,user665@example.com,user665,3879.8,S047,3,5,P7827,Medium,4084.0,4819.12
U00666,TXN100666,North,2025-12-12,Books,29471.4,Completed,Jaipur,43,Basic,2025-12-12 19:22:00,user666@example.com,user666,4210.2,S071,7,10,P9886,Low,4678.0,5520.04
U00667,TXN100667,West,2025-03-11,Grocery,15868.8,Refunded,Mumbai,20,Premium,2025-03-11 01:12:00,user667@example.com,user667,1763.2,S038,9,20,P6664,High,2204.0,2600.72
U00668,TXN100668,South,2025-12-24,Books,8056.8,Completed,Hyderabad,48,Premium,2025-12-24 18:44:00,user668@example.com,user668,1007.1,S010,8,10,P8364,Medium,1119.0,1320.42
U00669,TXN100669,East,2025-12-15,Sports,12659.7,Failed,Bengaluru,57,Free,2025-12-15 07:22:00,user669@example.com,user669,2109.95,S066,6,5,P6311,High,2221.0,2620.78
U00670,TXN100670,East,2025-08-21,Home,1359.45,Refunded,Kolkata,18,Free,2025-08-21 12:15:00,user670@example.com,user670,453.15,S044,3,5,P3153,Urgent,477.0,562.86
U00671,TXN100671,North,2026-02-26,Sports,16686.0,Pending,Pune,42,Free,2026-02-26 18:02:00,user671@example.com,user671,1854.0,S018,9,0,P1966,High,1854.0,2187.72
U00672,TXN100672,North,2025-11-25,Electronics,7295.4,Failed,Bengaluru,46,Basic,2025-11-25 09:15:00,user672@example.com,user672,3647.7,S036,2,10,P5327,Urgent,4053.0,4782.54
U00673,TXN100673,East,2025-12-27,Home,15669.3,Pending,Pune,37,Basic,2025-12-27 18:37:00,user673@example.com,user673,2611.55,S025,6,5,P8480,Medium,2749.0,3243.82
U00674,TXN100674,North,2025-02-06,Grocery,39900.0,Refunded,Pune,59,Premium,2025-02-06 13:09:00,user674@example.com,user674,3990.0,S024,10,0,P2537,Low,3990.0,4708.2
U00675,TXN100675,East,2025-06-25,Sports,4774.7,Failed,Bengaluru,57,Basic,2025-06-25 19:32:00,user675@example.com,user675,2387.35,S029,2,5,P5443,Urgent,2513.0,2965.34
U00676,TXN100676,North,2025-06-23,Home,12063.0,Completed,Mumbai,34,Free,2025-06-23 16:55:00,user676@example.com,user676,3015.75,S084,4,25,P1511,Urgent,4021.0,4744.78
U00677,TXN100677,West,2025-07-18,Home,1651.2,Completed,Kolkata,20,Free,2025-07-18 13:57:00,user677@example.com,user677,825.6,S007,2,20,P7665,Medium,1032.0,1217.76
U00678,TXN100678,North,2025-07-26,Grocery,627.3,Failed,Chennai,62,Premium,2025-07-26 05:46:00,user678@example.com,user678,313.65,S019,2,15,P5820,High,369.0,435.42
U00679,TXN100679,North,2025-09-19,Grocery,24112.0,Failed,Mumbai,69,Free,2025-09-19 09:29:00,user679@example.com,user679,3014.0,S092,8,0,P8102,Urgent,3014.0,3556.52
U00680,TXN100680,South,2025-02-25,Grocery,19938.6,Refunded,Delhi,44,Basic,2025-02-25 00:50:00,user680@example.com,user680,2215.4,S075,9,5,P2295,Medium,2332.0,2751.76
U00681,TXN100681,East,2026-02-28,Fashion,32673.6,Completed,Kolkata,68,Free,2026-02-28 22:13:00,user681@example.com,user681,3630.4,S054,9,20,P9424,Low,4538.0,5354.84
U00682,TXN100682,North,2026-01-01,Books,31303.8,Failed,Delhi,48,Free,2026-01-01 00:04:00,user682@example.com,user682,3478.2,S069,9,15,P4149,Low,4092.0,4828.56
U00683,TXN100683,North,2025-08-31,Fashion,1389.85,Completed,Chennai,32,Free,2025-08-31 21:39:00,user683@example.com,user683,198.55,S029,7,5,P8458,Medium,209.0,246.62
U00684,TXN100684,North,2026-02-14,Grocery,48210.0,Refunded,Hyderabad,66,Premium,2026-02-14 00:58:00,user684@example.com,user684,4821.0,S048,10,0,P6500,Urgent,4821.0,5688.78
U00685,TXN100685,West,2025-02-15,Home,25928.0,Refunded,Chennai,50,Premium,2025-02-15 12:46:00,user685@example.com,user685,2592.8,S039,10,30,P5105,Low,3704.0,4370.72
U00686,TXN100686,North,2025-06-18,Books,19057.5,Pending,Kolkata,36,Basic,2025-06-18 22:29:00,user686@example.com,user686,3176.25,S092,6,25,P6150,High,4235.0,4997.3
U00687,TXN100687,South,2025-07-30,Fashion,7906.5,Completed,Kolkata,52,Basic,2025-07-30 06:05:00,user687@example.com,user687,1129.5,S024,7,25,P3680,High,1506.0,1777.08
U00688,TXN100688,North,2025-12-24,Electronics,4032.0,Refunded,Bengaluru,40,Free,2025-12-24 08:19:00,user688@example.com,user688,1008.0,S060,4,0,P4459,Urgent,1008.0,1189.44
U00689,TXN100689,North,2025-11-16,Electronics,1306.8,Failed,Delhi,20,Basic,2025-11-16 14:36:00,user689@example.com,user689,326.7,S034,4,10,P7356,Low,363.0,428.34
U00690,TXN100690,South,2025-06-04,Sports,11247.2,Refunded,Delhi,39,Free,2025-06-04 11:00:00,user690@example.com,user690,2811.8,S075,4,15,P4388,High,3308.0,3903.44
U00691,TXN100691,South,2025-03-13,Grocery,17844.3,Refunded,Delhi,62,Basic,2025-03-13 18:25:00,user691@example.com,user691,1982.7,S021,9,10,P1009,Medium,2203.0,2599.54
U00692,TXN100692,West,2025-09-26,Home,8073.0,Pending,Mumbai,68,Basic,2025-09-26 01:55:00,user692@example.com,user692,897.0,S061,9,0,P6117,Low,897.0,1058.46
U00693,TXN100693,South,2025-02-23,Home,5647.5,Completed,Delhi,19,Basic,2025-02-23 18:02:00,user693@example.com,user693,1882.5,S038,3,25,P3544,High,2510.0,2961.8
U00694,TXN100694,South,2025-05-06,Electronics,7440.0,Completed,Jaipur,35,Basic,2025-05-06 12:32:00,user694@example.com,user694,1860.0,S018,4,0,P9253,Urgent,1860.0,2194.8
U00695,TXN100695,West,2025-11-21,Books,26360.0,Refunded,Chennai,40,Basic,2025-11-21 05:24:00,user695@example.com,user695,2636.0,S050,10,0,P6038,Medium,2636.0,3110.48
U00696,TXN100696,South,2025-12-18,Books,17473.5,Completed,Kolkata,37,Free,2025-12-18 08:15:00,user696@example.com,user696,2912.25,S073,6,25,P9409,Urgent,3883.0,4581.94
U00697,TXN100697,East,2025-03-20,Home,5920.2,Refunded,Chennai,41,Free,2025-03-20 22:16:00,user697@example.com,user697,2960.1,S088,2,10,P3126,Medium,3289.0,3881.02
U00698,TXN100698,East,2025-10-15,Books,33721.2,Refunded,Delhi,39,Premium,2025-10-15 20:23:00,user698@example.com,user698,3746.8,S030,9,5,P8174,High,3944.0,4653.92
U00699,TXN100699,West,2025-09-14,Home,13096.8,Completed,Mumbai,39,Basic,2025-09-14 06:48:00,user699@example.com,user699,1637.1,S089,8,10,P6831,High,1819.0,2146.42
U00700,TXN100700,North,2026-02-08,Books,3924.0,Failed,Hyderabad,49,Basic,2026-02-08 03:40:00,user700@example.com,user700,784.8,S066,5,20,P7188,Medium,981.0,1157.58
U00701,TXN100701,North,2025-08-02,Home,3278.4,Refunded,Kolkata,69,Premium,2025-08-02 07:12:00,user701@example.com,user701,1639.2,S088,2,20,P5375,Medium,2049.0,2417.82
U00702,TXN100702,South,2025-03-11,Grocery,4731.0,Completed,Kolkata,36,Premium,2025-03-11 17:59:00,user702@example.com,user702,1577.0,S100,3,0,P8130,Low,1577.0,1860.86
U00703,TXN100703,West,2025-10-28,Electronics,20468.7,Pending,Delhi,68,Premium,2025-10-28 04:35:00,user703@example.com,user703,2274.3,S078,9,30,P1528,Low,3249.0,3833.82
U00704,TXN100704,South,2026-03-01,Electronics,45210.5,Failed,Pune,30,Free,2026-03-01 00:39:00,user704@example.com,user704,4521.05,S060,10,5,P2591,Low,4759.0,5615.62
U00705,TXN100705,West,2025-08-05,Sports,13296.0,Completed,Delhi,27,Premium,2025-08-05 07:40:00,user705@example.com,user705,3324.0,S077,4,0,P1436,Low,3324.0,3922.32
U00706,TXN100706,East,2025-01-31,Home,3472.0,Completed,Hyderabad,48,Premium,2025-01-31 00:32:00,user706@example.com,user706,347.2,S044,10,20,P3557,Medium,434.0,512.12
U00707,TXN100707,West,2025-03-13,Home,4347.2,Failed,Mumbai,29,Basic,2025-03-13 05:59:00,user707@example.com,user707,4347.2,S041,1,5,P3196,High,4576.0,5399.68
U00708,TXN100708,North,2025-07-11,Home,1116.0,Pending,Hyderabad,50,Basic,2025-07-11 13:33:00,user708@example.com,user708,279.0,S056,4,0,P2950,Urgent,279.0,329.22
U00709,TXN100709,West,2025-06-09,Grocery,11649.75,Pending,Jaipur,23,Basic,2025-06-09 06:43:00,user709@example.com,user709,1664.25,S088,7,25,P7659,High,2219.0,2618.42
U00710,TXN100710,North,2025-12-06,Fashion,14572.5,Completed,Chennai,31,Basic,2025-12-06 22:31:00,user710@example.com,user710,2914.5,S033,5,25,P2153,Medium,3886.0,4585.48
U00711,TXN100711,East,2025-12-03,Electronics,18365.4,Pending,Mumbai,28,Free,2025-12-03 14:37:00,user711@example.com,user711,4591.35,S027,4,5,P8653,Low,4833.0,5702.94
U00712,TXN100712,West,2025-09-08,Home,8373.3,Refunded,Chennai,67,Premium,2025-09-08 09:30:00,user712@example.com,user712,4186.65,S080,2,5,P9256,Urgent,4407.0,5200.26
U00713,TXN100713,East,2026-04-29,Home,2593.8,Failed,Kolkata,28,Free,2026-04-29 13:09:00,user713@example.com,user713,2593.8,S081,1,10,P2211,High,2882.0,3400.76
U00714,TXN100714,South,2026-01-08,Sports,4117.5,Refunded,Kolkata,61,Premium,2026-01-08 17:59:00,user714@example.com,user714,2058.75,S033,2,25,P3820,Low,2745.0,3239.1
U00715,TXN100715,East,2026-01-31,Sports,5265.0,Completed,Mumbai,47,Premium,2026-01-31 09:33:00,user715@example.com,user715,1755.0,S015,3,10,P2907,Medium,1950.0,2301.0
U00716,TXN100716,North,2025-06-12,Sports,3893.1,Refunded,Delhi,49,Premium,2025-06-12 20:46:00,user716@example.com,user716,1946.55,S064,2,5,P1980,Urgent,2049.0,2417.82
U00717,TXN100717,East,2025-05-22,Fashion,15348.0,Pending,Mumbai,23,Free,2025-05-22 08:51:00,user717@example.com,user717,3069.6,S082,5,20,P5074,Low,3837.0,4527.66
U00718,TXN100718,West,2025-02-07,Grocery,3952.8,Refunded,Delhi,62,Free,2025-02-07 10:13:00,user718@example.com,user718,439.2,S036,9,20,P5368,Low,549.0,647.82
U00719,TXN100719,South,2025-05-17,Fashion,18558.75,Completed,Hyderabad,31,Basic,2025-05-17 01:51:00,user719@example.com,user719,3711.75,S028,5,25,P2982,Medium,4949.0,5839.82
U00720,TXN100720,East,2026-03-17,Books,7641.2,Refunded,Hyderabad,26,Premium,2026-03-17 09:09:00,user720@example.com,user720,1910.3,S043,4,30,P1458,High,2729.0,3220.22
U00721,TXN100721,West,2025-07-13,Sports,3518.8,Refunded,Pune,68,Free,2025-07-13 22:21:00,user721@example.com,user721,1759.4,S063,2,5,P8458,Medium,1852.0,2185.36
U00722,TXN100722,East,2025-12-12,Grocery,25520.4,Completed,Pune,69,Free,2025-12-12 08:11:00,user722@example.com,user722,4253.4,S091,6,10,P6578,Urgent,4726.0,5576.68
U00723,TXN100723,East,2025-03-19,Books,23960.0,Pending,Kolkata,59,Free,2025-03-19 17:18:00,user723@example.com,user723,4792.0,S094,5,0,P7091,Low,4792.0,5654.56
U00724,TXN100724,South,2025-02-27,Grocery,13215.45,Refunded,Hyderabad,56,Free,2025-02-27 20:50:00,user724@example.com,user724,4405.15,S034,3,5,P1779,High,4637.0,5471.66
U00725,TXN100725,West,2025-11-15,Electronics,15975.0,Failed,Chennai,52,Free,2025-11-15 20:15:00,user725@example.com,user725,1775.0,S071,9,0,P9411,Medium,1775.0,2094.5
U00726,TXN100726,South,2025-06-07,Books,5438.4,Completed,Delhi,61,Premium,2025-06-07 16:26:00,user726@example.com,user726,1812.8,S094,3,20,P6429,Low,2266.0,2673.88
U00727,TXN100727,West,2025-04-24,Books,21354.0,Failed,Pune,62,Free,2025-04-24 05:49:00,user727@example.com,user727,3559.0,S077,6,0,P1134,Low,3559.0,4199.62
U00728,TXN100728,East,2025-07-31,Books,39304.0,Completed,Bengaluru,70,Free,2025-07-31 10:55:00,user728@example.com,user728,3930.4,S061,10,20,P1444,Low,4913.0,5797.34
U00729,TXN100729,West,2025-09-20,Electronics,235.6,Failed,Kolkata,22,Premium,2025-09-20 16:28:00,user729@example.com,user729,117.8,S047,2,5,P9365,Low,124.0,146.32
U00730,TXN100730,North,2025-03-17,Books,2992.85,Pending,Chennai,38,Premium,2025-03-17 16:13:00,user730@example.com,user730,2992.85,S080,1,15,P8389,Urgent,3521.0,4154.78
U00731,TXN100731,South,2025-07-23,Books,3678.0,Refunded,Bengaluru,22,Basic,2025-07-23 21:42:00,user731@example.com,user731,1839.0,S001,2,25,P2406,Low,2452.0,2893.36
U00732,TXN100732,North,2025-06-23,Electronics,12064.0,Failed,Kolkata,41,Basic,2025-06-23 23:17:00,user732@example.com,user732,1206.4,S059,10,20,P7719,Urgent,1508.0,1779.44
U00733,TXN100733,West,2025-07-07,Fashion,7496.0,Completed,Chennai,36,Free,2025-07-07 11:41:00,user733@example.com,user733,3748.0,S018,2,20,P8861,Low,4685.0,5528.3
U00734,TXN100734,South,2025-06-02,Sports,10941.0,Failed,Kolkata,48,Premium,2025-06-02 17:03:00,user734@example.com,user734,1563.0,S089,7,25,P4330,Low,2084.0,2459.12
U00735,TXN100735,North,2026-04-05,Sports,28657.5,Completed,Jaipur,29,Free,2026-04-05 05:36:00,user735@example.com,user735,2865.75,S092,10,25,P1508,Urgent,3821.0,4508.78
U00736,TXN100736,West,2025-04-08,Books,8958.6,Refunded,Chennai,48,Premium,2025-04-08 14:10:00,user736@example.com,user736,1279.8,S068,7,10,P1584,Medium,1422.0,1677.96
U00737,TXN100737,West,2025-05-29,Home,16062.6,Failed,Kolkata,60,Basic,2025-05-29 22:54:00,user737@example.com,user737,4015.65,S077,4,5,P3636,Urgent,4227.0,4987.86
U00738,TXN100738,North,2026-04-21,Grocery,678.3,Completed,Bengaluru,18,Basic,2026-04-21 01:03:00,user738@example.com,user738,226.1,S056,3,15,P5884,Urgent,266.0,313.88
U00739,TXN100739,South,2025-10-24,Electronics,22790.5,Failed,Pune,43,Free,2025-10-24 05:56:00,user739@example.com,user739,4558.1,S007,5,5,P9978,Urgent,4798.0,5661.64
U00740,TXN100740,North,2025-07-07,Grocery,1349.6,Pending,Kolkata,38,Free,2025-07-07 01:42:00,user740@example.com,user740,1349.6,S016,1,20,P6503,Low,1687.0,1990.66
U00741,TXN100741,East,2025-10-06,Fashion,7739.25,Completed,Mumbai,21,Basic,2025-10-06 12:48:00,user741@example.com,user741,1547.85,S018,5,15,P8996,Medium,1821.0,2148.78
U00742,TXN100742,North,2025-08-23,Sports,23660.7,Refunded,Mumbai,65,Free,2025-08-23 00:18:00,user742@example.com,user742,3380.1,S003,7,5,P4420,Medium,3558.0,4198.44
U00743,TXN100743,South,2026-03-23,Fashion,35264.0,Pending,Mumbai,62,Basic,2026-03-23 06:50:00,user743@example.com,user743,3526.4,S015,10,20,P2274,Medium,4408.0,5201.44
U00744,TXN100744,North,2026-03-11,Sports,4092.6,Failed,Delhi,29,Premium,2026-03-11 17:47:00,user744@example.com,user744,1023.15,S002,4,5,P6225,High,1077.0,1270.86
U00745,TXN100745,West,2025-05-12,Sports,6108.75,Completed,Mumbai,36,Basic,2025-05-12 14:13:00,user745@example.com,user745,1221.75,S052,5,25,P4775,Medium,1629.0,1922.22
U00746,TXN100746,West,2025-04-26,Books,25126.2,Failed,Jaipur,59,Free,2025-04-26 13:06:00,user746@example.com,user746,2791.8,S047,9,10,P8593,Medium,3102.0,3660.36
U00747,TXN100747,West,2025-05-16,Fashion,7835.6,Pending,Kolkata,60,Premium,2025-05-16 02:58:00,user747@example.com,user747,979.45,S073,8,5,P8385,Low,1031.0,1216.58
U00748,TXN100748,North,2025-10-03,Fashion,499.5,Refunded,Delhi,47,Free,2025-10-03 15:39:00,user748@example.com,user748,499.5,S021,1,25,P9186,Urgent,666.0,785.88
U00749,TXN100749,East,2025-02-23,Home,12664.8,Refunded,Chennai,27,Basic,2025-02-23 09:52:00,user749@example.com,user749,1407.2,S099,9,20,P3727,Urgent,1759.0,2075.62
U00750,TXN100750,West,2025-05-17,Home,6083.7,Pending,Pune,33,Premium,2025-05-17 02:23:00,user750@example.com,user750,2027.9,S090,3,30,P2475,Medium,2897.0,3418.46
U00751,TXN100751,South,2025-02-17,Grocery,23436.0,Pending,Jaipur,48,Premium,2025-02-17 06:30:00,user751@example.com,user751,2343.6,S041,10,10,P4968,Urgent,2604.0,3072.72
U00752,TXN100752,East,2025-06-30,Grocery,663.0,Refunded,Bengaluru,48,Free,2025-06-30 04:04:00,user752@example.com,user752,331.5,S090,2,15,P4013,Urgent,390.0,460.2
U00753,TXN100753,East,2025-10-15,Grocery,6870.5,Completed,Kolkata,50,Free,2025-10-15 19:06:00,user753@example.com,user753,1374.1,S032,5,30,P7923,Urgent,1963.0,2316.34
U00754,TXN100754,East,2025-04-12,Books,12073.6,Pending,Chennai,56,Premium,2025-04-12 01:58:00,user754@example.com,user754,3018.4,S042,4,20,P7761,Medium,3773.0,4452.14
U00755,TXN100755,East,2025-02-09,Sports,22911.0,Completed,Jaipur,40,Free,2025-02-09 20:53:00,user755@example.com,user755,3273.0,S067,7,0,P7740,Urgent,3273.0,3862.14
U00756,TXN100756,North,2025-07-15,Electronics,2105.6,Pending,Jaipur,63,Free,2025-07-15 17:08:00,user756@example.com,user756,2105.6,S010,1,30,P4444,Medium,3008.0,3549.44
U00757,TXN100757,East,2025-02-11,Electronics,20304.0,Completed,Pune,58,Free,2025-02-11 13:00:00,user757@example.com,user757,2256.0,S057,9,0,P3666,High,2256.0,2662.08
U00758,TXN100758,West,2025-05-02,Electronics,12290.4,Refunded,Bengaluru,62,Basic,2025-05-02 17:16:00,user758@example.com,user758,3072.6,S020,4,10,P9389,Low,3414.0,4028.52
U00759,TXN100759,North,2025-03-19,Home,4101.3,Refunded,Jaipur,50,Free,2025-03-19 17:05:00,user759@example.com,user759,585.9,S035,7,30,P6327,Medium,837.0,987.66
U00760,TXN100760,East,2025-03-01,Home,5883.0,Refunded,Hyderabad,69,Basic,2025-03-01 20:01:00,user760@example.com,user760,2941.5,S020,2,25,P4347,Medium,3922.0,4627.96
U00761,TXN100761,West,2025-05-15,Fashion,5464.8,Refunded,Kolkata,39,Premium,2025-05-15 16:40:00,user761@example.com,user761,2732.4,S057,2,10,P2926,Urgent,3036.0,3582.48
U00762,TXN100762,East,2025-05-07,Sports,26521.6,Pending,Delhi,61,Premium,2025-05-07 15:28:00,user762@example.com,user762,3315.2,S045,8,30,P5274,Low,4736.0,5588.48
U00763,TXN100763,North,2025-08-04,Electronics,426.7,Failed,Chennai,62,Basic,2025-08-04 16:39:00,user763@example.com,user763,426.7,S055,1,15,P9800,Low,502.0,592.36
U00764,TXN100764,East,2026-03-22,Electronics,2826.0,Refunded,Jaipur,69,Premium,2026-03-22 01:42:00,user764@example.com,user764,282.6,S097,10,10,P2152,Medium,314.0,370.52
U00765,TXN100765,West,2025-03-24,Grocery,27045.0,Refunded,Chennai,36,Premium,2025-03-24 00:33:00,user765@example.com,user765,3005.0,S005,9,0,P6461,Medium,3005.0,3545.9
U00766,TXN100766,North,2025-09-25,Fashion,1539.0,Failed,Delhi,18,Premium,2025-09-25 03:05:00,user766@example.com,user766,171.0,S086,9,5,P7212,High,180.0,212.4
U00767,TXN100767,West,2025-03-03,Home,1981.8,Failed,Mumbai,55,Premium,2025-03-03 08:36:00,user767@example.com,user767,990.9,S038,2,10,P3675,High,1101.0,1299.18
U00768,TXN100768,East,2025-11-23,Home,29716.0,Failed,Mumbai,33,Free,2025-11-23 18:24:00,user768@example.com,user768,2971.6,S074,10,5,P3844,Urgent,3128.0,3691.04
U00769,TXN100769,East,2025-10-21,Grocery,11361.0,Pending,Pune,62,Premium,2025-10-21 23:41:00,user769@example.com,user769,1623.0,S032,7,25,P4795,Medium,2164.0,2553.52
U00770,TXN100770,West,2025-09-05,Grocery,2620.5,Failed,Chennai,37,Basic,2025-09-05 12:04:00,user770@example.com,user770,1310.25,S089,2,25,P8110,Low,1747.0,2061.46
U00771,TXN100771,East,2026-04-24,Home,21354.2,Completed,Pune,52,Free,2026-04-24 23:51:00,user771@example.com,user771,3050.6,S065,7,30,P3251,Urgent,4358.0,5142.44
U00772,TXN100772,South,2026-02-05,Grocery,14353.2,Failed,Hyderabad,34,Free,2026-02-05 01:00:00,user772@example.com,user772,3588.3,S002,4,10,P7613,Urgent,3987.0,4704.66
U00773,TXN100773,North,2025-02-13,Fashion,4455.0,Pending,Chennai,53,Basic,2025-02-13 01:19:00,user773@example.com,user773,445.5,S042,10,10,P5679,Urgent,495.0,584.1
U00774,TXN100774,South,2026-01-09,Home,10644.0,Failed,Chennai,43,Premium,2026-01-09 07:39:00,user774@example.com,user774,2661.0,S042,4,0,P5891,Urgent,2661.0,3139.98
U00775,TXN100775,South,2025-05-06,Sports,17847.2,Refunded,Bengaluru,64,Free,2025-05-06 10:32:00,user775@example.com,user775,2230.9,S043,8,30,P9444,High,3187.0,3760.66
U00776,TXN100776,East,2025-04-17,Books,28937.0,Completed,Chennai,18,Premium,2025-04-17 01:13:00,user776@example.com,user776,2893.7,S022,10,5,P6214,Urgent,3046.0,3594.28
U00777,TXN100777,West,2025-10-31,Sports,11694.0,Pending,Chennai,50,Premium,2025-10-31 12:03:00,user777@example.com,user777,3898.0,S031,3,0,P4555,High,3898.0,4599.64
U00778,TXN100778,West,2025-10-29,Sports,427.5,Failed,Mumbai,32,Basic,2025-10-29 11:04:00,user778@example.com,user778,427.5,S073,1,10,P9666,Medium,475.0,560.5
U00779,TXN100779,West,2025-10-11,Home,16569.0,Pending,Bengaluru,49,Free,2025-10-11 13:41:00,user779@example.com,user779,2761.5,S039,6,30,P7839,Urgent,3945.0,4655.1
U00780,TXN100780,East,2025-01-19,Fashion,5943.0,Pending,Delhi,51,Basic,2025-01-19 14:05:00,user780@example.com,user780,1188.6,S082,5,30,P4165,Low,1698.0,2003.64
U00781,TXN100781,North,2025-10-10,Books,3126.6,Pending,Delhi,30,Basic,2025-10-10 07:37:00,user781@example.com,user781,1042.2,S063,3,10,P1583,Medium,1158.0,1366.44
U00782,TXN100782,East,2025-03-16,Books,9081.0,Completed,Delhi,24,Basic,2025-03-16 17:47:00,user782@example.com,user782,3027.0,S045,3,25,P4454,High,4036.0,4762.48
U00783,TXN100783,East,2026-04-17,Fashion,24090.75,Completed,Hyderabad,69,Premium,2026-04-17 00:28:00,user783@example.com,user783,2676.75,S021,9,25,P1809,Medium,3569.0,4211.42
U00784,TXN100784,South,2025-01-15,Home,3429.75,Completed,Delhi,37,Premium,2025-01-15 11:02:00,user784@example.com,user784,1143.25,S006,3,15,P9337,Urgent,1345.0,1587.1
U00785,TXN100785,South,2025-11-11,Electronics,5385.0,Completed,Kolkata,35,Basic,2025-11-11 18:11:00,user785@example.com,user785,538.5,S098,10,25,P9268,Low,718.0,847.24
U00786,TXN100786,West,2025-06-12,Home,6708.2,Pending,Hyderabad,21,Basic,2025-06-12 19:27:00,user786@example.com,user786,3354.1,S070,2,15,P1875,Urgent,3946.0,4656.28
U00787,TXN100787,North,2025-02-02,Grocery,2955.2,Completed,Mumbai,21,Premium,2025-02-02 09:11:00,user787@example.com,user787,2955.2,S074,1,20,P3083,High,3694.0,4358.92
U00788,TXN100788,East,2025-04-17,Grocery,25366.5,Completed,Kolkata,34,Basic,2025-04-17 00:39:00,user788@example.com,user788,2818.5,S038,9,25,P3533,Urgent,3758.0,4434.44
U00789,TXN100789,West,2025-05-23,Books,16517.2,Failed,Jaipur,35,Basic,2025-05-23 14:09:00,user789@example.com,user789,4129.3,S082,4,15,P5147,Low,4858.0,5732.44
U00790,TXN100790,South,2025-09-10,Sports,3169.8,Pending,Delhi,31,Free,2025-09-10 07:39:00,user790@example.com,user790,3169.8,S023,1,10,P4796,Urgent,3522.0,4155.96
U00791,TXN100791,North,2025-08-11,Fashion,596.6,Refunded,Mumbai,69,Basic,2025-08-11 16:39:00,user791@example.com,user791,298.3,S030,2,5,P5345,High,314.0,370.52
U00792,TXN100792,North,2025-07-10,Fashion,10238.4,Completed,Kolkata,63,Basic,2025-07-10 00:25:00,user792@example.com,user792,1137.6,S013,9,20,P5297,Low,1422.0,1677.96
U00793,TXN100793,East,2026-03-19,Sports,12780.0,Pending,Delhi,68,Basic,2026-03-19 02:21:00,user793@example.com,user793,1597.5,S005,8,10,P5148,Urgent,1775.0,2094.5
U00794,TXN100794,West,2025-03-15,Sports,18528.0,Pending,Chennai,21,Premium,2025-03-15 18:58:00,user794@example.com,user794,3088.0,S011,6,20,P5166,High,3860.0,4554.8
U00795,TXN100795,West,2026-03-03,Grocery,7755.3,Completed,Bengaluru,67,Basic,2026-03-03 09:52:00,user795@example.com,user795,1107.9,S028,7,10,P5916,Medium,1231.0,1452.58
U00796,TXN100796,East,2025-12-01,Sports,25137.0,Pending,Bengaluru,57,Basic,2025-12-01 18:04:00,user796@example.com,user796,2513.7,S100,10,5,P7080,Medium,2646.0,3122.28
U00797,TXN100797,South,2026-03-01,Electronics,25716.6,Failed,Kolkata,34,Premium,2026-03-01 20:21:00,user797@example.com,user797,3673.8,S030,7,10,P3230,Urgent,4082.0,4816.76
U00798,TXN100798,West,2025-01-04,Fashion,651.7,Completed,Bengaluru,24,Premium,2025-01-04 10:40:00,user798@example.com,user798,93.1,S054,7,30,P4133,Urgent,133.0,156.94
U00799,TXN100799,East,2025-03-25,Home,32248.8,Pending,Mumbai,27,Free,2025-03-25 02:01:00,user799@example.com,user799,3583.2,S057,9,20,P4502,Medium,4479.0,5285.22
U00800,TXN100800,North,2025-03-30,Fashion,4116.55,Pending,Jaipur,49,Free,2025-03-30 12:31:00,user800@example.com,user800,4116.55,S076,1,15,P2711,Urgent,4843.0,5714.74
U00801,TXN100801,West,2025-04-12,Electronics,28240.0,Failed,Jaipur,40,Free,2025-04-12 12:10:00,user801@example.com,user801,2824.0,S060,10,0,P7147,Medium,2824.0,3332.32
U00802,TXN100802,East,2026-03-20,Home,11662.0,Pending,Pune,24,Basic,2026-03-20 10:26:00,user802@example.com,user802,1666.0,S051,7,0,P1016,High,1666.0,1965.88
U00803,TXN100803,East,2026-03-09,Sports,21308.0,Refunded,Kolkata,69,Basic,2026-03-09 05:25:00,user803@example.com,user803,2663.5,S083,8,30,P9569,High,3805.0,4489.9
U00804,TXN100804,West,2026-04-11,Sports,31973.2,Refunded,Mumbai,23,Premium,2026-04-11 14:56:00,user804@example.com,user804,3996.65,S034,8,5,P2353,Medium,4207.0,4964.26
U00805,TXN100805,South,2025-08-19,Grocery,13727.0,Pending,Mumbai,67,Basic,2025-08-19 11:20:00,user805@example.com,user805,1372.7,S056,10,30,P3628,Low,1961.0,2313.98
U00806,TXN100806,North,2025-03-26,Books,12798.0,Completed,Pune,65,Basic,2025-03-26 13:45:00,user806@example.com,user806,2133.0,S079,6,25,P2132,Medium,2844.0,3355.92
U00807,TXN100807,North,2025-10-02,Sports,47150.0,Pending,Pune,38,Premium,2025-10-02 09:21:00,user807@example.com,user807,4715.0,S050,10,0,P8015,Medium,4715.0,5563.7
U00808,TXN100808,East,2025-05-11,Sports,10968.0,Pending,Jaipur,64,Premium,2025-05-11 06:48:00,user808@example.com,user808,1096.8,S073,10,20,P1189,Medium,1371.0,1617.78
U00809,TXN100809,West,2025-04-26,Electronics,9684.9,Pending,Jaipur,59,Basic,2025-04-26 03:22:00,user809@example.com,user809,1614.15,S068,6,15,P2497,High,1899.0,2240.82
U00810,TXN100810,North,2025-02-23,Fashion,3847.5,Refunded,Mumbai,58,Free,2025-02-23 08:48:00,user810@example.com,user810,769.5,S070,5,5,P1809,Urgent,810.0,955.8
U00811,TXN100811,North,2026-01-15,Books,4464.0,Failed,Chennai,44,Premium,2026-01-15 03:33:00,user811@example.com,user811,892.8,S088,5,20,P9018,Low,1116.0,1316.88
U00812,TXN100812,East,2025-12-09,Home,22182.3,Completed,Hyderabad,34,Basic,2025-12-09 10:15:00,user812@example.com,user812,3168.9,S071,7,30,P6118,Urgent,4527.0,5341.86
U00813,TXN100813,East,2025-10-05,Grocery,36693.0,Completed,Jaipur,22,Basic,2025-10-05 08:51:00,user813@example.com,user813,4077.0,S006,9,0,P9425,Medium,4077.0,4810.86
U00814,TXN100814,South,2026-01-13,Books,15276.0,Pending,Bengaluru,48,Free,2026-01-13 10:28:00,user814@example.com,user814,3055.2,S053,5,5,P5452,Urgent,3216.0,3794.88
U00815,TXN100815,North,2025-05-23,Home,6167.6,Refunded,Delhi,24,Premium,2025-05-23 17:23:00,user815@example.com,user815,3083.8,S042,2,15,P2052,Urgent,3628.0,4281.04
U00816,TXN100816,South,2026-02-05,Grocery,5238.0,Completed,Delhi,43,Premium,2026-02-05 13:33:00,user816@example.com,user816,1309.5,S094,4,25,P3922,Urgent,1746.0,2060.28
U00817,TXN100817,East,2025-08-15,Electronics,1545.0,Pending,Bengaluru,37,Basic,2025-08-15 22:49:00,user817@example.com,user817,515.0,S017,3,0,P2114,High,515.0,607.7
U00818,TXN100818,South,2025-11-26,Fashion,108.0,Failed,Jaipur,40,Premium,2025-11-26 12:45:00,user818@example.com,user818,108.0,S064,1,25,P1255,High,144.0,169.92
U00819,TXN100819,South,2025-09-26,Home,9405.9,Refunded,Pune,65,Free,2025-09-26 11:52:00,user819@example.com,user819,1343.7,S059,7,10,P6098,Low,1493.0,1761.74
U00820,TXN100820,South,2025-11-23,Electronics,6954.0,Refunded,Delhi,24,Basic,2025-11-23 17:30:00,user820@example.com,user820,1390.8,S021,5,5,P4360,Low,1464.0,1727.52
U00821,TXN100821,North,2025-09-01,Grocery,2182.8,Refunded,Hyderabad,43,Basic,2025-09-01 13:36:00,user821@example.com,user821,545.7,S050,4,15,P6928,Urgent,642.0,757.56
U00822,TXN100822,East,2025-06-09,Grocery,39952.0,Refunded,Bengaluru,64,Free,2025-06-09 12:48:00,user822@example.com,user822,4994.0,S038,8,0,P4613,Medium,4994.0,5892.92
U00823,TXN100823,North,2025-05-08,Home,35450.1,Completed,Delhi,43,Basic,2025-05-08 13:53:00,user823@example.com,user823,3938.9,S100,9,15,P9414,High,4634.0,5468.12
U00824,TXN100824,East,2025-06-27,Home,7803.0,Refunded,Pune,19,Free,2025-06-27 15:29:00,user824@example.com,user824,2601.0,S042,3,10,P5133,Urgent,2890.0,3410.2
U00825,TXN100825,West,2025-01-19,Sports,11430.0,Failed,Pune,43,Basic,2025-01-19 03:40:00,user825@example.com,user825,2286.0,S013,5,0,P3995,Low,2286.0,2697.48
U00826,TXN100826,West,2025-09-06,Fashion,20201.4,Failed,Bengaluru,27,Free,2025-09-06 13:16:00,user826@example.com,user826,3366.9,S066,6,10,P2177,Urgent,3741.0,4414.38
U00827,TXN100827,South,2025-09-07,Electronics,3464.0,Completed,Hyderabad,43,Basic,2025-09-07 11:52:00,user827@example.com,user827,3464.0,S081,1,20,P1639,Urgent,4330.0,5109.4
U00828,TXN100828,East,2025-05-29,Sports,13356.0,Pending,Bengaluru,39,Free,2025-05-29 14:21:00,user828@example.com,user828,2226.0,S052,6,25,P8591,Low,2968.0,3502.24
U00829,TXN100829,South,2026-04-15,Books,1489.6,Refunded,Kolkata,68,Premium,2026-04-15 08:33:00,user829@example.com,user829,1489.6,S028,1,20,P2407,Urgent,1862.0,2197.16
U00830,TXN100830,South,2025-06-25,Grocery,7044.8,Pending,Bengaluru,48,Premium,2025-06-25 20:18:00,user830@example.com,user830,1006.4,S031,7,20,P2223,Low,1258.0,1484.44
U00831,TXN100831,West,2025-08-20,Fashion,2771.25,Completed,Pune,49,Premium,2025-08-20 01:51:00,user831@example.com,user831,2771.25,S081,1,25,P2366,Medium,3695.0,4360.1
U00832,TXN100832,West,2026-04-25,Home,26514.0,Refunded,Hyderabad,38,Free,2026-04-25 15:22:00,user832@example.com,user832,4419.0,S048,6,10,P2602,Urgent,4910.0,5793.8
U00833,TXN100833,East,2025-08-21,Books,5978.0,Failed,Bengaluru,60,Basic,2025-08-21 04:41:00,user833@example.com,user833,1494.5,S048,4,30,P3877,Urgent,2135.0,2519.3
U00834,TXN100834,North,2025-07-07,Fashion,9154.2,Failed,Bengaluru,64,Free,2025-07-07 15:00:00,user834@example.com,user834,2288.55,S027,4,5,P3965,Urgent,2409.0,2842.62
U00835,TXN100835,West,2025-02-15,Sports,582.0,Failed,Pune,22,Free,2025-02-15 15:13:00,user835@example.com,user835,145.5,S045,4,25,P3026,High,194.0,228.92
U00836,TXN100836,East,2025-06-18,Electronics,35431.2,Failed,Hyderabad,50,Premium,2025-06-18 16:56:00,user836@example.com,user836,3936.8,S093,9,5,P3300,High,4144.0,4889.92
U00837,TXN100837,East,2026-03-26,Books,9307.5,Pending,Kolkata,68,Premium,2026-03-26 09:32:00,user837@example.com,user837,930.75,S001,10,25,P2335,High,1241.0,1464.38
U00838,TXN100838,West,2025-03-21,Grocery,3322.65,Completed,Delhi,70,Free,2025-03-21 15:26:00,user838@example.com,user838,1107.55,S066,3,15,P6124,Low,1303.0,1537.54
U00839,TXN100839,South,2025-12-16,Sports,18882.0,Completed,Delhi,56,Premium,2025-12-16 18:37:00,user839@example.com,user839,2360.25,S081,8,25,P5627,High,3147.0,3713.46
U00840,TXN100840,North,2026-03-09,Fashion,5076.0,Pending,Hyderabad,65,Premium,2026-03-09 20:39:00,user840@example.com,user840,564.0,S092,9,20,P7239,High,705.0,831.9
U00841,TXN100841,East,2026-03-18,Grocery,4416.6,Pending,Bengaluru,32,Premium,2026-03-18 01:40:00,user841@example.com,user841,1104.15,S009,4,15,P3426,Medium,1299.0,1532.82
U00842,TXN100842,North,2025-07-13,Grocery,41182.5,Failed,Mumbai,63,Free,2025-07-13 01:06:00,user842@example.com,user842,4118.25,S079,10,15,P5512,Low,4845.0,5717.1
U00843,TXN100843,South,2025-04-16,Sports,4315.0,Completed,Pune,58,Free,2025-04-16 19:22:00,user843@example.com,user843,4315.0,S091,1,0,P5610,Medium,4315.0,5091.7
U00844,TXN100844,North,2026-02-04,Sports,33939.0,Pending,Chennai,65,Free,2026-02-04 04:26:00,user844@example.com,user844,3393.9,S082,10,10,P8642,Medium,3771.0,4449.78
U00845,TXN100845,West,2025-11-01,Grocery,5379.85,Completed,Chennai,59,Basic,2025-11-01 01:04:00,user845@example.com,user845,768.55,S046,7,5,P9537,High,809.0,954.62
U00846,TXN100846,North,2025-05-13,Home,24450.0,Refunded,Mumbai,24,Premium,2025-05-13 11:06:00,user846@example.com,user846,4075.0,S005,6,0,P3309,Urgent,4075.0,4808.5
U00847,TXN100847,East,2025-09-28,Sports,6901.2,Pending,Hyderabad,47,Basic,2025-09-28 15:01:00,user847@example.com,user847,766.8,S068,9,10,P4989,High,852.0,1005.36
U00848,TXN100848,North,2025-01-18,Electronics,12582.75,Failed,Pune,53,Basic,2025-01-18 11:59:00,user848@example.com,user848,4194.25,S053,3,5,P4488,Urgent,4415.0,5209.7
U00849,TXN100849,North,2025-11-14,Books,11673.9,Pending,Bengaluru,40,Basic,2025-11-14 16:23:00,user849@example.com,user849,1297.1,S034,9,30,P6316,Medium,1853.0,2186.54
U00850,TXN100850,North,2026-02-20,Grocery,8416.0,Pending,Pune,62,Premium,2026-02-20 17:19:00,user850@example.com,user850,1052.0,S038,8,0,P9102,Urgent,1052.0,1241.36
U00851,TXN100851,North,2025-02-14,Books,5359.2,Failed,Pune,33,Free,2025-02-14 07:30:00,user851@example.com,user851,893.2,S078,6,30,P1390,High,1276.0,1505.68
U00852,TXN100852,North,2025-08-30,Grocery,14504.4,Failed,Kolkata,59,Basic,2025-08-30 21:19:00,user852@example.com,user852,2417.4,S041,6,15,P7485,Medium,2844.0,3355.92
U00853,TXN100853,North,2025-06-06,Electronics,1659.0,Refunded,Jaipur,41,Premium,2025-06-06 03:31:00,user853@example.com,user853,165.9,S026,10,30,P2680,Urgent,237.0,279.66
U00854,TXN100854,East,2025-11-02,Electronics,6681.6,Pending,Hyderabad,69,Premium,2025-11-02 23:57:00,user854@example.com,user854,1670.4,S078,4,10,P3876,Low,1856.0,2190.08
U00855,TXN100855,West,2025-12-23,Grocery,8276.4,Refunded,Mumbai,60,Basic,2025-12-23 12:05:00,user855@example.com,user855,4138.2,S070,2,5,P2701,Medium,4356.0,5140.08
U00856,TXN100856,North,2025-12-30,Sports,8467.2,Failed,Hyderabad,51,Premium,2025-12-30 18:16:00,user856@example.com,user856,2822.4,S019,3,30,P7157,Low,4032.0,4757.76
U00857,TXN100857,West,2025-05-16,Fashion,15040.0,Failed,Jaipur,62,Free,2025-05-16 12:58:00,user857@example.com,user857,3760.0,S053,4,20,P4797,High,4700.0,5546.0
U00858,TXN100858,East,2025-05-21,Home,1637.0,Completed,Kolkata,69,Free,2025-05-21 21:28:00,user858@example.com,user858,1637.0,S012,1,0,P2102,High,1637.0,1931.66
U00859,TXN100859,North,2025-02-15,Home,1580.0,Completed,Delhi,18,Basic,2025-02-15 12:30:00,user859@example.com,user859,316.0,S012,5,0,P6280,Low,316.0,372.88
U00860,TXN100860,West,2025-11-12,Home,16177.2,Failed,Mumbai,40,Basic,2025-11-12 02:22:00,user860@example.com,user860,4044.3,S039,4,15,P1021,Medium,4758.0,5614.44
U00861,TXN100861,South,2026-02-23,Home,3476.5,Completed,Delhi,60,Basic,2026-02-23 18:04:00,user861@example.com,user861,695.3,S073,5,15,P7607,High,818.0,965.24
U00862,TXN100862,East,2026-03-21,Books,32109.6,Pending,Delhi,19,Free,2026-03-21 15:05:00,user862@example.com,user862,4013.7,S062,8,15,P4291,Low,4722.0,5571.96
U00863,TXN100863,East,2025-11-06,Electronics,9792.0,Pending,Kolkata,25,Free,2025-11-06 07:42:00,user863@example.com,user863,1088.0,S025,9,15,P5532,Medium,1280.0,1510.4
U00864,TXN100864,South,2026-03-10,Grocery,1928.0,Completed,Jaipur,57,Basic,2026-03-10 21:45:00,user864@example.com,user864,964.0,S087,2,20,P6011,Urgent,1205.0,1421.9
U00865,TXN100865,North,2025-12-30,Sports,3366.0,Refunded,Delhi,48,Basic,2025-12-30 17:37:00,user865@example.com,user865,3366.0,S068,1,0,P9894,Urgent,3366.0,3971.88
U00866,TXN100866,North,2025-01-04,Electronics,626.5,Refunded,Chennai,42,Basic,2025-01-04 10:04:00,user866@example.com,user866,125.3,S003,5,30,P2268,Urgent,179.0,211.22
U00867,TXN100867,South,2025-09-12,Electronics,7222.5,Refunded,Bengaluru,54,Free,2025-09-12 10:35:00,user867@example.com,user867,2407.5,S083,3,10,P8754,Medium,2675.0,3156.5
U00868,TXN100868,West,2025-12-06,Home,18190.0,Pending,Chennai,20,Premium,2025-12-06 00:04:00,user868@example.com,user868,3638.0,S085,5,15,P9776,Urgent,4280.0,5050.4
U00869,TXN100869,West,2026-03-05,Home,2659.5,Pending,Kolkata,23,Free,2026-03-05 07:00:00,user869@example.com,user869,886.5,S079,3,10,P5097,Urgent,985.0,1162.3
U00870,TXN100870,East,2025-12-28,Sports,5545.4,Failed,Delhi,30,Basic,2025-12-28 10:14:00,user870@example.com,user870,792.2,S001,7,15,P1071,Medium,932.0,1099.76
U00871,TXN100871,West,2025-12-29,Electronics,4842.0,Completed,Delhi,38,Premium,2025-12-29 08:40:00,user871@example.com,user871,538.0,S044,9,0,P4272,Urgent,538.0,634.84
U00872,TXN100872,South,2025-10-13,Books,20304.0,Completed,Pune,22,Basic,2025-10-13 10:29:00,user872@example.com,user872,2256.0,S072,9,20,P7229,Medium,2820.0,3327.6
U00873,TXN100873,West,2025-04-25,Books,1152.0,Failed,Jaipur,26,Free,2025-04-25 16:16:00,user873@example.com,user873,144.0,S064,8,20,P9304,Medium,180.0,212.4
U00874,TXN100874,West,2026-02-27,Books,10057.65,Completed,Kolkata,48,Basic,2026-02-27 16:10:00,user874@example.com,user874,3352.55,S019,3,5,P4672,Medium,3529.0,4164.22
U00875,TXN100875,North,2026-01-14,Sports,20570.0,Completed,Chennai,59,Basic,2026-01-14 16:06:00,user875@example.com,user875,4114.0,S094,5,15,P4835,Medium,4840.0,5711.2
U00876,TXN100876,West,2026-01-07,Home,6080.0,Completed,Jaipur,64,Premium,2026-01-07 20:02:00,user876@example.com,user876,760.0,S091,8,0,P2112,High,760.0,896.8
U00877,TXN100877,South,2025-10-01,Home,22476.8,Refunded,Chennai,49,Premium,2025-10-01 00:15:00,user877@example.com,user877,2809.6,S039,8,20,P4315,High,3512.0,4144.16
U00878,TXN100878,North,2025-08-06,Grocery,13402.8,Pending,Delhi,28,Free,2025-08-06 23:08:00,user878@example.com,user878,3350.7,S028,4,15,P9011,Urgent,3942.0,4651.56
U00879,TXN100879,East,2025-12-24,Electronics,4322.5,Pending,Pune,70,Free,2025-12-24 14:05:00,user879@example.com,user879,864.5,S049,5,5,P6445,Medium,910.0,1073.8
U00880,TXN100880,North,2025-06-22,Books,31528.0,Completed,Bengaluru,21,Premium,2025-06-22 16:59:00,user880@example.com,user880,4504.0,S084,7,0,P1660,Medium,4504.0,5314.72
U00881,TXN100881,East,2026-01-30,Grocery,44226.0,Refunded,Delhi,66,Basic,2026-01-30 13:24:00,user881@example.com,user881,4422.6,S098,10,10,P5873,Medium,4914.0,5798.52
U00882,TXN100882,South,2025-03-29,Electronics,20149.5,Refunded,Mumbai,40,Free,2025-03-29 22:04:00,user882@example.com,user882,3358.25,S082,6,5,P1247,Medium,3535.0,4171.3
U00883,TXN100883,South,2025-03-17,Home,1560.0,Pending,Chennai,33,Basic,2025-03-17 18:47:00,user883@example.com,user883,312.0,S011,5,20,P5349,Urgent,390.0,460.2
U00884,TXN100884,North,2025-01-14,Grocery,10735.2,Failed,Kolkata,68,Premium,2025-01-14 19:05:00,user884@example.com,user884,1341.9,S091,8,10,P2163,Low,1491.0,1759.38
U00885,TXN100885,South,2025-04-17,Home,16668.0,Refunded,Delhi,47,Free,2025-04-17 14:48:00,user885@example.com,user885,2778.0,S005,6,25,P1562,Low,3704.0,4370.72
U00886,TXN100886,West,2025-04-24,Home,5500.8,Pending,Pune,69,Basic,2025-04-24 12:47:00,user886@example.com,user886,1375.2,S053,4,10,P4397,Urgent,1528.0,1803.04
U00887,TXN100887,East,2025-10-08,Home,11380.8,Pending,Chennai,31,Basic,2025-10-08 01:26:00,user887@example.com,user887,3793.6,S001,3,20,P7738,Urgent,4742.0,5595.56
U00888,TXN100888,West,2025-11-22,Fashion,21744.0,Refunded,Hyderabad,43,Premium,2025-11-22 22:53:00,user888@example.com,user888,2416.0,S033,9,20,P7236,Low,3020.0,3563.6
U00889,TXN100889,North,2025-07-14,Books,7069.5,Refunded,Jaipur,63,Basic,2025-07-14 20:49:00,user889@example.com,user889,3534.75,S004,2,25,P7220,Urgent,4713.0,5561.34
U00890,TXN100890,North,2025-04-25,Grocery,411.0,Completed,Chennai,31,Free,2025-04-25 07:10:00,user890@example.com,user890,411.0,S001,1,25,P1116,Medium,548.0,646.64
U00891,TXN100891,West,2025-04-16,Grocery,23296.0,Pending,Bengaluru,39,Premium,2025-04-16 00:53:00,user891@example.com,user891,3328.0,S021,7,20,P2236,High,4160.0,4908.8
U00892,TXN100892,South,2026-02-23,Fashion,3982.5,Refunded,Kolkata,42,Free,2026-02-23 21:09:00,user892@example.com,user892,796.5,S050,5,25,P5757,Low,1062.0,1253.16
U00893,TXN100893,West,2025-05-06,Sports,7637.7,Failed,Chennai,52,Basic,2025-05-06 05:16:00,user893@example.com,user893,2545.9,S029,3,30,P6656,Urgent,3637.0,4291.66
U00894,TXN100894,North,2026-03-07,Sports,3520.0,Failed,Delhi,31,Basic,2026-03-07 09:32:00,user894@example.com,user894,3520.0,S067,1,20,P5506,Urgent,4400.0,5192.0
U00895,TXN100895,West,2025-04-07,Sports,29239.2,Failed,Hyderabad,37,Basic,2025-04-07 23:03:00,user895@example.com,user895,3248.8,S079,9,20,P7150,Urgent,4061.0,4791.98
U00896,TXN100896,South,2025-03-17,Sports,21080.0,Refunded,Bengaluru,57,Basic,2025-03-17 20:25:00,user896@example.com,user896,4216.0,S055,5,0,P3477,High,4216.0,4974.88
U00897,TXN100897,West,2025-07-26,Sports,45201.0,Failed,Mumbai,47,Premium,2025-07-26 19:54:00,user897@example.com,user897,4520.1,S067,10,5,P9282,Urgent,4758.0,5614.44
U00898,TXN100898,East,2026-02-15,Books,5272.4,Refunded,Chennai,43,Basic,2026-02-15 23:18:00,user898@example.com,user898,2636.2,S063,2,30,P7143,Low,3766.0,4443.88
U00899,TXN100899,East,2026-04-18,Grocery,20484.0,Completed,Mumbai,22,Premium,2026-04-18 03:46:00,user899@example.com,user899,2048.4,S087,10,10,P2264,Low,2276.0,2685.68
U00900,TXN100900,South,2025-05-08,Home,1890.5,Completed,Delhi,48,Basic,2025-05-08 00:56:00,user900@example.com,user900,1890.5,S012,1,5,P5807,Low,1990.0,2348.2
U00901,TXN100901,East,2025-12-16,Home,233.8,Refunded,Kolkata,50,Premium,2025-12-16 17:15:00,user901@example.com,user901,233.8,S032,1,30,P7973,High,334.0,394.12
U00902,TXN100902,East,2025-05-13,Home,20569.5,Pending,Jaipur,62,Free,2025-05-13 15:30:00,user902@example.com,user902,2938.5,S084,7,25,P9530,High,3918.0,4623.24
U00903,TXN100903,West,2025-01-17,Sports,6439.5,Completed,Mumbai,50,Basic,2025-01-17 18:00:00,user903@example.com,user903,715.5,S079,9,25,P4569,Urgent,954.0,1125.72
U00904,TXN100904,East,2025-11-25,Sports,5646.9,Completed,Pune,21,Free,2025-11-25 03:30:00,user904@example.com,user904,1882.3,S058,3,30,P7481,Low,2689.0,3173.02
U00905,TXN100905,South,2025-11-13,Electronics,33355.0,Refunded,Pune,37,Premium,2025-11-13 17:37:00,user905@example.com,user905,3335.5,S059,10,30,P8697,Medium,4765.0,5622.7
U00906,TXN100906,North,2025-11-18,Electronics,28798.0,Pending,Mumbai,68,Premium,2025-11-18 09:41:00,user906@example.com,user906,4114.0,S036,7,15,P2992,Urgent,4840.0,5711.2
U00907,TXN100907,North,2025-08-13,Grocery,5043.6,Refunded,Bengaluru,25,Free,2025-08-13 17:41:00,user907@example.com,user907,1260.9,S081,4,10,P3047,Urgent,1401.0,1653.18
U00908,TXN100908,West,2026-03-16,Electronics,26583.2,Refunded,Mumbai,53,Premium,2026-03-16 10:59:00,user908@example.com,user908,3797.6,S013,7,20,P5546,Medium,4747.0,5601.46
U00909,TXN100909,East,2025-12-28,Fashion,18165.35,Failed,Pune,28,Free,2025-12-28 08:48:00,user909@example.com,user909,2595.05,S038,7,15,P2213,Low,3053.0,3602.54
U00910,TXN100910,South,2025-12-20,Fashion,18612.4,Completed,Mumbai,39,Premium,2025-12-20 14:35:00,user910@example.com,user910,4653.1,S054,4,5,P3463,Urgent,4898.0,5779.64
U00911,TXN100911,South,2025-11-25,Home,25999.6,Pending,Jaipur,55,Basic,2025-11-25 21:02:00,user911@example.com,user911,3249.95,S015,8,5,P2963,High,3421.0,4036.78
U00912,TXN100912,South,2025-06-01,Home,907.9,Pending,Bengaluru,44,Premium,2025-06-01 23:10:00,user912@example.com,user912,907.9,S034,1,30,P9533,Low,1297.0,1530.46
U00913,TXN100913,North,2025-02-14,Home,7331.25,Refunded,Hyderabad,20,Premium,2025-02-14 22:02:00,user913@example.com,user913,2443.75,S022,3,15,P1417,Urgent,2875.0,3392.5
U00914,TXN100914,East,2025-12-19,Home,3660.3,Failed,Kolkata,69,Free,2025-12-19 22:29:00,user914@example.com,user914,522.9,S046,7,10,P8906,Low,581.0,685.58
U00915,TXN100915,South,2025-03-08,Books,11187.0,Pending,Hyderabad,54,Basic,2025-03-08 10:09:00,user915@example.com,user915,1243.0,S052,9,0,P4871,Urgent,1243.0,1466.74
U00916,TXN100916,East,2025-12-30,Sports,3398.0,Pending,Hyderabad,52,Premium,2025-12-30 09:59:00,user916@example.com,user916,3398.0,S002,1,0,P8872,Urgent,3398.0,4009.64
U00917,TXN100917,East,2026-01-13,Grocery,8536.5,Completed,Jaipur,32,Basic,2026-01-13 14:10:00,user917@example.com,user917,1707.3,S087,5,30,P2031,Low,2439.0,2878.02
U00918,TXN100918,West,2025-08-03,Sports,9906.0,Completed,Delhi,69,Premium,2025-08-03 02:32:00,user918@example.com,user918,2476.5,S004,4,25,P4986,High,3302.0,3896.36
U00919,TXN100919,East,2025-03-21,Electronics,18244.8,Completed,Jaipur,48,Premium,2025-03-21 21:11:00,user919@example.com,user919,3040.8,S050,6,20,P8840,Medium,3801.0,4485.18
U00920,TXN100920,East,2025-08-09,Fashion,19558.4,Refunded,Chennai,18,Premium,2025-08-09 23:50:00,user920@example.com,user920,2444.8,S071,8,20,P4638,Urgent,3056.0,3606.08
U00921,TXN100921,West,2026-01-12,Sports,448.0,Pending,Jaipur,63,Free,2026-01-12 06:08:00,user921@example.com,user921,448.0,S001,1,20,P2867,Medium,560.0,660.8
U00922,TXN100922,North,2026-01-28,Electronics,6375.0,Failed,Jaipur,54,Free,2026-01-28 19:32:00,user922@example.com,user922,1275.0,S044,5,15,P5863,Low,1500.0,1770.0
U00923,TXN100923,West,2026-02-27,Grocery,4580.0,Failed,Chennai,51,Free,2026-02-27 21:59:00,user923@example.com,user923,458.0,S041,10,0,P6339,Medium,458.0,540.44
U00924,TXN100924,West,2025-07-04,Fashion,23975.0,Failed,Hyderabad,63,Basic,2025-07-04 08:01:00,user924@example.com,user924,4795.0,S090,5,0,P4914,Urgent,4795.0,5658.1
U00925,TXN100925,West,2026-03-27,Electronics,18373.6,Completed,Delhi,62,Free,2026-03-27 03:13:00,user925@example.com,user925,2624.8,S001,7,15,P1665,High,3088.0,3643.84
U00926,TXN100926,East,2025-04-19,Grocery,26393.6,Failed,Bengaluru,21,Basic,2025-04-19 22:21:00,user926@example.com,user926,3299.2,S072,8,20,P8882,Medium,4124.0,4866.32
U00927,TXN100927,South,2025-04-01,Home,42151.5,Completed,Mumbai,24,Premium,2025-04-01 01:08:00,user927@example.com,user927,4215.15,S088,10,15,P1055,High,4959.0,5851.62
U00928,TXN100928,North,2025-03-01,Fashion,22740.9,Completed,Pune,67,Basic,2025-03-01 09:22:00,user928@example.com,user928,3248.7,S100,7,30,P2044,High,4641.0,5476.38
U00929,TXN100929,South,2025-01-25,Home,2783.2,Failed,Delhi,49,Premium,2025-01-25 14:42:00,user929@example.com,user929,695.8,S044,4,30,P1024,Low,994.0,1172.92
U00930,TXN100930,West,2025-03-28,Books,28800.0,Pending,Bengaluru,59,Free,2025-03-28 16:53:00,user930@example.com,user930,2880.0,S011,10,25,P3859,High,3840.0,4531.2
U00931,TXN100931,North,2025-05-05,Grocery,2593.35,Completed,Hyderabad,33,Free,2025-05-05 16:28:00,user931@example.com,user931,864.45,S068,3,15,P5896,Low,1017.0,1200.06
U00932,TXN100932,East,2026-03-23,Sports,3060.9,Failed,Jaipur,19,Free,2026-03-23 16:39:00,user932@example.com,user932,1530.45,S033,2,5,P1851,High,1611.0,1900.98
U00933,TXN100933,West,2025-08-18,Grocery,1066.5,Pending,Hyderabad,33,Premium,2025-08-18 22:23:00,user933@example.com,user933,533.25,S018,2,25,P3082,High,711.0,838.98
U00934,TXN100934,East,2026-02-12,Books,12911.5,Failed,Pune,44,Premium,2026-02-12 22:54:00,user934@example.com,user934,1844.5,S004,7,15,P3496,Low,2170.0,2560.6
U00935,TXN100935,East,2025-12-09,Fashion,16691.25,Failed,Chennai,28,Free,2025-12-09 20:25:00,user935@example.com,user935,3338.25,S017,5,25,P1466,Medium,4451.0,5252.18
U00936,TXN100936,West,2026-01-16,Home,11653.6,Failed,Delhi,70,Free,2026-01-16 19:14:00,user936@example.com,user936,2913.4,S004,4,30,P6255,Urgent,4162.0,4911.16
U00937,TXN100937,North,2025-05-27,Home,26880.4,Refunded,Mumbai,37,Basic,2025-05-27 14:18:00,user937@example.com,user937,3360.05,S022,8,15,P8138,Low,3953.0,4664.54
U00938,TXN100938,South,2025-10-31,Sports,12520.2,Failed,Jaipur,66,Premium,2025-10-31 06:22:00,user938@example.com,user938,2086.7,S033,6,30,P5701,Urgent,2981.0,3517.58
U00939,TXN100939,East,2025-06-19,Sports,23689.2,Refunded,Hyderabad,62,Free,2025-06-19 09:45:00,user939@example.com,user939,2961.15,S086,8,5,P2897,High,3117.0,3678.06
U00940,TXN100940,South,2025-06-18,Electronics,4794.0,Completed,Mumbai,46,Basic,2025-06-18 16:34:00,user940@example.com,user940,1598.0,S059,3,15,P3356,Medium,1880.0,2218.4
U00941,TXN100941,West,2025-01-21,Electronics,9933.0,Completed,Jaipur,31,Basic,2025-01-21 10:45:00,user941@example.com,user941,1655.5,S082,6,30,P7545,High,2365.0,2790.7
U00942,TXN100942,East,2026-03-02,Sports,12724.8,Pending,Delhi,62,Basic,2026-03-02 00:12:00,user942@example.com,user942,2120.8,S038,6,20,P8639,High,2651.0,3128.18
U00943,TXN100943,West,2025-12-04,Home,15462.0,Refunded,Delhi,63,Free,2025-12-04 23:04:00,user943@example.com,user943,3865.5,S017,4,10,P8066,High,4295.0,5068.1
U00944,TXN100944,East,2025-03-01,Sports,18116.0,Pending,Chennai,19,Free,2025-03-01 06:02:00,user944@example.com,user944,1811.6,S088,10,30,P9710,Low,2588.0,3053.84
U00945,TXN100945,North,2026-01-06,Home,11915.85,Pending,Hyderabad,49,Basic,2026-01-06 13:58:00,user945@example.com,user945,3971.95,S085,3,5,P9183,Medium,4181.0,4933.58
U00946,TXN100946,East,2025-02-25,Books,5536.0,Completed,Mumbai,41,Basic,2025-02-25 20:08:00,user946@example.com,user946,692.0,S014,8,0,P9615,Medium,692.0,816.56
U00947,TXN100947,South,2025-02-26,Electronics,32048.0,Pending,Pune,38,Free,2025-02-26 07:01:00,user947@example.com,user947,4006.0,S054,8,0,P9609,Medium,4006.0,4727.08
U00948,TXN100948,North,2025-07-22,Home,3561.75,Failed,Delhi,35,Basic,2025-07-22 09:37:00,user948@example.com,user948,1187.25,S089,3,25,P9353,Low,1583.0,1867.94
U00949,TXN100949,South,2025-05-29,Home,39130.0,Refunded,Mumbai,25,Premium,2025-05-29 03:00:00,user949@example.com,user949,3913.0,S080,10,0,P5305,Low,3913.0,4617.34
U00950,TXN100950,South,2026-01-30,Fashion,5358.4,Refunded,Hyderabad,64,Free,2026-01-30 08:37:00,user950@example.com,user950,2679.2,S017,2,15,P9567,High,3152.0,3719.36
U00951,TXN100951,West,2025-11-01,Sports,18346.4,Failed,Kolkata,53,Free,2025-11-01 23:12:00,user951@example.com,user951,4586.6,S007,4,5,P4728,Medium,4828.0,5697.04
U00952,TXN100952,East,2025-05-30,Fashion,5156.0,Pending,Mumbai,54,Basic,2025-05-30 22:39:00,user952@example.com,user952,1289.0,S033,4,0,P6353,High,1289.0,1521.02
U00953,TXN100953,South,2025-08-27,Grocery,23478.0,Refunded,Hyderabad,44,Basic,2025-08-27 04:52:00,user953@example.com,user953,3354.0,S019,7,25,P7400,Medium,4472.0,5276.96
U00954,TXN100954,West,2026-04-29,Sports,15759.0,Pending,Bengaluru,40,Free,2026-04-29 07:47:00,user954@example.com,user954,2626.5,S044,6,15,P9713,Medium,3090.0,3646.2
U00955,TXN100955,South,2025-07-29,Books,7650.0,Failed,Bengaluru,57,Basic,2025-07-29 04:52:00,user955@example.com,user955,2550.0,S018,3,15,P1546,Urgent,3000.0,3540.0
U00956,TXN100956,East,2025-03-30,Grocery,7767.9,Completed,Hyderabad,58,Free,2025-03-30 22:34:00,user956@example.com,user956,863.1,S008,9,10,P8049,High,959.0,1131.62
U00957,TXN100957,North,2025-06-04,Sports,4744.0,Failed,Kolkata,32,Free,2025-06-04 23:06:00,user957@example.com,user957,593.0,S021,8,0,P4061,Medium,593.0,699.74
U00958,TXN100958,South,2025-12-17,Books,19635.0,Pending,Chennai,60,Premium,2025-12-17 10:48:00,user958@example.com,user958,3272.5,S060,6,30,P8777,Urgent,4675.0,5516.5
U00959,TXN100959,West,2025-09-28,Grocery,12376.0,Completed,Bengaluru,63,Free,2025-09-28 00:38:00,user959@example.com,user959,1547.0,S026,8,0,P8427,Low,1547.0,1825.46
U00960,TXN100960,North,2025-07-13,Home,8140.0,Pending,Pune,56,Basic,2025-07-13 04:37:00,user960@example.com,user960,2035.0,S007,4,0,P9818,Urgent,2035.0,2401.3
U00961,TXN100961,North,2025-04-16,Fashion,4402.0,Refunded,Jaipur,53,Basic,2025-04-16 00:35:00,user961@example.com,user961,4402.0,S068,1,0,P4039,High,4402.0,5194.36
U00962,TXN100962,North,2025-07-30,Electronics,9708.0,Failed,Kolkata,54,Premium,2025-07-30 12:43:00,user962@example.com,user962,1941.6,S004,5,20,P3790,Low,2427.0,2863.86
U00963,TXN100963,East,2025-11-15,Books,34465.5,Completed,Bengaluru,26,Basic,2025-11-15 19:59:00,user963@example.com,user963,3829.5,S041,9,10,P5704,Medium,4255.0,5020.9
U00964,TXN100964,North,2026-01-31,Books,19723.2,Pending,Mumbai,34,Premium,2026-01-31 01:02:00,user964@example.com,user964,3287.2,S060,6,30,P9553,Urgent,4696.0,5541.28
U00965,TXN100965,West,2025-04-26,Grocery,8861.4,Completed,Pune,56,Basic,2025-04-26 00:46:00,user965@example.com,user965,1476.9,S095,6,10,P6416,High,1641.0,1936.38
U00966,TXN100966,South,2026-01-08,Sports,14475.0,Refunded,Pune,41,Free,2026-01-08 11:43:00,user966@example.com,user966,2895.0,S092,5,0,P9148,High,2895.0,3416.1
U00967,TXN100967,South,2025-05-03,Fashion,14805.0,Pending,Chennai,19,Premium,2025-05-03 17:18:00,user967@example.com,user967,2115.0,S011,7,25,P8131,High,2820.0,3327.6
U00968,TXN100968,West,2025-06-10,Fashion,4435.2,Pending,Delhi,27,Premium,2025-06-10 07:37:00,user968@example.com,user968,1478.4,S017,3,20,P6083,High,1848.0,2180.64
U00969,TXN100969,South,2025-08-04,Fashion,14748.8,Refunded,Pune,50,Premium,2025-08-04 04:57:00,user969@example.com,user969,3687.2,S035,4,20,P7395,High,4609.0,5438.62
U00970,TXN100970,East,2026-03-08,Fashion,833.0,Refunded,Kolkata,51,Free,2026-03-08 00:13:00,user970@example.com,user970,166.6,S053,5,30,P6203,Medium,238.0,280.84
U00971,TXN100971,West,2025-12-17,Books,224.0,Completed,Mumbai,24,Free,2025-12-17 20:06:00,user971@example.com,user971,112.0,S097,2,30,P4902,High,160.0,188.8
U00972,TXN100972,North,2026-02-12,Grocery,4260.8,Failed,Bengaluru,58,Basic,2026-02-12 08:09:00,user972@example.com,user972,2130.4,S002,2,20,P2609,Urgent,2663.0,3142.34
U00973,TXN100973,North,2025-10-05,Electronics,14303.1,Failed,Chennai,26,Free,2025-10-05 14:48:00,user973@example.com,user973,2043.3,S062,7,30,P2413,Medium,2919.0,3444.42
U00974,TXN100974,East,2025-05-12,Electronics,14985.6,Refunded,Jaipur,30,Free,2025-05-12 12:56:00,user974@example.com,user974,1873.2,S012,8,30,P3324,Medium,2676.0,3157.68
U00975,TXN100975,South,2025-03-15,Fashion,3134.7,Refunded,Bengaluru,50,Premium,2025-03-15 06:58:00,user975@example.com,user975,348.3,S074,9,10,P3766,Medium,387.0,456.66
U00976,TXN100976,South,2025-03-09,Electronics,6865.2,Failed,Delhi,53,Basic,2025-03-09 04:50:00,user976@example.com,user976,1716.3,S008,4,10,P1226,High,1907.0,2250.26
U00977,TXN100977,East,2025-09-13,Sports,16687.2,Refunded,Hyderabad,63,Basic,2025-09-13 09:13:00,user977@example.com,user977,2781.2,S039,6,15,P5701,Low,3272.0,3860.96
U00978,TXN100978,North,2026-04-16,Sports,4085.0,Failed,Hyderabad,44,Premium,2026-04-16 20:12:00,user978@example.com,user978,2042.5,S091,2,5,P6244,High,2150.0,2537.0
U00979,TXN100979,East,2026-02-26,Sports,27486.9,Refunded,Jaipur,34,Premium,2026-02-26 11:23:00,user979@example.com,user979,3926.7,S041,7,10,P8126,High,4363.0,5148.34
U00980,TXN100980,West,2025-11-12,Electronics,4403.0,Completed,Mumbai,45,Basic,2025-11-12 06:38:00,user980@example.com,user980,629.0,S050,7,15,P9215,Urgent,740.0,873.2
U00981,TXN100981,West,2025-11-22,Fashion,14516.0,Pending,Hyderabad,27,Basic,2025-11-22 16:26:00,user981@example.com,user981,3629.0,S080,4,0,P9143,Low,3629.0,4282.22
U00982,TXN100982,South,2026-02-17,Electronics,24186.75,Pending,Delhi,24,Premium,2026-02-17 01:47:00,user982@example.com,user982,3455.25,S029,7,25,P3139,Urgent,4607.0,5436.26
U00983,TXN100983,South,2026-02-12,Sports,4590.4,Completed,Jaipur,39,Free,2026-02-12 04:52:00,user983@example.com,user983,2295.2,S069,2,5,P7622,Low,2416.0,2850.88
U00984,TXN100984,South,2025-08-28,Fashion,3242.7,Pending,Mumbai,50,Free,2025-08-28 07:16:00,user984@example.com,user984,3242.7,S092,1,10,P2369,Urgent,3603.0,4251.54
U00985,TXN100985,East,2025-09-27,Grocery,5103.0,Pending,Pune,41,Premium,2025-09-27 23:25:00,user985@example.com,user985,1020.6,S018,5,30,P5637,Urgent,1458.0,1720.44
U00986,TXN100986,South,2025-03-16,Home,10620.0,Refunded,Mumbai,38,Free,2025-03-16 08:36:00,user986@example.com,user986,2124.0,S078,5,10,P4876,Medium,2360.0,2784.8
U00987,TXN100987,East,2025-06-16,Grocery,21402.0,Completed,Mumbai,24,Basic,2025-06-16 03:16:00,user987@example.com,user987,2675.25,S096,8,25,P3623,Medium,3567.0,4209.06
U00988,TXN100988,East,2025-01-16,Fashion,17829.0,Failed,Hyderabad,24,Free,2025-01-16 06:18:00,user988@example.com,user988,2971.5,S002,6,25,P2273,Medium,3962.0,4675.16
U00989,TXN100989,South,2025-12-08,Grocery,12920.0,Completed,Hyderabad,60,Premium,2025-12-08 16:29:00,user989@example.com,user989,3230.0,S092,4,5,P6863,Medium,3400.0,4012.0
U00990,TXN100990,West,2026-04-27,Sports,8961.3,Pending,Chennai,60,Basic,2026-04-27 01:26:00,user990@example.com,user990,2987.1,S052,3,10,P1757,High,3319.0,3916.42
U00991,TXN100991,West,2025-10-12,Fashion,10144.8,Refunded,Jaipur,68,Free,2025-10-12 04:35:00,user991@example.com,user991,3381.6,S043,3,20,P9433,Low,4227.0,4987.86
U00992,TXN100992,South,2025-12-23,Grocery,39984.0,Completed,Pune,44,Free,2025-12-23 22:18:00,user992@example.com,user992,4998.0,S013,8,0,P7301,Low,4998.0,5897.64
U00993,TXN100993,East,2025-08-23,Books,1820.0,Failed,Hyderabad,52,Free,2025-08-23 06:59:00,user993@example.com,user993,1820.0,S024,1,30,P4199,Medium,2600.0,3068.0
U00994,TXN100994,South,2025-06-02,Home,2513.7,Failed,Mumbai,31,Free,2025-06-02 14:36:00,user994@example.com,user994,359.1,S047,7,10,P8115,Low,399.0,470.82
U00995,TXN100995,East,2025-01-04,Sports,7002.45,Pending,Delhi,56,Basic,2025-01-04 06:49:00,user995@example.com,user995,1000.35,S062,7,5,P6085,Low,1053.0,1242.54
U00996,TXN100996,South,2025-04-24,Home,2787.75,Completed,Delhi,63,Premium,2025-04-24 18:07:00,user996@example.com,user996,929.25,S046,3,25,P6372,Medium,1239.0,1462.02
U00997,TXN100997,South,2025-08-12,Grocery,7241.4,Failed,Chennai,52,Basic,2025-08-12 06:26:00,user997@example.com,user997,2413.8,S093,3,10,P2927,Urgent,2682.0,3164.76
U00998,TXN100998,North,2026-02-24,Home,12733.2,Refunded,Hyderabad,66,Premium,2026-02-24 04:01:00,user998@example.com,user998,3183.3,S070,4,10,P5625,Urgent,3537.0,4173.66
U00999,TXN100999,West,2026-01-18,Fashion,2101.4,Pending,Mumbai,20,Premium,2026-01-18 19:39:00,user999@example.com,user999,1050.7,S032,2,5,P6578,Low,1106.0,1305.08
U01000,TXN101000,North,2025-04-15,Fashion,19796.5,Completed,Pune,42,Free,2025-04-15 11:41:00,user1000@example.com,user1000,3959.3,S094,5,15,P7838,Low,4658.0,5496.44
U01001,TXN101001,North,2026-02-25,Sports,12040.0,Failed,Hyderabad,25,Free,2026-02-25 09:48:00,user1001@example.com,user1001,2408.0,S083,5,0,P7631,Low,2408.0,2841.44
U01002,TXN101002,North,2025-11-24,Electronics,1371.0,Refunded,Delhi,68,Premium,2025-11-24 09:48:00,user1002@example.com,user1002,685.5,S098,2,25,P4066,High,914.0,1078.52
U01003,TXN101003,West,2026-02-15,Books,1270.0,Refunded,Pune,56,Premium,2026-02-15 16:25:00,user1003@example.com,user1003,254.0,S062,5,0,P1192,Urgent,254.0,299.72
U01004,TXN101004,West,2025-06-09,Sports,15090.6,Completed,Delhi,33,Premium,2025-06-09 01:08:00,user1004@example.com,user1004,2515.1,S095,6,30,P8849,High,3593.0,4239.74
U01005,TXN101005,South,2026-01-22,Home,13370.4,Completed,Jaipur,33,Premium,2026-01-22 19:58:00,user1005@example.com,user1005,1485.6,S045,9,20,P7981,High,1857.0,2191.26
U01006,TXN101006,West,2025-03-05,Grocery,17826.75,Completed,Kolkata,20,Premium,2025-03-05 09:27:00,user1006@example.com,user1006,1980.75,S032,9,5,P7422,Low,2085.0,2460.3
U01007,TXN101007,East,2025-08-30,Books,2066.4,Pending,Mumbai,30,Basic,2025-08-30 13:30:00,user1007@example.com,user1007,2066.4,S043,1,30,P9747,Low,2952.0,3483.36
U01008,TXN101008,West,2026-01-29,Home,1612.8,Refunded,Delhi,55,Premium,2026-01-29 18:37:00,user1008@example.com,user1008,806.4,S100,2,10,P2942,High,896.0,1057.28
U01009,TXN101009,West,2025-09-22,Fashion,25856.0,Refunded,Mumbai,18,Basic,2025-09-22 21:03:00,user1009@example.com,user1009,3232.0,S039,8,20,P2983,Urgent,4040.0,4767.2
U01010,TXN101010,North,2025-10-25,Home,17298.75,Pending,Bengaluru,66,Basic,2025-10-25 07:04:00,user1010@example.com,user1010,3459.75,S088,5,25,P2069,High,4613.0,5443.34
U01011,TXN101011,East,2025-06-05,Grocery,1094.4,Refunded,Jaipur,60,Premium,2025-06-05 18:00:00,user1011@example.com,user1011,273.6,S040,4,5,P5829,Urgent,288.0,339.84
U01012,TXN101012,North,2026-02-16,Fashion,6808.0,Refunded,Bengaluru,27,Premium,2026-02-16 11:54:00,user1012@example.com,user1012,3404.0,S002,2,20,P2680,Urgent,4255.0,5020.9
U01013,TXN101013,South,2025-11-20,Fashion,34960.0,Completed,Chennai,69,Premium,2025-11-20 01:50:00,user1013@example.com,user1013,4370.0,S042,8,5,P3257,Medium,4600.0,5428.0
U01014,TXN101014,South,2026-04-01,Books,25104.8,Pending,Bengaluru,44,Premium,2026-04-01 12:38:00,user1014@example.com,user1014,3586.4,S079,7,20,P7350,Medium,4483.0,5289.94
U01015,TXN101015,South,2025-02-03,Home,20578.5,Pending,Hyderabad,40,Premium,2025-02-03 09:57:00,user1015@example.com,user1015,4115.7,S089,5,10,P7432,High,4573.0,5396.14
U01016,TXN101016,West,2025-02-24,Sports,13872.6,Completed,Jaipur,31,Basic,2025-02-24 05:43:00,user1016@example.com,user1016,1541.4,S043,9,30,P2264,Urgent,2202.0,2598.36
U01017,TXN101017,East,2026-04-24,Books,2390.4,Completed,Delhi,19,Free,2026-04-24 19:07:00,user1017@example.com,user1017,2390.4,S005,1,20,P5737,Low,2988.0,3525.84
U01018,TXN101018,North,2025-06-13,Sports,17385.0,Refunded,Mumbai,23,Premium,2025-06-13 02:32:00,user1018@example.com,user1018,1738.5,S077,10,5,P4616,Urgent,1830.0,2159.4
U01019,TXN101019,East,2025-05-16,Home,1037.4,Pending,Bengaluru,48,Basic,2025-05-16 02:10:00,user1019@example.com,user1019,345.8,S018,3,30,P5429,High,494.0,582.92
U01020,TXN101020,West,2025-03-05,Fashion,15864.0,Refunded,Delhi,47,Basic,2025-03-05 02:19:00,user1020@example.com,user1020,2644.0,S042,6,20,P7333,Urgent,3305.0,3899.9
U01021,TXN101021,East,2026-01-06,Grocery,18598.5,Completed,Bengaluru,43,Free,2026-01-06 13:22:00,user1021@example.com,user1021,3719.7,S056,5,10,P5939,High,4133.0,4876.94
U01022,TXN101022,West,2025-02-23,Fashion,720.8,Pending,Hyderabad,34,Premium,2025-02-23 20:28:00,user1022@example.com,user1022,360.4,S070,2,15,P6843,Medium,424.0,500.32
U01023,TXN101023,East,2025-02-16,Home,4629.6,Pending,Jaipur,37,Premium,2025-02-16 11:38:00,user1023@example.com,user1023,514.4,S090,9,20,P5480,Medium,643.0,758.74
U01024,TXN101024,East,2025-05-29,Grocery,11744.0,Refunded,Jaipur,60,Free,2025-05-29 15:16:00,user1024@example.com,user1024,1468.0,S039,8,0,P6419,High,1468.0,1732.24
U01025,TXN101025,East,2026-02-13,Home,12090.4,Completed,Bengaluru,25,Premium,2026-02-13 23:22:00,user1025@example.com,user1025,1511.3,S002,8,30,P6684,Urgent,2159.0,2547.62
U01026,TXN101026,North,2026-01-24,Books,25907.0,Failed,Mumbai,31,Premium,2026-01-24 10:47:00,user1026@example.com,user1026,2590.7,S030,10,30,P4740,Urgent,3701.0,4367.18
U01027,TXN101027,South,2025-08-12,Electronics,25687.2,Pending,Hyderabad,41,Free,2025-08-12 21:59:00,user1027@example.com,user1027,3210.9,S049,8,30,P3655,Low,4587.0,5412.66
U01028,TXN101028,North,2025-08-14,Books,1510.2,Completed,Chennai,48,Basic,2025-08-14 23:54:00,user1028@example.com,user1028,1510.2,S049,1,10,P7338,High,1678.0,1980.04
U01029,TXN101029,East,2026-04-16,Fashion,23624.0,Failed,Delhi,37,Free,2026-04-16 16:38:00,user1029@example.com,user1029,2362.4,S060,10,20,P7343,High,2953.0,3484.54
U01030,TXN101030,East,2026-03-21,Sports,3318.0,Completed,Pune,58,Basic,2026-03-21 16:44:00,user1030@example.com,user1030,553.0,S029,6,30,P5538,Medium,790.0,932.2
U01031,TXN101031,West,2026-02-05,Fashion,7212.0,Pending,Pune,23,Free,2026-02-05 20:57:00,user1031@example.com,user1031,3606.0,S088,2,0,P9931,Low,3606.0,4255.08
U01032,TXN101032,South,2026-03-11,Electronics,18792.0,Failed,Chennai,37,Basic,2026-03-11 23:23:00,user1032@example.com,user1032,3132.0,S071,6,25,P5041,High,4176.0,4927.68
U01033,TXN101033,West,2025-11-30,Electronics,13005.0,Failed,Kolkata,67,Premium,2025-11-30 20:03:00,user1033@example.com,user1033,2167.5,S045,6,25,P9864,Medium,2890.0,3410.2
U01034,TXN101034,East,2026-04-16,Grocery,17690.4,Completed,Kolkata,63,Premium,2026-04-16 04:05:00,user1034@example.com,user1034,2948.4,S045,6,10,P9839,Low,3276.0,3865.68
U01035,TXN101035,North,2026-03-28,Electronics,15260.0,Refunded,Pune,20,Premium,2026-03-28 18:42:00,user1035@example.com,user1035,1526.0,S100,10,0,P3482,Low,1526.0,1800.68
U01036,TXN101036,North,2025-12-21,Home,8438.8,Failed,Jaipur,33,Premium,2025-12-21 09:48:00,user1036@example.com,user1036,1054.85,S012,8,15,P7712,Low,1241.0,1464.38
U01037,TXN101037,North,2025-03-19,Electronics,2805.6,Completed,Chennai,19,Free,2025-03-19 07:15:00,user1037@example.com,user1037,350.7,S045,8,30,P1380,Medium,501.0,591.18
U01038,TXN101038,West,2026-04-30,Grocery,1709.1,Refunded,Bengaluru,56,Basic,2026-04-30 08:44:00,user1038@example.com,user1038,189.9,S029,9,10,P7904,Low,211.0,248.98
U01039,TXN101039,East,2025-04-03,Fashion,6200.25,Refunded,Jaipur,64,Premium,2025-04-03 21:18:00,user1039@example.com,user1039,885.75,S001,7,25,P1875,Medium,1181.0,1393.58
U01040,TXN101040,East,2025-10-16,Fashion,1825.5,Completed,Pune,48,Premium,2025-10-16 17:44:00,user1040@example.com,user1040,912.75,S026,2,25,P6840,Urgent,1217.0,1436.06
U01041,TXN101041,North,2026-02-21,Sports,2105.2,Failed,Pune,33,Free,2026-02-21 10:42:00,user1041@example.com,user1041,2105.2,S049,1,5,P4107,Medium,2216.0,2614.88
U01042,TXN101042,North,2025-04-28,Grocery,3580.2,Pending,Mumbai,40,Basic,2025-04-28 08:12:00,user1042@example.com,user1042,1790.1,S034,2,15,P2343,Medium,2106.0,2485.08
U01043,TXN101043,North,2025-12-28,Fashion,15408.0,Completed,Chennai,20,Premium,2025-12-28 12:10:00,user1043@example.com,user1043,3081.6,S023,5,10,P2095,Low,3424.0,4040.32
U01044,TXN101044,East,2026-01-16,Home,6844.5,Completed,Hyderabad,62,Premium,2026-01-16 16:29:00,user1044@example.com,user1044,1368.9,S055,5,10,P9465,Urgent,1521.0,1794.78
U01045,TXN101045,South,2025-08-09,Electronics,16636.2,Pending,Pune,49,Free,2025-08-09 20:21:00,user1045@example.com,user1045,2772.7,S020,6,30,P8084,Low,3961.0,4673.98
U01046,TXN101046,North,2025-12-17,Books,12709.2,Refunded,Jaipur,25,Premium,2025-12-17 09:19:00,user1046@example.com,user1046,4236.4,S091,3,15,P7481,Medium,4984.0,5881.12
U01047,TXN101047,South,2025-03-28,Fashion,885.0,Pending,Pune,53,Free,2025-03-28 11:23:00,user1047@example.com,user1047,442.5,S067,2,25,P8277,Low,590.0,696.2
U01048,TXN101048,South,2026-03-31,Electronics,786.6,Refunded,Mumbai,41,Premium,2026-03-31 16:06:00,user1048@example.com,user1048,393.3,S029,2,10,P8635,High,437.0,515.66
U01049,TXN101049,West,2025-06-01,Sports,15620.85,Failed,Mumbai,52,Premium,2025-06-01 18:15:00,user1049@example.com,user1049,1735.65,S044,9,5,P2196,High,1827.0,2155.86
U01050,TXN101050,West,2025-10-25,Electronics,1167.9,Completed,Kolkata,62,Free,2025-10-25 23:11:00,user1050@example.com,user1050,389.3,S049,3,15,P6059,Low,458.0,540.44
U01051,TXN101051,South,2026-01-18,Books,11049.75,Completed,Pune,36,Free,2026-01-18 21:52:00,user1051@example.com,user1051,1227.75,S099,9,25,P4197,Urgent,1637.0,1931.66
U01052,TXN101052,West,2025-12-15,Home,2096.8,Refunded,Mumbai,47,Premium,2025-12-15 18:32:00,user1052@example.com,user1052,2096.8,S033,1,20,P2603,Medium,2621.0,3092.78
U01053,TXN101053,North,2025-11-25,Fashion,5878.6,Refunded,Mumbai,39,Basic,2025-11-25 13:18:00,user1053@example.com,user1053,2939.3,S096,2,15,P1200,Urgent,3458.0,4080.44
U01054,TXN101054,North,2026-02-26,Grocery,1578.6,Completed,Hyderabad,42,Free,2026-02-26 04:54:00,user1054@example.com,user1054,789.3,S069,2,10,P2786,Urgent,877.0,1034.86
U01055,TXN101055,West,2025-01-19,Fashion,17696.25,Pending,Kolkata,39,Premium,2025-01-19 13:13:00,user1055@example.com,user1055,3539.25,S036,5,25,P3765,Urgent,4719.0,5568.42
U01056,TXN101056,South,2025-10-01,Home,16861.6,Refunded,Kolkata,64,Basic,2025-10-01 03:05:00,user1056@example.com,user1056,2408.8,S019,7,20,P2698,Urgent,3011.0,3552.98
U01057,TXN101057,South,2025-02-04,Grocery,732.0,Refunded,Chennai,33,Free,2025-02-04 03:51:00,user1057@example.com,user1057,732.0,S035,1,25,P3851,Low,976.0,1151.68
U01058,TXN101058,South,2025-09-12,Fashion,23751.0,Failed,Bengaluru,52,Basic,2025-09-12 07:48:00,user1058@example.com,user1058,2639.0,S031,9,30,P8687,Medium,3770.0,4448.6
U01059,TXN101059,North,2025-12-10,Electronics,636.5,Completed,Bengaluru,50,Premium,2025-12-10 13:49:00,user1059@example.com,user1059,636.5,S021,1,5,P3517,Low,670.0,790.6
U01060,TXN101060,North,2025-10-21,Fashion,10769.2,Completed,Delhi,67,Free,2025-10-21 16:11:00,user1060@example.com,user1060,2692.3,S076,4,5,P7450,Urgent,2834.0,3344.12
U01061,TXN101061,East,2025-05-13,Electronics,2562.75,Failed,Pune,44,Premium,2025-05-13 01:47:00,user1061@example.com,user1061,2562.75,S093,1,15,P1448,High,3015.0,3557.7
U01062,TXN101062,West,2025-07-13,Home,14520.0,Pending,Hyderabad,49,Basic,2025-07-13 21:08:00,user1062@example.com,user1062,1452.0,S058,10,20,P2547,Medium,1815.0,2141.7
U01063,TXN101063,East,2026-02-28,Sports,42075.0,Refunded,Hyderabad,70,Premium,2026-02-28 11:08:00,user1063@example.com,user1063,4207.5,S037,10,15,P8344,Medium,4950.0,5841.0
U01064,TXN101064,West,2025-10-18,Electronics,3717.35,Pending,Mumbai,47,Free,2025-10-18 10:37:00,user1064@example.com,user1064,531.05,S028,7,5,P8947,High,559.0,659.62
U01065,TXN101065,East,2025-04-12,Grocery,18883.2,Pending,Hyderabad,49,Basic,2025-04-12 06:06:00,user1065@example.com,user1065,3147.2,S098,6,20,P6348,Medium,3934.0,4642.12
U01066,TXN101066,North,2025-01-12,Books,8120.6,Completed,Chennai,25,Free,2025-01-12 22:50:00,user1066@example.com,user1066,2030.15,S030,4,5,P1340,Low,2137.0,2521.66
U01067,TXN101067,East,2026-02-01,Home,464.0,Completed,Chennai,65,Premium,2026-02-01 22:12:00,user1067@example.com,user1067,92.8,S076,5,20,P5282,High,116.0,136.88
U01068,TXN101068,South,2025-06-30,Grocery,2061.6,Pending,Mumbai,49,Free,2025-06-30 16:42:00,user1068@example.com,user1068,2061.6,S015,1,20,P2591,Low,2577.0,3040.86
U01069,TXN101069,East,2025-11-05,Sports,23006.4,Pending,Kolkata,20,Basic,2025-11-05 18:53:00,user1069@example.com,user1069,3834.4,S046,6,20,P3075,Low,4793.0,5655.74
U01070,TXN101070,South,2025-08-14,Grocery,39537.0,Failed,Hyderabad,40,Basic,2025-08-14 01:51:00,user1070@example.com,user1070,4393.0,S024,9,0,P3492,Low,4393.0,5183.74
U01071,TXN101071,West,2025-09-09,Books,14399.0,Failed,Jaipur,41,Basic,2025-09-09 00:14:00,user1071@example.com,user1071,2057.0,S085,7,15,P1693,Low,2420.0,2855.6
U01072,TXN101072,West,2026-04-24,Electronics,4214.7,Refunded,Mumbai,26,Free,2026-04-24 07:40:00,user1072@example.com,user1072,468.3,S085,9,30,P2288,Low,669.0,789.42
U01073,TXN101073,West,2026-03-13,Fashion,43182.0,Failed,Kolkata,55,Premium,2026-03-13 17:01:00,user1073@example.com,user1073,4798.0,S079,9,0,P6837,Medium,4798.0,5661.64
U01074,TXN101074,North,2026-03-24,Grocery,29610.0,Refunded,Hyderabad,31,Premium,2026-03-24 21:17:00,user1074@example.com,user1074,3290.0,S052,9,0,P3028,Low,3290.0,3882.2
U01075,TXN101075,North,2025-12-19,Electronics,148.4,Failed,Kolkata,68,Basic,2025-12-19 07:58:00,user1075@example.com,user1075,74.2,S036,2,30,P4482,High,106.0,125.08
U01076,TXN101076,North,2025-12-25,Fashion,2756.0,Pending,Delhi,44,Premium,2025-12-25 07:10:00,user1076@example.com,user1076,2756.0,S072,1,20,P6869,Urgent,3445.0,4065.1
U01077,TXN101077,North,2025-07-18,Home,6122.25,Failed,Bengaluru,58,Free,2025-07-18 10:19:00,user1077@example.com,user1077,680.25,S029,9,25,P2848,Medium,907.0,1070.26
U01078,TXN101078,East,2025-11-09,Electronics,3318.0,Pending,Jaipur,24,Free,2025-11-09 04:40:00,user1078@example.com,user1078,829.5,S004,4,30,P5144,Medium,1185.0,1398.3
U01079,TXN101079,East,2025-03-19,Books,21030.8,Refunded,Kolkata,20,Premium,2025-03-19 04:37:00,user1079@example.com,user1079,3004.4,S073,7,30,P5481,Urgent,4292.0,5064.56
U01080,TXN101080,East,2026-05-01,Electronics,11223.0,Pending,Chennai,23,Basic,2026-05-01 08:53:00,user1080@example.com,user1080,2805.75,S023,4,25,P4052,Urgent,3741.0,4414.38
U01081,TXN101081,North,2025-09-09,Fashion,8120.0,Refunded,Mumbai,33,Free,2025-09-09 10:19:00,user1081@example.com,user1081,4060.0,S089,2,0,P3558,Low,4060.0,4790.8
U01082,TXN101082,East,2025-10-24,Sports,28746.9,Refunded,Mumbai,65,Basic,2025-10-24 09:26:00,user1082@example.com,user1082,3194.1,S024,9,30,P6694,Medium,4563.0,5384.34
U01083,TXN101083,North,2025-06-16,Electronics,29280.0,Refunded,Chennai,31,Free,2025-06-16 06:47:00,user1083@example.com,user1083,2928.0,S066,10,20,P6337,Low,3660.0,4318.8
U01084,TXN101084,North,2025-03-24,Books,8438.8,Pending,Delhi,55,Basic,2025-03-24 07:02:00,user1084@example.com,user1084,1054.85,S042,8,15,P5856,Low,1241.0,1464.38
U01085,TXN101085,West,2025-10-05,Fashion,5497.2,Refunded,Mumbai,55,Basic,2025-10-05 15:45:00,user1085@example.com,user1085,1374.3,S017,4,10,P6500,Medium,1527.0,1801.86
U01086,TXN101086,West,2025-09-17,Home,5284.8,Pending,Delhi,18,Free,2025-09-17 17:15:00,user1086@example.com,user1086,2642.4,S099,2,10,P3302,Low,2936.0,3464.48
U01087,TXN101087,South,2025-02-02,Fashion,7664.0,Refunded,Kolkata,19,Premium,2025-02-02 23:52:00,user1087@example.com,user1087,3832.0,S018,2,20,P6121,Urgent,4790.0,5652.2
U01088,TXN101088,South,2025-07-28,Books,2463.3,Refunded,Chennai,41,Premium,2025-07-28 14:59:00,user1088@example.com,user1088,351.9,S047,7,10,P9846,Medium,391.0,461.38
U01089,TXN101089,North,2025-03-02,Sports,12594.0,Completed,Jaipur,28,Premium,2025-03-02 03:20:00,user1089@example.com,user1089,4198.0,S056,3,0,P2566,Low,4198.0,4953.64
U01090,TXN101090,South,2025-12-03,Fashion,2156.0,Completed,Mumbai,23,Free,2025-12-03 02:08:00,user1090@example.com,user1090,269.5,S066,8,30,P4360,High,385.0,454.3
U01091,TXN101091,West,2025-09-26,Electronics,39222.0,Completed,Hyderabad,23,Basic,2025-09-26 13:48:00,user1091@example.com,user1091,4358.0,S034,9,0,P1260,High,4358.0,5142.44
U01092,TXN101092,South,2025-08-06,Fashion,7473.6,Failed,Mumbai,19,Free,2025-08-06 17:21:00,user1092@example.com,user1092,1868.4,S016,4,10,P7683,Low,2076.0,2449.68
U01093,TXN101093,North,2025-12-26,Books,29155.0,Refunded,Mumbai,53,Premium,2025-12-26 20:56:00,user1093@example.com,user1093,2915.5,S026,10,30,P4648,Urgent,4165.0,4914.7
U01094,TXN101094,East,2025-10-24,Grocery,13326.0,Refunded,Jaipur,29,Premium,2025-10-24 21:23:00,user1094@example.com,user1094,3331.5,S053,4,25,P8098,Medium,4442.0,5241.56
U01095,TXN101095,South,2026-04-16,Fashion,3522.0,Completed,Mumbai,39,Basic,2026-04-16 04:01:00,user1095@example.com,user1095,1761.0,S021,2,25,P1894,Low,2348.0,2770.64
U01096,TXN101096,South,2025-01-14,Books,32340.0,Refunded,Jaipur,37,Basic,2025-01-14 13:03:00,user1096@example.com,user1096,3234.0,S064,10,0,P4689,Low,3234.0,3816.12
U01097,TXN101097,North,2025-03-24,Home,4145.45,Failed,Delhi,27,Free,2025-03-24 17:14:00,user1097@example.com,user1097,4145.45,S057,1,15,P9240,High,4877.0,5754.86
U01098,TXN101098,West,2025-09-19,Books,8473.5,Failed,Mumbai,61,Basic,2025-09-19 01:45:00,user1098@example.com,user1098,1210.5,S049,7,10,P4751,Urgent,1345.0,1587.1
U01099,TXN101099,West,2025-11-02,Home,2924.8,Pending,Mumbai,25,Basic,2025-11-02 05:33:00,user1099@example.com,user1099,2924.8,S023,1,20,P1077,Urgent,3656.0,4314.08
U01100,TXN101100,East,2025-05-24,Fashion,23076.0,Pending,Mumbai,62,Premium,2025-05-24 04:21:00,user1100@example.com,user1100,2884.5,S002,8,10,P9881,High,3205.0,3781.9
U01101,TXN101101,South,2025-09-08,Books,14590.0,Refunded,Mumbai,55,Free,2025-09-08 05:56:00,user1101@example.com,user1101,2918.0,S086,5,0,P9498,Medium,2918.0,3443.24
U01102,TXN101102,East,2025-02-02,Electronics,29137.5,Completed,Kolkata,43,Free,2025-02-02 00:55:00,user1102@example.com,user1102,2913.75,S077,10,25,P6771,Low,3885.0,4584.3
U01103,TXN101103,West,2025-04-24,Fashion,20813.1,Completed,Bengaluru,57,Basic,2025-04-24 10:41:00,user1103@example.com,user1103,3468.85,S042,6,15,P8282,Urgent,4081.0,4815.58
U01104,TXN101104,East,2025-08-25,Sports,16507.5,Completed,Chennai,25,Free,2025-08-25 18:35:00,user1104@example.com,user1104,1650.75,S021,10,25,P7767,High,2201.0,2597.18
U01105,TXN101105,North,2025-04-26,Fashion,2652.0,Pending,Chennai,70,Premium,2025-04-26 01:52:00,user1105@example.com,user1105,2652.0,S059,1,25,P9245,High,3536.0,4172.48
U01106,TXN101106,East,2025-03-22,Electronics,7938.0,Failed,Delhi,62,Basic,2025-03-22 23:38:00,user1106@example.com,user1106,3969.0,S071,2,10,P8070,Urgent,4410.0,5203.8
U01107,TXN101107,East,2026-01-26,Grocery,9006.0,Failed,Bengaluru,20,Free,2026-01-26 14:10:00,user1107@example.com,user1107,1125.75,S025,8,25,P3805,Medium,1501.0,1771.18
U01108,TXN101108,East,2025-02-27,Fashion,18860.0,Completed,Hyderabad,30,Premium,2025-02-27 03:40:00,user1108@example.com,user1108,4715.0,S071,4,0,P1525,Low,4715.0,5563.7
U01109,TXN101109,South,2025-08-12,Grocery,9690.0,Failed,Pune,44,Free,2025-08-12 17:32:00,user1109@example.com,user1109,969.0,S075,10,0,P5194,Urgent,969.0,1143.42
U01110,TXN101110,North,2025-05-26,Fashion,21072.0,Completed,Bengaluru,59,Basic,2025-05-26 22:35:00,user1110@example.com,user1110,2634.0,S016,8,0,P6095,Medium,2634.0,3108.12
U01111,TXN101111,East,2025-02-20,Grocery,2721.6,Failed,Pune,67,Premium,2025-02-20 10:38:00,user1111@example.com,user1111,453.6,S050,6,20,P4552,Medium,567.0,669.06
U01112,TXN101112,West,2025-01-30,Fashion,5558.0,Pending,Pune,33,Free,2025-01-30 03:39:00,user1112@example.com,user1112,1111.6,S007,5,30,P2516,Low,1588.0,1873.84
U01113,TXN101113,North,2025-10-31,Grocery,13909.0,Pending,Mumbai,39,Free,2025-10-31 06:00:00,user1113@example.com,user1113,1987.0,S065,7,0,P6943,Low,1987.0,2344.66
U01114,TXN101114,West,2025-10-12,Home,10704.6,Pending,Jaipur,32,Free,2025-10-12 20:09:00,user1114@example.com,user1114,1189.4,S079,9,5,P2256,Low,1252.0,1477.36
U01115,TXN101115,South,2025-12-08,Grocery,3929.8,Refunded,Chennai,43,Basic,2025-12-08 14:42:00,user1115@example.com,user1115,561.4,S040,7,30,P9011,Medium,802.0,946.36
U01116,TXN101116,North,2025-01-21,Electronics,7370.1,Failed,Mumbai,60,Basic,2025-01-21 06:00:00,user1116@example.com,user1116,1228.35,S100,6,5,P3323,High,1293.0,1525.74
U01117,TXN101117,North,2026-01-17,Books,11790.8,Completed,Chennai,41,Basic,2026-01-17 03:27:00,user1117@example.com,user1117,2947.7,S010,4,30,P6581,Low,4211.0,4968.98
U01118,TXN101118,West,2026-03-31,Electronics,6612.0,Refunded,Hyderabad,41,Free,2026-03-31 08:35:00,user1118@example.com,user1118,1653.0,S100,4,5,P7593,Low,1740.0,2053.2
U01119,TXN101119,East,2025-11-17,Electronics,10143.0,Failed,Jaipur,44,Free,2025-11-17 13:04:00,user1119@example.com,user1119,1014.3,S070,10,10,P2012,High,1127.0,1329.86
U01120,TXN101120,West,2025-12-18,Grocery,10548.0,Pending,Bengaluru,33,Free,2025-12-18 20:29:00,user1120@example.com,user1120,1318.5,S068,8,10,P4102,Low,1465.0,1728.7
U01121,TXN101121,South,2026-02-21,Grocery,17881.6,Pending,Chennai,58,Free,2026-02-21 05:31:00,user1121@example.com,user1121,2235.2,S083,8,20,P2062,Urgent,2794.0,3296.92
U01122,TXN101122,North,2025-10-02,Grocery,2651.6,Failed,Jaipur,52,Free,2025-10-02 16:19:00,user1122@example.com,user1122,2651.6,S047,1,30,P2317,Medium,3788.0,4469.84
U01123,TXN101123,West,2025-11-19,Grocery,20614.5,Refunded,Chennai,70,Free,2025-11-19 17:15:00,user1123@example.com,user1123,3435.75,S065,6,25,P7705,Low,4581.0,5405.58
U01124,TXN101124,North,2025-11-09,Books,23342.4,Failed,Delhi,46,Free,2025-11-09 08:13:00,user1124@example.com,user1124,2593.6,S060,9,20,P4680,Low,3242.0,3825.56
U01125,TXN101125,North,2025-03-17,Grocery,13396.0,Completed,Bengaluru,40,Premium,2025-03-17 15:13:00,user1125@example.com,user1125,3349.0,S075,4,15,P1938,Medium,3940.0,4649.2
U01126,TXN101126,West,2025-02-24,Electronics,21564.5,Refunded,Hyderabad,69,Free,2025-02-24 22:24:00,user1126@example.com,user1126,2156.45,S094,10,15,P1426,Medium,2537.0,2993.66
U01127,TXN101127,South,2025-04-02,Grocery,6615.0,Pending,Pune,32,Premium,2025-04-02 20:13:00,user1127@example.com,user1127,1653.75,S031,4,25,P8920,Urgent,2205.0,2601.9
U01128,TXN101128,South,2025-01-29,Sports,5152.8,Pending,Bengaluru,56,Free,2025-01-29 17:43:00,user1128@example.com,user1128,1717.6,S041,3,20,P7602,High,2147.0,2533.46
U01129,TXN101129,North,2025-05-19,Books,20212.5,Completed,Jaipur,35,Basic,2025-05-19 15:59:00,user1129@example.com,user1129,2887.5,S036,7,30,P1922,Urgent,4125.0,4867.5
U01130,TXN101130,South,2026-03-22,Sports,5458.5,Refunded,Chennai,26,Premium,2026-03-22 01:57:00,user1130@example.com,user1130,909.75,S035,6,25,P4974,Urgent,1213.0,1431.34
U01131,TXN101131,South,2025-08-06,Grocery,6316.8,Completed,Chennai,47,Free,2025-08-06 08:34:00,user1131@example.com,user1131,3158.4,S034,2,20,P1620,Urgent,3948.0,4658.64
U01132,TXN101132,South,2025-02-01,Fashion,21266.0,Pending,Delhi,69,Free,2025-02-01 11:35:00,user1132@example.com,user1132,3038.0,S095,7,0,P3891,High,3038.0,3584.84
U01133,TXN101133,North,2026-04-29,Electronics,5479.2,Completed,Kolkata,22,Premium,2026-04-29 13:05:00,user1133@example.com,user1133,2739.6,S017,2,10,P1941,Low,3044.0,3591.92
U01134,TXN101134,East,2025-06-21,Home,15656.0,Refunded,Jaipur,48,Basic,2025-06-21 13:52:00,user1134@example.com,user1134,1565.6,S026,10,20,P9831,Medium,1957.0,2309.26
U01135,TXN101135,South,2026-04-27,Books,28515.2,Pending,Mumbai,27,Basic,2026-04-27 16:46:00,user1135@example.com,user1135,3564.4,S002,8,5,P4171,Urgent,3752.0,4427.36
U01136,TXN101136,East,2025-05-20,Fashion,3773.0,Refunded,Hyderabad,63,Free,2025-05-20 23:43:00,user1136@example.com,user1136,754.6,S025,5,30,P6001,Urgent,1078.0,1272.04
U01137,TXN101137,North,2025-09-16,Home,2148.9,Completed,Pune,22,Free,2025-09-16 02:03:00,user1137@example.com,user1137,2148.9,S074,1,5,P3625,Low,2262.0,2669.16
U01138,TXN101138,East,2025-01-10,Grocery,22132.8,Completed,Kolkata,30,Free,2025-01-10 17:12:00,user1138@example.com,user1138,3688.8,S089,6,20,P8712,High,4611.0,5440.98
U01139,TXN101139,East,2025-06-13,Home,3427.2,Completed,Pune,28,Free,2025-06-13 00:16:00,user1139@example.com,user1139,3427.2,S094,1,20,P9239,Medium,4284.0,5055.12
U01140,TXN101140,East,2025-10-05,Home,1649.25,Pending,Jaipur,38,Basic,2025-10-05 17:15:00,user1140@example.com,user1140,1649.25,S044,1,25,P2088,High,2199.0,2594.82
U01141,TXN101141,North,2025-02-09,Home,3289.5,Refunded,Delhi,36,Free,2025-02-09 19:49:00,user1141@example.com,user1141,1644.75,S098,2,25,P1717,Urgent,2193.0,2587.74
U01142,TXN101142,East,2025-05-25,Fashion,1745.6,Pending,Hyderabad,47,Free,2025-05-25 02:06:00,user1142@example.com,user1142,1745.6,S011,1,20,P1622,Low,2182.0,2574.76
U01143,TXN101143,West,2025-05-10,Grocery,9401.4,Pending,Delhi,49,Basic,2025-05-10 20:10:00,user1143@example.com,user1143,1566.9,S008,6,10,P2726,Low,1741.0,2054.38
U01144,TXN101144,East,2025-05-03,Fashion,2024.7,Pending,Jaipur,53,Free,2025-05-03 01:51:00,user1144@example.com,user1144,674.9,S083,3,15,P2215,Urgent,794.0,936.92
U01145,TXN101145,South,2026-04-20,Books,13352.25,Failed,Pune,31,Basic,2026-04-20 17:04:00,user1145@example.com,user1145,4450.75,S071,3,5,P6953,Medium,4685.0,5528.3
U01146,TXN101146,West,2025-10-30,Fashion,21554.4,Pending,Mumbai,68,Basic,2025-10-30 03:50:00,user1146@example.com,user1146,3079.2,S089,7,20,P7176,Urgent,3849.0,4541.82
U01147,TXN101147,East,2025-03-21,Grocery,3415.0,Completed,Chennai,39,Premium,2025-03-21 18:08:00,user1147@example.com,user1147,3415.0,S037,1,0,P3576,Low,3415.0,4029.7
U01148,TXN101148,North,2026-02-23,Electronics,15646.5,Failed,Mumbai,70,Free,2026-02-23 17:02:00,user1148@example.com,user1148,2607.75,S085,6,25,P7127,Medium,3477.0,4102.86
U01149,TXN101149,North,2025-10-26,Fashion,18390.4,Refunded,Bengaluru,55,Free,2025-10-26 10:33:00,user1149@example.com,user1149,2627.2,S023,7,20,P6806,Low,3284.0,3875.12
U01150,TXN101150,North,2025-08-11,Home,3030.0,Failed,Hyderabad,31,Basic,2025-08-11 02:17:00,user1150@example.com,user1150,757.5,S004,4,25,P2762,Medium,1010.0,1191.8
U01151,TXN101151,West,2025-07-26,Grocery,2301.0,Completed,Bengaluru,29,Free,2025-07-26 05:34:00,user1151@example.com,user1151,2301.0,S054,1,0,P6514,Low,2301.0,2715.18
U01152,TXN101152,North,2025-04-15,Sports,7133.0,Completed,Hyderabad,66,Free,2025-04-15 18:33:00,user1152@example.com,user1152,713.3,S022,10,30,P5702,High,1019.0,1202.42
U01153,TXN101153,West,2025-01-22,Books,4427.0,Failed,Kolkata,27,Basic,2025-01-22 15:30:00,user1153@example.com,user1153,442.7,S009,10,5,P5934,High,466.0,549.88
U01154,TXN101154,South,2025-09-01,Sports,40971.6,Refunded,Mumbai,40,Basic,2025-09-01 10:13:00,user1154@example.com,user1154,4552.4,S082,9,5,P7735,Urgent,4792.0,5654.56
U01155,TXN101155,South,2025-09-03,Books,4252.0,Refunded,Delhi,45,Basic,2025-09-03 19:51:00,user1155@example.com,user1155,850.4,S088,5,20,P4059,Medium,1063.0,1254.34
U01156,TXN101156,South,2025-03-25,Home,35136.0,Failed,Chennai,47,Premium,2025-03-25 19:33:00,user1156@example.com,user1156,3904.0,S002,9,20,P8096,Medium,4880.0,5758.4
U01157,TXN101157,West,2025-03-11,Books,6984.0,Failed,Chennai,27,Free,2025-03-11 14:17:00,user1157@example.com,user1157,1396.8,S020,5,20,P3809,Medium,1746.0,2060.28
U01158,TXN101158,South,2026-01-02,Sports,1912.0,Failed,Pune,30,Premium,2026-01-02 05:33:00,user1158@example.com,user1158,1912.0,S067,1,0,P9606,Urgent,1912.0,2256.16
U01159,TXN101159,West,2025-01-03,Grocery,8586.0,Failed,Bengaluru,48,Premium,2025-01-03 01:29:00,user1159@example.com,user1159,1431.0,S073,6,10,P9190,High,1590.0,1876.2
U01160,TXN101160,East,2025-08-26,Electronics,29023.2,Pending,Delhi,59,Premium,2025-08-26 08:20:00,user1160@example.com,user1160,3627.9,S083,8,10,P3776,Urgent,4031.0,4756.58
U01161,TXN101161,South,2026-04-13,Sports,15307.2,Pending,Pune,46,Premium,2026-04-13 09:02:00,user1161@example.com,user1161,1700.8,S040,9,20,P9829,Urgent,2126.0,2508.68
U01162,TXN101162,North,2025-02-04,Electronics,4078.8,Pending,Hyderabad,28,Premium,2025-02-04 19:26:00,user1162@example.com,user1162,4078.8,S045,1,10,P3005,Urgent,4532.0,5347.76
U01163,TXN101163,South,2026-02-20,Sports,2788.0,Refunded,Delhi,24,Basic,2026-02-20 03:40:00,user1163@example.com,user1163,557.6,S032,5,15,P8217,Urgent,656.0,774.08
U01164,TXN101164,South,2026-02-03,Books,6796.0,Completed,Bengaluru,27,Basic,2026-02-03 22:05:00,user1164@example.com,user1164,1359.2,S033,5,20,P1836,High,1699.0,2004.82
U01165,TXN101165,South,2025-02-08,Books,14124.0,Refunded,Pune,43,Free,2025-02-08 03:17:00,user1165@example.com,user1165,2354.0,S065,6,0,P3489,Urgent,2354.0,2777.72
U01166,TXN101166,North,2025-04-04,Home,11355.0,Refunded,Jaipur,70,Premium,2025-04-04 21:34:00,user1166@example.com,user1166,1135.5,S097,10,25,P9663,Low,1514.0,1786.52
U01167,TXN101167,North,2026-02-09,Fashion,7433.25,Pending,Mumbai,57,Premium,2026-02-09 02:18:00,user1167@example.com,user1167,2477.75,S085,3,15,P9774,High,2915.0,3439.7
U01168,TXN101168,South,2025-05-14,Books,13580.0,Refunded,Kolkata,40,Free,2025-05-14 21:31:00,user1168@example.com,user1168,1940.0,S079,7,20,P5410,Urgent,2425.0,2861.5
U01169,TXN101169,North,2025-08-14,Books,5633.6,Pending,Jaipur,68,Premium,2025-08-14 18:27:00,user1169@example.com,user1169,2816.8,S086,2,20,P4012,Urgent,3521.0,4154.78
U01170,TXN101170,North,2026-02-17,Electronics,5659.5,Completed,Hyderabad,66,Basic,2026-02-17 06:01:00,user1170@example.com,user1170,808.5,S041,7,25,P2194,Medium,1078.0,1272.04
U01171,TXN101171,East,2025-03-18,Grocery,796.5,Pending,Jaipur,55,Premium,2025-03-18 15:50:00,user1171@example.com,user1171,265.5,S085,3,25,P2643,High,354.0,417.72
U01172,TXN101172,South,2025-12-28,Sports,1225.0,Refunded,Jaipur,69,Free,2025-12-28 11:28:00,user1172@example.com,user1172,175.0,S052,7,0,P8244,Medium,175.0,206.5
U01173,TXN101173,South,2025-01-27,Sports,1054.8,Failed,Delhi,30,Free,2025-01-27 13:31:00,user1173@example.com,user1173,263.7,S026,4,10,P7308,Low,293.0,345.74
U01174,TXN101174,East,2025-06-28,Books,13640.0,Failed,Chennai,63,Free,2025-06-28 14:03:00,user1174@example.com,user1174,3410.0,S076,4,0,P4983,Low,3410.0,4023.8
U01175,TXN101175,South,2025-10-08,Home,2410.4,Pending,Delhi,33,Free,2025-10-08 15:38:00,user1175@example.com,user1175,2410.4,S006,1,20,P9388,Low,3013.0,3555.34
U01176,TXN101176,West,2026-01-24,Grocery,17901.0,Pending,Bengaluru,48,Free,2026-01-24 06:23:00,user1176@example.com,user1176,1790.1,S092,10,10,P9482,Medium,1989.0,2347.02
U01177,TXN101177,East,2025-05-11,Fashion,497.6,Refunded,Jaipur,69,Basic,2025-05-11 02:44:00,user1177@example.com,user1177,248.8,S032,2,20,P3766,High,311.0,366.98
U01178,TXN101178,West,2026-01-13,Books,13781.25,Completed,Pune,53,Free,2026-01-13 04:57:00,user1178@example.com,user1178,1968.75,S049,7,25,P8392,Urgent,2625.0,3097.5
U01179,TXN101179,West,2025-01-21,Grocery,5500.8,Completed,Hyderabad,18,Basic,2025-01-21 19:45:00,user1179@example.com,user1179,1833.6,S098,3,20,P5824,High,2292.0,2704.56
U01180,TXN101180,South,2025-02-09,Sports,31591.0,Pending,Bengaluru,70,Free,2025-02-09 19:50:00,user1180@example.com,user1180,4513.0,S052,7,0,P5836,Urgent,4513.0,5325.34
U01181,TXN101181,North,2025-09-30,Fashion,3285.1,Pending,Jaipur,43,Free,2025-09-30 20:56:00,user1181@example.com,user1181,469.3,S004,7,5,P5530,Medium,494.0,582.92
U01182,TXN101182,North,2025-03-29,Sports,11131.2,Completed,Pune,67,Free,2025-03-29 03:19:00,user1182@example.com,user1182,1236.8,S047,9,20,P8004,Urgent,1546.0,1824.28
U01183,TXN101183,West,2026-05-01,Books,15080.0,Failed,Chennai,60,Free,2026-05-01 23:05:00,user1183@example.com,user1183,3770.0,S074,4,0,P5736,Medium,3770.0,4448.6
U01184,TXN101184,West,2025-03-20,Electronics,884.8,Completed,Kolkata,52,Basic,2025-03-20 04:10:00,user1184@example.com,user1184,221.2,S099,4,30,P6985,Medium,316.0,372.88
U01185,TXN101185,East,2025-09-16,Electronics,6781.5,Refunded,Delhi,52,Premium,2025-09-16 21:38:00,user1185@example.com,user1185,2260.5,S059,3,25,P7896,Low,3014.0,3556.52
U01186,TXN101186,North,2025-06-23,Fashion,9222.75,Pending,Mumbai,52,Premium,2025-06-23 04:15:00,user1186@example.com,user1186,3074.25,S030,3,25,P9562,Low,4099.0,4836.82
U01187,TXN101187,South,2026-02-18,Grocery,342.9,Failed,Pune,47,Free,2026-02-18 20:42:00,user1187@example.com,user1187,342.9,S016,1,10,P6960,High,381.0,449.58
U01188,TXN101188,East,2025-01-29,Sports,7254.75,Refunded,Mumbai,26,Basic,2025-01-29 21:38:00,user1188@example.com,user1188,1450.95,S002,5,15,P6244,Low,1707.0,2014.26
U01189,TXN101189,South,2025-05-11,Books,1980.0,Pending,Pune,57,Free,2025-05-11 16:19:00,user1189@example.com,user1189,1980.0,S049,1,20,P5378,Urgent,2475.0,2920.5
U01190,TXN101190,East,2025-11-03,Sports,39096.0,Pending,Bengaluru,34,Premium,2025-11-03 22:34:00,user1190@example.com,user1190,4887.0,S039,8,0,P4312,High,4887.0,5766.66
U01191,TXN101191,South,2025-08-17,Grocery,4309.2,Pending,Delhi,38,Free,2025-08-17 14:09:00,user1191@example.com,user1191,1436.4,S087,3,5,P9949,Medium,1512.0,1784.16
U01192,TXN101192,West,2026-01-27,Electronics,19912.5,Failed,Mumbai,60,Premium,2026-01-27 03:29:00,user1192@example.com,user1192,3318.75,S032,6,25,P6874,High,4425.0,5221.5
U01193,TXN101193,North,2026-02-27,Grocery,13179.25,Pending,Kolkata,32,Free,2026-02-27 22:53:00,user1193@example.com,user1193,2635.85,S062,5,15,P4385,Urgent,3101.0,3659.18
U01194,TXN101194,South,2025-01-30,Books,7595.1,Completed,Jaipur,43,Premium,2025-01-30 08:31:00,user1194@example.com,user1194,2531.7,S066,3,10,P6132,Low,2813.0,3319.34
U01195,TXN101195,East,2025-12-21,Electronics,22626.0,Pending,Jaipur,40,Basic,2025-12-21 11:40:00,user1195@example.com,user1195,2262.6,S088,10,10,P4567,Low,2514.0,2966.52
U01196,TXN101196,West,2025-12-30,Books,3136.5,Refunded,Chennai,70,Free,2025-12-30 15:54:00,user1196@example.com,user1196,313.65,S085,10,15,P8177,Low,369.0,435.42
U01197,TXN101197,West,2025-07-28,Home,11015.2,Pending,Pune,70,Premium,2025-07-28 02:11:00,user1197@example.com,user1197,1573.6,S012,7,30,P3430,Urgent,2248.0,2652.64
U01198,TXN101198,South,2025-05-02,Books,7046.4,Failed,Bengaluru,34,Premium,2025-05-02 07:02:00,user1198@example.com,user1198,2348.8,S091,3,20,P5778,Medium,2936.0,3464.48
U01199,TXN101199,West,2025-01-18,Sports,14937.6,Pending,Hyderabad,31,Basic,2025-01-18 10:16:00,user1199@example.com,user1199,2489.6,S044,6,20,P5420,Medium,3112.0,3672.16
U01200,TXN101200,West,2026-03-06,Books,8196.0,Pending,Jaipur,69,Basic,2026-03-06 07:02:00,user1200@example.com,user1200,2732.0,S027,3,20,P2356,Low,3415.0,4029.7
U01201,TXN101201,West,2025-03-03,Sports,306.0,Completed,Chennai,62,Premium,2025-03-03 22:16:00,user1201@example.com,user1201,102.0,S040,3,0,P8935,Low,102.0,120.36
U01202,TXN101202,West,2025-07-14,Sports,9704.25,Failed,Mumbai,67,Premium,2025-07-14 17:40:00,user1202@example.com,user1202,3234.75,S082,3,25,P2006,Low,4313.0,5089.34
U01203,TXN101203,West,2025-10-17,Sports,2038.3,Completed,Delhi,21,Free,2025-10-17 07:33:00,user1203@example.com,user1203,1019.15,S028,2,15,P8182,Urgent,1199.0,1414.82
U01204,TXN101204,West,2025-10-14,Books,14911.2,Pending,Pune,55,Premium,2025-10-14 04:43:00,user1204@example.com,user1204,1863.9,S035,8,10,P4215,High,2071.0,2443.78
U01205,TXN101205,West,2026-03-04,Books,2833.05,Pending,Delhi,38,Basic,2026-03-04 21:58:00,user1205@example.com,user1205,944.35,S042,3,15,P2696,Low,1111.0,1310.98
U01206,TXN101206,North,2025-03-08,Sports,11907.0,Failed,Kolkata,61,Basic,2025-03-08 02:52:00,user1206@example.com,user1206,1323.0,S042,9,0,P6935,Medium,1323.0,1561.14
U01207,TXN101207,East,2025-09-21,Home,1224.55,Failed,Jaipur,41,Premium,2025-09-21 16:43:00,user1207@example.com,user1207,1224.55,S028,1,5,P5761,Medium,1289.0,1521.02
U01208,TXN101208,North,2025-10-16,Sports,28154.7,Refunded,Kolkata,27,Basic,2025-10-16 09:58:00,user1208@example.com,user1208,3128.3,S067,9,30,P2060,Medium,4469.0,5273.42
U01209,TXN101209,South,2025-11-11,Grocery,9761.25,Completed,Kolkata,32,Free,2025-11-11 11:51:00,user1209@example.com,user1209,3253.75,S017,3,5,P9680,High,3425.0,4041.5
U01210,TXN101210,West,2026-02-26,Fashion,12523.2,Completed,Bengaluru,21,Premium,2026-02-26 03:48:00,user1210@example.com,user1210,2087.2,S008,6,20,P3212,High,2609.0,3078.62
U01211,TXN101211,North,2025-11-23,Sports,19828.8,Completed,Delhi,47,Basic,2025-11-23 15:34:00,user1211@example.com,user1211,3304.8,S058,6,15,P9986,Low,3888.0,4587.84
U01212,TXN101212,North,2026-01-14,Fashion,1335.7,Refunded,Jaipur,41,Free,2026-01-14 01:36:00,user1212@example.com,user1212,1335.7,S045,1,5,P1343,Urgent,1406.0,1659.08
U01213,TXN101213,West,2025-08-09,Electronics,7350.0,Refunded,Jaipur,38,Free,2025-08-09 15:15:00,user1213@example.com,user1213,735.0,S088,10,30,P2676,Medium,1050.0,1239.0
U01214,TXN101214,North,2025-05-10,Books,524.4,Failed,Kolkata,26,Premium,2025-05-10 04:37:00,user1214@example.com,user1214,174.8,S029,3,5,P4533,Medium,184.0,217.12
U01215,TXN101215,West,2025-05-05,Sports,2319.9,Completed,Mumbai,50,Free,2025-05-05 19:00:00,user1215@example.com,user1215,773.3,S068,3,5,P5428,Low,814.0,960.52
U01216,TXN101216,South,2025-09-21,Fashion,9636.0,Refunded,Jaipur,47,Basic,2025-09-21 15:10:00,user1216@example.com,user1216,1606.0,S091,6,0,P6932,Medium,1606.0,1895.08
U01217,TXN101217,North,2025-03-24,Books,2169.9,Pending,Hyderabad,19,Basic,2025-03-24 21:06:00,user1217@example.com,user1217,2169.9,S094,1,10,P8259,High,2411.0,2844.98
U01218,TXN101218,North,2025-05-25,Home,10776.0,Failed,Mumbai,43,Premium,2025-05-25 09:26:00,user1218@example.com,user1218,1077.6,S075,10,20,P7439,Urgent,1347.0,1589.46
U01219,TXN101219,South,2025-12-21,Home,34308.0,Pending,Mumbai,22,Free,2025-12-21 22:48:00,user1219@example.com,user1219,3430.8,S084,10,10,P6301,Medium,3812.0,4498.16
U01220,TXN101220,North,2025-04-06,Books,25357.5,Refunded,Pune,37,Basic,2025-04-06 21:36:00,user1220@example.com,user1220,3622.5,S077,7,10,P5534,Urgent,4025.0,4749.5
U01221,TXN101221,South,2025-08-12,Electronics,5613.3,Refunded,Hyderabad,34,Free,2025-08-12 07:07:00,user1221@example.com,user1221,623.7,S074,9,10,P2174,Urgent,693.0,817.74
U01222,TXN101222,South,2025-02-12,Books,9792.0,Refunded,Hyderabad,41,Premium,2025-02-12 17:55:00,user1222@example.com,user1222,1088.0,S035,9,15,P4690,Medium,1280.0,1510.4
U01223,TXN101223,West,2025-11-24,Grocery,10842.3,Failed,Pune,32,Basic,2025-11-24 21:07:00,user1223@example.com,user1223,1204.7,S046,9,30,P6953,Urgent,1721.0,2030.78
U01224,TXN101224,West,2025-03-12,Home,6343.2,Refunded,Jaipur,33,Premium,2025-03-12 01:44:00,user1224@example.com,user1224,704.8,S055,9,20,P8981,Urgent,881.0,1039.58
U01225,TXN101225,East,2025-02-15,Grocery,17022.6,Failed,Mumbai,51,Premium,2025-02-15 04:54:00,user1225@example.com,user1225,2431.8,S008,7,10,P7305,Urgent,2702.0,3188.36
U01226,TXN101226,West,2025-03-28,Home,2980.8,Refunded,Pune,56,Basic,2025-03-28 16:51:00,user1226@example.com,user1226,1490.4,S090,2,10,P2273,Urgent,1656.0,1954.08
U01227,TXN101227,North,2026-02-28,Grocery,1528.8,Failed,Hyderabad,18,Premium,2026-02-28 12:18:00,user1227@example.com,user1227,218.4,S095,7,30,P8738,Low,312.0,368.16
U01228,TXN101228,North,2025-09-23,Sports,28368.0,Failed,Kolkata,63,Basic,2025-09-23 06:41:00,user1228@example.com,user1228,3546.0,S041,8,10,P1700,Low,3940.0,4649.2
U01229,TXN101229,North,2025-12-29,Grocery,15946.0,Completed,Pune,58,Premium,2025-12-29 19:49:00,user1229@example.com,user1229,3189.2,S020,5,15,P5938,Urgent,3752.0,4427.36
U01230,TXN101230,East,2026-04-23,Home,44172.0,Refunded,Pune,70,Basic,2026-04-23 21:56:00,user1230@example.com,user1230,4908.0,S096,9,0,P7360,Urgent,4908.0,5791.44
U01231,TXN101231,West,2025-03-10,Fashion,32137.5,Pending,Kolkata,32,Premium,2025-03-10 01:28:00,user1231@example.com,user1231,3213.75,S059,10,25,P3261,Medium,4285.0,5056.3
U01232,TXN101232,East,2026-04-19,Grocery,6221.25,Failed,Chennai,45,Premium,2026-04-19 02:38:00,user1232@example.com,user1232,2073.75,S066,3,25,P2437,High,2765.0,3262.7
U01233,TXN101233,East,2026-02-10,Sports,15445.5,Pending,Mumbai,68,Free,2026-02-10 01:07:00,user1233@example.com,user1233,2206.5,S051,7,25,P3716,High,2942.0,3471.56
U01234,TXN101234,East,2025-04-30,Books,3457.8,Pending,Kolkata,37,Premium,2025-04-30 22:55:00,user1234@example.com,user1234,1728.9,S009,2,10,P5679,Urgent,1921.0,2266.78
U01235,TXN101235,East,2026-02-22,Home,20786.0,Refunded,Bengaluru,53,Premium,2026-02-22 16:02:00,user1235@example.com,user1235,4157.2,S073,5,5,P9718,Urgent,4376.0,5163.68
U01236,TXN101236,North,2026-01-18,Electronics,5078.5,Completed,Chennai,66,Premium,2026-01-18 08:06:00,user1236@example.com,user1236,1015.7,S081,5,30,P5567,Medium,1451.0,1712.18
U01237,TXN101237,South,2025-01-08,Grocery,13007.4,Refunded,Bengaluru,65,Free,2025-01-08 03:30:00,user1237@example.com,user1237,3251.85,S047,4,5,P4053,Low,3423.0,4039.14
U01238,TXN101238,South,2026-01-15,Books,3941.6,Pending,Pune,32,Basic,2026-01-15 04:25:00,user1238@example.com,user1238,3941.6,S020,1,20,P5133,Urgent,4927.0,5813.86
U01239,TXN101239,North,2025-05-06,Fashion,10183.2,Refunded,Mumbai,41,Basic,2025-05-06 07:15:00,user1239@example.com,user1239,3394.4,S027,3,20,P4405,Urgent,4243.0,5006.74
U01240,TXN101240,South,2025-05-09,Sports,10700.8,Failed,Chennai,48,Free,2025-05-09 05:54:00,user1240@example.com,user1240,2675.2,S002,4,5,P1586,Low,2816.0,3322.88
U01241,TXN101241,West,2025-03-23,Electronics,3080.7,Completed,Kolkata,53,Basic,2025-03-23 22:02:00,user1241@example.com,user1241,440.1,S077,7,10,P6332,Medium,489.0,577.02
U01242,TXN101242,East,2025-03-05,Grocery,2131.8,Completed,Hyderabad,20,Premium,2025-03-05 05:22:00,user1242@example.com,user1242,2131.8,S068,1,15,P6808,Medium,2508.0,2959.44
U01243,TXN101243,North,2025-07-11,Fashion,1674.0,Pending,Chennai,59,Premium,2025-07-11 06:32:00,user1243@example.com,user1243,209.25,S056,8,25,P6875,Urgent,279.0,329.22
U01244,TXN101244,East,2025-12-30,Home,23460.0,Pending,Delhi,24,Basic,2025-12-30 12:02:00,user1244@example.com,user1244,3910.0,S067,6,15,P9002,High,4600.0,5428.0
U01245,TXN101245,East,2026-03-28,Sports,22968.0,Refunded,Jaipur,66,Premium,2026-03-28 11:40:00,user1245@example.com,user1245,2552.0,S089,9,20,P3144,Medium,3190.0,3764.2
U01246,TXN101246,North,2026-02-07,Grocery,2320.8,Refunded,Kolkata,44,Free,2026-02-07 16:03:00,user1246@example.com,user1246,773.6,S074,3,20,P3206,Urgent,967.0,1141.06
U01247,TXN101247,South,2025-01-07,Fashion,17362.5,Completed,Mumbai,64,Free,2025-01-07 19:52:00,user1247@example.com,user1247,3472.5,S020,5,25,P3786,Medium,4630.0,5463.4
U01248,TXN101248,North,2025-09-14,Books,10164.3,Pending,Bengaluru,70,Premium,2025-09-14 08:04:00,user1248@example.com,user1248,1694.05,S011,6,15,P4192,High,1993.0,2351.74
U01249,TXN101249,North,2025-12-12,Sports,15458.4,Failed,Hyderabad,26,Basic,2025-12-12 16:46:00,user1249@example.com,user1249,3864.6,S013,4,10,P9231,Urgent,4294.0,5066.92
U01250,TXN101250,West,2025-11-14,Home,3663.0,Failed,Jaipur,52,Premium,2025-11-14 14:26:00,user1250@example.com,user1250,1221.0,S012,3,0,P5582,Low,1221.0,1440.78
U01251,TXN101251,South,2026-03-18,Books,14926.0,Refunded,Bengaluru,43,Premium,2026-03-18 18:44:00,user1251@example.com,user1251,2985.2,S055,5,15,P4773,Low,3512.0,4144.16
U01252,TXN101252,North,2025-05-31,Grocery,3116.0,Completed,Jaipur,51,Basic,2025-05-31 23:13:00,user1252@example.com,user1252,1558.0,S020,2,5,P1464,High,1640.0,1935.2
U01253,TXN101253,West,2025-07-28,Grocery,912.0,Refunded,Chennai,43,Basic,2025-07-28 07:56:00,user1253@example.com,user1253,304.0,S012,3,5,P4935,High,320.0,377.6
U01254,TXN101254,South,2025-09-05,Sports,19609.6,Completed,Chennai,34,Free,2025-09-05 22:03:00,user1254@example.com,user1254,2451.2,S001,8,20,P4785,Medium,3064.0,3615.52
U01255,TXN101255,North,2025-09-02,Grocery,2809.8,Refunded,Mumbai,41,Premium,2025-09-02 13:57:00,user1255@example.com,user1255,1404.9,S093,2,10,P4336,Medium,1561.0,1841.98
U01256,TXN101256,West,2026-01-23,Home,8681.4,Refunded,Chennai,67,Free,2026-01-23 12:47:00,user1256@example.com,user1256,964.6,S032,9,30,P3127,High,1378.0,1626.04
U01257,TXN101257,West,2025-01-11,Electronics,691.2,Pending,Jaipur,56,Basic,2025-01-11 08:56:00,user1257@example.com,user1257,345.6,S008,2,20,P9842,Low,432.0,509.76
U01258,TXN101258,West,2026-03-16,Home,5769.8,Failed,Mumbai,26,Basic,2026-03-16 22:47:00,user1258@example.com,user1258,2884.9,S072,2,15,P2266,High,3394.0,4004.92
U01259,TXN101259,North,2025-12-18,Home,1127.95,Completed,Jaipur,68,Basic,2025-12-18 10:07:00,user1259@example.com,user1259,1127.95,S038,1,15,P9255,Low,1327.0,1565.86
U01260,TXN101260,North,2025-03-10,Books,44346.0,Completed,Delhi,21,Free,2025-03-10 06:13:00,user1260@example.com,user1260,4434.6,S070,10,5,P8137,High,4668.0,5508.24
U01261,TXN101261,North,2025-12-03,Books,865.3,Failed,Pune,38,Basic,2025-12-03 04:55:00,user1261@example.com,user1261,432.65,S041,2,15,P3739,High,509.0,600.62
U01262,TXN101262,East,2025-04-01,Books,20697.6,Failed,Jaipur,55,Basic,2025-04-01 08:40:00,user1262@example.com,user1262,2587.2,S006,8,30,P3754,Urgent,3696.0,4361.28
U01263,TXN101263,South,2026-04-21,Home,8333.5,Failed,Hyderabad,55,Premium,2026-04-21 06:17:00,user1263@example.com,user1263,1666.7,S046,5,30,P5623,Urgent,2381.0,2809.58
U01264,TXN101264,East,2026-03-05,Books,8358.0,Pending,Delhi,69,Free,2026-03-05 06:13:00,user1264@example.com,user1264,1194.0,S043,7,25,P7007,Medium,1592.0,1878.56
U01265,TXN101265,North,2025-12-17,Books,2608.2,Pending,Pune,64,Free,2025-12-17 17:53:00,user1265@example.com,user1265,2608.2,S055,1,30,P4839,Medium,3726.0,4396.68
U01266,TXN101266,North,2025-04-11,Home,1111.8,Failed,Hyderabad,42,Premium,2025-04-11 00:44:00,user1266@example.com,user1266,555.9,S064,2,15,P5677,Medium,654.0,771.72
U01267,TXN101267,North,2026-02-27,Home,13398.0,Completed,Kolkata,43,Premium,2026-02-27 16:40:00,user1267@example.com,user1267,2679.6,S045,5,30,P6308,High,3828.0,4517.04
U01268,TXN101268,East,2025-05-02,Grocery,5834.5,Completed,Mumbai,51,Free,2025-05-02 01:57:00,user1268@example.com,user1268,1166.9,S061,5,30,P4389,Urgent,1667.0,1967.06
U01269,TXN101269,West,2026-02-02,Electronics,30978.0,Failed,Delhi,28,Basic,2026-02-02 07:48:00,user1269@example.com,user1269,3442.0,S085,9,0,P9040,Medium,3442.0,4061.56
U01270,TXN101270,West,2026-03-27,Grocery,2884.0,Completed,Bengaluru,30,Basic,2026-03-27 07:02:00,user1270@example.com,user1270,1442.0,S008,2,30,P2728,Urgent,2060.0,2430.8
U01271,TXN101271,North,2026-04-09,Electronics,11726.4,Completed,Kolkata,19,Free,2026-04-09 18:50:00,user1271@example.com,user1271,2931.6,S093,4,30,P8662,Urgent,4188.0,4941.84
U01272,TXN101272,East,2025-09-21,Fashion,23923.2,Completed,Pune,38,Basic,2025-09-21 06:40:00,user1272@example.com,user1272,3987.2,S010,6,20,P4552,High,4984.0,5881.12
U01273,TXN101273,West,2026-04-13,Fashion,6151.5,Failed,Kolkata,68,Free,2026-04-13 19:05:00,user1273@example.com,user1273,1230.3,S007,5,10,P5125,Urgent,1367.0,1613.06
U01274,TXN101274,South,2025-06-12,Fashion,13423.5,Pending,Delhi,29,Premium,2025-06-12 01:51:00,user1274@example.com,user1274,2237.25,S053,6,25,P4604,Urgent,2983.0,3519.94
U01275,TXN101275,West,2025-09-02,Books,3751.2,Completed,Delhi,63,Basic,2025-09-02 18:03:00,user1275@example.com,user1275,3751.2,S008,1,20,P2352,Medium,4689.0,5533.02
U01276,TXN101276,South,2025-09-18,Sports,5348.2,Failed,Bengaluru,32,Basic,2025-09-18 06:51:00,user1276@example.com,user1276,1337.05,S087,4,15,P9667,Low,1573.0,1856.14
U01277,TXN101277,West,2026-04-22,Home,1681.4,Pending,Pune,40,Basic,2026-04-22 15:26:00,user1277@example.com,user1277,840.7,S092,2,30,P9582,Urgent,1201.0,1417.18
U01278,TXN101278,East,2025-01-29,Fashion,2002.5,Pending,Kolkata,22,Premium,2025-01-29 13:01:00,user1278@example.com,user1278,1001.25,S040,2,25,P9901,High,1335.0,1575.3
U01279,TXN101279,South,2025-04-11,Sports,5362.0,Completed,Jaipur,34,Basic,2025-04-11 20:52:00,user1279@example.com,user1279,536.2,S003,10,30,P9604,Urgent,766.0,903.88
U01280,TXN101280,North,2025-04-08,Electronics,17584.5,Failed,Pune,22,Premium,2025-04-08 13:37:00,user1280@example.com,user1280,1758.45,S060,10,5,P5764,Low,1851.0,2184.18
U01281,TXN101281,South,2025-01-10,Books,27616.0,Completed,Kolkata,34,Premium,2025-01-10 19:29:00,user1281@example.com,user1281,2761.6,S091,10,20,P7785,Urgent,3452.0,4073.36
U01282,TXN101282,North,2025-02-26,Books,19358.75,Refunded,Mumbai,43,Free,2025-02-26 11:10:00,user1282@example.com,user1282,3871.75,S056,5,15,P4797,Low,4555.0,5374.9
U01283,TXN101283,South,2025-06-17,Home,16864.2,Completed,Pune,55,Free,2025-06-17 20:45:00,user1283@example.com,user1283,2810.7,S045,6,10,P7511,Low,3123.0,3685.14
U01284,TXN101284,South,2025-10-27,Fashion,10188.0,Failed,Chennai,20,Free,2025-10-27 17:30:00,user1284@example.com,user1284,1132.0,S072,9,0,P9522,Low,1132.0,1335.76
U01285,TXN101285,West,2025-05-31,Electronics,27040.8,Refunded,Kolkata,47,Basic,2025-05-31 16:32:00,user1285@example.com,user1285,4506.8,S005,6,5,P1797,Low,4744.0,5597.92
U01286,TXN101286,West,2025-07-27,Fashion,4288.5,Refunded,Mumbai,64,Premium,2025-07-27 14:39:00,user1286@example.com,user1286,857.7,S069,5,10,P1301,Medium,953.0,1124.54
U01287,TXN101287,North,2025-10-30,Books,15544.2,Failed,Chennai,25,Basic,2025-10-30 06:32:00,user1287@example.com,user1287,2590.7,S075,6,30,P8624,Urgent,3701.0,4367.18
U01288,TXN101288,East,2025-03-08,Electronics,3035.0,Completed,Hyderabad,39,Free,2025-03-08 19:27:00,user1288@example.com,user1288,3035.0,S005,1,0,P4377,Medium,3035.0,3581.3
U01289,TXN101289,East,2026-02-11,Sports,2499.0,Completed,Hyderabad,44,Free,2026-02-11 15:43:00,user1289@example.com,user1289,833.0,S058,3,30,P1850,Urgent,1190.0,1404.2
U01290,TXN101290,South,2025-06-28,Sports,33170.0,Pending,Jaipur,68,Premium,2025-06-28 16:32:00,user1290@example.com,user1290,3317.0,S064,10,0,P4634,Medium,3317.0,3914.06
U01291,TXN101291,East,2025-05-27,Fashion,22474.0,Failed,Mumbai,48,Free,2025-05-27 13:58:00,user1291@example.com,user1291,2247.4,S061,10,15,P4437,Low,2644.0,3119.92
U01292,TXN101292,East,2025-06-01,Sports,32711.0,Pending,Hyderabad,61,Premium,2025-06-01 17:55:00,user1292@example.com,user1292,3271.1,S022,10,30,P9018,Medium,4673.0,5514.14
U01293,TXN101293,North,2025-05-16,Electronics,45600.0,Pending,Kolkata,59,Premium,2025-05-16 14:32:00,user1293@example.com,user1293,4560.0,S044,10,5,P6645,Urgent,4800.0,5664.0
U01294,TXN101294,West,2025-12-02,Electronics,960.3,Failed,Delhi,21,Premium,2025-12-02 12:11:00,user1294@example.com,user1294,960.3,S089,1,10,P2139,Low,1067.0,1259.06
U01295,TXN101295,West,2025-04-08,Home,16934.4,Completed,Delhi,69,Free,2025-04-08 19:48:00,user1295@example.com,user1295,2822.4,S050,6,20,P1423,Medium,3528.0,4163.04
U01296,TXN101296,East,2026-01-04,Sports,35803.6,Pending,Chennai,44,Premium,2026-01-04 02:41:00,user1296@example.com,user1296,4475.45,S092,8,5,P7979,Low,4711.0,5558.98
U01297,TXN101297,East,2025-06-09,Electronics,22307.4,Completed,Hyderabad,31,Basic,2025-06-09 21:04:00,user1297@example.com,user1297,2478.6,S002,9,10,P8352,Medium,2754.0,3249.72
U01298,TXN101298,East,2026-04-16,Sports,30035.2,Completed,Bengaluru,28,Premium,2026-04-16 11:40:00,user1298@example.com,user1298,3754.4,S082,8,20,P4772,Medium,4693.0,5537.74
U01299,TXN101299,South,2026-04-22,Fashion,14544.0,Completed,Mumbai,26,Free,2026-04-22 21:02:00,user1299@example.com,user1299,3636.0,S068,4,20,P6037,High,4545.0,5363.1
U01300,TXN101300,South,2025-12-28,Sports,14574.0,Refunded,Jaipur,67,Basic,2025-12-28 08:23:00,user1300@example.com,user1300,2429.0,S077,6,0,P9280,Medium,2429.0,2866.22
U01301,TXN101301,East,2026-01-28,Sports,1612.0,Completed,Pune,36,Premium,2026-01-28 06:47:00,user1301@example.com,user1301,322.4,S036,5,20,P2162,Urgent,403.0,475.54
U01302,TXN101302,West,2026-01-11,Grocery,6216.75,Pending,Hyderabad,49,Premium,2026-01-11 00:46:00,user1302@example.com,user1302,2072.25,S028,3,25,P5077,Urgent,2763.0,3260.34
U01303,TXN101303,East,2026-03-13,Home,2860.9,Refunded,Pune,69,Premium,2026-03-13 17:32:00,user1303@example.com,user1303,2860.9,S021,1,30,P8757,Urgent,4087.0,4822.66
U01304,TXN101304,West,2026-04-23,Books,8470.0,Pending,Kolkata,62,Basic,2026-04-23 09:53:00,user1304@example.com,user1304,1694.0,S085,5,0,P5752,High,1694.0,1998.92
U01305,TXN101305,North,2025-05-04,Fashion,5504.8,Completed,Jaipur,37,Basic,2025-05-04 08:32:00,user1305@example.com,user1305,1376.2,S010,4,30,P5782,Medium,1966.0,2319.88
U01306,TXN101306,North,2025-06-27,Electronics,5418.0,Pending,Hyderabad,36,Basic,2025-06-27 14:12:00,user1306@example.com,user1306,774.0,S096,7,10,P1456,Low,860.0,1014.8
U01307,TXN101307,North,2025-10-05,Fashion,22137.85,Completed,Hyderabad,20,Basic,2025-10-05 17:17:00,user1307@example.com,user1307,3162.55,S053,7,5,P8477,Urgent,3329.0,3928.22
U01308,TXN101308,West,2025-12-23,Fashion,8084.25,Failed,Hyderabad,36,Basic,2025-12-23 14:54:00,user1308@example.com,user1308,2694.75,S044,3,25,P6714,High,3593.0,4239.74
U01309,TXN101309,South,2025-04-04,Home,46010.0,Pending,Delhi,32,Free,2025-04-04 18:58:00,user1309@example.com,user1309,4601.0,S036,10,0,P9204,Medium,4601.0,5429.18
U01310,TXN101310,South,2025-10-05,Sports,6768.0,Failed,Kolkata,29,Basic,2025-10-05 01:58:00,user1310@example.com,user1310,3384.0,S011,2,25,P6796,Medium,4512.0,5324.16
U01311,TXN101311,South,2025-09-09,Grocery,5878.4,Completed,Bengaluru,26,Basic,2025-09-09 14:52:00,user1311@example.com,user1311,2939.2,S058,2,20,P5558,Medium,3674.0,4335.32
U01312,TXN101312,North,2025-11-10,Electronics,8237.25,Completed,Kolkata,69,Basic,2025-11-10 02:21:00,user1312@example.com,user1312,1176.75,S094,7,25,P7780,Urgent,1569.0,1851.42
U01313,TXN101313,East,2025-04-28,Grocery,6215.4,Completed,Delhi,48,Free,2025-04-28 01:33:00,user1313@example.com,user1313,3107.7,S060,2,10,P9216,Low,3453.0,4074.54
U01314,TXN101314,South,2025-01-28,Grocery,17463.6,Refunded,Pune,28,Premium,2025-01-28 20:27:00,user1314@example.com,user1314,2910.6,S017,6,10,P2462,High,3234.0,3816.12
U01315,TXN101315,South,2026-02-17,Grocery,15206.4,Completed,Jaipur,39,Free,2026-02-17 06:46:00,user1315@example.com,user1315,2534.4,S097,6,10,P7836,Medium,2816.0,3322.88
U01316,TXN101316,South,2025-04-28,Electronics,7056.0,Refunded,Mumbai,33,Premium,2025-04-28 18:43:00,user1316@example.com,user1316,705.6,S020,10,30,P9177,Urgent,1008.0,1189.44
U01317,TXN101317,West,2026-03-20,Books,680.4,Failed,Pune,39,Free,2026-03-20 02:24:00,user1317@example.com,user1317,113.4,S070,6,30,P5000,Medium,162.0,191.16
U01318,TXN101318,East,2026-01-25,Grocery,6234.75,Failed,Bengaluru,39,Free,2026-01-25 04:38:00,user1318@example.com,user1318,1246.95,S090,5,15,P3589,Urgent,1467.0,1731.06
U01319,TXN101319,South,2026-03-10,Sports,31199.0,Completed,Jaipur,25,Free,2026-03-10 23:39:00,user1319@example.com,user1319,3119.9,S074,10,30,P8836,High,4457.0,5259.26
U01320,TXN101320,West,2025-10-12,Home,32542.5,Refunded,Kolkata,69,Free,2025-10-12 01:00:00,user1320@example.com,user1320,3254.25,S009,10,25,P9415,Medium,4339.0,5120.02
U01321,TXN101321,South,2026-01-05,Home,9588.0,Pending,Delhi,35,Basic,2026-01-05 12:08:00,user1321@example.com,user1321,2397.0,S043,4,25,P2679,Medium,3196.0,3771.28
U01322,TXN101322,South,2026-04-06,Books,24136.0,Pending,Delhi,18,Basic,2026-04-06 03:29:00,user1322@example.com,user1322,3017.0,S100,8,30,P7306,High,4310.0,5085.8
U01323,TXN101323,East,2025-04-06,Sports,5311.6,Refunded,Chennai,48,Basic,2025-04-06 08:59:00,user1323@example.com,user1323,2655.8,S061,2,30,P8027,Urgent,3794.0,4476.92
U01324,TXN101324,East,2025-04-30,Electronics,86.7,Refunded,Jaipur,23,Free,2025-04-30 11:04:00,user1324@example.com,user1324,86.7,S051,1,15,P1427,Urgent,102.0,120.36
U01325,TXN101325,West,2025-05-28,Fashion,16784.95,Completed,Hyderabad,64,Free,2025-05-28 12:14:00,user1325@example.com,user1325,2397.85,S015,7,15,P3617,Urgent,2821.0,3328.78
U01326,TXN101326,South,2025-04-25,Grocery,14613.2,Failed,Pune,66,Premium,2025-04-25 07:04:00,user1326@example.com,user1326,2087.6,S100,7,15,P1764,Medium,2456.0,2898.08
U01327,TXN101327,West,2025-07-25,Fashion,21827.2,Refunded,Mumbai,54,Basic,2025-07-25 18:10:00,user1327@example.com,user1327,2728.4,S094,8,5,P8970,Medium,2872.0,3388.96
U01328,TXN101328,South,2025-09-15,Fashion,8368.0,Failed,Mumbai,61,Free,2025-09-15 01:40:00,user1328@example.com,user1328,836.8,S100,10,20,P3871,High,1046.0,1234.28
U01329,TXN101329,East,2025-01-29,Fashion,542.7,Completed,Jaipur,34,Free,2025-01-29 11:03:00,user1329@example.com,user1329,542.7,S057,1,10,P5091,Low,603.0,711.54
U01330,TXN101330,West,2025-09-06,Home,4402.5,Completed,Hyderabad,42,Free,2025-09-06 05:37:00,user1330@example.com,user1330,880.5,S099,5,25,P7668,Urgent,1174.0,1385.32
U01331,TXN101331,East,2025-05-06,Fashion,4390.4,Failed,Mumbai,40,Basic,2025-05-06 23:25:00,user1331@example.com,user1331,627.2,S044,7,30,P2871,High,896.0,1057.28
U01332,TXN101332,South,2026-02-24,Home,2395.8,Failed,Hyderabad,21,Free,2026-02-24 09:22:00,user1332@example.com,user1332,2395.8,S099,1,10,P7425,Urgent,2662.0,3141.16
U01333,TXN101333,West,2026-01-22,Sports,35770.0,Refunded,Delhi,36,Free,2026-01-22 11:21:00,user1333@example.com,user1333,3577.0,S099,10,0,P3233,Urgent,3577.0,4220.86
U01334,TXN101334,East,2025-01-01,Home,15562.8,Refunded,Pune,56,Premium,2025-01-01 22:30:00,user1334@example.com,user1334,3890.7,S003,4,10,P6632,Medium,4323.0,5101.14
U01335,TXN101335,South,2025-08-17,Grocery,8296.35,Pending,Chennai,35,Free,2025-08-17 18:03:00,user1335@example.com,user1335,2765.45,S097,3,5,P2443,Medium,2911.0,3434.98
U01336,TXN101336,North,2025-02-19,Electronics,5650.0,Refunded,Kolkata,52,Basic,2025-02-19 15:58:00,user1336@example.com,user1336,1130.0,S079,5,0,P9945,Medium,1130.0,1333.4
U01337,TXN101337,North,2025-10-13,Sports,9243.0,Refunded,Kolkata,45,Basic,2025-10-13 12:56:00,user1337@example.com,user1337,3081.0,S034,3,25,P7578,Urgent,4108.0,4847.44
U01338,TXN101338,West,2025-09-25,Home,6305.4,Pending,Delhi,60,Premium,2025-09-25 14:41:00,user1338@example.com,user1338,3152.7,S006,2,10,P6546,High,3503.0,4133.54
U01339,TXN101339,West,2025-07-07,Grocery,23511.6,Pending,Bengaluru,27,Basic,2025-07-07 16:42:00,user1339@example.com,user1339,2612.4,S013,9,30,P6731,Medium,3732.0,4403.76
U01340,TXN101340,South,2025-08-30,Fashion,15458.4,Pending,Jaipur,40,Free,2025-08-30 17:17:00,user1340@example.com,user1340,1932.3,S044,8,5,P8889,High,2034.0,2400.12
U01341,TXN101341,West,2025-07-06,Books,19997.5,Pending,Pune,42,Free,2025-07-06 17:08:00,user1341@example.com,user1341,3999.5,S094,5,5,P8467,Medium,4210.0,4967.8
U01342,TXN101342,West,2025-10-29,Electronics,27216.0,Completed,Hyderabad,18,Free,2025-10-29 10:57:00,user1342@example.com,user1342,2721.6,S006,10,20,P3674,High,3402.0,4014.36
U01343,TXN101343,West,2026-01-04,Grocery,7584.0,Completed,Hyderabad,24,Premium,2026-01-04 13:23:00,user1343@example.com,user1343,948.0,S020,8,0,P4647,High,948.0,1118.64
U01344,TXN101344,East,2025-10-08,Electronics,20286.3,Refunded,Hyderabad,49,Basic,2025-10-08 18:06:00,user1344@example.com,user1344,3381.05,S032,6,5,P5875,Urgent,3559.0,4199.62
U01345,TXN101345,South,2025-06-25,Books,3587.25,Failed,Bengaluru,26,Free,2025-06-25 18:33:00,user1345@example.com,user1345,3587.25,S066,1,25,P2678,Low,4783.0,5643.94
U01346,TXN101346,South,2025-03-03,Home,10643.4,Completed,Chennai,54,Free,2025-03-03 04:53:00,user1346@example.com,user1346,1182.6,S007,9,10,P8991,High,1314.0,1550.52
U01347,TXN101347,West,2026-04-27,Sports,6616.8,Pending,Mumbai,23,Free,2026-04-27 15:06:00,user1347@example.com,user1347,3308.4,S009,2,10,P5349,Medium,3676.0,4337.68
U01348,TXN101348,East,2025-04-19,Books,13908.0,Refunded,Chennai,55,Premium,2025-04-19 09:24:00,user1348@example.com,user1348,1390.8,S071,10,5,P5059,Medium,1464.0,1727.52
U01349,TXN101349,North,2026-02-02,Fashion,7221.9,Completed,Hyderabad,32,Basic,2026-02-02 09:44:00,user1349@example.com,user1349,1031.7,S019,7,5,P1792,Medium,1086.0,1281.48
U01350,TXN101350,North,2025-11-14,Fashion,2691.0,Failed,Delhi,37,Free,2025-11-14 12:00:00,user1350@example.com,user1350,897.0,S046,3,25,P5077,Urgent,1196.0,1411.28
U01351,TXN101351,East,2025-06-25,Electronics,32960.25,Refunded,Jaipur,68,Free,2025-06-25 04:20:00,user1351@example.com,user1351,3662.25,S078,9,5,P9096,Medium,3855.0,4548.9
U01352,TXN101352,East,2026-04-18,Fashion,14603.0,Failed,Jaipur,44,Premium,2026-04-18 23:50:00,user1352@example.com,user1352,1460.3,S023,10,15,P8650,Medium,1718.0,2027.24
U01353,TXN101353,East,2025-10-30,Electronics,2093.0,Pending,Hyderabad,65,Basic,2025-10-30 00:23:00,user1353@example.com,user1353,1046.5,S089,2,30,P5878,High,1495.0,1764.1
U01354,TXN101354,North,2026-03-28,Electronics,25912.8,Pending,Delhi,33,Free,2026-03-28 22:07:00,user1354@example.com,user1354,3239.1,S044,8,10,P6483,Low,3599.0,4246.82
U01355,TXN101355,North,2025-11-11,Books,6660.45,Refunded,Hyderabad,64,Free,2025-11-11 16:49:00,user1355@example.com,user1355,740.05,S076,9,5,P6878,High,779.0,919.22
U01356,TXN101356,West,2025-09-07,Fashion,29582.0,Failed,Jaipur,70,Free,2025-09-07 12:19:00,user1356@example.com,user1356,4226.0,S034,7,0,P3705,High,4226.0,4986.68
U01357,TXN101357,West,2025-02-11,Home,796.0,Refunded,Hyderabad,69,Basic,2025-02-11 03:10:00,user1357@example.com,user1357,796.0,S056,1,20,P4069,High,995.0,1174.1
U01358,TXN101358,East,2025-09-07,Sports,18921.15,Refunded,Pune,39,Free,2025-09-07 19:34:00,user1358@example.com,user1358,2102.35,S091,9,5,P4831,Urgent,2213.0,2611.34
U01359,TXN101359,East,2025-02-24,Grocery,24468.75,Failed,Mumbai,41,Premium,2025-02-24 17:41:00,user1359@example.com,user1359,2718.75,S016,9,25,P2107,Low,3625.0,4277.5
U01360,TXN101360,South,2026-03-12,Sports,3992.1,Refunded,Chennai,62,Basic,2026-03-12 13:34:00,user1360@example.com,user1360,1330.7,S026,3,30,P3119,Medium,1901.0,2243.18
U01361,TXN101361,North,2025-12-19,Books,11072.25,Failed,Chennai,56,Free,2025-12-19 09:41:00,user1361@example.com,user1361,1581.75,S010,7,25,P2096,High,2109.0,2488.62
U01362,TXN101362,West,2025-01-20,Electronics,1297.7,Refunded,Jaipur,52,Basic,2025-01-20 13:56:00,user1362@example.com,user1362,1297.7,S046,1,5,P4478,Medium,1366.0,1611.88
U01363,TXN101363,West,2025-06-11,Home,14645.2,Refunded,Mumbai,48,Free,2025-06-11 13:12:00,user1363@example.com,user1363,3661.3,S048,4,5,P1714,High,3854.0,4547.72
U01364,TXN101364,North,2025-04-03,Home,9370.2,Refunded,Jaipur,63,Premium,2025-04-03 14:17:00,user1364@example.com,user1364,1561.7,S077,6,30,P8815,Urgent,2231.0,2632.58
U01365,TXN101365,West,2025-09-20,Sports,25272.0,Pending,Hyderabad,34,Basic,2025-09-20 02:16:00,user1365@example.com,user1365,2808.0,S037,9,10,P6965,Low,3120.0,3681.6
U01366,TXN101366,West,2025-03-02,Fashion,10122.0,Failed,Delhi,49,Free,2025-03-02 21:05:00,user1366@example.com,user1366,1446.0,S004,7,0,P9828,Low,1446.0,1706.28
U01367,TXN101367,South,2025-03-08,Electronics,13997.2,Failed,Mumbai,58,Free,2025-03-08 13:32:00,user1367@example.com,user1367,3499.3,S049,4,30,P1649,High,4999.0,5898.82
U01368,TXN101368,South,2025-07-20,Books,5860.8,Failed,Jaipur,50,Premium,2025-07-20 18:29:00,user1368@example.com,user1368,732.6,S055,8,10,P3918,Low,814.0,960.52
U01369,TXN101369,West,2026-01-26,Grocery,14940.0,Pending,Jaipur,61,Free,2026-01-26 01:30:00,user1369@example.com,user1369,1867.5,S021,8,25,P6694,Urgent,2490.0,2938.2
U01370,TXN101370,West,2025-02-06,Grocery,4422.0,Pending,Delhi,32,Premium,2025-02-06 09:21:00,user1370@example.com,user1370,1474.0,S026,3,0,P7009,High,1474.0,1739.32
U01371,TXN101371,West,2025-11-20,Electronics,7286.5,Refunded,Bengaluru,49,Free,2025-11-20 20:56:00,user1371@example.com,user1371,1457.3,S035,5,5,P7399,High,1534.0,1810.12
U01372,TXN101372,North,2025-09-02,Books,8972.6,Completed,Chennai,61,Free,2025-09-02 03:03:00,user1372@example.com,user1372,1281.8,S078,7,15,P8626,Low,1508.0,1779.44
U01373,TXN101373,North,2025-11-14,Sports,331.8,Completed,Chennai,35,Free,2025-11-14 11:58:00,user1373@example.com,user1373,165.9,S098,2,30,P1576,Medium,237.0,279.66
U01374,TXN101374,West,2025-11-19,Grocery,5355.0,Failed,Mumbai,57,Premium,2025-11-19 18:26:00,user1374@example.com,user1374,765.0,S074,7,15,P4326,Urgent,900.0,1062.0
U01375,TXN101375,North,2026-01-27,Fashion,8262.0,Failed,Delhi,39,Free,2026-01-27 11:13:00,user1375@example.com,user1375,1377.0,S074,6,0,P4888,High,1377.0,1624.86
U01376,TXN101376,West,2025-07-23,Home,37320.0,Failed,Mumbai,68,Free,2025-07-23 11:54:00,user1376@example.com,user1376,4665.0,S012,8,0,P4248,Low,4665.0,5504.7
U01377,TXN101377,East,2025-01-15,Books,37582.0,Pending,Jaipur,65,Basic,2025-01-15 10:08:00,user1377@example.com,user1377,3758.2,S080,10,5,P6559,High,3956.0,4668.08
U01378,TXN101378,West,2025-09-08,Books,1805.0,Failed,Delhi,65,Premium,2025-09-08 09:27:00,user1378@example.com,user1378,451.25,S038,4,5,P8879,Urgent,475.0,560.5
U01379,TXN101379,North,2025-01-31,Electronics,9606.4,Refunded,Kolkata,65,Free,2025-01-31 02:53:00,user1379@example.com,user1379,1200.8,S016,8,5,P6373,High,1264.0,1491.52
U01380,TXN101380,West,2025-05-31,Sports,8451.0,Completed,Pune,35,Free,2025-05-31 08:44:00,user1380@example.com,user1380,1690.2,S035,5,10,P3616,Medium,1878.0,2216.04
U01381,TXN101381,North,2026-03-02,Fashion,35622.0,Pending,Hyderabad,56,Free,2026-03-02 18:25:00,user1381@example.com,user1381,3562.2,S062,10,10,P8506,High,3958.0,4670.44
U01382,TXN101382,East,2026-05-01,Sports,14655.0,Refunded,Hyderabad,55,Basic,2026-05-01 16:19:00,user1382@example.com,user1382,2931.0,S068,5,0,P6086,Low,2931.0,3458.58
U01383,TXN101383,South,2025-12-17,Fashion,7443.9,Refunded,Pune,63,Free,2025-12-17 00:16:00,user1383@example.com,user1383,2481.3,S014,3,10,P8168,Urgent,2757.0,3253.26
U01384,TXN101384,East,2025-03-27,Fashion,9837.9,Completed,Chennai,58,Premium,2025-03-27 08:02:00,user1384@example.com,user1384,1639.65,S064,6,15,P7945,Medium,1929.0,2276.22
U01385,TXN101385,West,2025-09-20,Fashion,22348.8,Completed,Mumbai,21,Premium,2025-09-20 07:04:00,user1385@example.com,user1385,2793.6,S071,8,20,P2476,High,3492.0,4120.56
U01386,TXN101386,South,2025-11-17,Electronics,11011.2,Failed,Mumbai,45,Premium,2025-11-17 05:35:00,user1386@example.com,user1386,2752.8,S024,4,20,P6875,Medium,3441.0,4060.38
U01387,TXN101387,East,2025-05-28,Home,13448.7,Pending,Hyderabad,18,Premium,2025-05-28 14:04:00,user1387@example.com,user1387,2241.45,S027,6,15,P7018,Urgent,2637.0,3111.66
U01388,TXN101388,West,2025-08-08,Sports,1784.15,Failed,Bengaluru,50,Free,2025-08-08 08:24:00,user1388@example.com,user1388,1784.15,S050,1,15,P8252,Urgent,2099.0,2476.82
U01389,TXN101389,South,2025-05-30,Grocery,12169.6,Pending,Mumbai,64,Basic,2025-05-30 11:37:00,user1389@example.com,user1389,3042.4,S019,4,20,P5748,Urgent,3803.0,4487.54
U01390,TXN101390,South,2025-08-27,Fashion,18266.25,Refunded,Hyderabad,46,Premium,2025-08-27 03:59:00,user1390@example.com,user1390,3653.25,S062,5,25,P9280,Urgent,4871.0,5747.78
U01391,TXN101391,West,2025-02-27,Electronics,11328.0,Pending,Mumbai,20,Basic,2025-02-27 04:14:00,user1391@example.com,user1391,1888.0,S008,6,20,P4392,Urgent,2360.0,2784.8
U01392,TXN101392,West,2025-10-14,Electronics,20385.0,Failed,Jaipur,22,Free,2025-10-14 10:50:00,user1392@example.com,user1392,2038.5,S057,10,10,P9283,Urgent,2265.0,2672.7
U01393,TXN101393,West,2025-11-11,Books,17945.5,Pending,Bengaluru,44,Basic,2025-11-11 05:49:00,user1393@example.com,user1393,1794.55,S061,10,5,P6071,High,1889.0,2229.02
U01394,TXN101394,East,2026-04-05,Fashion,8662.5,Refunded,Hyderabad,52,Free,2026-04-05 02:03:00,user1394@example.com,user1394,866.25,S070,10,25,P4169,Medium,1155.0,1362.9
U01395,TXN101395,North,2026-02-20,Fashion,11948.8,Refunded,Delhi,51,Premium,2026-02-20 13:28:00,user1395@example.com,user1395,2987.2,S007,4,20,P2155,Urgent,3734.0,4406.12
U01396,TXN101396,West,2025-03-24,Electronics,28740.0,Pending,Mumbai,18,Premium,2025-03-24 17:18:00,user1396@example.com,user1396,2874.0,S044,10,0,P2020,Medium,2874.0,3391.32
U01397,TXN101397,South,2025-10-14,Books,5511.9,Refunded,Chennai,24,Free,2025-10-14 16:01:00,user1397@example.com,user1397,2755.95,S034,2,5,P8539,Medium,2901.0,3423.18
U01398,TXN101398,North,2026-03-05,Sports,16032.0,Failed,Hyderabad,60,Basic,2026-03-05 16:11:00,user1398@example.com,user1398,2004.0,S082,8,20,P6586,Urgent,2505.0,2955.9
U01399,TXN101399,North,2026-01-25,Sports,2389.8,Refunded,Pune,39,Basic,2026-01-25 07:42:00,user1399@example.com,user1399,796.6,S100,3,30,P8012,Low,1138.0,1342.84
U01400,TXN101400,East,2025-05-27,Sports,2560.25,Completed,Bengaluru,18,Basic,2025-05-27 13:54:00,user1400@example.com,user1400,365.75,S097,7,5,P9258,Low,385.0,454.3
U01401,TXN101401,West,2026-02-18,Electronics,8775.0,Refunded,Delhi,35,Basic,2026-02-18 15:53:00,user1401@example.com,user1401,1755.0,S039,5,10,P2263,Urgent,1950.0,2301.0
U01402,TXN101402,West,2025-08-24,Electronics,17452.8,Pending,Jaipur,45,Premium,2025-08-24 03:00:00,user1402@example.com,user1402,2908.8,S047,6,20,P7791,High,3636.0,4290.48
U01403,TXN101403,East,2025-04-19,Sports,5605.0,Failed,Pune,29,Premium,2025-04-19 15:55:00,user1403@example.com,user1403,1121.0,S064,5,5,P1280,Medium,1180.0,1392.4
U01404,TXN101404,North,2026-01-13,Books,12874.5,Completed,Delhi,22,Premium,2026-01-13 12:35:00,user1404@example.com,user1404,2145.75,S095,6,25,P7032,Medium,2861.0,3375.98
U01405,TXN101405,South,2025-11-03,Books,1009.8,Pending,Bengaluru,38,Free,2025-11-03 05:58:00,user1405@example.com,user1405,168.3,S062,6,10,P1916,Low,187.0,220.66
U01406,TXN101406,West,2026-03-01,Books,2729.6,Completed,Mumbai,23,Basic,2026-03-01 02:08:00,user1406@example.com,user1406,1364.8,S069,2,20,P8185,Urgent,1706.0,2013.08
U01407,TXN101407,West,2026-02-25,Home,1421.0,Failed,Jaipur,56,Basic,2026-02-25 20:17:00,user1407@example.com,user1407,284.2,S038,5,30,P3343,Low,406.0,479.08
U01408,TXN101408,East,2025-10-07,Books,17115.0,Pending,Delhi,68,Premium,2025-10-07 03:48:00,user1408@example.com,user1408,3423.0,S014,5,30,P5202,Urgent,4890.0,5770.2
U01409,TXN101409,West,2025-02-28,Fashion,14396.4,Refunded,Kolkata,67,Basic,2025-02-28 10:43:00,user1409@example.com,user1409,2399.4,S082,6,10,P7727,Low,2666.0,3145.88
U01410,TXN101410,West,2026-03-17,Books,112.5,Completed,Bengaluru,59,Basic,2026-03-17 20:10:00,user1410@example.com,user1410,112.5,S053,1,10,P6116,High,125.0,147.5
U01411,TXN101411,East,2026-02-11,Sports,19065.0,Refunded,Delhi,67,Basic,2026-02-11 15:32:00,user1411@example.com,user1411,3813.0,S040,5,0,P9991,Medium,3813.0,4499.34
U01412,TXN101412,North,2025-09-10,Sports,21343.5,Refunded,Hyderabad,64,Free,2025-09-10 12:43:00,user1412@example.com,user1412,3557.25,S053,6,15,P2542,High,4185.0,4938.3
U01413,TXN101413,South,2025-09-24,Sports,41021.0,Pending,Chennai,33,Basic,2025-09-24 05:30:00,user1413@example.com,user1413,4102.1,S081,10,15,P8299,Medium,4826.0,5694.68
U01414,TXN101414,East,2025-06-28,Electronics,15244.65,Pending,Kolkata,34,Basic,2025-06-28 21:12:00,user1414@example.com,user1414,1693.85,S078,9,5,P6319,Urgent,1783.0,2103.94
U01415,TXN101415,North,2025-11-26,Books,1223.1,Refunded,Hyderabad,45,Free,2025-11-26 15:32:00,user1415@example.com,user1415,135.9,S044,9,10,P4400,Medium,151.0,178.18
U01416,TXN101416,East,2026-03-06,Grocery,6809.6,Refunded,Bengaluru,29,Premium,2026-03-06 09:50:00,user1416@example.com,user1416,1702.4,S033,4,20,P8975,Urgent,2128.0,2511.04
U01417,TXN101417,South,2026-04-10,Books,8593.5,Pending,Jaipur,59,Free,2026-04-10 23:47:00,user1417@example.com,user1417,1718.7,S008,5,15,P4512,Low,2022.0,2385.96
U01418,TXN101418,South,2025-04-30,Books,131.0,Refunded,Mumbai,60,Premium,2025-04-30 00:11:00,user1418@example.com,user1418,131.0,S039,1,0,P2511,Urgent,131.0,154.58
U01419,TXN101419,North,2025-02-11,Electronics,5694.0,Refunded,Delhi,51,Premium,2025-02-11 15:01:00,user1419@example.com,user1419,1423.5,S003,4,25,P8367,Low,1898.0,2239.64
U01420,TXN101420,South,2026-01-19,Home,3248.0,Failed,Chennai,55,Premium,2026-01-19 23:27:00,user1420@example.com,user1420,649.6,S082,5,30,P5570,High,928.0,1095.04
U01421,TXN101421,South,2025-06-28,Fashion,18608.8,Completed,Mumbai,19,Premium,2025-06-28 17:59:00,user1421@example.com,user1421,2326.1,S059,8,30,P1899,High,3323.0,3921.14
U01422,TXN101422,North,2025-05-21,Sports,5397.0,Refunded,Jaipur,70,Premium,2025-05-21 08:34:00,user1422@example.com,user1422,2698.5,S021,2,25,P6932,Medium,3598.0,4245.64
U01423,TXN101423,South,2025-01-23,Books,1189.5,Pending,Chennai,70,Premium,2025-01-23 19:31:00,user1423@example.com,user1423,594.75,S065,2,25,P8669,Low,793.0,935.74
U01424,TXN101424,East,2026-03-07,Fashion,22758.75,Failed,Kolkata,42,Premium,2026-03-07 15:19:00,user1424@example.com,user1424,2528.75,S009,9,15,P2353,Low,2975.0,3510.5
U01425,TXN101425,West,2025-05-15,Home,24463.0,Failed,Chennai,38,Basic,2025-05-15 12:57:00,user1425@example.com,user1425,2446.3,S067,10,15,P1155,Medium,2878.0,3396.04
U01426,TXN101426,North,2026-01-24,Sports,3492.2,Pending,Mumbai,57,Premium,2026-01-24 15:13:00,user1426@example.com,user1426,3492.2,S041,1,5,P3337,Low,3676.0,4337.68
U01427,TXN101427,North,2025-03-06,Sports,20640.0,Completed,Jaipur,53,Premium,2025-03-06 18:06:00,user1427@example.com,user1427,3440.0,S058,6,0,P4943,Medium,3440.0,4059.2
U01428,TXN101428,North,2025-10-31,Sports,2374.05,Completed,Hyderabad,31,Basic,2025-10-31 04:07:00,user1428@example.com,user1428,339.15,S026,7,15,P9935,High,399.0,470.82
U01429,TXN101429,West,2026-02-04,Sports,6908.0,Failed,Pune,55,Free,2026-02-04 19:33:00,user1429@example.com,user1429,1727.0,S094,4,0,P3034,High,1727.0,2037.86
U01430,TXN101430,North,2025-12-19,Sports,14798.0,Failed,Pune,60,Premium,2025-12-19 05:52:00,user1430@example.com,user1430,2114.0,S028,7,0,P9762,Urgent,2114.0,2494.52
U01431,TXN101431,South,2025-02-12,Home,8963.25,Pending,Bengaluru,68,Premium,2025-02-12 05:37:00,user1431@example.com,user1431,2987.75,S062,3,15,P1708,Low,3515.0,4147.7
U01432,TXN101432,East,2026-04-02,Sports,14828.0,Pending,Chennai,52,Premium,2026-04-02 20:18:00,user1432@example.com,user1432,2965.6,S089,5,20,P8587,Low,3707.0,4374.26
U01433,TXN101433,South,2025-08-20,Home,1904.8,Failed,Hyderabad,37,Basic,2025-08-20 18:40:00,user1433@example.com,user1433,1904.8,S088,1,20,P5162,Low,2381.0,2809.58
U01434,TXN101434,East,2025-01-20,Grocery,29865.15,Refunded,Bengaluru,37,Free,2025-01-20 06:30:00,user1434@example.com,user1434,4266.45,S038,7,5,P4364,High,4491.0,5299.38
U01435,TXN101435,East,2025-11-02,Grocery,1104.75,Completed,Hyderabad,64,Premium,2025-11-02 12:42:00,user1435@example.com,user1435,1104.75,S099,1,25,P2187,Urgent,1473.0,1738.14
U01436,TXN101436,South,2025-07-16,Fashion,12241.6,Pending,Hyderabad,60,Basic,2025-07-16 16:11:00,user1436@example.com,user1436,1530.2,S067,8,30,P2438,Urgent,2186.0,2579.48
U01437,TXN101437,North,2025-08-19,Books,2824.5,Completed,Hyderabad,26,Free,2025-08-19 16:06:00,user1437@example.com,user1437,2824.5,S082,1,25,P9366,Low,3766.0,4443.88
U01438,TXN101438,West,2025-06-04,Grocery,17866.8,Pending,Jaipur,41,Premium,2025-06-04 22:28:00,user1438@example.com,user1438,2552.4,S095,7,10,P2300,Urgent,2836.0,3346.48
U01439,TXN101439,West,2026-02-05,Grocery,35736.0,Completed,Bengaluru,27,Premium,2026-02-05 21:10:00,user1439@example.com,user1439,3573.6,S005,10,20,P1615,High,4467.0,5271.06
U01440,TXN101440,South,2026-02-12,Grocery,15690.0,Completed,Jaipur,56,Basic,2026-02-12 00:39:00,user1440@example.com,user1440,1961.25,S071,8,25,P2817,Urgent,2615.0,3085.7
U01441,TXN101441,East,2025-09-10,Grocery,2756.0,Pending,Jaipur,33,Free,2025-09-10 00:35:00,user1441@example.com,user1441,551.2,S010,5,20,P7217,Medium,689.0,813.02
U01442,TXN101442,West,2025-02-05,Fashion,170.1,Refunded,Kolkata,58,Free,2025-02-05 01:51:00,user1442@example.com,user1442,170.1,S018,1,10,P9984,Medium,189.0,223.02
U01443,TXN101443,West,2025-07-30,Grocery,19507.5,Completed,Kolkata,32,Premium,2025-07-30 11:20:00,user1443@example.com,user1443,3901.5,S004,5,10,P4864,Low,4335.0,5115.3
U01444,TXN101444,South,2026-01-28,Sports,8542.8,Refunded,Jaipur,68,Basic,2026-01-28 05:47:00,user1444@example.com,user1444,1423.8,S023,6,10,P9880,High,1582.0,1866.76
U01445,TXN101445,South,2025-07-29,Electronics,10597.5,Refunded,Kolkata,49,Premium,2025-07-29 01:47:00,user1445@example.com,user1445,3532.5,S087,3,10,P9340,High,3925.0,4631.5
U01446,TXN101446,West,2025-06-04,Sports,6703.2,Pending,Jaipur,68,Premium,2025-06-04 16:31:00,user1446@example.com,user1446,744.8,S070,9,30,P6374,Medium,1064.0,1255.52
U01447,TXN101447,North,2025-04-04,Sports,7638.3,Pending,Bengaluru,65,Premium,2025-04-04 17:03:00,user1447@example.com,user1447,2546.1,S023,3,10,P7360,Urgent,2829.0,3338.22
U01448,TXN101448,East,2025-11-26,Home,5972.0,Refunded,Pune,61,Premium,2025-11-26 03:12:00,user1448@example.com,user1448,1493.0,S086,4,0,P7972,Low,1493.0,1761.74
U01449,TXN101449,South,2026-01-01,Grocery,4236.0,Refunded,Kolkata,42,Basic,2026-01-01 00:57:00,user1449@example.com,user1449,847.2,S041,5,20,P8936,Medium,1059.0,1249.62
U01450,TXN101450,West,2025-11-03,Grocery,7885.0,Failed,Delhi,54,Premium,2025-11-03 05:18:00,user1450@example.com,user1450,1577.0,S064,5,0,P8386,Medium,1577.0,1860.86
U01451,TXN101451,South,2025-05-21,Sports,1755.6,Refunded,Chennai,31,Premium,2025-05-21 19:56:00,user1451@example.com,user1451,1755.6,S015,1,30,P2469,High,2508.0,2959.44
U01452,TXN101452,North,2025-11-06,Fashion,30104.0,Refunded,Delhi,25,Free,2025-11-06 20:17:00,user1452@example.com,user1452,3010.4,S077,10,20,P2585,Low,3763.0,4440.34
U01453,TXN101453,South,2025-12-02,Books,3042.0,Refunded,Chennai,29,Free,2025-12-02 11:38:00,user1453@example.com,user1453,507.0,S088,6,25,P8793,High,676.0,797.68
U01454,TXN101454,North,2025-08-25,Fashion,1694.0,Refunded,Kolkata,18,Premium,2025-08-25 16:51:00,user1454@example.com,user1454,242.0,S067,7,0,P6684,Urgent,242.0,285.56
U01455,TXN101455,West,2025-08-13,Home,3212.8,Refunded,Bengaluru,48,Free,2025-08-13 07:42:00,user1455@example.com,user1455,3212.8,S005,1,20,P6362,Low,4016.0,4738.88
U01456,TXN101456,South,2025-08-29,Electronics,8827.5,Pending,Jaipur,68,Basic,2025-08-29 17:07:00,user1456@example.com,user1456,1765.5,S067,5,25,P1082,Urgent,2354.0,2777.72
U01457,TXN101457,East,2025-04-08,Books,2686.5,Completed,Mumbai,36,Premium,2025-04-08 14:33:00,user1457@example.com,user1457,298.5,S068,9,25,P6072,Low,398.0,469.64
U01458,TXN101458,West,2025-09-25,Sports,28608.3,Failed,Hyderabad,70,Free,2025-09-25 17:19:00,user1458@example.com,user1458,3178.7,S048,9,5,P8744,Low,3346.0,3948.28
U01459,TXN101459,North,2025-08-27,Books,16665.6,Refunded,Hyderabad,56,Basic,2025-08-27 18:51:00,user1459@example.com,user1459,2777.6,S081,6,20,P8893,Urgent,3472.0,4096.96
U01460,TXN101460,South,2025-07-26,Grocery,11590.95,Failed,Hyderabad,21,Free,2025-07-26 17:12:00,user1460@example.com,user1460,1655.85,S048,7,5,P7529,Low,1743.0,2056.74
U01461,TXN101461,West,2025-12-23,Sports,8843.1,Refunded,Chennai,55,Basic,2025-12-23 12:50:00,user1461@example.com,user1461,2947.7,S009,3,30,P7677,High,4211.0,4968.98
U01462,TXN101462,East,2026-01-27,Electronics,8931.6,Refunded,Chennai,65,Premium,2026-01-27 02:00:00,user1462@example.com,user1462,2232.9,S047,4,10,P7357,Medium,2481.0,2927.58
U01463,TXN101463,North,2025-08-05,Books,4093.6,Refunded,Jaipur,55,Premium,2025-08-05 03:50:00,user1463@example.com,user1463,584.8,S089,7,20,P7413,Urgent,731.0,862.58
U01464,TXN101464,East,2025-10-22,Electronics,1300.0,Pending,Bengaluru,65,Free,2025-10-22 14:24:00,user1464@example.com,user1464,260.0,S073,5,20,P9106,Low,325.0,383.5
U01465,TXN101465,West,2025-09-17,Electronics,27033.75,Failed,Hyderabad,43,Basic,2025-09-17 02:12:00,user1465@example.com,user1465,3003.75,S024,9,25,P6411,Low,4005.0,4725.9
U01466,TXN101466,East,2025-09-29,Electronics,2165.8,Refunded,Jaipur,65,Free,2025-09-29 21:43:00,user1466@example.com,user1466,1082.9,S040,2,15,P3644,Medium,1274.0,1503.32
U01467,TXN101467,West,2025-01-09,Home,32687.6,Pending,Jaipur,28,Basic,2025-01-09 16:09:00,user1467@example.com,user1467,4085.95,S090,8,15,P2788,High,4807.0,5672.26
U01468,TXN101468,East,2025-08-31,Books,1106.0,Pending,Chennai,35,Free,2025-08-31 14:41:00,user1468@example.com,user1468,1106.0,S009,1,0,P2468,Low,1106.0,1305.08
U01469,TXN101469,West,2026-04-19,Books,4848.0,Refunded,Delhi,30,Basic,2026-04-19 01:44:00,user1469@example.com,user1469,808.0,S072,6,0,P3586,High,808.0,953.44
U01470,TXN101470,North,2025-06-08,Grocery,4223.7,Pending,Kolkata,21,Free,2025-06-08 11:40:00,user1470@example.com,user1470,4223.7,S003,1,10,P6538,Medium,4693.0,5537.74
U01471,TXN101471,East,2025-07-07,Home,407.55,Completed,Delhi,27,Free,2025-07-07 23:17:00,user1471@example.com,user1471,407.55,S029,1,5,P7530,Urgent,429.0,506.22
U01472,TXN101472,South,2025-09-02,Books,11762.1,Completed,Jaipur,38,Premium,2025-09-02 11:44:00,user1472@example.com,user1472,1306.9,S045,9,30,P5164,Medium,1867.0,2203.06
U01473,TXN101473,North,2026-03-15,Electronics,9372.0,Refunded,Delhi,49,Premium,2026-03-15 14:38:00,user1473@example.com,user1473,4686.0,S071,2,0,P4581,Medium,4686.0,5529.48
U01474,TXN101474,North,2025-01-04,Grocery,4714.2,Pending,Chennai,23,Basic,2025-01-04 13:34:00,user1474@example.com,user1474,1571.4,S001,3,10,P7376,Low,1746.0,2060.28
U01475,TXN101475,South,2025-02-24,Grocery,1458.6,Refunded,Bengaluru,46,Basic,2025-02-24 18:58:00,user1475@example.com,user1475,1458.6,S100,1,15,P7033,Urgent,1716.0,2024.88
U01476,TXN101476,East,2025-10-29,Electronics,9858.15,Pending,Delhi,34,Free,2025-10-29 21:23:00,user1476@example.com,user1476,1095.35,S076,9,5,P2437,Urgent,1153.0,1360.54
U01477,TXN101477,West,2025-12-23,Electronics,19538.4,Completed,Hyderabad,50,Free,2025-12-23 22:39:00,user1477@example.com,user1477,2791.2,S081,7,20,P8717,Medium,3489.0,4117.02
U01478,TXN101478,West,2025-02-22,Home,34362.0,Completed,Chennai,58,Premium,2025-02-22 02:11:00,user1478@example.com,user1478,3436.2,S050,10,10,P2695,Medium,3818.0,4505.24
U01479,TXN101479,South,2025-11-10,Fashion,3091.9,Completed,Bengaluru,34,Premium,2025-11-10 20:57:00,user1479@example.com,user1479,441.7,S096,7,30,P4052,Medium,631.0,744.58
U01480,TXN101480,West,2025-07-30,Home,37908.0,Failed,Kolkata,38,Basic,2025-07-30 20:34:00,user1480@example.com,user1480,3790.8,S012,10,10,P1591,Low,4212.0,4970.16
U01481,TXN101481,East,2026-02-27,Home,232.5,Pending,Chennai,68,Free,2026-02-27 16:50:00,user1481@example.com,user1481,116.25,S003,2,25,P1056,High,155.0,182.9
U01482,TXN101482,East,2025-09-09,Home,15724.0,Pending,Mumbai,23,Premium,2025-09-09 23:22:00,user1482@example.com,user1482,3144.8,S061,5,20,P5467,Medium,3931.0,4638.58
U01483,TXN101483,North,2025-03-16,Electronics,15970.5,Pending,Chennai,35,Free,2025-03-16 16:40:00,user1483@example.com,user1483,2281.5,S084,7,10,P5760,Urgent,2535.0,2991.3
U01484,TXN101484,South,2025-09-03,Sports,14800.0,Refunded,Jaipur,68,Basic,2025-09-03 03:52:00,user1484@example.com,user1484,3700.0,S075,4,20,P3591,High,4625.0,5457.5
U01485,TXN101485,East,2026-04-27,Fashion,38053.8,Failed,Bengaluru,29,Free,2026-04-27 01:26:00,user1485@example.com,user1485,4228.2,S049,9,10,P7374,High,4698.0,5543.64
U01486,TXN101486,North,2026-01-06,Fashion,24960.0,Refunded,Kolkata,18,Premium,2026-01-06 17:29:00,user1486@example.com,user1486,3120.0,S100,8,0,P6611,Low,3120.0,3681.6
U01487,TXN101487,West,2025-10-14,Grocery,19019.0,Completed,Mumbai,20,Basic,2025-10-14 07:52:00,user1487@example.com,user1487,1901.9,S013,10,30,P3285,Urgent,2717.0,3206.06
U01488,TXN101488,North,2026-01-05,Home,183.0,Failed,Bengaluru,49,Free,2026-01-05 20:19:00,user1488@example.com,user1488,183.0,S043,1,0,P3524,Urgent,183.0,215.94
U01489,TXN101489,West,2025-10-20,Sports,912.0,Completed,Mumbai,56,Basic,2025-10-20 00:36:00,user1489@example.com,user1489,304.0,S100,3,5,P1677,High,320.0,377.6
U01490,TXN101490,West,2026-02-09,Books,585.0,Pending,Delhi,51,Premium,2026-02-09 05:34:00,user1490@example.com,user1490,117.0,S079,5,0,P4935,Medium,117.0,138.06
U01491,TXN101491,South,2026-02-20,Sports,9525.6,Pending,Pune,51,Free,2026-02-20 19:47:00,user1491@example.com,user1491,2381.4,S058,4,10,P9679,Urgent,2646.0,3122.28
U01492,TXN101492,North,2025-02-21,Electronics,12952.8,Failed,Chennai,21,Basic,2025-02-21 01:40:00,user1492@example.com,user1492,2158.8,S036,6,30,P4892,High,3084.0,3639.12
U01493,TXN101493,South,2025-10-06,Grocery,8315.55,Pending,Kolkata,64,Premium,2025-10-06 20:58:00,user1493@example.com,user1493,923.95,S047,9,15,P7993,High,1087.0,1282.66
U01494,TXN101494,West,2025-10-18,Sports,16416.0,Refunded,Bengaluru,56,Free,2025-10-18 00:23:00,user1494@example.com,user1494,1824.0,S099,9,20,P5952,Medium,2280.0,2690.4
U01495,TXN101495,South,2025-02-22,Fashion,19643.5,Refunded,Chennai,69,Premium,2025-02-22 06:06:00,user1495@example.com,user1495,1964.35,S035,10,15,P1193,Low,2311.0,2726.98
U01496,TXN101496,West,2025-10-16,Electronics,23021.6,Refunded,Bengaluru,50,Basic,2025-10-16 01:28:00,user1496@example.com,user1496,2877.7,S006,8,30,P5706,Medium,4111.0,4850.98
U01497,TXN101497,West,2025-01-26,Books,16699.2,Failed,Pune,66,Basic,2025-01-26 14:12:00,user1497@example.com,user1497,2783.2,S099,6,20,P1167,High,3479.0,4105.22
U01498,TXN101498,North,2025-01-13,Fashion,20612.5,Failed,Bengaluru,67,Premium,2025-01-13 03:11:00,user1498@example.com,user1498,2061.25,S066,10,15,P5711,Urgent,2425.0,2861.5
U01499,TXN101499,South,2025-03-03,Sports,12816.0,Refunded,Chennai,69,Basic,2025-03-03 22:10:00,user1499@example.com,user1499,2563.2,S056,5,20,P2160,High,3204.0,3780.72
U01500,TXN101500,South,2025-03-08,Electronics,9282.0,Refunded,Bengaluru,23,Free,2025-03-08 08:55:00,user1500@example.com,user1500,1160.25,S087,8,15,P3133,High,1365.0,1610.7
U01501,TXN101501,East,2025-04-05,Grocery,12192.3,Completed,Jaipur,19,Basic,2025-04-05 15:20:00,user1501@example.com,user1501,4064.1,S004,3,5,P5871,Medium,4278.0,5048.04
U01502,TXN101502,North,2026-01-06,Sports,973.0,Pending,Bengaluru,22,Premium,2026-01-06 16:12:00,user1502@example.com,user1502,97.3,S062,10,30,P6909,Low,139.0,164.02
U01503,TXN101503,North,2025-01-16,Sports,1728.0,Pending,Mumbai,70,Premium,2025-01-16 12:01:00,user1503@example.com,user1503,216.0,S087,8,10,P4129,Low,240.0,283.2
U01504,TXN101504,North,2025-01-20,Grocery,1417.5,Pending,Bengaluru,30,Basic,2025-01-20 11:36:00,user1504@example.com,user1504,472.5,S021,3,10,P6856,High,525.0,619.5
U01505,TXN101505,South,2026-04-18,Sports,4252.5,Completed,Jaipur,28,Basic,2026-04-18 21:40:00,user1505@example.com,user1505,1417.5,S017,3,25,P7054,High,1890.0,2230.2
U01506,TXN101506,South,2025-04-10,Books,21464.0,Pending,Bengaluru,27,Premium,2025-04-10 06:24:00,user1506@example.com,user1506,2146.4,S042,10,20,P4080,Urgent,2683.0,3165.94
U01507,TXN101507,South,2026-03-02,Grocery,6969.15,Failed,Kolkata,60,Basic,2026-03-02 05:35:00,user1507@example.com,user1507,2323.05,S018,3,15,P9742,Low,2733.0,3224.94
U01508,TXN101508,North,2025-01-21,Books,105.7,Completed,Jaipur,48,Basic,2025-01-21 18:43:00,user1508@example.com,user1508,105.7,S068,1,30,P1975,Low,151.0,178.18
U01509,TXN101509,East,2026-03-31,Books,1553.6,Failed,Jaipur,26,Basic,2026-03-31 14:12:00,user1509@example.com,user1509,1553.6,S055,1,20,P3419,High,1942.0,2291.56
U01510,TXN101510,West,2025-03-13,Books,18316.8,Refunded,Bengaluru,64,Free,2025-03-13 16:13:00,user1510@example.com,user1510,2035.2,S002,9,20,P1886,Low,2544.0,3001.92
U01511,TXN101511,South,2025-12-20,Home,23027.2,Completed,Mumbai,38,Free,2025-12-20 20:52:00,user1511@example.com,user1511,2878.4,S045,8,30,P8486,Medium,4112.0,4852.16
U01512,TXN101512,South,2026-04-17,Home,31616.0,Failed,Chennai,44,Basic,2026-04-17 17:19:00,user1512@example.com,user1512,3952.0,S028,8,0,P8384,High,3952.0,4663.36
U01513,TXN101513,West,2025-09-05,Electronics,4354.5,Pending,Chennai,24,Basic,2025-09-05 08:12:00,user1513@example.com,user1513,2177.25,S076,2,25,P5244,Low,2903.0,3425.54
U01514,TXN101514,South,2025-04-08,Fashion,2235.6,Refunded,Hyderabad,61,Basic,2025-04-08 11:13:00,user1514@example.com,user1514,1117.8,S009,2,10,P9222,High,1242.0,1465.56
U01515,TXN101515,South,2025-06-08,Home,7488.0,Pending,Chennai,28,Premium,2025-06-08 15:04:00,user1515@example.com,user1515,3744.0,S027,2,20,P1892,Urgent,4680.0,5522.4
U01516,TXN101516,South,2025-06-01,Fashion,27045.9,Refunded,Kolkata,63,Premium,2025-06-01 06:21:00,user1516@example.com,user1516,3005.1,S075,9,30,P4259,Urgent,4293.0,5065.74
U01517,TXN101517,West,2025-02-17,Electronics,2730.0,Pending,Jaipur,65,Premium,2025-02-17 20:33:00,user1517@example.com,user1517,455.0,S084,6,0,P5245,High,455.0,536.9
U01518,TXN101518,West,2025-05-14,Electronics,11816.0,Failed,Chennai,51,Basic,2025-05-14 09:47:00,user1518@example.com,user1518,1477.0,S095,8,0,P6203,Urgent,1477.0,1742.86
U01519,TXN101519,North,2025-02-18,Home,21813.9,Refunded,Mumbai,36,Basic,2025-02-18 16:16:00,user1519@example.com,user1519,3635.65,S066,6,5,P6767,Low,3827.0,4515.86
U01520,TXN101520,South,2026-04-27,Electronics,748.0,Completed,Pune,61,Free,2026-04-27 10:29:00,user1520@example.com,user1520,187.0,S046,4,15,P3181,High,220.0,259.6
U01521,TXN101521,East,2025-12-14,Fashion,9416.0,Failed,Hyderabad,59,Basic,2025-12-14 11:36:00,user1521@example.com,user1521,941.6,S029,10,20,P1595,Medium,1177.0,1388.86
U01522,TXN101522,North,2025-09-07,Fashion,18808.0,Refunded,Chennai,42,Premium,2025-09-07 11:17:00,user1522@example.com,user1522,4702.0,S022,4,0,P3760,Medium,4702.0,5548.36
U01523,TXN101523,South,2025-01-18,Sports,12852.0,Refunded,Bengaluru,48,Free,2025-01-18 10:00:00,user1523@example.com,user1523,1285.2,S004,10,10,P3321,High,1428.0,1685.04
U01524,TXN101524,North,2026-04-01,Home,16473.8,Pending,Mumbai,66,Premium,2026-04-01 08:46:00,user1524@example.com,user1524,2353.4,S066,7,30,P5110,Medium,3362.0,3967.16
U01525,TXN101525,South,2026-04-20,Sports,9242.1,Failed,Bengaluru,33,Free,2026-04-20 14:46:00,user1525@example.com,user1525,3080.7,S018,3,30,P5704,Low,4401.0,5193.18
U01526,TXN101526,North,2026-04-24,Grocery,6355.5,Completed,Hyderabad,53,Free,2026-04-24 10:19:00,user1526@example.com,user1526,635.55,S090,10,5,P5617,High,669.0,789.42
U01527,TXN101527,West,2026-04-13,Fashion,10489.5,Failed,Hyderabad,26,Basic,2026-04-13 06:28:00,user1527@example.com,user1527,1165.5,S072,9,10,P9469,Medium,1295.0,1528.1
U01528,TXN101528,South,2026-01-26,Sports,21177.0,Refunded,Hyderabad,29,Premium,2026-01-26 01:50:00,user1528@example.com,user1528,3529.5,S082,6,25,P2381,Medium,4706.0,5553.08
U01529,TXN101529,North,2026-01-04,Home,5194.35,Failed,Kolkata,63,Premium,2026-01-04 07:42:00,user1529@example.com,user1529,1731.45,S010,3,15,P3651,Urgent,2037.0,2403.66
U01530,TXN101530,East,2025-10-20,Home,5450.2,Completed,Jaipur,31,Basic,2025-10-20 11:14:00,user1530@example.com,user1530,2725.1,S041,2,15,P2816,Urgent,3206.0,3783.08
U01531,TXN101531,North,2025-06-06,Sports,2158.15,Failed,Kolkata,22,Basic,2025-06-06 16:34:00,user1531@example.com,user1531,2158.15,S040,1,15,P1327,Low,2539.0,2996.02
U01532,TXN101532,West,2025-11-07,Home,26214.3,Pending,Bengaluru,41,Premium,2025-11-07 01:23:00,user1532@example.com,user1532,3744.9,S016,7,5,P9858,Medium,3942.0,4651.56
U01533,TXN101533,West,2025-10-07,Fashion,21165.0,Refunded,Mumbai,49,Basic,2025-10-07 15:36:00,user1533@example.com,user1533,4233.0,S080,5,15,P7191,Medium,4980.0,5876.4
U01534,TXN101534,South,2025-05-21,Home,3291.2,Pending,Delhi,32,Premium,2025-05-21 17:02:00,user1534@example.com,user1534,822.8,S090,4,15,P1593,Medium,968.0,1142.24
U01535,TXN101535,South,2025-03-08,Fashion,2174.4,Refunded,Pune,55,Premium,2025-03-08 04:51:00,user1535@example.com,user1535,241.6,S069,9,20,P1727,High,302.0,356.36
U01536,TXN101536,North,2025-05-11,Books,7850.6,Completed,Hyderabad,52,Basic,2025-05-11 02:34:00,user1536@example.com,user1536,1962.65,S037,4,15,P8062,Low,2309.0,2724.62
U01537,TXN101537,West,2025-04-18,Fashion,8565.2,Refunded,Hyderabad,42,Free,2025-04-18 08:27:00,user1537@example.com,user1537,2141.3,S051,4,5,P4334,Low,2254.0,2659.72
U01538,TXN101538,North,2026-04-13,Sports,32690.25,Pending,Kolkata,59,Basic,2026-04-13 06:06:00,user1538@example.com,user1538,3632.25,S047,9,25,P2214,Medium,4843.0,5714.74
U01539,TXN101539,South,2025-04-14,Grocery,14625.1,Pending,Jaipur,49,Basic,2025-04-14 14:47:00,user1539@example.com,user1539,2089.3,S021,7,15,P4379,Low,2458.0,2900.44
U01540,TXN101540,North,2026-02-23,Home,13628.8,Refunded,Jaipur,59,Premium,2026-02-23 19:22:00,user1540@example.com,user1540,3407.2,S055,4,20,P4521,Medium,4259.0,5025.62
U01541,TXN101541,North,2025-10-22,Books,10407.6,Pending,Mumbai,66,Free,2025-10-22 03:40:00,user1541@example.com,user1541,2601.9,S080,4,10,P1514,Urgent,2891.0,3411.38
U01542,TXN101542,South,2025-04-10,Books,29794.5,Completed,Chennai,56,Basic,2025-04-10 14:00:00,user1542@example.com,user1542,3310.5,S056,9,25,P7362,Urgent,4414.0,5208.52
U01543,TXN101543,East,2025-01-01,Grocery,17107.5,Completed,Bengaluru,28,Premium,2025-01-01 11:08:00,user1543@example.com,user1543,1710.75,S030,10,25,P5027,Medium,2281.0,2691.58
U01544,TXN101544,East,2025-05-16,Sports,12940.0,Pending,Hyderabad,40,Basic,2025-05-16 18:15:00,user1544@example.com,user1544,2588.0,S012,5,0,P9379,High,2588.0,3053.84
U01545,TXN101545,North,2025-08-08,Books,25974.9,Completed,Jaipur,48,Premium,2025-08-08 18:41:00,user1545@example.com,user1545,2886.1,S066,9,5,P7822,Urgent,3038.0,3584.84
U01546,TXN101546,West,2025-03-28,Grocery,9503.85,Completed,Jaipur,30,Free,2025-03-28 06:57:00,user1546@example.com,user1546,3167.95,S024,3,15,P2747,Medium,3727.0,4397.86
U01547,TXN101547,West,2026-01-21,Sports,15055.2,Refunded,Pune,65,Free,2026-01-21 21:02:00,user1547@example.com,user1547,3763.8,S004,4,15,P1220,Low,4428.0,5225.04
U01548,TXN101548,North,2025-11-30,Home,10022.4,Failed,Kolkata,66,Premium,2025-11-30 04:34:00,user1548@example.com,user1548,1252.8,S018,8,20,P5961,Medium,1566.0,1847.88
U01549,TXN101549,North,2026-01-26,Electronics,45650.0,Pending,Jaipur,43,Basic,2026-01-26 03:07:00,user1549@example.com,user1549,4565.0,S060,10,0,P4874,Urgent,4565.0,5386.7
U01550,TXN101550,North,2025-03-25,Sports,10716.0,Completed,Bengaluru,32,Basic,2025-03-25 23:30:00,user1550@example.com,user1550,1786.0,S093,6,5,P8059,High,1880.0,2218.4
U01551,TXN101551,South,2025-01-21,Electronics,3260.25,Pending,Chennai,45,Free,2025-01-21 20:11:00,user1551@example.com,user1551,1086.75,S049,3,25,P3801,Urgent,1449.0,1709.82
U01552,TXN101552,East,2025-12-20,Fashion,40324.0,Pending,Delhi,56,Basic,2025-12-20 15:14:00,user1552@example.com,user1552,4032.4,S033,10,15,P7675,Medium,4744.0,5597.92
U01553,TXN101553,West,2025-10-23,Home,2393.0,Refunded,Bengaluru,38,Premium,2025-10-23 02:57:00,user1553@example.com,user1553,2393.0,S085,1,0,P8629,Urgent,2393.0,2823.74
U01554,TXN101554,South,2025-12-22,Fashion,13274.45,Pending,Delhi,19,Free,2025-12-22 02:45:00,user1554@example.com,user1554,1896.35,S049,7,15,P3473,High,2231.0,2632.58
U01555,TXN101555,North,2025-01-07,Fashion,23234.4,Pending,Chennai,34,Basic,2025-01-07 19:11:00,user1555@example.com,user1555,3319.2,S045,7,20,P1454,Low,4149.0,4895.82
U01556,TXN101556,West,2025-11-14,Sports,3080.0,Completed,Mumbai,34,Premium,2025-11-14 11:03:00,user1556@example.com,user1556,308.0,S098,10,30,P2613,Medium,440.0,519.2
U01557,TXN101557,South,2026-04-16,Fashion,34848.0,Failed,Delhi,68,Free,2026-04-16 21:13:00,user1557@example.com,user1557,4356.0,S055,8,0,P6522,High,4356.0,5140.08
U01558,TXN101558,East,2026-02-11,Books,4221.6,Completed,Jaipur,63,Free,2026-02-11 11:08:00,user1558@example.com,user1558,1407.2,S097,3,20,P3562,Medium,1759.0,2075.62
U01559,TXN101559,South,2025-08-23,Books,4968.0,Pending,Pune,25,Free,2025-08-23 15:40:00,user1559@example.com,user1559,828.0,S069,6,0,P5923,Low,828.0,977.04
U01560,TXN101560,North,2025-11-30,Grocery,8072.0,Pending,Chennai,29,Premium,2025-11-30 05:00:00,user1560@example.com,user1560,807.2,S091,10,20,P9402,High,1009.0,1190.62
U01561,TXN101561,West,2025-01-11,Books,5502.6,Pending,Hyderabad,68,Premium,2025-01-11 09:34:00,user1561@example.com,user1561,1834.2,S048,3,10,P4123,Medium,2038.0,2404.84
U01562,TXN101562,West,2025-05-22,Electronics,23926.7,Refunded,Pune,29,Free,2025-05-22 18:31:00,user1562@example.com,user1562,3418.1,S004,7,30,P9783,Urgent,4883.0,5761.94
U01563,TXN101563,North,2025-03-17,Books,2682.0,Completed,Pune,59,Basic,2025-03-17 18:59:00,user1563@example.com,user1563,536.4,S011,5,10,P5048,Low,596.0,703.28
U01564,TXN101564,West,2026-03-11,Home,12025.8,Refunded,Hyderabad,69,Premium,2026-03-11 19:04:00,user1564@example.com,user1564,3006.45,S026,4,15,P3706,Low,3537.0,4173.66
U01565,TXN101565,South,2025-03-09,Electronics,2985.75,Refunded,Chennai,29,Basic,2025-03-09 15:52:00,user1565@example.com,user1565,995.25,S008,3,25,P9244,Urgent,1327.0,1565.86
U01566,TXN101566,North,2025-09-22,Electronics,8401.4,Failed,Hyderabad,54,Free,2025-09-22 19:24:00,user1566@example.com,user1566,2100.35,S013,4,15,P9574,Medium,2471.0,2915.78
U01567,TXN101567,South,2026-03-22,Fashion,7470.0,Pending,Chennai,70,Premium,2026-03-22 03:15:00,user1567@example.com,user1567,747.0,S038,10,25,P7633,Medium,996.0,1175.28
U01568,TXN101568,West,2026-03-15,Fashion,12540.0,Refunded,Chennai,37,Premium,2026-03-15 10:47:00,user1568@example.com,user1568,4180.0,S003,3,5,P8306,High,4400.0,5192.0
U01569,TXN101569,East,2025-10-23,Home,1042.1,Pending,Kolkata,36,Basic,2025-10-23 14:44:00,user1569@example.com,user1569,521.05,S019,2,15,P9438,Urgent,613.0,723.34
U01570,TXN101570,South,2025-08-20,Electronics,10683.75,Completed,Hyderabad,24,Basic,2025-08-20 23:57:00,user1570@example.com,user1570,2136.75,S062,5,25,P4862,Medium,2849.0,3361.82
U01571,TXN101571,West,2026-03-27,Books,4908.75,Refunded,Chennai,42,Premium,2026-03-27 08:40:00,user1571@example.com,user1571,1636.25,S018,3,15,P7692,Low,1925.0,2271.5
U01572,TXN101572,East,2025-08-26,Grocery,2300.1,Refunded,Mumbai,62,Basic,2025-08-26 15:31:00,user1572@example.com,user1572,766.7,S078,3,15,P1857,Medium,902.0,1064.36
U01573,TXN101573,West,2026-02-01,Books,217.8,Failed,Delhi,28,Premium,2026-02-01 04:53:00,user1573@example.com,user1573,217.8,S053,1,10,P3309,Low,242.0,285.56
U01574,TXN101574,West,2025-03-18,Electronics,10429.2,Refunded,Hyderabad,25,Free,2025-03-18 22:51:00,user1574@example.com,user1574,2607.3,S054,4,10,P8728,Low,2897.0,3418.46
U01575,TXN101575,East,2025-04-25,Home,3588.75,Pending,Bengaluru,39,Free,2025-04-25 10:58:00,user1575@example.com,user1575,717.75,S076,5,25,P3833,Medium,957.0,1129.26
U01576,TXN101576,South,2025-03-29,Fashion,41624.5,Completed,Mumbai,45,Basic,2025-03-29 03:20:00,user1576@example.com,user1576,4162.45,S071,10,15,P3457,Urgent,4897.0,5778.46
U01577,TXN101577,East,2025-10-03,Fashion,22226.4,Refunded,Bengaluru,18,Basic,2025-10-03 03:34:00,user1577@example.com,user1577,2778.3,S027,8,30,P2011,Low,3969.0,4683.42
U01578,TXN101578,East,2025-02-03,Sports,5542.0,Pending,Pune,51,Basic,2025-02-03 17:34:00,user1578@example.com,user1578,1108.4,S059,5,15,P5613,Low,1304.0,1538.72
U01579,TXN101579,West,2025-07-15,Sports,16694.0,Failed,Kolkata,60,Premium,2025-07-15 01:20:00,user1579@example.com,user1579,2086.75,S017,8,15,P6522,High,2455.0,2896.9
U01580,TXN101580,West,2026-02-16,Electronics,749.55,Failed,Bengaluru,62,Free,2026-02-16 12:10:00,user1580@example.com,user1580,749.55,S080,1,5,P8777,Low,789.0,931.02
U01581,TXN101581,West,2026-03-12,Books,7326.0,Pending,Hyderabad,25,Premium,2026-03-12 05:45:00,user1581@example.com,user1581,1221.0,S036,6,0,P7945,Medium,1221.0,1440.78
U01582,TXN101582,North,2025-03-20,Home,23500.8,Completed,Hyderabad,21,Premium,2025-03-20 00:41:00,user1582@example.com,user1582,2937.6,S019,8,10,P1436,Low,3264.0,3851.52
U01583,TXN101583,West,2025-07-14,Grocery,9308.0,Refunded,Pune,37,Premium,2025-07-14 07:39:00,user1583@example.com,user1583,2327.0,S051,4,0,P5484,Urgent,2327.0,2745.86
U01584,TXN101584,South,2025-07-19,Sports,1415.4,Refunded,Hyderabad,28,Free,2025-07-19 14:24:00,user1584@example.com,user1584,707.7,S075,2,30,P8546,Urgent,1011.0,1192.98
U01585,TXN101585,East,2025-10-15,Electronics,1008.75,Refunded,Hyderabad,26,Free,2025-10-15 08:12:00,user1585@example.com,user1585,1008.75,S015,1,25,P1923,Low,1345.0,1587.1
U01586,TXN101586,North,2025-07-02,Home,13859.2,Pending,Delhi,22,Free,2025-07-02 08:51:00,user1586@example.com,user1586,3464.8,S048,4,20,P7770,Urgent,4331.0,5110.58
U01587,TXN101587,South,2025-01-16,Home,15865.5,Pending,Chennai,62,Basic,2025-01-16 16:17:00,user1587@example.com,user1587,3173.1,S045,5,30,P5177,Urgent,4533.0,5348.94
U01588,TXN101588,North,2026-04-01,Grocery,15192.0,Pending,Kolkata,33,Free,2026-04-01 10:32:00,user1588@example.com,user1588,1519.2,S030,10,10,P3481,Urgent,1688.0,1991.84
U01589,TXN101589,North,2025-11-18,Grocery,1795.5,Completed,Delhi,59,Premium,2025-11-18 08:57:00,user1589@example.com,user1589,299.25,S013,6,25,P1248,Low,399.0,470.82
U01590,TXN101590,North,2025-03-15,Electronics,10231.2,Pending,Jaipur,65,Premium,2025-03-15 05:00:00,user1590@example.com,user1590,1136.8,S030,9,20,P6013,Medium,1421.0,1676.78
U01591,TXN101591,North,2025-05-24,Home,14098.5,Completed,Bengaluru,21,Premium,2025-05-24 01:50:00,user1591@example.com,user1591,2819.7,S053,5,10,P6297,Medium,3133.0,3696.94
U01592,TXN101592,East,2025-01-27,Electronics,6321.6,Refunded,Bengaluru,59,Free,2025-01-27 10:50:00,user1592@example.com,user1592,2107.2,S086,3,20,P2885,Medium,2634.0,3108.12
U01593,TXN101593,North,2025-10-29,Sports,13397.4,Refunded,Hyderabad,21,Premium,2025-10-29 03:43:00,user1593@example.com,user1593,4465.8,S032,3,10,P4487,Low,4962.0,5855.16
U01594,TXN101594,North,2025-04-12,Books,22134.6,Refunded,Mumbai,70,Basic,2025-04-12 15:44:00,user1594@example.com,user1594,3689.1,S067,6,10,P3796,High,4099.0,4836.82
U01595,TXN101595,North,2025-07-26,Books,27848.0,Completed,Hyderabad,56,Basic,2025-07-26 19:44:00,user1595@example.com,user1595,3481.0,S049,8,0,P5558,Urgent,3481.0,4107.58
U01596,TXN101596,South,2026-01-22,Fashion,11659.5,Completed,Pune,49,Free,2026-01-22 09:54:00,user1596@example.com,user1596,1943.25,S028,6,25,P7937,Medium,2591.0,3057.38
U01597,TXN101597,East,2025-08-05,Books,19611.9,Completed,Mumbai,24,Basic,2025-08-05 17:05:00,user1597@example.com,user1597,2179.1,S083,9,30,P3338,Medium,3113.0,3673.34
U01598,TXN101598,West,2025-11-12,Sports,432.0,Failed,Jaipur,22,Premium,2025-11-12 04:12:00,user1598@example.com,user1598,432.0,S005,1,10,P3610,Low,480.0,566.4
U01599,TXN101599,East,2026-04-04,Electronics,9756.0,Refunded,Pune,63,Premium,2026-04-04 13:38:00,user1599@example.com,user1599,1626.0,S074,6,25,P5595,High,2168.0,2558.24
U01600,TXN101600,East,2025-04-29,Electronics,23740.5,Pending,Jaipur,41,Free,2025-04-29 10:54:00,user1600@example.com,user1600,3391.5,S097,7,5,P4309,Low,3570.0,4212.6
U01601,TXN101601,South,2025-01-06,Fashion,11662.0,Refunded,Pune,59,Free,2025-01-06 05:55:00,user1601@example.com,user1601,2915.5,S039,4,15,P7467,Medium,3430.0,4047.4
U01602,TXN101602,North,2025-01-15,Fashion,19533.85,Failed,Jaipur,47,Basic,2025-01-15 18:14:00,user1602@example.com,user1602,2790.55,S030,7,15,P1382,Urgent,3283.0,3873.94
U01603,TXN101603,North,2026-01-11,Sports,8490.0,Pending,Delhi,39,Premium,2026-01-11 05:41:00,user1603@example.com,user1603,849.0,S086,10,0,P7121,Medium,849.0,1001.82
U01604,TXN101604,East,2025-04-21,Home,749.0,Refunded,Kolkata,44,Basic,2025-04-21 11:29:00,user1604@example.com,user1604,749.0,S093,1,0,P7963,Urgent,749.0,883.82
U01605,TXN101605,West,2025-09-23,Sports,4072.0,Pending,Mumbai,24,Premium,2025-09-23 20:27:00,user1605@example.com,user1605,1018.0,S022,4,0,P1096,Urgent,1018.0,1201.24
U01606,TXN101606,West,2025-05-14,Books,5407.5,Failed,Delhi,23,Premium,2025-05-14 19:47:00,user1606@example.com,user1606,1081.5,S067,5,30,P2024,High,1545.0,1823.1
U01607,TXN101607,East,2025-12-25,Sports,666.0,Refunded,Chennai,23,Free,2025-12-25 15:05:00,user1607@example.com,user1607,111.0,S024,6,0,P1282,High,111.0,130.98
U01608,TXN101608,North,2025-12-12,Fashion,3455.2,Completed,Kolkata,70,Basic,2025-12-12 21:18:00,user1608@example.com,user1608,431.9,S058,8,30,P5709,Medium,617.0,728.06
U01609,TXN101609,East,2026-01-09,Fashion,14650.0,Pending,Pune,64,Basic,2026-01-09 09:23:00,user1609@example.com,user1609,2930.0,S018,5,0,P4069,High,2930.0,3457.4
U01610,TXN101610,North,2026-04-10,Fashion,23385.2,Failed,Bengaluru,67,Premium,2026-04-10 15:15:00,user1610@example.com,user1610,2923.15,S089,8,5,P3426,Medium,3077.0,3630.86
U01611,TXN101611,East,2025-05-10,Grocery,4477.2,Refunded,Hyderabad,23,Premium,2025-05-10 07:30:00,user1611@example.com,user1611,2238.6,S073,2,30,P3185,High,3198.0,3773.64
U01612,TXN101612,North,2026-03-26,Grocery,12619.2,Refunded,Kolkata,61,Basic,2026-03-26 01:35:00,user1612@example.com,user1612,2103.2,S005,6,20,P3686,Medium,2629.0,3102.22
U01613,TXN101613,South,2025-03-08,Grocery,17161.2,Failed,Pune,55,Basic,2025-03-08 05:12:00,user1613@example.com,user1613,2860.2,S070,6,10,P5041,High,3178.0,3750.04
U01614,TXN101614,South,2026-05-01,Grocery,4360.0,Refunded,Kolkata,30,Free,2026-05-01 22:51:00,user1614@example.com,user1614,4360.0,S054,1,0,P6036,High,4360.0,5144.8
U01615,TXN101615,East,2025-02-02,Electronics,8427.6,Pending,Mumbai,55,Basic,2025-02-02 20:43:00,user1615@example.com,user1615,2106.9,S001,4,10,P6198,Low,2341.0,2762.38
U01616,TXN101616,South,2025-02-20,Fashion,22651.2,Completed,Jaipur,38,Premium,2025-02-20 13:49:00,user1616@example.com,user1616,2516.8,S068,9,20,P7713,Medium,3146.0,3712.28
U01617,TXN101617,East,2025-05-16,Fashion,11343.0,Refunded,Chennai,60,Premium,2025-05-16 17:57:00,user1617@example.com,user1617,2835.75,S027,4,25,P8376,Urgent,3781.0,4461.58
U01618,TXN101618,East,2025-02-06,Electronics,4642.65,Refunded,Hyderabad,19,Basic,2025-02-06 01:05:00,user1618@example.com,user1618,515.85,S071,9,5,P5695,Medium,543.0,640.74
U01619,TXN101619,East,2026-03-24,Fashion,11153.0,Failed,Jaipur,28,Basic,2026-03-24 19:37:00,user1619@example.com,user1619,2788.25,S003,4,5,P6859,Low,2935.0,3463.3
U01620,TXN101620,West,2025-09-01,Grocery,7370.1,Pending,Delhi,19,Basic,2025-09-01 09:44:00,user1620@example.com,user1620,1228.35,S001,6,5,P5384,High,1293.0,1525.74
U01621,TXN101621,South,2025-06-08,Books,16750.4,Completed,Kolkata,43,Basic,2025-06-08 19:33:00,user1621@example.com,user1621,2093.8,S063,8,5,P1321,Urgent,2204.0,2600.72
U01622,TXN101622,East,2025-04-26,Books,15386.0,Refunded,Pune,38,Free,2025-04-26 12:20:00,user1622@example.com,user1622,3077.2,S076,5,30,P3709,Urgent,4396.0,5187.28
U01623,TXN101623,West,2025-12-19,Electronics,4622.7,Completed,Chennai,57,Premium,2025-12-19 01:39:00,user1623@example.com,user1623,770.45,S012,6,5,P6896,Urgent,811.0,956.98
U01624,TXN101624,East,2025-06-20,Sports,8158.5,Failed,Jaipur,33,Free,2025-06-20 17:06:00,user1624@example.com,user1624,2719.5,S015,3,30,P9650,Urgent,3885.0,4584.3
U01625,TXN101625,East,2025-10-24,Electronics,18884.0,Pending,Hyderabad,56,Premium,2025-10-24 11:36:00,user1625@example.com,user1625,3776.8,S012,5,20,P4557,High,4721.0,5570.78
U01626,TXN101626,North,2025-05-12,Electronics,1552.5,Refunded,Jaipur,24,Free,2025-05-12 11:31:00,user1626@example.com,user1626,172.5,S007,9,25,P9524,Low,230.0,271.4
U01627,TXN101627,South,2025-07-01,Home,5434.0,Failed,Kolkata,21,Premium,2025-07-01 09:28:00,user1627@example.com,user1627,2717.0,S041,2,5,P4156,Urgent,2860.0,3374.8
U01628,TXN101628,West,2025-05-06,Books,1993.5,Pending,Mumbai,46,Premium,2025-05-06 18:24:00,user1628@example.com,user1628,1993.5,S084,1,10,P7491,Urgent,2215.0,2613.7
U01629,TXN101629,East,2025-04-29,Fashion,5348.2,Refunded,Kolkata,39,Free,2025-04-29 15:59:00,user1629@example.com,user1629,2674.1,S010,2,15,P8190,High,3146.0,3712.28
U01630,TXN101630,North,2025-07-26,Home,3488.4,Refunded,Pune,35,Free,2025-07-26 01:45:00,user1630@example.com,user1630,436.05,S056,8,15,P1371,Urgent,513.0,605.34
U01631,TXN101631,South,2025-06-28,Books,27855.9,Completed,Chennai,48,Basic,2025-06-28 05:43:00,user1631@example.com,user1631,4642.65,S069,6,5,P8690,Low,4887.0,5766.66
U01632,TXN101632,West,2025-01-24,Electronics,3099.0,Failed,Bengaluru,36,Premium,2025-01-24 23:15:00,user1632@example.com,user1632,1549.5,S046,2,25,P7026,Medium,2066.0,2437.88
U01633,TXN101633,West,2025-06-04,Fashion,3013.5,Completed,Jaipur,66,Basic,2025-06-04 03:23:00,user1633@example.com,user1633,430.5,S020,7,25,P4966,Medium,574.0,677.32
U01634,TXN101634,South,2025-10-04,Fashion,16555.2,Pending,Mumbai,67,Free,2025-10-04 08:14:00,user1634@example.com,user1634,2759.2,S072,6,20,P5349,Urgent,3449.0,4069.82
U01635,TXN101635,West,2026-02-25,Home,15372.0,Completed,Jaipur,70,Free,2026-02-25 02:54:00,user1635@example.com,user1635,1708.0,S060,9,0,P9964,Urgent,1708.0,2015.44
U01636,TXN101636,South,2025-11-19,Home,38280.0,Failed,Chennai,66,Free,2025-11-19 18:04:00,user1636@example.com,user1636,4785.0,S010,8,0,P9030,Low,4785.0,5646.3
U01637,TXN101637,North,2025-04-09,Electronics,2600.1,Completed,Pune,46,Basic,2025-04-09 07:35:00,user1637@example.com,user1637,2600.1,S074,1,10,P2570,Low,2889.0,3409.02
U01638,TXN101638,East,2025-09-09,Fashion,5138.0,Failed,Kolkata,33,Basic,2025-09-09 08:20:00,user1638@example.com,user1638,2569.0,S086,2,30,P7904,Medium,3670.0,4330.6
U01639,TXN101639,North,2025-10-02,Electronics,14847.0,Failed,Jaipur,65,Free,2025-10-02 02:33:00,user1639@example.com,user1639,3711.75,S029,4,25,P2528,Medium,4949.0,5839.82
U01640,TXN101640,North,2025-02-03,Electronics,16682.0,Failed,Kolkata,36,Free,2025-02-03 09:22:00,user1640@example.com,user1640,3336.4,S001,5,5,P5231,Medium,3512.0,4144.16
U01641,TXN101641,West,2025-03-17,Sports,12276.0,Pending,Delhi,54,Premium,2025-03-17 21:01:00,user1641@example.com,user1641,1227.6,S037,10,10,P5347,Medium,1364.0,1609.52
U01642,TXN101642,South,2025-01-02,Sports,18054.0,Completed,Bengaluru,65,Premium,2025-01-02 06:33:00,user1642@example.com,user1642,3610.8,S057,5,15,P9504,Urgent,4248.0,5012.64
U01643,TXN101643,West,2025-01-23,Electronics,36062.1,Refunded,Kolkata,59,Free,2025-01-23 07:32:00,user1643@example.com,user1643,4006.9,S040,9,15,P3498,Medium,4714.0,5562.52
U01644,TXN101644,West,2026-04-07,Grocery,9655.0,Failed,Bengaluru,46,Premium,2026-04-07 15:51:00,user1644@example.com,user1644,1931.0,S021,5,0,P1515,Low,1931.0,2278.58
U01645,TXN101645,West,2025-04-26,Home,10500.0,Completed,Delhi,62,Premium,2025-04-26 18:24:00,user1645@example.com,user1645,1050.0,S025,10,30,P2038,Medium,1500.0,1770.0
U01646,TXN101646,South,2025-09-03,Grocery,10054.8,Failed,Kolkata,22,Free,2025-09-03 18:16:00,user1646@example.com,user1646,1256.85,S029,8,5,P8773,Medium,1323.0,1561.14
U01647,TXN101647,West,2025-09-12,Electronics,8981.3,Refunded,Kolkata,24,Premium,2025-09-12 00:36:00,user1647@example.com,user1647,4490.65,S003,2,5,P9850,Medium,4727.0,5577.86
U01648,TXN101648,South,2025-05-17,Books,21721.7,Failed,Pune,25,Free,2025-05-17 19:27:00,user1648@example.com,user1648,3103.1,S046,7,30,P8567,High,4433.0,5230.94
U01649,TXN101649,South,2025-09-16,Grocery,19048.0,Pending,Pune,21,Premium,2025-09-16 08:02:00,user1649@example.com,user1649,2381.0,S011,8,0,P3460,Urgent,2381.0,2809.58
U01650,TXN101650,North,2025-11-24,Sports,4082.4,Failed,Mumbai,23,Basic,2025-11-24 07:20:00,user1650@example.com,user1650,680.4,S057,6,30,P8386,Medium,972.0,1146.96
U01651,TXN101651,East,2025-04-07,Books,32004.0,Failed,Hyderabad,38,Basic,2025-04-07 14:17:00,user1651@example.com,user1651,3556.0,S024,9,20,P4199,Urgent,4445.0,5245.1
U01652,TXN101652,West,2026-04-15,Fashion,3750.0,Completed,Hyderabad,61,Basic,2026-04-15 21:56:00,user1652@example.com,user1652,3750.0,S030,1,25,P2027,Medium,5000.0,5900.0
U01653,TXN101653,North,2025-07-06,Home,2577.0,Completed,Pune,65,Premium,2025-07-06 06:13:00,user1653@example.com,user1653,859.0,S073,3,0,P6285,High,859.0,1013.62
U01654,TXN101654,North,2025-02-21,Books,1127.0,Pending,Delhi,64,Premium,2025-02-21 18:41:00,user1654@example.com,user1654,225.4,S079,5,30,P7117,Medium,322.0,379.96
U01655,TXN101655,South,2025-02-11,Grocery,7446.0,Failed,Mumbai,30,Free,2025-02-11 09:14:00,user1655@example.com,user1655,3723.0,S073,2,0,P1516,Medium,3723.0,4393.14
U01656,TXN101656,North,2025-04-21,Grocery,693.0,Completed,Hyderabad,20,Basic,2025-04-21 04:27:00,user1656@example.com,user1656,346.5,S056,2,25,P2906,High,462.0,545.16
U01657,TXN101657,North,2025-11-15,Sports,13656.0,Pending,Hyderabad,60,Premium,2025-11-15 09:37:00,user1657@example.com,user1657,1365.6,S003,10,20,P7877,Low,1707.0,2014.26
U01658,TXN101658,North,2025-09-15,Sports,11963.0,Completed,Kolkata,30,Basic,2025-09-15 13:32:00,user1658@example.com,user1658,1709.0,S090,7,0,P7340,Urgent,1709.0,2016.62
U01659,TXN101659,North,2026-03-28,Electronics,2895.0,Pending,Hyderabad,40,Basic,2026-03-28 15:22:00,user1659@example.com,user1659,2895.0,S033,1,25,P2002,Low,3860.0,4554.8
U01660,TXN101660,East,2025-06-09,Fashion,2138.6,Completed,Pune,70,Basic,2025-06-09 03:16:00,user1660@example.com,user1660,1069.3,S060,2,15,P1136,Low,1258.0,1484.44
U01661,TXN101661,North,2025-03-03,Home,3525.8,Completed,Kolkata,67,Basic,2025-03-03 18:33:00,user1661@example.com,user1661,1762.9,S032,2,15,P8412,Low,2074.0,2447.32
U01662,TXN101662,West,2026-05-01,Sports,23823.8,Completed,Bengaluru,32,Free,2026-05-01 14:46:00,user1662@example.com,user1662,3403.4,S073,7,30,P6052,Urgent,4862.0,5737.16
U01663,TXN101663,North,2025-03-01,Sports,10519.6,Pending,Chennai,27,Free,2025-03-01 05:14:00,user1663@example.com,user1663,2629.9,S033,4,15,P5013,High,3094.0,3650.92
U01664,TXN101664,South,2025-05-08,Home,9310.0,Pending,Pune,28,Basic,2025-05-08 20:52:00,user1664@example.com,user1664,931.0,S043,10,0,P4097,Urgent,931.0,1098.58
U01665,TXN101665,South,2025-11-28,Home,10054.4,Completed,Chennai,69,Basic,2025-11-28 21:23:00,user1665@example.com,user1665,2513.6,S031,4,20,P5254,Low,3142.0,3707.56
U01666,TXN101666,South,2025-11-09,Grocery,752.0,Refunded,Bengaluru,19,Basic,2025-11-09 01:05:00,user1666@example.com,user1666,752.0,S037,1,0,P4348,Low,752.0,887.36
U01667,TXN101667,East,2025-03-09,Electronics,19656.0,Refunded,Chennai,26,Free,2025-03-09 02:56:00,user1667@example.com,user1667,1965.6,S019,10,30,P3680,High,2808.0,3313.44
U01668,TXN101668,South,2025-01-11,Grocery,17795.0,Completed,Kolkata,36,Basic,2025-01-11 02:18:00,user1668@example.com,user1668,3559.0,S053,5,0,P8199,Medium,3559.0,4199.62
U01669,TXN101669,South,2025-07-01,Grocery,4472.0,Completed,Delhi,31,Premium,2025-07-01 04:48:00,user1669@example.com,user1669,1118.0,S071,4,0,P5911,High,1118.0,1319.24
U01670,TXN101670,North,2025-05-19,Sports,501.6,Refunded,Kolkata,56,Free,2025-05-19 08:06:00,user1670@example.com,user1670,501.6,S068,1,20,P3984,Low,627.0,739.86
U01671,TXN101671,South,2025-07-03,Books,571.5,Completed,Hyderabad,55,Premium,2025-07-03 23:49:00,user1671@example.com,user1671,571.5,S088,1,25,P6329,Low,762.0,899.16
U01672,TXN101672,West,2025-01-17,Home,5298.75,Completed,Bengaluru,49,Premium,2025-01-17 03:20:00,user1672@example.com,user1672,1766.25,S080,3,25,P8642,Low,2355.0,2778.9
U01673,TXN101673,West,2025-02-17,Electronics,21221.9,Completed,Jaipur,68,Free,2025-02-17 13:12:00,user1673@example.com,user1673,3031.7,S034,7,30,P8378,Medium,4331.0,5110.58
U01674,TXN101674,North,2026-01-25,Fashion,12439.75,Pending,Chennai,20,Free,2026-01-25 20:08:00,user1674@example.com,user1674,2487.95,S043,5,15,P8537,Medium,2927.0,3453.86
U01675,TXN101675,East,2025-06-18,Books,9635.0,Failed,Jaipur,61,Premium,2025-06-18 08:17:00,user1675@example.com,user1675,1927.0,S095,5,0,P5720,High,1927.0,2273.86
U01676,TXN101676,North,2025-10-09,Books,6190.8,Refunded,Kolkata,25,Free,2025-10-09 11:45:00,user1676@example.com,user1676,3095.4,S030,2,30,P2893,High,4422.0,5217.96
U01677,TXN101677,West,2025-04-17,Books,1075.2,Completed,Hyderabad,51,Basic,2025-04-17 22:30:00,user1677@example.com,user1677,153.6,S010,7,20,P4021,Urgent,192.0,226.56
U01678,TXN101678,West,2025-12-16,Books,30270.8,Failed,Mumbai,27,Premium,2025-12-16 02:27:00,user1678@example.com,user1678,3783.85,S086,8,5,P7492,Medium,3983.0,4699.94
U01679,TXN101679,North,2025-07-31,Grocery,4144.0,Refunded,Chennai,47,Free,2025-07-31 17:23:00,user1679@example.com,user1679,2072.0,S047,2,30,P1728,Medium,2960.0,3492.8
U01680,TXN101680,West,2026-01-12,Fashion,5230.05,Completed,Bengaluru,48,Basic,2026-01-12 14:45:00,user1680@example.com,user1680,747.15,S033,7,15,P5671,Medium,879.0,1037.22
U01681,TXN101681,North,2026-04-06,Fashion,6269.4,Completed,Mumbai,68,Free,2026-04-06 07:38:00,user1681@example.com,user1681,696.6,S004,9,10,P5218,Medium,774.0,913.32
U01682,TXN101682,South,2025-01-28,Books,8760.9,Refunded,Chennai,20,Basic,2025-01-28 22:19:00,user1682@example.com,user1682,1460.15,S047,6,5,P2390,Low,1537.0,1813.66
U01683,TXN101683,North,2025-05-03,Books,4639.5,Refunded,Mumbai,67,Premium,2025-05-03 06:22:00,user1683@example.com,user1683,1546.5,S044,3,25,P5034,Urgent,2062.0,2433.16
U01684,TXN101684,North,2025-08-08,Books,37235.25,Failed,Chennai,18,Free,2025-08-08 05:13:00,user1684@example.com,user1684,4137.25,S001,9,5,P1283,High,4355.0,5138.9
U01685,TXN101685,East,2025-07-05,Books,12580.0,Completed,Pune,63,Premium,2025-07-05 04:26:00,user1685@example.com,user1685,3145.0,S010,4,0,P5927,Medium,3145.0,3711.1
U01686,TXN101686,North,2025-02-10,Books,7357.5,Failed,Pune,28,Free,2025-02-10 07:33:00,user1686@example.com,user1686,817.5,S046,9,25,P3488,High,1090.0,1286.2
U01687,TXN101687,North,2025-04-25,Grocery,35671.95,Failed,Kolkata,49,Basic,2025-04-25 19:35:00,user1687@example.com,user1687,3963.55,S090,9,15,P8813,Urgent,4663.0,5502.34
U01688,TXN101688,West,2026-03-11,Sports,19446.0,Failed,Pune,45,Premium,2026-03-11 15:52:00,user1688@example.com,user1688,2778.0,S033,7,25,P2892,High,3704.0,4370.72
U01689,TXN101689,East,2025-02-02,Home,4216.5,Completed,Chennai,61,Free,2025-02-02 13:24:00,user1689@example.com,user1689,1405.5,S089,3,25,P9152,Urgent,1874.0,2211.32
U01690,TXN101690,West,2026-04-11,Sports,20070.0,Failed,Bengaluru,45,Free,2026-04-11 21:07:00,user1690@example.com,user1690,2508.75,S080,8,25,P2853,Medium,3345.0,3947.1
U01691,TXN101691,South,2026-02-19,Home,23499.0,Failed,Kolkata,31,Basic,2026-02-19 09:46:00,user1691@example.com,user1691,3357.0,S049,7,10,P8611,Medium,3730.0,4401.4
U01692,TXN101692,South,2026-03-30,Books,2424.0,Refunded,Pune,67,Free,2026-03-30 19:14:00,user1692@example.com,user1692,2424.0,S019,1,20,P2135,Medium,3030.0,3575.4
U01693,TXN101693,North,2025-07-02,Grocery,14371.2,Completed,Kolkata,24,Free,2025-07-02 23:52:00,user1693@example.com,user1693,1596.8,S053,9,20,P1253,High,1996.0,2355.28
U01694,TXN101694,North,2026-03-20,Home,2797.5,Pending,Jaipur,43,Free,2026-03-20 13:00:00,user1694@example.com,user1694,279.75,S055,10,25,P4247,Low,373.0,440.14
U01695,TXN101695,South,2025-01-05,Books,11790.0,Failed,Kolkata,34,Basic,2025-01-05 11:59:00,user1695@example.com,user1695,1965.0,S028,6,0,P9901,Low,1965.0,2318.7
U01696,TXN101696,South,2026-03-15,Books,2912.0,Failed,Hyderabad,46,Free,2026-03-15 23:30:00,user1696@example.com,user1696,416.0,S020,7,20,P7145,Low,520.0,613.6
U01697,TXN101697,North,2026-04-16,Electronics,3808.0,Pending,Kolkata,45,Free,2026-04-16 07:40:00,user1697@example.com,user1697,380.8,S007,10,20,P5559,Urgent,476.0,561.68
U01698,TXN101698,East,2026-02-02,Home,10795.8,Pending,Pune,20,Free,2026-02-02 06:33:00,user1698@example.com,user1698,3598.6,S068,3,5,P4404,Low,3788.0,4469.84
U01699,TXN101699,North,2025-05-03,Home,17152.5,Failed,Delhi,19,Free,2025-05-03 15:09:00,user1699@example.com,user1699,1715.25,S010,10,25,P7459,Urgent,2287.0,2698.66
U01700,TXN101700,South,2026-02-21,Sports,20019.2,Completed,Chennai,58,Basic,2026-02-21 07:34:00,user1700@example.com,user1700,2502.4,S041,8,20,P5435,Urgent,3128.0,3691.04
U01701,TXN101701,West,2025-02-24,Grocery,6421.5,Completed,Mumbai,49,Basic,2025-02-24 09:35:00,user1701@example.com,user1701,1284.3,S016,5,10,P6748,Low,1427.0,1683.86
U01702,TXN101702,East,2025-05-10,Fashion,39798.0,Pending,Delhi,59,Free,2025-05-10 08:26:00,user1702@example.com,user1702,4422.0,S087,9,0,P8975,High,4422.0,5217.96
U01703,TXN101703,East,2026-03-17,Grocery,8343.6,Failed,Hyderabad,23,Premium,2026-03-17 01:10:00,user1703@example.com,user1703,1390.6,S009,6,15,P3546,Low,1636.0,1930.48
U01704,TXN101704,East,2025-02-20,Books,5268.0,Pending,Jaipur,50,Free,2025-02-20 14:17:00,user1704@example.com,user1704,2634.0,S056,2,25,P1798,Urgent,3512.0,4144.16
U01705,TXN101705,North,2026-02-17,Home,2145.0,Refunded,Mumbai,68,Free,2026-02-17 00:30:00,user1705@example.com,user1705,2145.0,S031,1,0,P3483,High,2145.0,2531.1
U01706,TXN101706,South,2025-05-07,Home,5870.0,Completed,Pune,40,Basic,2025-05-07 20:23:00,user1706@example.com,user1706,587.0,S096,10,0,P7275,Low,587.0,692.66
U01707,TXN101707,East,2025-07-27,Home,1764.0,Failed,Delhi,18,Premium,2025-07-27 07:50:00,user1707@example.com,user1707,588.0,S003,3,25,P7235,Low,784.0,925.12
U01708,TXN101708,East,2026-02-15,Books,32284.8,Refunded,Chennai,37,Basic,2026-02-15 12:29:00,user1708@example.com,user1708,3587.2,S005,9,20,P6975,Urgent,4484.0,5291.12
U01709,TXN101709,South,2025-03-19,Grocery,1150.8,Completed,Chennai,50,Basic,2025-03-19 02:56:00,user1709@example.com,user1709,1150.8,S067,1,30,P8722,High,1644.0,1939.92
U01710,TXN101710,South,2026-04-05,Grocery,12122.0,Completed,Chennai,60,Basic,2026-04-05 17:47:00,user1710@example.com,user1710,3030.5,S065,4,5,P1585,Low,3190.0,3764.2
U01711,TXN101711,East,2025-01-17,Grocery,10989.6,Completed,Bengaluru,44,Basic,2025-01-17 21:56:00,user1711@example.com,user1711,3663.2,S038,3,5,P6855,Urgent,3856.0,4550.08
U01712,TXN101712,North,2026-04-08,Sports,26197.2,Failed,Mumbai,68,Free,2026-04-08 02:24:00,user1712@example.com,user1712,3274.65,S013,8,5,P3169,Urgent,3447.0,4067.46
U01713,TXN101713,East,2025-05-03,Home,21859.5,Pending,Hyderabad,52,Basic,2025-05-03 21:21:00,user1713@example.com,user1713,2185.95,S035,10,5,P2868,Medium,2301.0,2715.18
U01714,TXN101714,South,2025-12-24,Grocery,13752.9,Pending,Mumbai,57,Premium,2025-12-24 10:15:00,user1714@example.com,user1714,1528.1,S097,9,30,P6531,Medium,2183.0,2575.94
U01715,TXN101715,West,2025-08-20,Electronics,873.6,Refunded,Bengaluru,64,Premium,2025-08-20 17:46:00,user1715@example.com,user1715,145.6,S065,6,20,P1410,High,182.0,214.76
U01716,TXN101716,West,2025-12-09,Grocery,7394.8,Failed,Kolkata,44,Premium,2025-12-09 22:02:00,user1716@example.com,user1716,924.35,S013,8,5,P6408,Low,973.0,1148.14
U01717,TXN101717,South,2025-05-09,Grocery,41922.0,Failed,Mumbai,22,Free,2025-05-09 03:37:00,user1717@example.com,user1717,4658.0,S033,9,0,P8378,Low,4658.0,5496.44
U01718,TXN101718,North,2025-12-02,Grocery,9371.25,Completed,Mumbai,48,Free,2025-12-02 19:01:00,user1718@example.com,user1718,3123.75,S009,3,25,P9246,High,4165.0,4914.7
U01719,TXN101719,West,2025-06-29,Books,2450.4,Refunded,Pune,64,Premium,2025-06-29 21:20:00,user1719@example.com,user1719,816.8,S058,3,20,P8657,Urgent,1021.0,1204.78
U01720,TXN101720,South,2026-04-09,Books,21048.0,Failed,Chennai,48,Free,2026-04-09 02:17:00,user1720@example.com,user1720,2631.0,S056,8,0,P6909,Low,2631.0,3104.58
U01721,TXN101721,West,2025-11-25,Grocery,9250.5,Failed,Jaipur,69,Basic,2025-11-25 19:22:00,user1721@example.com,user1721,1850.1,S005,5,30,P1792,Medium,2643.0,3118.74
U01722,TXN101722,East,2025-07-18,Electronics,21726.0,Refunded,Bengaluru,51,Premium,2025-07-18 13:24:00,user1722@example.com,user1722,2172.6,S092,10,10,P8384,Medium,2414.0,2848.52
U01723,TXN101723,West,2026-04-20,Electronics,5000.55,Completed,Pune,53,Free,2026-04-20 02:34:00,user1723@example.com,user1723,1666.85,S046,3,15,P2493,Medium,1961.0,2313.98
U01724,TXN101724,South,2025-06-16,Sports,25450.2,Failed,Hyderabad,19,Basic,2025-06-16 03:40:00,user1724@example.com,user1724,4241.7,S060,6,10,P6285,Low,4713.0,5561.34
U01725,TXN101725,North,2025-06-09,Books,3039.05,Pending,Jaipur,65,Premium,2025-06-09 05:40:00,user1725@example.com,user1725,3039.05,S053,1,5,P7498,High,3199.0,3774.82
U01726,TXN101726,West,2026-01-19,Grocery,5949.0,Failed,Hyderabad,57,Premium,2026-01-19 01:46:00,user1726@example.com,user1726,1983.0,S095,3,25,P1333,Medium,2644.0,3119.92
U01727,TXN101727,South,2025-08-05,Books,7029.5,Pending,Bengaluru,55,Basic,2025-08-05 15:37:00,user1727@example.com,user1727,1405.9,S048,5,15,P8794,High,1654.0,1951.72
U01728,TXN101728,West,2025-06-19,Grocery,301.0,Pending,Jaipur,22,Basic,2025-06-19 18:13:00,user1728@example.com,user1728,150.5,S080,2,30,P3571,Urgent,215.0,253.7
U01729,TXN101729,East,2025-12-19,Grocery,3606.75,Pending,Kolkata,65,Premium,2025-12-19 22:49:00,user1729@example.com,user1729,1202.25,S070,3,25,P4660,Urgent,1603.0,1891.54
U01730,TXN101730,East,2025-08-31,Home,12008.0,Pending,Delhi,67,Basic,2025-08-31 09:53:00,user1730@example.com,user1730,1501.0,S082,8,0,P9396,Urgent,1501.0,1771.18
U01731,TXN101731,South,2025-08-29,Electronics,3240.0,Failed,Bengaluru,29,Premium,2025-08-29 21:06:00,user1731@example.com,user1731,405.0,S059,8,0,P2693,Medium,405.0,477.9
U01732,TXN101732,West,2025-07-09,Sports,3847.2,Failed,Mumbai,61,Basic,2025-07-09 16:24:00,user1732@example.com,user1732,961.8,S035,4,30,P6693,Urgent,1374.0,1621.32
U01733,TXN101733,North,2025-12-15,Fashion,6697.6,Pending,Kolkata,59,Free,2025-12-15 11:25:00,user1733@example.com,user1733,837.2,S023,8,30,P9058,Low,1196.0,1411.28
U01734,TXN101734,South,2026-04-24,Electronics,26124.0,Completed,Jaipur,19,Premium,2026-04-24 14:43:00,user1734@example.com,user1734,3265.5,S050,8,25,P7131,Low,4354.0,5137.72
U01735,TXN101735,East,2026-04-21,Sports,4554.0,Completed,Mumbai,40,Premium,2026-04-21 20:24:00,user1735@example.com,user1735,2277.0,S064,2,0,P9015,High,2277.0,2686.86
U01736,TXN101736,East,2025-01-31,Grocery,5850.0,Failed,Chennai,69,Basic,2025-01-31 17:34:00,user1736@example.com,user1736,650.0,S012,9,0,P5655,High,650.0,767.0
U01737,TXN101737,East,2025-11-15,Sports,8700.6,Refunded,Chennai,32,Free,2025-11-15 18:14:00,user1737@example.com,user1737,1450.1,S068,6,15,P7198,Low,1706.0,2013.08
U01738,TXN101738,East,2026-03-05,Fashion,9723.75,Completed,Jaipur,28,Premium,2026-03-05 10:32:00,user1738@example.com,user1738,1944.75,S033,5,25,P5096,Low,2593.0,3059.74
U01739,TXN101739,West,2025-12-20,Fashion,4807.0,Failed,Kolkata,55,Free,2025-12-20 14:39:00,user1739@example.com,user1739,1201.75,S043,4,5,P9826,Low,1265.0,1492.7
U01740,TXN101740,West,2025-10-14,Home,29212.8,Refunded,Delhi,19,Basic,2025-10-14 21:38:00,user1740@example.com,user1740,3651.6,S079,8,15,P5763,Low,4296.0,5069.28
U01741,TXN101741,East,2025-08-29,Grocery,2312.0,Completed,Jaipur,67,Free,2025-08-29 16:16:00,user1741@example.com,user1741,231.2,S038,10,20,P7556,Medium,289.0,341.02
U01742,TXN101742,South,2026-03-07,Sports,1470.0,Failed,Bengaluru,54,Basic,2026-03-07 22:10:00,user1742@example.com,user1742,735.0,S086,2,30,P7300,Urgent,1050.0,1239.0
U01743,TXN101743,South,2025-08-14,Sports,8280.0,Pending,Chennai,39,Basic,2025-08-14 18:36:00,user1743@example.com,user1743,4140.0,S046,2,0,P1867,Medium,4140.0,4885.2
U01744,TXN101744,South,2026-03-30,Fashion,181.3,Completed,Jaipur,37,Premium,2026-03-30 03:23:00,user1744@example.com,user1744,181.3,S029,1,30,P6330,Low,259.0,305.62
U01745,TXN101745,South,2025-07-22,Sports,26510.4,Failed,Bengaluru,20,Basic,2025-07-22 17:39:00,user1745@example.com,user1745,3313.8,S030,8,30,P9060,Low,4734.0,5586.12
U01746,TXN101746,South,2026-03-11,Grocery,12015.0,Pending,Mumbai,50,Premium,2026-03-11 10:21:00,user1746@example.com,user1746,2002.5,S033,6,10,P6299,Medium,2225.0,2625.5
U01747,TXN101747,West,2025-02-07,Books,9640.0,Refunded,Chennai,51,Basic,2025-02-07 16:53:00,user1747@example.com,user1747,964.0,S094,10,0,P6569,Low,964.0,1137.52
U01748,TXN101748,North,2025-03-08,Fashion,1073.25,Refunded,Hyderabad,49,Free,2025-03-08 19:35:00,user1748@example.com,user1748,357.75,S021,3,25,P9755,Urgent,477.0,562.86
U01749,TXN101749,East,2025-08-03,Electronics,2555.0,Failed,Pune,45,Premium,2025-08-03 14:41:00,user1749@example.com,user1749,511.0,S046,5,0,P9664,Low,511.0,602.98
U01750,TXN101750,North,2025-06-06,Fashion,10956.6,Completed,Hyderabad,56,Free,2025-06-06 06:16:00,user1750@example.com,user1750,1826.1,S027,6,10,P8415,Urgent,2029.0,2394.22
U01751,TXN101751,South,2025-07-02,Sports,23151.5,Pending,Hyderabad,53,Basic,2025-07-02 11:12:00,user1751@example.com,user1751,4630.3,S020,5,5,P9704,High,4874.0,5751.32
U01752,TXN101752,West,2025-10-07,Home,24518.4,Completed,Hyderabad,21,Premium,2025-10-07 10:50:00,user1752@example.com,user1752,3064.8,S035,8,20,P1576,Low,3831.0,4520.58
U01753,TXN101753,East,2025-07-02,Home,16710.4,Completed,Jaipur,35,Basic,2025-07-02 11:18:00,user1753@example.com,user1753,2088.8,S063,8,30,P8925,Urgent,2984.0,3521.12
U01754,TXN101754,West,2026-02-15,Home,1738.8,Refunded,Chennai,66,Basic,2026-02-15 16:25:00,user1754@example.com,user1754,193.2,S005,9,30,P4642,Medium,276.0,325.68
U01755,TXN101755,West,2026-03-13,Home,4523.4,Refunded,Kolkata,63,Basic,2026-03-13 01:55:00,user1755@example.com,user1755,753.9,S089,6,30,P7385,Low,1077.0,1270.86
U01756,TXN101756,South,2025-02-11,Sports,3133.1,Refunded,Bengaluru,32,Basic,2025-02-11 05:50:00,user1756@example.com,user1756,3133.1,S092,1,5,P5422,Low,3298.0,3891.64
U01757,TXN101757,East,2025-07-15,Fashion,2740.0,Completed,Chennai,64,Free,2025-07-15 23:53:00,user1757@example.com,user1757,685.0,S097,4,0,P2782,Low,685.0,808.3
U01758,TXN101758,East,2026-03-24,Grocery,8330.0,Completed,Mumbai,28,Basic,2026-03-24 10:12:00,user1758@example.com,user1758,833.0,S037,10,15,P8820,Medium,980.0,1156.4
U01759,TXN101759,North,2026-04-07,Books,6840.0,Pending,Mumbai,21,Basic,2026-04-07 11:44:00,user1759@example.com,user1759,855.0,S022,8,5,P3058,Low,900.0,1062.0
U01760,TXN101760,South,2025-03-30,Grocery,621.75,Pending,Bengaluru,52,Basic,2025-03-30 21:01:00,user1760@example.com,user1760,621.75,S029,1,25,P5758,Low,829.0,978.22
U01761,TXN101761,East,2026-04-14,Books,4468.8,Pending,Hyderabad,36,Basic,2026-04-14 08:27:00,user1761@example.com,user1761,744.8,S057,6,30,P3166,Medium,1064.0,1255.52
U01762,TXN101762,East,2025-12-25,Sports,5400.75,Completed,Jaipur,56,Premium,2025-12-25 00:52:00,user1762@example.com,user1762,1080.15,S052,5,5,P5091,Urgent,1137.0,1341.66
U01763,TXN101763,South,2025-01-15,Grocery,18250.4,Pending,Kolkata,33,Free,2025-01-15 17:43:00,user1763@example.com,user1763,2281.3,S050,8,30,P2617,Low,3259.0,3845.62
U01764,TXN101764,West,2026-03-26,Grocery,10383.6,Completed,Delhi,19,Basic,2026-03-26 20:45:00,user1764@example.com,user1764,3461.2,S097,3,15,P1019,Urgent,4072.0,4804.96
U01765,TXN101765,East,2025-04-17,Grocery,12860.0,Pending,Delhi,53,Free,2025-04-17 00:30:00,user1765@example.com,user1765,2572.0,S038,5,20,P3504,Low,3215.0,3793.7
U01766,TXN101766,East,2026-01-16,Sports,16568.0,Pending,Kolkata,29,Basic,2026-01-16 12:52:00,user1766@example.com,user1766,3313.6,S086,5,20,P2065,High,4142.0,4887.56
U01767,TXN101767,West,2025-12-21,Books,9875.25,Pending,Jaipur,46,Free,2025-12-21 07:28:00,user1767@example.com,user1767,1975.05,S077,5,5,P7920,Medium,2079.0,2453.22
U01768,TXN101768,East,2025-05-28,Electronics,33655.5,Pending,Delhi,62,Basic,2025-05-28 12:28:00,user1768@example.com,user1768,3739.5,S027,9,10,P8944,High,4155.0,4902.9
U01769,TXN101769,West,2025-11-02,Grocery,2992.5,Completed,Bengaluru,28,Premium,2025-11-02 02:59:00,user1769@example.com,user1769,997.5,S065,3,5,P8519,Medium,1050.0,1239.0
U01770,TXN101770,North,2025-07-13,Electronics,39474.0,Refunded,Kolkata,24,Free,2025-07-13 05:56:00,user1770@example.com,user1770,3947.4,S033,10,15,P3136,High,4644.0,5479.92
U01771,TXN101771,West,2025-09-05,Grocery,4825.8,Pending,Hyderabad,24,Basic,2025-09-05 02:16:00,user1771@example.com,user1771,804.3,S091,6,30,P1603,Medium,1149.0,1355.82
U01772,TXN101772,East,2026-04-04,Grocery,15810.0,Refunded,Bengaluru,31,Basic,2026-04-04 13:09:00,user1772@example.com,user1772,1581.0,S017,10,15,P7267,Medium,1860.0,2194.8
U01773,TXN101773,North,2026-01-14,Sports,6368.0,Failed,Hyderabad,66,Free,2026-01-14 23:54:00,user1773@example.com,user1773,1273.6,S024,5,20,P1189,Low,1592.0,1878.56
U01774,TXN101774,North,2025-06-25,Sports,28995.0,Completed,Pune,59,Premium,2025-06-25 23:19:00,user1774@example.com,user1774,2899.5,S066,10,25,P9659,Urgent,3866.0,4561.88
U01775,TXN101775,North,2025-07-01,Grocery,19629.0,Failed,Jaipur,47,Basic,2025-07-01 09:21:00,user1775@example.com,user1775,1962.9,S089,10,10,P1379,Medium,2181.0,2573.58
U01776,TXN101776,South,2025-02-19,Grocery,4753.0,Failed,Mumbai,59,Free,2025-02-19 16:24:00,user1776@example.com,user1776,4753.0,S053,1,0,P9398,High,4753.0,5608.54
U01777,TXN101777,South,2026-04-26,Sports,14977.5,Failed,Bengaluru,56,Premium,2026-04-26 06:12:00,user1777@example.com,user1777,1497.75,S084,10,25,P5655,Medium,1997.0,2356.46
U01778,TXN101778,East,2026-01-20,Grocery,14395.2,Completed,Chennai,39,Free,2026-01-20 13:35:00,user1778@example.com,user1778,2399.2,S088,6,20,P3586,Medium,2999.0,3538.82
U01779,TXN101779,North,2025-03-23,Grocery,1992.0,Failed,Chennai,39,Premium,2025-03-23 20:27:00,user1779@example.com,user1779,996.0,S054,2,25,P4003,Medium,1328.0,1567.04
U01780,TXN101780,East,2025-10-16,Grocery,11865.0,Refunded,Pune,35,Free,2025-10-16 03:06:00,user1780@example.com,user1780,1695.0,S062,7,0,P9065,Urgent,1695.0,2000.1
U01781,TXN101781,South,2025-06-17,Fashion,711.75,Pending,Chennai,45,Premium,2025-06-17 03:24:00,user1781@example.com,user1781,711.75,S071,1,25,P4500,High,949.0,1119.82
U01782,TXN101782,West,2026-02-08,Home,24426.0,Refunded,Kolkata,58,Basic,2026-02-08 01:37:00,user1782@example.com,user1782,2442.6,S067,10,10,P1486,Urgent,2714.0,3202.52
U01783,TXN101783,East,2026-01-25,Books,28169.4,Pending,Jaipur,45,Free,2026-01-25 07:54:00,user1783@example.com,user1783,4694.9,S027,6,5,P6152,High,4942.0,5831.56
U01784,TXN101784,West,2025-08-24,Sports,35496.0,Refunded,Chennai,35,Basic,2025-08-24 20:52:00,user1784@example.com,user1784,3549.6,S100,10,15,P4837,High,4176.0,4927.68
U01785,TXN101785,North,2025-12-22,Fashion,9269.25,Failed,Chennai,41,Free,2025-12-22 11:00:00,user1785@example.com,user1785,3089.75,S098,3,15,P5183,Urgent,3635.0,4289.3
U01786,TXN101786,West,2026-01-26,Home,23270.4,Completed,Mumbai,64,Free,2026-01-26 12:13:00,user1786@example.com,user1786,3878.4,S067,6,20,P8555,Low,4848.0,5720.64
U01787,TXN101787,East,2025-08-15,Grocery,6910.0,Pending,Chennai,47,Basic,2025-08-15 19:09:00,user1787@example.com,user1787,691.0,S093,10,0,P2280,High,691.0,815.38
U01788,TXN101788,South,2025-08-16,Home,12695.8,Pending,Bengaluru,43,Free,2025-08-16 16:21:00,user1788@example.com,user1788,3173.95,S076,4,5,P8832,Medium,3341.0,3942.38
U01789,TXN101789,North,2025-02-11,Fashion,6710.2,Refunded,Jaipur,40,Basic,2025-02-11 03:30:00,user1789@example.com,user1789,3355.1,S043,2,30,P2575,Medium,4793.0,5655.74
U01790,TXN101790,South,2025-07-31,Grocery,994.5,Pending,Jaipur,56,Free,2025-07-31 18:31:00,user1790@example.com,user1790,497.25,S009,2,25,P8992,Medium,663.0,782.34
U01791,TXN101791,East,2025-09-09,Sports,11699.2,Refunded,Mumbai,29,Basic,2025-09-09 08:53:00,user1791@example.com,user1791,2924.8,S085,4,20,P7420,Urgent,3656.0,4314.08
U01792,TXN101792,West,2026-02-08,Electronics,1505.7,Pending,Mumbai,53,Basic,2026-02-08 13:52:00,user1792@example.com,user1792,1505.7,S069,1,30,P9183,High,2151.0,2538.18
U01793,TXN101793,West,2025-07-26,Electronics,4743.0,Pending,Hyderabad,49,Premium,2025-07-26 19:48:00,user1793@example.com,user1793,2371.5,S055,2,25,P3566,High,3162.0,3731.16
U01794,TXN101794,East,2025-09-09,Home,2623.1,Completed,Kolkata,65,Free,2025-09-09 01:08:00,user1794@example.com,user1794,2623.1,S099,1,15,P6931,Urgent,3086.0,3641.48
U01795,TXN101795,West,2025-10-13,Sports,12175.2,Completed,Chennai,24,Free,2025-10-13 17:49:00,user1795@example.com,user1795,3043.8,S036,4,5,P2252,High,3204.0,3780.72
U01796,TXN101796,North,2025-01-21,Books,2053.8,Failed,Chennai,30,Premium,2025-01-21 08:49:00,user1796@example.com,user1796,342.3,S081,6,30,P6648,High,489.0,577.02
U01797,TXN101797,South,2025-06-14,Sports,25296.6,Completed,Jaipur,31,Premium,2025-06-14 15:39:00,user1797@example.com,user1797,3613.8,S040,7,5,P2808,High,3804.0,4488.72
U01798,TXN101798,East,2025-06-19,Fashion,7897.5,Completed,Bengaluru,56,Premium,2025-06-19 19:24:00,user1798@example.com,user1798,877.5,S086,9,25,P7309,Low,1170.0,1380.6
U01799,TXN101799,West,2026-01-31,Electronics,18873.0,Completed,Pune,31,Basic,2026-01-31 16:08:00,user1799@example.com,user1799,2097.0,S040,9,10,P2925,Urgent,2330.0,2749.4
U01800,TXN101800,South,2025-08-31,Fashion,9712.5,Completed,Jaipur,43,Free,2025-08-31 05:46:00,user1800@example.com,user1800,1942.5,S071,5,30,P3190,Low,2775.0,3274.5
U01801,TXN101801,North,2025-04-19,Home,5805.0,Failed,Chennai,53,Premium,2025-04-19 18:16:00,user1801@example.com,user1801,1161.0,S098,5,10,P2447,Low,1290.0,1522.2
U01802,TXN101802,North,2025-12-19,Home,1498.7,Failed,Kolkata,67,Free,2025-12-19 21:49:00,user1802@example.com,user1802,1498.7,S096,1,30,P4777,High,2141.0,2526.38
U01803,TXN101803,East,2026-04-14,Fashion,9801.0,Refunded,Mumbai,28,Premium,2026-04-14 13:01:00,user1803@example.com,user1803,1089.0,S040,9,10,P5238,High,1210.0,1427.8
U01804,TXN101804,East,2025-05-06,Books,14940.45,Pending,Chennai,36,Basic,2025-05-06 08:55:00,user1804@example.com,user1804,2134.35,S093,7,15,P9879,Medium,2511.0,2962.98
U01805,TXN101805,South,2025-11-13,Electronics,2562.75,Refunded,Mumbai,28,Free,2025-11-13 08:24:00,user1805@example.com,user1805,512.55,S009,5,15,P4594,Medium,603.0,711.54
U01806,TXN101806,East,2025-09-05,Electronics,6643.0,Pending,Mumbai,67,Free,2025-09-05 03:08:00,user1806@example.com,user1806,1328.6,S039,5,30,P5057,High,1898.0,2239.64
U01807,TXN101807,West,2025-10-10,Books,19504.8,Failed,Kolkata,59,Free,2025-10-10 17:59:00,user1807@example.com,user1807,2438.1,S024,8,10,P2764,Medium,2709.0,3196.62
U01808,TXN101808,East,2025-12-26,Fashion,138.7,Refunded,Pune,51,Free,2025-12-26 10:48:00,user1808@example.com,user1808,138.7,S019,1,5,P1864,Low,146.0,172.28
U01809,TXN101809,West,2025-05-03,Sports,10181.25,Refunded,Chennai,47,Premium,2025-05-03 11:19:00,user1809@example.com,user1809,2036.25,S067,5,25,P4267,Medium,2715.0,3203.7
U01810,TXN101810,North,2025-02-09,Books,30060.0,Completed,Hyderabad,34,Basic,2025-02-09 18:06:00,user1810@example.com,user1810,3340.0,S027,9,0,P1886,Medium,3340.0,3941.2
U01811,TXN101811,South,2025-07-22,Home,24008.25,Failed,Bengaluru,38,Basic,2025-07-22 14:28:00,user1811@example.com,user1811,3429.75,S015,7,15,P4390,High,4035.0,4761.3
U01812,TXN101812,East,2026-01-10,Home,4864.0,Completed,Pune,41,Free,2026-01-10 15:36:00,user1812@example.com,user1812,2432.0,S029,2,20,P9635,Urgent,3040.0,3587.2
U01813,TXN101813,East,2026-01-10,Books,10773.75,Pending,Delhi,52,Free,2026-01-10 18:45:00,user1813@example.com,user1813,2154.75,S017,5,15,P4492,Medium,2535.0,2991.3
U01814,TXN101814,West,2025-09-11,Home,11414.25,Refunded,Chennai,30,Premium,2025-09-11 06:36:00,user1814@example.com,user1814,1268.25,S002,9,5,P2881,Low,1335.0,1575.3
U01815,TXN101815,West,2025-03-14,Electronics,5628.0,Pending,Delhi,39,Free,2025-03-14 02:28:00,user1815@example.com,user1815,1407.0,S093,4,30,P6979,Medium,2010.0,2371.8
U01816,TXN101816,South,2025-11-06,Fashion,4442.2,Completed,Hyderabad,48,Basic,2025-11-06 21:44:00,user1816@example.com,user1816,1110.55,S036,4,5,P1611,Low,1169.0,1379.42
U01817,TXN101817,North,2025-08-20,Sports,3906.0,Pending,Pune,56,Basic,2025-08-20 20:15:00,user1817@example.com,user1817,434.0,S027,9,30,P8383,High,620.0,731.6
U01818,TXN101818,North,2025-03-17,Electronics,33660.4,Completed,Bengaluru,66,Free,2025-03-17 15:53:00,user1818@example.com,user1818,4207.55,S029,8,5,P6932,High,4429.0,5226.22
U01819,TXN101819,South,2025-08-06,Grocery,11619.0,Failed,Hyderabad,31,Premium,2025-08-06 17:42:00,user1819@example.com,user1819,1291.0,S056,9,0,P7201,Low,1291.0,1523.38
U01820,TXN101820,West,2025-04-22,Grocery,23643.9,Failed,Pune,50,Basic,2025-04-22 17:03:00,user1820@example.com,user1820,3377.7,S030,7,10,P7404,Urgent,3753.0,4428.54
U01821,TXN101821,West,2025-10-31,Fashion,31674.4,Failed,Pune,43,Premium,2025-10-31 19:45:00,user1821@example.com,user1821,3959.3,S054,8,15,P8486,Low,4658.0,5496.44
U01822,TXN101822,East,2025-01-29,Electronics,10899.0,Completed,Bengaluru,45,Premium,2025-01-29 18:10:00,user1822@example.com,user1822,1211.0,S029,9,30,P5016,Medium,1730.0,2041.4
U01823,TXN101823,East,2026-03-21,Sports,26621.0,Completed,Bengaluru,52,Basic,2026-03-21 17:43:00,user1823@example.com,user1823,2662.1,S042,10,30,P6754,Low,3803.0,4487.54
U01824,TXN101824,South,2025-08-22,Books,10750.5,Failed,Chennai,46,Premium,2025-08-22 15:38:00,user1824@example.com,user1824,3583.5,S024,3,25,P3169,High,4778.0,5638.04
U01825,TXN101825,North,2025-01-30,Electronics,380.8,Completed,Kolkata,52,Premium,2025-01-30 09:53:00,user1825@example.com,user1825,190.4,S089,2,15,P2664,Urgent,224.0,264.32
U01826,TXN101826,West,2025-12-26,Sports,14720.0,Refunded,Jaipur,59,Free,2025-12-26 20:12:00,user1826@example.com,user1826,1472.0,S033,10,0,P9204,Medium,1472.0,1736.96
U01827,TXN101827,North,2025-09-30,Sports,1702.4,Pending,Jaipur,52,Basic,2025-09-30 14:45:00,user1827@example.com,user1827,851.2,S023,2,5,P8005,Urgent,896.0,1057.28
U01828,TXN101828,East,2025-04-13,Fashion,13153.5,Completed,Kolkata,58,Free,2025-04-13 12:42:00,user1828@example.com,user1828,2192.25,S049,6,25,P4740,Medium,2923.0,3449.14
U01829,TXN101829,East,2025-04-09,Home,912.05,Refunded,Kolkata,27,Basic,2025-04-09 12:57:00,user1829@example.com,user1829,912.05,S047,1,15,P5902,Urgent,1073.0,1266.14
U01830,TXN101830,South,2025-06-08,Fashion,3133.1,Refunded,Chennai,67,Free,2025-06-08 02:23:00,user1830@example.com,user1830,3133.1,S095,1,5,P9572,Urgent,3298.0,3891.64
U01831,TXN101831,East,2025-03-30,Books,15599.0,Refunded,Kolkata,27,Basic,2025-03-30 20:07:00,user1831@example.com,user1831,1559.9,S064,10,5,P5323,Medium,1642.0,1937.56
U01832,TXN101832,North,2025-02-28,Books,26087.4,Failed,Jaipur,47,Premium,2025-02-28 20:14:00,user1832@example.com,user1832,4347.9,S096,6,10,P8590,Medium,4831.0,5700.58
U01833,TXN101833,South,2025-06-10,Fashion,15105.6,Completed,Delhi,42,Premium,2025-06-10 13:01:00,user1833@example.com,user1833,1888.2,S019,8,10,P5813,Medium,2098.0,2475.64
U01834,TXN101834,East,2026-02-14,Books,4299.3,Failed,Bengaluru,63,Basic,2026-02-14 14:11:00,user1834@example.com,user1834,1433.1,S070,3,15,P4538,Low,1686.0,1989.48
U01835,TXN101835,South,2026-02-03,Sports,5169.5,Failed,Hyderabad,25,Basic,2026-02-03 09:13:00,user1835@example.com,user1835,738.5,S037,7,30,P9573,High,1055.0,1244.9
U01836,TXN101836,South,2026-02-13,Grocery,4718.65,Pending,Delhi,37,Premium,2026-02-13 09:29:00,user1836@example.com,user1836,4718.65,S057,1,5,P5657,Urgent,4967.0,5861.06
U01837,TXN101837,East,2025-11-19,Home,17728.0,Failed,Jaipur,18,Premium,2025-11-19 22:07:00,user1837@example.com,user1837,4432.0,S060,4,0,P8565,Urgent,4432.0,5229.76
U01838,TXN101838,North,2025-03-16,Books,2839.2,Pending,Pune,39,Premium,2025-03-16 12:37:00,user1838@example.com,user1838,709.8,S017,4,30,P8823,Urgent,1014.0,1196.52
U01839,TXN101839,West,2025-08-17,Sports,36640.0,Pending,Mumbai,20,Free,2025-08-17 19:42:00,user1839@example.com,user1839,3664.0,S077,10,0,P1498,High,3664.0,4323.52
U01840,TXN101840,East,2025-09-30,Fashion,12096.0,Failed,Kolkata,70,Basic,2025-09-30 13:44:00,user1840@example.com,user1840,3024.0,S016,4,10,P2381,Urgent,3360.0,3964.8
U01841,TXN101841,West,2025-07-09,Home,2956.5,Pending,Jaipur,29,Premium,2025-07-09 10:28:00,user1841@example.com,user1841,328.5,S027,9,25,P5295,Medium,438.0,516.84
U01842,TXN101842,East,2025-04-10,Books,21394.5,Refunded,Kolkata,29,Free,2025-04-10 11:29:00,user1842@example.com,user1842,2139.45,S086,10,15,P4891,Low,2517.0,2970.06
U01843,TXN101843,East,2025-03-12,Books,8958.15,Refunded,Bengaluru,68,Free,2025-03-12 10:28:00,user1843@example.com,user1843,995.35,S079,9,15,P8459,High,1171.0,1381.78
U01844,TXN101844,South,2025-07-23,Books,22505.7,Pending,Chennai,30,Free,2025-07-23 00:12:00,user1844@example.com,user1844,3215.1,S074,7,30,P8040,High,4593.0,5419.74
U01845,TXN101845,West,2025-05-12,Grocery,15006.0,Completed,Chennai,66,Free,2025-05-12 11:45:00,user1845@example.com,user1845,2501.0,S043,6,0,P4338,Medium,2501.0,2951.18
U01846,TXN101846,North,2026-04-03,Sports,3204.0,Refunded,Delhi,25,Premium,2026-04-03 20:31:00,user1846@example.com,user1846,801.0,S096,4,10,P7311,Low,890.0,1050.2
U01847,TXN101847,North,2025-10-10,Fashion,7740.0,Refunded,Jaipur,45,Premium,2025-10-10 02:25:00,user1847@example.com,user1847,3870.0,S051,2,10,P8922,High,4300.0,5074.0
U01848,TXN101848,West,2026-03-30,Grocery,20392.5,Failed,Hyderabad,51,Free,2026-03-30 09:05:00,user1848@example.com,user1848,2039.25,S051,10,25,P7589,High,2719.0,3208.42
U01849,TXN101849,West,2026-03-14,Sports,8027.5,Refunded,Jaipur,66,Basic,2026-03-14 07:24:00,user1849@example.com,user1849,802.75,S078,10,5,P7129,High,845.0,997.1
U01850,TXN101850,South,2025-11-03,Home,1500.8,Pending,Kolkata,63,Basic,2025-11-03 16:39:00,user1850@example.com,user1850,375.2,S014,4,30,P9440,Low,536.0,632.48
U01851,TXN101851,East,2025-07-20,Books,21336.0,Completed,Pune,22,Free,2025-07-20 22:14:00,user1851@example.com,user1851,3556.0,S047,6,20,P9204,Low,4445.0,5245.1
U01852,TXN101852,West,2025-02-02,Sports,23210.4,Completed,Mumbai,19,Basic,2025-02-02 11:29:00,user1852@example.com,user1852,2901.3,S030,8,5,P6241,High,3054.0,3603.72
U01853,TXN101853,East,2025-03-06,Home,13576.5,Completed,Chennai,40,Free,2025-03-06 15:23:00,user1853@example.com,user1853,2715.3,S012,5,10,P3583,High,3017.0,3560.06
U01854,TXN101854,West,2025-07-28,Fashion,22833.0,Completed,Bengaluru,35,Basic,2025-07-28 09:04:00,user1854@example.com,user1854,2537.0,S086,9,0,P6359,Medium,2537.0,2993.66
U01855,TXN101855,North,2026-04-16,Electronics,10574.85,Failed,Chennai,33,Free,2026-04-16 14:15:00,user1855@example.com,user1855,3524.95,S001,3,15,P4625,Medium,4147.0,4893.46
U01856,TXN101856,West,2025-09-18,Grocery,9216.0,Refunded,Pune,29,Premium,2025-09-18 08:00:00,user1856@example.com,user1856,3072.0,S049,3,20,P5085,Urgent,3840.0,4531.2
U01857,TXN101857,West,2026-01-15,Grocery,1140.3,Failed,Chennai,26,Basic,2026-01-15 14:38:00,user1857@example.com,user1857,380.1,S038,3,30,P5036,Low,543.0,640.74
U01858,TXN101858,West,2025-04-16,Books,39509.55,Failed,Pune,56,Basic,2025-04-16 14:03:00,user1858@example.com,user1858,4389.95,S088,9,5,P4792,Low,4621.0,5452.78
U01859,TXN101859,East,2026-01-24,Grocery,5185.8,Pending,Kolkata,67,Basic,2026-01-24 01:43:00,user1859@example.com,user1859,2592.9,S074,2,10,P2777,Medium,2881.0,3399.58
U01860,TXN101860,North,2025-11-25,Home,3559.2,Refunded,Bengaluru,70,Free,2025-11-25 21:14:00,user1860@example.com,user1860,3559.2,S077,1,20,P1378,Low,4449.0,5249.82
U01861,TXN101861,South,2025-05-06,Home,10757.6,Refunded,Delhi,50,Basic,2025-05-06 20:18:00,user1861@example.com,user1861,2689.4,S051,4,30,P8468,High,3842.0,4533.56
U01862,TXN101862,East,2025-01-18,Electronics,11680.0,Refunded,Jaipur,62,Free,2025-01-18 15:37:00,user1862@example.com,user1862,2920.0,S073,4,0,P9253,Urgent,2920.0,3445.6
U01863,TXN101863,North,2026-03-04,Home,10351.2,Failed,Chennai,23,Free,2026-03-04 01:44:00,user1863@example.com,user1863,1293.9,S016,8,5,P5618,Low,1362.0,1607.16
U01864,TXN101864,West,2025-01-04,Sports,25883.7,Refunded,Kolkata,31,Basic,2025-01-04 09:51:00,user1864@example.com,user1864,4313.95,S060,6,5,P8908,Urgent,4541.0,5358.38
U01865,TXN101865,North,2025-12-03,Fashion,8832.0,Completed,Hyderabad,32,Basic,2025-12-03 12:27:00,user1865@example.com,user1865,2208.0,S017,4,0,P5359,Urgent,2208.0,2605.44
U01866,TXN101866,East,2025-01-17,Home,28427.0,Refunded,Chennai,18,Premium,2025-01-17 04:39:00,user1866@example.com,user1866,4061.0,S019,7,0,P3403,Urgent,4061.0,4791.98
U01867,TXN101867,North,2026-03-18,Fashion,18809.0,Pending,Chennai,61,Basic,2026-03-18 04:18:00,user1867@example.com,user1867,1880.9,S036,10,30,P3116,Urgent,2687.0,3170.66
U01868,TXN101868,South,2025-04-08,Grocery,9819.0,Failed,Jaipur,48,Free,2025-04-08 19:42:00,user1868@example.com,user1868,2454.75,S014,4,25,P9549,Low,3273.0,3862.14
U01869,TXN101869,West,2026-02-14,Sports,2213.4,Completed,Delhi,70,Premium,2026-02-14 03:19:00,user1869@example.com,user1869,316.2,S005,7,15,P9781,High,372.0,438.96
U01870,TXN101870,East,2025-06-14,Fashion,12454.5,Completed,Mumbai,50,Premium,2025-06-14 04:50:00,user1870@example.com,user1870,2075.75,S037,6,5,P9772,Medium,2185.0,2578.3
U01871,TXN101871,West,2025-07-24,Electronics,19539.0,Refunded,Mumbai,54,Premium,2025-07-24 19:44:00,user1871@example.com,user1871,2171.0,S007,9,0,P6148,Medium,2171.0,2561.78
U01872,TXN101872,South,2025-08-22,Home,18992.4,Failed,Bengaluru,26,Free,2025-08-22 18:29:00,user1872@example.com,user1872,2374.05,S004,8,15,P6755,High,2793.0,3295.74
U01873,TXN101873,South,2025-08-24,Electronics,3143.0,Refunded,Bengaluru,57,Free,2025-08-24 10:47:00,user1873@example.com,user1873,314.3,S032,10,30,P3130,Medium,449.0,529.82
U01874,TXN101874,West,2026-02-19,Fashion,6147.4,Refunded,Bengaluru,32,Premium,2026-02-19 20:55:00,user1874@example.com,user1874,3073.7,S006,2,30,P7438,Medium,4391.0,5181.38
U01875,TXN101875,West,2025-03-24,Fashion,3096.0,Failed,Pune,63,Free,2025-03-24 02:57:00,user1875@example.com,user1875,3096.0,S043,1,25,P4692,Medium,4128.0,4871.04
U01876,TXN101876,South,2025-03-01,Grocery,3542.4,Completed,Mumbai,36,Premium,2025-03-01 00:04:00,user1876@example.com,user1876,442.8,S099,8,10,P3945,Medium,492.0,580.56
U01877,TXN101877,West,2025-07-02,Fashion,950.4,Pending,Bengaluru,20,Basic,2025-07-02 02:47:00,user1877@example.com,user1877,158.4,S029,6,10,P7392,High,176.0,207.68
U01878,TXN101878,North,2026-03-06,Electronics,15913.8,Failed,Bengaluru,51,Basic,2026-03-06 17:23:00,user1878@example.com,user1878,2652.3,S059,6,10,P9204,High,2947.0,3477.46
U01879,TXN101879,South,2025-04-30,Sports,4694.9,Failed,Kolkata,21,Premium,2025-04-30 03:28:00,user1879@example.com,user1879,4694.9,S032,1,5,P2428,High,4942.0,5831.56
U01880,TXN101880,West,2026-04-22,Grocery,4282.6,Refunded,Kolkata,29,Basic,2026-04-22 23:16:00,user1880@example.com,user1880,1070.65,S041,4,5,P6509,Low,1127.0,1329.86
U01881,TXN101881,North,2025-12-30,Fashion,6415.2,Pending,Chennai,51,Free,2025-12-30 23:13:00,user1881@example.com,user1881,1603.8,S062,4,10,P6349,Low,1782.0,2102.76
U01882,TXN101882,South,2025-08-27,Sports,20196.0,Refunded,Mumbai,58,Free,2025-08-27 16:15:00,user1882@example.com,user1882,2244.0,S052,9,0,P2881,High,2244.0,2647.92
U01883,TXN101883,South,2025-03-22,Home,2284.8,Refunded,Chennai,64,Free,2025-03-22 07:13:00,user1883@example.com,user1883,571.2,S027,4,30,P1124,Medium,816.0,962.88
U01884,TXN101884,South,2025-12-28,Electronics,27735.5,Refunded,Delhi,34,Premium,2025-12-28 04:12:00,user1884@example.com,user1884,2773.55,S077,10,15,P8184,High,3263.0,3850.34
U01885,TXN101885,West,2026-03-08,Home,4736.0,Pending,Bengaluru,30,Free,2026-03-08 22:54:00,user1885@example.com,user1885,947.2,S061,5,20,P3191,High,1184.0,1397.12
U01886,TXN101886,North,2025-01-01,Electronics,1647.3,Completed,Chennai,22,Free,2025-01-01 05:53:00,user1886@example.com,user1886,549.1,S020,3,5,P3764,High,578.0,682.04
U01887,TXN101887,North,2025-06-05,Books,36335.6,Refunded,Chennai,62,Basic,2025-06-05 07:59:00,user1887@example.com,user1887,4541.95,S081,8,5,P9259,Medium,4781.0,5641.58
U01888,TXN101888,North,2025-10-16,Grocery,17274.6,Failed,Jaipur,20,Free,2025-10-16 01:46:00,user1888@example.com,user1888,1919.4,S055,9,30,P8680,High,2742.0,3235.56
U01889,TXN101889,South,2025-09-29,Fashion,1516.9,Failed,Kolkata,45,Basic,2025-09-29 04:39:00,user1889@example.com,user1889,1516.9,S045,1,30,P5040,Low,2167.0,2557.06
U01890,TXN101890,East,2025-11-10,Home,885.7,Completed,Bengaluru,21,Free,2025-11-10 10:14:00,user1890@example.com,user1890,885.7,S088,1,15,P2672,High,1042.0,1229.56
U01891,TXN101891,North,2026-03-23,Grocery,3704.8,Pending,Chennai,21,Free,2026-03-23 17:54:00,user1891@example.com,user1891,3704.8,S053,1,20,P3519,High,4631.0,5464.58
U01892,TXN101892,North,2025-12-07,Grocery,17284.5,Completed,Jaipur,67,Basic,2025-12-07 12:21:00,user1892@example.com,user1892,3456.9,S044,5,10,P2145,High,3841.0,4532.38
U01893,TXN101893,East,2025-04-05,Home,4930.2,Refunded,Delhi,26,Free,2025-04-05 01:13:00,user1893@example.com,user1893,1643.4,S061,3,10,P7179,Low,1826.0,2154.68
U01894,TXN101894,West,2025-05-12,Electronics,1593.75,Refunded,Mumbai,67,Basic,2025-05-12 07:33:00,user1894@example.com,user1894,1593.75,S071,1,15,P4697,Low,1875.0,2212.5
U01895,TXN101895,North,2026-04-17,Sports,28315.0,Completed,Bengaluru,51,Free,2026-04-17 21:37:00,user1895@example.com,user1895,4045.0,S030,7,0,P6691,Medium,4045.0,4773.1
U01896,TXN101896,East,2025-11-15,Fashion,13391.2,Completed,Mumbai,26,Premium,2025-11-15 08:01:00,user1896@example.com,user1896,1673.9,S061,8,5,P6534,High,1762.0,2079.16
U01897,TXN101897,South,2025-09-22,Books,31711.5,Failed,Bengaluru,23,Free,2025-09-22 03:35:00,user1897@example.com,user1897,3523.5,S046,9,25,P2089,Urgent,4698.0,5543.64
U01898,TXN101898,East,2025-03-29,Grocery,7140.0,Pending,Chennai,48,Basic,2025-03-29 18:16:00,user1898@example.com,user1898,2380.0,S090,3,30,P9052,Low,3400.0,4012.0
U01899,TXN101899,East,2025-12-06,Fashion,12622.5,Failed,Kolkata,52,Free,2025-12-06 07:15:00,user1899@example.com,user1899,2103.75,S027,6,15,P6503,Medium,2475.0,2920.5
U01900,TXN101900,North,2025-04-01,Books,2692.9,Failed,Jaipur,19,Premium,2025-04-01 15:10:00,user1900@example.com,user1900,2692.9,S064,1,30,P8341,Medium,3847.0,4539.46
U01901,TXN101901,East,2026-04-02,Electronics,5310.0,Failed,Pune,69,Premium,2026-04-02 09:23:00,user1901@example.com,user1901,1327.5,S005,4,10,P3890,High,1475.0,1740.5
U01902,TXN101902,East,2025-07-06,Grocery,20966.4,Completed,Chennai,26,Basic,2025-07-06 01:24:00,user1902@example.com,user1902,2329.6,S045,9,20,P7451,Medium,2912.0,3436.16
U01903,TXN101903,North,2026-02-13,Sports,22197.0,Pending,Hyderabad,59,Free,2026-02-13 16:28:00,user1903@example.com,user1903,2219.7,S011,10,30,P4654,Urgent,3171.0,3741.78
U01904,TXN101904,North,2026-04-27,Electronics,1284.0,Refunded,Delhi,59,Basic,2026-04-27 12:56:00,user1904@example.com,user1904,160.5,S014,8,25,P7731,Medium,214.0,252.52
U01905,TXN101905,West,2025-05-19,Home,17791.2,Refunded,Mumbai,49,Basic,2025-05-19 22:25:00,user1905@example.com,user1905,2223.9,S060,8,30,P1621,Urgent,3177.0,3748.86
U01906,TXN101906,West,2025-06-19,Grocery,3087.0,Pending,Jaipur,51,Free,2025-06-19 03:22:00,user1906@example.com,user1906,617.4,S010,5,10,P9797,Urgent,686.0,809.48
U01907,TXN101907,North,2025-07-19,Home,5079.6,Completed,Pune,42,Premium,2025-07-19 06:54:00,user1907@example.com,user1907,1693.2,S098,3,15,P4006,Urgent,1992.0,2350.56
U01908,TXN101908,North,2025-07-20,Fashion,13946.25,Refunded,Pune,61,Free,2025-07-20 00:21:00,user1908@example.com,user1908,2789.25,S092,5,25,P7211,Medium,3719.0,4388.42
U01909,TXN101909,South,2025-09-20,Fashion,5688.9,Pending,Pune,35,Basic,2025-09-20 11:31:00,user1909@example.com,user1909,632.1,S023,9,30,P1415,High,903.0,1065.54
U01910,TXN101910,West,2025-02-09,Books,14989.75,Completed,Mumbai,51,Premium,2025-02-09 21:44:00,user1910@example.com,user1910,2997.95,S050,5,15,P7764,Medium,3527.0,4161.86
U01911,TXN101911,West,2025-05-30,Books,3714.5,Completed,Delhi,20,Free,2025-05-30 01:40:00,user1911@example.com,user1911,742.9,S066,5,15,P5269,High,874.0,1031.32
U01912,TXN101912,East,2025-04-12,Sports,17482.5,Pending,Mumbai,28,Premium,2025-04-12 04:49:00,user1912@example.com,user1912,2497.5,S041,7,25,P2306,Urgent,3330.0,3929.4
U01913,TXN101913,North,2026-03-23,Books,1158.5,Refunded,Delhi,51,Premium,2026-03-23 17:29:00,user1913@example.com,user1913,1158.5,S051,1,30,P8801,High,1655.0,1952.9
U01914,TXN101914,East,2025-01-07,Electronics,2602.4,Pending,Pune,36,Basic,2025-01-07 04:35:00,user1914@example.com,user1914,2602.4,S096,1,20,P6997,Medium,3253.0,3838.54
U01915,TXN101915,North,2025-04-21,Home,1620.0,Completed,Chennai,66,Free,2025-04-21 16:19:00,user1915@example.com,user1915,405.0,S041,4,10,P5495,High,450.0,531.0
U01916,TXN101916,North,2025-04-21,Fashion,31722.0,Completed,Pune,63,Premium,2025-04-21 06:49:00,user1916@example.com,user1916,3965.25,S064,8,15,P5872,Medium,4665.0,5504.7
U01917,TXN101917,West,2025-01-30,Electronics,7712.6,Completed,Jaipur,55,Basic,2025-01-30 08:49:00,user1917@example.com,user1917,1101.8,S058,7,30,P5426,Low,1574.0,1857.32
U01918,TXN101918,South,2026-04-11,Electronics,19560.0,Failed,Pune,62,Basic,2026-04-11 22:34:00,user1918@example.com,user1918,1956.0,S100,10,25,P8659,Low,2608.0,3077.44
U01919,TXN101919,West,2026-04-24,Electronics,25843.8,Refunded,Mumbai,31,Premium,2026-04-24 20:33:00,user1919@example.com,user1919,4307.3,S077,6,5,P7701,Low,4534.0,5350.12
U01920,TXN101920,West,2025-06-28,Books,3264.0,Completed,Delhi,51,Premium,2025-06-28 12:24:00,user1920@example.com,user1920,3264.0,S023,1,20,P1653,Low,4080.0,4814.4
U01921,TXN101921,North,2025-09-12,Grocery,13488.0,Refunded,Mumbai,57,Basic,2025-09-12 11:27:00,user1921@example.com,user1921,3372.0,S017,4,0,P4195,High,3372.0,3978.96
U01922,TXN101922,South,2026-04-02,Books,3603.2,Completed,Pune,57,Free,2026-04-02 01:20:00,user1922@example.com,user1922,900.8,S058,4,20,P7118,Urgent,1126.0,1328.68
U01923,TXN101923,East,2025-07-10,Sports,20754.0,Pending,Chennai,54,Premium,2025-07-10 07:29:00,user1923@example.com,user1923,2594.25,S042,8,25,P1460,Urgent,3459.0,4081.62
U01924,TXN101924,East,2025-11-21,Electronics,18240.0,Pending,Bengaluru,36,Basic,2025-11-21 12:37:00,user1924@example.com,user1924,3040.0,S026,6,20,P9246,Urgent,3800.0,4484.0
U01925,TXN101925,West,2025-02-08,Books,28053.0,Pending,Mumbai,56,Basic,2025-02-08 23:45:00,user1925@example.com,user1925,3117.0,S033,9,25,P4087,Urgent,4156.0,4904.08
U01926,TXN101926,South,2025-12-26,Grocery,3534.3,Failed,Chennai,56,Premium,2025-12-26 16:09:00,user1926@example.com,user1926,1178.1,S054,3,10,P2641,High,1309.0,1544.62
U01927,TXN101927,West,2025-12-13,Sports,5155.2,Refunded,Jaipur,22,Premium,2025-12-13 02:07:00,user1927@example.com,user1927,572.8,S066,9,20,P2021,Urgent,716.0,844.88
U01928,TXN101928,North,2026-04-18,Books,2213.1,Completed,Hyderabad,68,Free,2026-04-18 04:20:00,user1928@example.com,user1928,2213.1,S004,1,10,P6945,Urgent,2459.0,2901.62
U01929,TXN101929,East,2025-11-20,Home,4985.25,Failed,Mumbai,52,Basic,2025-11-20 07:26:00,user1929@example.com,user1929,997.05,S030,5,15,P9693,Medium,1173.0,1384.14
U01930,TXN101930,West,2026-03-16,Home,11886.75,Pending,Delhi,21,Basic,2026-03-16 16:08:00,user1930@example.com,user1930,1320.75,S048,9,25,P1607,High,1761.0,2077.98
U01931,TXN101931,West,2025-05-05,Home,14094.0,Refunded,Mumbai,48,Basic,2025-05-05 20:17:00,user1931@example.com,user1931,1566.0,S011,9,10,P8773,Medium,1740.0,2053.2
U01932,TXN101932,North,2026-03-19,Sports,31052.0,Failed,Hyderabad,33,Basic,2026-03-19 09:08:00,user1932@example.com,user1932,4436.0,S015,7,0,P7769,Urgent,4436.0,5234.48
U01933,TXN101933,South,2025-10-25,Home,4286.25,Pending,Chennai,23,Free,2025-10-25 10:14:00,user1933@example.com,user1933,476.25,S038,9,25,P3097,Urgent,635.0,749.3
U01934,TXN101934,South,2026-02-03,Home,2295.0,Completed,Bengaluru,56,Premium,2026-02-03 01:12:00,user1934@example.com,user1934,255.0,S048,9,25,P5745,Low,340.0,401.2
U01935,TXN101935,East,2026-03-31,Grocery,9907.8,Refunded,Mumbai,20,Free,2026-03-31 23:03:00,user1935@example.com,user1935,3302.6,S016,3,30,P9237,Urgent,4718.0,5567.24
U01936,TXN101936,West,2025-11-25,Books,20136.2,Completed,Chennai,45,Free,2025-11-25 01:22:00,user1936@example.com,user1936,2876.6,S095,7,5,P7734,High,3028.0,3573.04
U01937,TXN101937,North,2026-04-29,Books,18165.0,Pending,Mumbai,36,Basic,2026-04-29 03:23:00,user1937@example.com,user1937,3633.0,S049,5,0,P9703,Low,3633.0,4286.94
U01938,TXN101938,East,2025-08-24,Fashion,3375.0,Pending,Mumbai,43,Free,2025-08-24 04:26:00,user1938@example.com,user1938,1125.0,S009,3,25,P9357,Low,1500.0,1770.0
U01939,TXN101939,North,2025-07-20,Fashion,5196.0,Refunded,Hyderabad,41,Basic,2025-07-20 14:18:00,user1939@example.com,user1939,1299.0,S056,4,0,P7636,High,1299.0,1532.82
U01940,TXN101940,East,2025-03-20,Fashion,410.2,Completed,Mumbai,45,Free,2025-03-20 01:59:00,user1940@example.com,user1940,410.2,S091,1,30,P2462,High,586.0,691.48
U01941,TXN101941,North,2026-04-15,Home,12210.0,Refunded,Kolkata,32,Premium,2026-04-15 17:39:00,user1941@example.com,user1941,1221.0,S098,10,0,P7941,Low,1221.0,1440.78
U01942,TXN101942,South,2025-10-31,Electronics,3969.0,Completed,Chennai,34,Free,2025-10-31 09:02:00,user1942@example.com,user1942,441.0,S081,9,30,P6865,Urgent,630.0,743.4
U01943,TXN101943,West,2025-12-05,Grocery,3516.9,Pending,Pune,67,Free,2025-12-05 00:20:00,user1943@example.com,user1943,1172.3,S008,3,5,P1758,Medium,1234.0,1456.12
U01944,TXN101944,West,2025-04-23,Sports,25290.0,Failed,Jaipur,38,Basic,2025-04-23 22:14:00,user1944@example.com,user1944,2529.0,S016,10,10,P8920,Urgent,2810.0,3315.8
U01945,TXN101945,North,2025-03-27,Fashion,3267.2,Refunded,Chennai,38,Basic,2025-03-27 17:06:00,user1945@example.com,user1945,1633.6,S032,2,20,P9820,Low,2042.0,2409.56
U01946,TXN101946,South,2026-03-23,Sports,9120.0,Refunded,Jaipur,70,Free,2026-03-23 20:49:00,user1946@example.com,user1946,4560.0,S066,2,0,P3153,Low,4560.0,5380.8
U01947,TXN101947,North,2025-02-11,Home,5331.2,Pending,Mumbai,53,Premium,2025-02-11 11:29:00,user1947@example.com,user1947,761.6,S072,7,20,P5472,Urgent,952.0,1123.36
U01948,TXN101948,East,2026-02-23,Grocery,27371.4,Completed,Delhi,42,Basic,2026-02-23 22:28:00,user1948@example.com,user1948,4561.9,S001,6,5,P9847,High,4802.0,5666.36
U01949,TXN101949,West,2026-02-11,Electronics,4743.0,Completed,Delhi,48,Premium,2026-02-11 05:24:00,user1949@example.com,user1949,790.5,S002,6,25,P1898,Urgent,1054.0,1243.72
U01950,TXN101950,North,2026-03-14,Grocery,490.5,Failed,Chennai,35,Free,2026-03-14 09:40:00,user1950@example.com,user1950,163.5,S055,3,25,P2644,High,218.0,257.24
U01951,TXN101951,North,2025-11-12,Fashion,2385.6,Refunded,Hyderabad,19,Basic,2025-11-12 08:22:00,user1951@example.com,user1951,795.2,S039,3,20,P1864,Medium,994.0,1172.92
U01952,TXN101952,East,2025-04-10,Electronics,20795.4,Failed,Bengaluru,23,Free,2025-04-10 21:36:00,user1952@example.com,user1952,3465.9,S001,6,10,P9563,High,3851.0,4544.18
U01953,TXN101953,North,2026-04-15,Home,9167.2,Completed,Hyderabad,53,Free,2026-04-15 23:26:00,user1953@example.com,user1953,1309.6,S010,7,20,P6906,Low,1637.0,1931.66
U01954,TXN101954,South,2025-02-26,Grocery,20296.75,Refunded,Mumbai,59,Free,2025-02-26 04:40:00,user1954@example.com,user1954,4059.35,S043,5,5,P6339,Medium,4273.0,5042.14
U01955,TXN101955,East,2025-11-25,Sports,25905.6,Refunded,Hyderabad,68,Basic,2025-11-25 11:06:00,user1955@example.com,user1955,3700.8,S030,7,10,P3734,Medium,4112.0,4852.16
U01956,TXN101956,North,2025-12-12,Electronics,7901.6,Refunded,Kolkata,23,Free,2025-12-12 18:16:00,user1956@example.com,user1956,1975.4,S012,4,30,P1888,Medium,2822.0,3329.96
U01957,TXN101957,South,2026-02-18,Home,3867.5,Refunded,Pune,21,Premium,2026-02-18 02:11:00,user1957@example.com,user1957,552.5,S029,7,15,P2801,Urgent,650.0,767.0
U01958,TXN101958,West,2026-04-21,Electronics,3213.75,Completed,Bengaluru,49,Premium,2026-04-21 12:12:00,user1958@example.com,user1958,3213.75,S021,1,25,P3652,Low,4285.0,5056.3
U01959,TXN101959,North,2025-03-03,Electronics,25111.35,Failed,Chennai,22,Free,2025-03-03 01:10:00,user1959@example.com,user1959,2790.15,S046,9,5,P8867,Low,2937.0,3465.66
U01960,TXN101960,South,2025-06-26,Grocery,10212.0,Failed,Pune,27,Free,2025-06-26 04:56:00,user1960@example.com,user1960,3404.0,S003,3,20,P4090,Medium,4255.0,5020.9
U01961,TXN101961,South,2025-04-04,Fashion,19880.0,Failed,Hyderabad,31,Basic,2025-04-04 23:43:00,user1961@example.com,user1961,2840.0,S078,7,20,P7222,High,3550.0,4189.0
U01962,TXN101962,North,2025-11-09,Electronics,13552.5,Refunded,Jaipur,64,Basic,2025-11-09 11:20:00,user1962@example.com,user1962,2710.5,S037,5,25,P1123,High,3614.0,4264.52
U01963,TXN101963,South,2026-02-04,Electronics,12203.1,Refunded,Hyderabad,20,Premium,2026-02-04 03:16:00,user1963@example.com,user1963,1355.9,S011,9,30,P3040,Low,1937.0,2285.66
U01964,TXN101964,West,2026-04-16,Fashion,17849.6,Refunded,Kolkata,59,Basic,2026-04-16 23:13:00,user1964@example.com,user1964,2231.2,S004,8,20,P3560,Medium,2789.0,3291.02
U01965,TXN101965,West,2025-07-15,Fashion,1732.8,Pending,Bengaluru,32,Basic,2025-07-15 16:32:00,user1965@example.com,user1965,577.6,S024,3,20,P6316,Urgent,722.0,851.96
U01966,TXN101966,South,2025-01-19,Sports,3681.6,Failed,Kolkata,38,Free,2025-01-19 00:13:00,user1966@example.com,user1966,1840.8,S062,2,20,P5653,Low,2301.0,2715.18
U01967,TXN101967,North,2025-10-23,Sports,33549.5,Refunded,Chennai,26,Free,2025-10-23 06:47:00,user1967@example.com,user1967,3354.95,S067,10,15,P1324,Low,3947.0,4657.46
U01968,TXN101968,East,2025-09-09,Home,2600.0,Failed,Bengaluru,41,Free,2025-09-09 01:52:00,user1968@example.com,user1968,260.0,S024,10,0,P6801,Low,260.0,306.8
U01969,TXN101969,North,2026-01-24,Electronics,1148.4,Refunded,Mumbai,35,Basic,2026-01-24 05:41:00,user1969@example.com,user1969,574.2,S051,2,10,P4756,High,638.0,752.84
U01970,TXN101970,West,2025-05-27,Grocery,2683.75,Refunded,Jaipur,19,Free,2025-05-27 19:07:00,user1970@example.com,user1970,2683.75,S057,1,5,P1735,Low,2825.0,3333.5
U01971,TXN101971,South,2025-04-19,Home,14840.0,Pending,Delhi,67,Premium,2025-04-19 21:09:00,user1971@example.com,user1971,1855.0,S067,8,30,P3853,Low,2650.0,3127.0
U01972,TXN101972,West,2025-07-28,Home,7526.25,Refunded,Pune,18,Free,2025-07-28 11:51:00,user1972@example.com,user1972,1505.25,S091,5,25,P7416,Urgent,2007.0,2368.26
U01973,TXN101973,West,2025-02-28,Grocery,4484.0,Refunded,Delhi,53,Basic,2025-02-28 00:57:00,user1973@example.com,user1973,1121.0,S028,4,0,P6089,High,1121.0,1322.78
U01974,TXN101974,East,2026-01-25,Electronics,772.2,Failed,Mumbai,37,Free,2026-01-25 10:08:00,user1974@example.com,user1974,386.1,S036,2,10,P1960,Low,429.0,506.22
U01975,TXN101975,South,2025-08-10,Books,4641.7,Refunded,Hyderabad,47,Free,2025-08-10 06:48:00,user1975@example.com,user1975,2320.85,S093,2,5,P2516,Urgent,2443.0,2882.74
U01976,TXN101976,East,2025-06-22,Fashion,18183.75,Failed,Delhi,63,Premium,2025-06-22 04:41:00,user1976@example.com,user1976,3636.75,S040,5,25,P8420,High,4849.0,5721.82
U01977,TXN101977,North,2025-08-28,Home,1665.0,Pending,Bengaluru,40,Premium,2025-08-28 20:14:00,user1977@example.com,user1977,333.0,S021,5,0,P9783,Low,333.0,392.94
U01978,TXN101978,North,2025-06-11,Grocery,11582.1,Pending,Pune,20,Premium,2025-06-11 01:15:00,user1978@example.com,user1978,1286.9,S048,9,15,P2930,Low,1514.0,1786.52
U01979,TXN101979,South,2026-04-04,Fashion,17350.2,Refunded,Jaipur,24,Free,2026-04-04 20:06:00,user1979@example.com,user1979,1927.8,S023,9,30,P2885,Low,2754.0,3249.72
U01980,TXN101980,South,2025-10-17,Books,17565.0,Refunded,Pune,48,Premium,2025-10-17 23:57:00,user1980@example.com,user1980,3513.0,S013,5,25,P7092,Urgent,4684.0,5527.12
U01981,TXN101981,North,2026-02-03,Grocery,13295.0,Completed,Jaipur,54,Premium,2026-02-03 14:51:00,user1981@example.com,user1981,2659.0,S034,5,0,P2593,Medium,2659.0,3137.62
U01982,TXN101982,East,2025-06-19,Grocery,464.1,Completed,Mumbai,39,Basic,2025-06-19 22:23:00,user1982@example.com,user1982,464.1,S094,1,15,P2232,Medium,546.0,644.28
U01983,TXN101983,East,2025-09-19,Books,8746.5,Completed,Delhi,28,Basic,2025-09-19 02:27:00,user1983@example.com,user1983,1749.3,S010,5,15,P8341,Low,2058.0,2428.44
U01984,TXN101984,South,2026-01-12,Books,17418.0,Failed,Hyderabad,45,Premium,2026-01-12 05:22:00,user1984@example.com,user1984,2903.0,S022,6,0,P9959,Urgent,2903.0,3425.54
U01985,TXN101985,South,2025-08-31,Grocery,38267.0,Pending,Bengaluru,52,Premium,2025-08-31 13:02:00,user1985@example.com,user1985,3826.7,S049,10,15,P7225,High,4502.0,5312.36
U01986,TXN101986,East,2025-11-08,Grocery,12382.8,Failed,Jaipur,59,Premium,2025-11-08 18:05:00,user1986@example.com,user1986,1547.85,S021,8,15,P6273,Low,1821.0,2148.78
U01987,TXN101987,North,2025-07-16,Sports,12856.0,Pending,Mumbai,53,Premium,2025-07-16 04:10:00,user1987@example.com,user1987,2571.2,S077,5,20,P7942,Medium,3214.0,3792.52
U01988,TXN101988,North,2025-02-05,Sports,13891.5,Completed,Jaipur,60,Premium,2025-02-05 12:37:00,user1988@example.com,user1988,1984.5,S006,7,25,P6038,High,2646.0,3122.28
U01989,TXN101989,South,2025-02-09,Home,635.25,Refunded,Hyderabad,37,Premium,2025-02-09 20:17:00,user1989@example.com,user1989,635.25,S045,1,25,P7087,Medium,847.0,999.46
U01990,TXN101990,West,2025-01-17,Grocery,20182.5,Completed,Delhi,69,Free,2025-01-17 01:57:00,user1990@example.com,user1990,4036.5,S040,5,10,P4313,Medium,4485.0,5292.3
U01991,TXN101991,West,2025-05-15,Grocery,23262.8,Pending,Pune,59,Basic,2025-05-15 20:04:00,user1991@example.com,user1991,2907.85,S005,8,15,P5194,Medium,3421.0,4036.78
U01992,TXN101992,South,2025-09-25,Sports,31334.4,Refunded,Kolkata,31,Premium,2025-09-25 15:37:00,user1992@example.com,user1992,3916.8,S054,8,10,P3431,High,4352.0,5135.36
U01993,TXN101993,North,2025-07-02,Grocery,10744.0,Completed,Kolkata,69,Basic,2025-07-02 03:27:00,user1993@example.com,user1993,1343.0,S092,8,0,P8402,Urgent,1343.0,1584.74
U01994,TXN101994,North,2025-10-31,Grocery,20485.0,Completed,Mumbai,38,Free,2025-10-31 14:01:00,user1994@example.com,user1994,4097.0,S077,5,15,P3230,High,4820.0,5687.6
U01995,TXN101995,West,2026-03-13,Books,6366.0,Pending,Jaipur,64,Premium,2026-03-13 15:03:00,user1995@example.com,user1995,3183.0,S034,2,0,P9784,Low,3183.0,3755.94
U01996,TXN101996,West,2025-06-09,Electronics,3739.0,Failed,Bengaluru,18,Free,2025-06-09 09:55:00,user1996@example.com,user1996,3739.0,S077,1,0,P1398,Medium,3739.0,4412.02
U01997,TXN101997,South,2026-01-02,Books,43632.0,Failed,Pune,61,Premium,2026-01-02 15:45:00,user1997@example.com,user1997,4848.0,S066,9,0,P6621,Urgent,4848.0,5720.64
U01998,TXN101998,West,2026-01-04,Electronics,2992.0,Refunded,Delhi,57,Free,2026-01-04 19:51:00,user1998@example.com,user1998,748.0,S070,4,20,P8533,High,935.0,1103.3
U01999,TXN101999,North,2025-08-14,Sports,6473.25,Pending,Jaipur,69,Basic,2025-08-14 00:29:00,user1999@example.com,user1999,719.25,S054,9,25,P3415,High,959.0,1131.62
U02000,TXN102000,South,2025-08-18,Grocery,11024.0,Pending,Chennai,45,Free,2025-08-18 09:13:00,user2000@example.com,user2000,2756.0,S082,4,0,P1668,Medium,2756.0,3252.08
U02001,TXN102001,East,2025-11-29,Fashion,26856.0,Refunded,Pune,26,Basic,2025-11-29 10:15:00,user2001@example.com,user2001,4476.0,S019,6,0,P3513,Urgent,4476.0,5281.68
U02002,TXN102002,North,2025-07-30,Home,17904.0,Refunded,Chennai,20,Free,2025-07-30 06:36:00,user2002@example.com,user2002,2238.0,S042,8,0,P4738,High,2238.0,2640.84
U02003,TXN102003,South,2025-08-28,Electronics,13662.0,Completed,Mumbai,25,Basic,2025-08-28 03:38:00,user2003@example.com,user2003,1518.0,S076,9,25,P4188,High,2024.0,2388.32
U02004,TXN102004,West,2025-03-31,Home,3913.0,Failed,Pune,34,Free,2025-03-31 20:03:00,user2004@example.com,user2004,3913.0,S053,1,0,P8538,Low,3913.0,4617.34
U02005,TXN102005,East,2025-06-07,Home,11326.5,Pending,Bengaluru,64,Free,2025-06-07 02:21:00,user2005@example.com,user2005,3775.5,S017,3,10,P3122,High,4195.0,4950.1
U02006,TXN102006,West,2026-01-19,Fashion,6615.0,Pending,Pune,31,Free,2026-01-19 16:04:00,user2006@example.com,user2006,1653.75,S071,4,25,P1262,High,2205.0,2601.9
U02007,TXN102007,North,2025-03-22,Home,4501.6,Completed,Hyderabad,57,Basic,2025-03-22 03:37:00,user2007@example.com,user2007,2250.8,S053,2,15,P4628,High,2648.0,3124.64
U02008,TXN102008,South,2026-04-21,Sports,1192.8,Refunded,Jaipur,36,Free,2026-04-21 00:43:00,user2008@example.com,user2008,198.8,S097,6,30,P4765,Low,284.0,335.12
U02009,TXN102009,West,2025-07-09,Books,37899.0,Refunded,Mumbai,20,Premium,2025-07-09 23:03:00,user2009@example.com,user2009,3789.9,S002,10,10,P8817,Urgent,4211.0,4968.98
U02010,TXN102010,South,2025-05-13,Fashion,35841.6,Pending,Mumbai,24,Basic,2025-05-13 03:38:00,user2010@example.com,user2010,4480.2,S020,8,5,P1297,Urgent,4716.0,5564.88
U02011,TXN102011,North,2025-04-28,Books,7326.0,Pending,Jaipur,60,Basic,2025-04-28 18:36:00,user2011@example.com,user2011,2442.0,S001,3,0,P1223,Medium,2442.0,2881.56
U02012,TXN102012,East,2025-03-13,Home,24762.0,Pending,Kolkata,47,Free,2025-03-13 09:19:00,user2012@example.com,user2012,3095.25,S045,8,25,P2985,High,4127.0,4869.86
U02013,TXN102013,South,2026-04-28,Home,20160.0,Failed,Mumbai,55,Premium,2026-04-28 00:52:00,user2013@example.com,user2013,2880.0,S066,7,25,P8107,Medium,3840.0,4531.2
U02014,TXN102014,North,2026-01-12,Electronics,6871.2,Failed,Bengaluru,53,Free,2026-01-12 02:43:00,user2014@example.com,user2014,1145.2,S043,6,30,P4039,Low,1636.0,1930.48
U02015,TXN102015,South,2025-01-18,Electronics,19372.0,Failed,Hyderabad,46,Premium,2025-01-18 04:39:00,user2015@example.com,user2015,3874.4,S028,5,20,P9819,Urgent,4843.0,5714.74
U02016,TXN102016,North,2025-04-18,Sports,18508.5,Failed,Bengaluru,70,Basic,2025-04-18 11:58:00,user2016@example.com,user2016,2056.5,S032,9,10,P9092,Low,2285.0,2696.3
U02017,TXN102017,East,2026-01-01,Electronics,6024.0,Failed,Chennai,25,Basic,2026-01-01 21:22:00,user2017@example.com,user2017,1506.0,S016,4,25,P3448,Medium,2008.0,2369.44
U02018,TXN102018,East,2025-01-24,Electronics,15498.0,Completed,Jaipur,22,Free,2025-01-24 12:19:00,user2018@example.com,user2018,3099.6,S098,5,10,P7094,Medium,3444.0,4063.92
U02019,TXN102019,South,2026-03-11,Sports,6419.2,Completed,Kolkata,69,Free,2026-03-11 03:40:00,user2019@example.com,user2019,802.4,S007,8,20,P5495,High,1003.0,1183.54
U02020,TXN102020,North,2025-09-23,Sports,21117.6,Pending,Delhi,50,Basic,2025-09-23 20:39:00,user2020@example.com,user2020,2639.7,S012,8,10,P8638,Low,2933.0,3460.94
U02021,TXN102021,East,2026-04-22,Grocery,21174.0,Failed,Kolkata,52,Free,2026-04-22 20:51:00,user2021@example.com,user2021,2646.75,S051,8,25,P4043,Urgent,3529.0,4164.22
U02022,TXN102022,West,2025-07-09,Electronics,4944.0,Refunded,Hyderabad,45,Premium,2025-07-09 14:02:00,user2022@example.com,user2022,1236.0,S010,4,25,P9633,Urgent,1648.0,1944.64
U02023,TXN102023,South,2025-01-30,Grocery,8555.4,Pending,Bengaluru,44,Free,2025-01-30 14:05:00,user2023@example.com,user2023,2851.8,S020,3,30,P3649,Medium,4074.0,4807.32
U02024,TXN102024,North,2025-05-23,Books,1980.0,Refunded,Kolkata,34,Basic,2025-05-23 05:07:00,user2024@example.com,user2024,495.0,S017,4,25,P6252,Medium,660.0,778.8
U02025,TXN102025,South,2025-08-09,Books,19573.8,Refunded,Kolkata,56,Free,2025-08-09 14:56:00,user2025@example.com,user2025,3262.3,S013,6,5,P2964,High,3434.0,4052.12
U02026,TXN102026,North,2025-04-21,Fashion,1820.2,Failed,Chennai,47,Premium,2025-04-21 05:33:00,user2026@example.com,user2026,1820.2,S049,1,5,P9392,High,1916.0,2260.88
U02027,TXN102027,North,2025-02-18,Electronics,3609.0,Refunded,Delhi,62,Free,2025-02-18 08:38:00,user2027@example.com,user2027,1203.0,S042,3,25,P7232,High,1604.0,1892.72
U02028,TXN102028,South,2025-10-28,Home,34884.0,Refunded,Kolkata,53,Premium,2025-10-28 04:09:00,user2028@example.com,user2028,3488.4,S055,10,5,P9287,High,3672.0,4332.96
U02029,TXN102029,North,2025-06-18,Grocery,9040.0,Completed,Pune,21,Free,2025-06-18 00:45:00,user2029@example.com,user2029,2260.0,S010,4,20,P3768,Medium,2825.0,3333.5
U02030,TXN102030,South,2025-06-06,Fashion,6726.0,Completed,Jaipur,66,Premium,2025-06-06 11:18:00,user2030@example.com,user2030,1681.5,S065,4,25,P1470,Low,2242.0,2645.56
U02031,TXN102031,South,2025-06-30,Grocery,12171.15,Completed,Mumbai,70,Basic,2025-06-30 01:02:00,user2031@example.com,user2031,1352.35,S062,9,15,P5029,High,1591.0,1877.38
U02032,TXN102032,North,2026-05-01,Grocery,8424.0,Refunded,Kolkata,21,Free,2026-05-01 19:10:00,user2032@example.com,user2032,1053.0,S076,8,25,P4160,Medium,1404.0,1656.72
U02033,TXN102033,South,2025-06-03,Sports,2947.8,Pending,Hyderabad,33,Premium,2025-06-03 15:55:00,user2033@example.com,user2033,491.3,S034,6,15,P3087,Urgent,578.0,682.04
U02034,TXN102034,West,2025-12-12,Sports,18735.0,Pending,Bengaluru,53,Basic,2025-12-12 04:02:00,user2034@example.com,user2034,3747.0,S027,5,25,P8821,High,4996.0,5895.28
U02035,TXN102035,East,2025-07-14,Sports,28845.0,Completed,Kolkata,46,Basic,2025-07-14 21:02:00,user2035@example.com,user2035,2884.5,S089,10,25,P2326,Medium,3846.0,4538.28
U02036,TXN102036,South,2025-07-01,Sports,12061.2,Pending,Mumbai,36,Basic,2025-07-01 17:44:00,user2036@example.com,user2036,4020.4,S025,3,5,P8097,Medium,4232.0,4993.76
U02037,TXN102037,North,2026-02-13,Home,27122.4,Pending,Delhi,43,Premium,2026-02-13 04:46:00,user2037@example.com,user2037,3390.3,S010,8,10,P7209,High,3767.0,4445.06
U02038,TXN102038,North,2026-04-24,Home,3045.7,Completed,Bengaluru,32,Premium,2026-04-24 10:04:00,user2038@example.com,user2038,3045.7,S016,1,30,P8276,Low,4351.0,5134.18
U02039,TXN102039,North,2025-05-21,Electronics,6036.3,Refunded,Delhi,48,Basic,2025-05-21 16:09:00,user2039@example.com,user2039,670.7,S017,9,5,P6366,Low,706.0,833.08
U02040,TXN102040,East,2025-12-24,Sports,28322.0,Refunded,Jaipur,70,Free,2025-12-24 10:40:00,user2040@example.com,user2040,3540.25,S089,8,15,P6819,Medium,4165.0,4914.7
U02041,TXN102041,North,2025-12-21,Grocery,44712.0,Refunded,Bengaluru,29,Premium,2025-12-21 15:52:00,user2041@example.com,user2041,4968.0,S039,9,0,P8254,Low,4968.0,5862.24
U02042,TXN102042,East,2025-05-07,Sports,18385.0,Refunded,Hyderabad,27,Premium,2025-05-07 02:11:00,user2042@example.com,user2042,3677.0,S065,5,0,P3745,Urgent,3677.0,4338.86
U02043,TXN102043,North,2025-03-19,Fashion,14726.25,Failed,Chennai,39,Premium,2025-03-19 21:00:00,user2043@example.com,user2043,2103.75,S049,7,25,P1181,High,2805.0,3309.9
U02044,TXN102044,North,2026-01-25,Sports,30028.8,Refunded,Hyderabad,41,Basic,2026-01-25 06:27:00,user2044@example.com,user2044,3753.6,S043,8,20,P5838,High,4692.0,5536.56
U02045,TXN102045,North,2025-12-08,Electronics,19350.0,Failed,Delhi,32,Premium,2025-12-08 17:01:00,user2045@example.com,user2045,1935.0,S054,10,10,P5202,Urgent,2150.0,2537.0
U02046,TXN102046,East,2025-05-17,Sports,1856.4,Pending,Kolkata,43,Premium,2025-05-17 13:30:00,user2046@example.com,user2046,464.1,S100,4,15,P8850,Medium,546.0,644.28
U02047,TXN102047,East,2026-04-27,Fashion,7328.7,Refunded,Kolkata,61,Basic,2026-04-27 03:52:00,user2047@example.com,user2047,2442.9,S096,3,15,P4015,Low,2874.0,3391.32
U02048,TXN102048,North,2025-02-28,Sports,3275.2,Completed,Kolkata,55,Premium,2025-02-28 17:30:00,user2048@example.com,user2048,3275.2,S035,1,20,P1041,Medium,4094.0,4830.92
U02049,TXN102049,West,2025-05-29,Sports,6290.0,Pending,Chennai,22,Basic,2025-05-29 18:56:00,user2049@example.com,user2049,1572.5,S001,4,15,P1007,High,1850.0,2183.0
U02050,TXN102050,East,2026-04-26,Electronics,7794.0,Completed,Mumbai,22,Basic,2026-04-26 16:48:00,user2050@example.com,user2050,3897.0,S049,2,10,P3718,Medium,4330.0,5109.4
U02051,TXN102051,East,2025-07-16,Books,6899.2,Pending,Mumbai,62,Free,2025-07-16 07:13:00,user2051@example.com,user2051,1724.8,S060,4,20,P8110,Low,2156.0,2544.08
U02052,TXN102052,East,2025-12-05,Books,3011.5,Refunded,Chennai,30,Basic,2025-12-05 03:49:00,user2052@example.com,user2052,1505.75,S069,2,5,P7152,Low,1585.0,1870.3
U02053,TXN102053,West,2025-02-15,Electronics,11334.6,Pending,Mumbai,56,Basic,2025-02-15 01:44:00,user2053@example.com,user2053,1889.1,S014,6,10,P7885,Low,2099.0,2476.82
U02054,TXN102054,South,2025-07-07,Home,1372.5,Failed,Chennai,32,Premium,2025-07-07 03:30:00,user2054@example.com,user2054,1372.5,S083,1,10,P7450,Low,1525.0,1799.5
U02055,TXN102055,West,2026-04-25,Grocery,21094.75,Refunded,Mumbai,36,Premium,2026-04-25 01:07:00,user2055@example.com,user2055,4218.95,S020,5,5,P7682,High,4441.0,5240.38
U02056,TXN102056,North,2025-05-21,Fashion,3811.5,Pending,Jaipur,18,Free,2025-05-21 06:24:00,user2056@example.com,user2056,423.5,S098,9,30,P2987,High,605.0,713.9
U02057,TXN102057,East,2025-05-31,Electronics,11613.0,Completed,Kolkata,66,Free,2025-05-31 11:26:00,user2057@example.com,user2057,1161.3,S051,10,30,P5846,High,1659.0,1957.62
U02058,TXN102058,West,2025-08-20,Electronics,9917.25,Completed,Mumbai,39,Basic,2025-08-20 20:17:00,user2058@example.com,user2058,1416.75,S062,7,25,P5544,High,1889.0,2229.02
U02059,TXN102059,South,2026-04-22,Electronics,21426.0,Completed,Kolkata,51,Basic,2026-04-22 22:07:00,user2059@example.com,user2059,3571.0,S068,6,0,P6502,Medium,3571.0,4213.78
U02060,TXN102060,North,2025-01-27,Grocery,15946.0,Failed,Kolkata,48,Premium,2025-01-27 07:13:00,user2060@example.com,user2060,1993.25,S049,8,15,P5621,Urgent,2345.0,2767.1
U02061,TXN102061,North,2025-06-15,Books,42460.0,Failed,Jaipur,52,Free,2025-06-15 14:30:00,user2061@example.com,user2061,4246.0,S051,10,0,P5657,High,4246.0,5010.28
U02062,TXN102062,South,2025-02-27,Grocery,4073.6,Pending,Kolkata,28,Basic,2025-02-27 00:51:00,user2062@example.com,user2062,2036.8,S054,2,5,P5181,Low,2144.0,2529.92
U02063,TXN102063,North,2025-02-20,Electronics,723.9,Failed,Pune,59,Free,2025-02-20 00:20:00,user2063@example.com,user2063,723.9,S032,1,5,P7761,Low,762.0,899.16
U02064,TXN102064,South,2025-03-13,Electronics,916.75,Pending,Delhi,23,Basic,2025-03-13 13:18:00,user2064@example.com,user2064,916.75,S046,1,5,P4032,Low,965.0,1138.7
U02065,TXN102065,North,2025-03-20,Electronics,17904.6,Completed,Delhi,25,Basic,2025-03-20 06:30:00,user2065@example.com,user2065,2984.1,S095,6,30,P4430,Urgent,4263.0,5030.34
U02066,TXN102066,North,2025-11-01,Fashion,18015.2,Failed,Mumbai,18,Premium,2025-11-01 01:57:00,user2066@example.com,user2066,2573.6,S073,7,20,P3513,Medium,3217.0,3796.06
U02067,TXN102067,North,2025-06-08,Fashion,3899.8,Failed,Delhi,68,Basic,2025-06-08 17:36:00,user2067@example.com,user2067,1949.9,S042,2,15,P8697,Medium,2294.0,2706.92
U02068,TXN102068,West,2026-03-17,Books,1001.0,Pending,Delhi,66,Free,2026-03-17 19:58:00,user2068@example.com,user2068,100.1,S066,10,30,P8460,High,143.0,168.74
U02069,TXN102069,South,2025-03-03,Books,6960.0,Failed,Mumbai,48,Premium,2025-03-03 06:30:00,user2069@example.com,user2069,3480.0,S040,2,0,P5844,Urgent,3480.0,4106.4
U02070,TXN102070,East,2025-12-26,Fashion,3552.0,Pending,Kolkata,53,Premium,2025-12-26 10:59:00,user2070@example.com,user2070,355.2,S098,10,20,P8255,Urgent,444.0,523.92
U02071,TXN102071,North,2025-02-15,Fashion,16684.8,Failed,Kolkata,39,Premium,2025-02-15 01:54:00,user2071@example.com,user2071,2085.6,S016,8,20,P1200,Medium,2607.0,3076.26
U02072,TXN102072,South,2025-10-22,Electronics,28842.0,Refunded,Chennai,63,Premium,2025-10-22 04:28:00,user2072@example.com,user2072,3605.25,S096,8,25,P1991,Medium,4807.0,5672.26
U02073,TXN102073,North,2025-08-21,Home,28881.0,Pending,Kolkata,58,Premium,2025-08-21 07:30:00,user2073@example.com,user2073,3209.0,S063,9,0,P9771,Urgent,3209.0,3786.62
U02074,TXN102074,West,2025-09-15,Home,12824.0,Failed,Chennai,56,Basic,2025-09-15 12:28:00,user2074@example.com,user2074,1603.0,S059,8,30,P3704,High,2290.0,2702.2
U02075,TXN102075,North,2025-10-15,Electronics,4501.6,Failed,Jaipur,57,Basic,2025-10-15 07:51:00,user2075@example.com,user2075,562.7,S026,8,15,P3800,Urgent,662.0,781.16
U02076,TXN102076,East,2025-11-01,Home,12087.0,Failed,Bengaluru,60,Free,2025-11-01 20:43:00,user2076@example.com,user2076,1208.7,S061,10,15,P2915,High,1422.0,1677.96
U02077,TXN102077,West,2026-01-08,Sports,1261.5,Refunded,Kolkata,18,Basic,2026-01-08 00:00:00,user2077@example.com,user2077,630.75,S043,2,25,P9680,Urgent,841.0,992.38
U02078,TXN102078,North,2025-07-21,Fashion,9090.0,Pending,Mumbai,33,Premium,2025-07-21 06:34:00,user2078@example.com,user2078,1515.0,S024,6,25,P7701,Low,2020.0,2383.6
U02079,TXN102079,West,2025-05-28,Books,12899.6,Completed,Bengaluru,45,Free,2025-05-28 00:18:00,user2079@example.com,user2079,3224.9,S030,4,15,P1915,Urgent,3794.0,4476.92
U02080,TXN102080,South,2025-12-23,Home,1424.5,Refunded,Jaipur,44,Premium,2025-12-23 21:03:00,user2080@example.com,user2080,284.9,S022,5,30,P6075,High,407.0,480.26
U02081,TXN102081,East,2025-09-03,Electronics,1852.15,Refunded,Mumbai,69,Premium,2025-09-03 16:25:00,user2081@example.com,user2081,1852.15,S039,1,15,P1549,High,2179.0,2571.22
U02082,TXN102082,West,2025-07-19,Sports,3376.8,Failed,Pune,45,Premium,2025-07-19 16:06:00,user2082@example.com,user2082,3376.8,S032,1,30,P1440,Medium,4824.0,5692.32
U02083,TXN102083,South,2025-10-16,Grocery,7440.0,Pending,Mumbai,48,Basic,2025-10-16 02:57:00,user2083@example.com,user2083,930.0,S028,8,0,P1515,High,930.0,1097.4
U02084,TXN102084,North,2025-12-17,Sports,5598.0,Failed,Kolkata,52,Free,2025-12-17 12:32:00,user2084@example.com,user2084,2799.0,S010,2,25,P4257,High,3732.0,4403.76
U02085,TXN102085,North,2026-01-16,Fashion,9972.0,Pending,Pune,31,Basic,2026-01-16 22:59:00,user2085@example.com,user2085,2493.0,S052,4,25,P1773,High,3324.0,3922.32
U02086,TXN102086,South,2026-04-12,Books,22781.25,Pending,Delhi,38,Premium,2026-04-12 08:03:00,user2086@example.com,user2086,2531.25,S011,9,25,P6453,Urgent,3375.0,3982.5
U02087,TXN102087,East,2026-02-11,Electronics,3091.5,Completed,Mumbai,48,Free,2026-02-11 19:01:00,user2087@example.com,user2087,1030.5,S011,3,25,P6534,Low,1374.0,1621.32
U02088,TXN102088,West,2025-03-01,Electronics,3105.2,Failed,Delhi,50,Free,2025-03-01 18:42:00,user2088@example.com,user2088,1552.6,S073,2,30,P2477,Medium,2218.0,2617.24
U02089,TXN102089,North,2025-10-09,Fashion,47357.5,Refunded,Mumbai,69,Basic,2025-10-09 18:32:00,user2089@example.com,user2089,4735.75,S018,10,5,P2370,Medium,4985.0,5882.3
U02090,TXN102090,West,2025-01-24,Home,6158.85,Completed,Hyderabad,45,Free,2025-01-24 13:57:00,user2090@example.com,user2090,2052.95,S033,3,5,P7699,High,2161.0,2549.98
U02091,TXN102091,South,2026-03-27,Home,30611.0,Refunded,Kolkata,28,Premium,2026-03-27 08:41:00,user2091@example.com,user2091,4373.0,S049,7,0,P7200,Low,4373.0,5160.14
U02092,TXN102092,East,2025-07-10,Electronics,33495.0,Pending,Pune,47,Basic,2025-07-10 18:49:00,user2092@example.com,user2092,3349.5,S010,10,25,P7209,Low,4466.0,5269.88
U02093,TXN102093,South,2025-06-17,Books,17943.5,Failed,Hyderabad,43,Premium,2025-06-17 19:26:00,user2093@example.com,user2093,1794.35,S076,10,15,P6234,Low,2111.0,2490.98
U02094,TXN102094,South,2025-08-29,Home,5771.25,Pending,Bengaluru,66,Free,2025-08-29 18:42:00,user2094@example.com,user2094,1154.25,S036,5,25,P7196,High,1539.0,1816.02
U02095,TXN102095,East,2025-01-23,Fashion,6463.8,Refunded,Delhi,28,Free,2025-01-23 17:34:00,user2095@example.com,user2095,1615.95,S016,4,5,P4717,High,1701.0,2007.18
U02096,TXN102096,East,2026-01-08,Sports,1468.8,Pending,Kolkata,44,Premium,2026-01-08 05:40:00,user2096@example.com,user2096,163.2,S015,9,15,P4178,High,192.0,226.56
U02097,TXN102097,North,2025-05-11,Home,1863.9,Failed,Pune,27,Premium,2025-05-11 08:33:00,user2097@example.com,user2097,310.65,S095,6,5,P9148,Low,327.0,385.86
U02098,TXN102098,South,2025-01-17,Electronics,24668.7,Failed,Jaipur,62,Premium,2025-01-17 18:02:00,user2098@example.com,user2098,4111.45,S047,6,15,P3488,Urgent,4837.0,5707.66
U02099,TXN102099,South,2025-12-01,Home,17640.0,Pending,Bengaluru,36,Basic,2025-12-01 17:19:00,user2099@example.com,user2099,1764.0,S039,10,30,P2663,Urgent,2520.0,2973.6
U02100,TXN102100,East,2026-02-02,Sports,13781.25,Failed,Jaipur,29,Premium,2026-02-02 04:20:00,user2100@example.com,user2100,2756.25,S060,5,25,P2119,Low,3675.0,4336.5
U02101,TXN102101,North,2025-05-11,Sports,474.0,Failed,Pune,27,Free,2025-05-11 21:22:00,user2101@example.com,user2101,474.0,S079,1,25,P5215,Medium,632.0,745.76
U02102,TXN102102,East,2026-02-04,Sports,11218.5,Pending,Jaipur,56,Free,2026-02-04 12:29:00,user2102@example.com,user2102,3739.5,S061,3,25,P3950,Urgent,4986.0,5883.48
U02103,TXN102103,East,2025-11-11,Books,24357.6,Completed,Hyderabad,65,Free,2025-11-11 02:48:00,user2103@example.com,user2103,4059.6,S067,6,15,P2886,Medium,4776.0,5635.68
U02104,TXN102104,North,2026-02-27,Electronics,23520.0,Completed,Hyderabad,64,Free,2026-02-27 17:26:00,user2104@example.com,user2104,4704.0,S047,5,0,P6976,Medium,4704.0,5550.72
U02105,TXN102105,East,2026-01-19,Books,7134.4,Failed,Chennai,61,Premium,2026-01-19 11:36:00,user2105@example.com,user2105,891.8,S089,8,30,P8708,High,1274.0,1503.32
U02106,TXN102106,West,2026-01-17,Fashion,2689.4,Refunded,Jaipur,30,Free,2026-01-17 02:45:00,user2106@example.com,user2106,2689.4,S053,1,30,P4514,High,3842.0,4533.56
U02107,TXN102107,North,2025-04-13,Sports,793.8,Refunded,Pune,22,Free,2025-04-13 09:52:00,user2107@example.com,user2107,132.3,S051,6,10,P6466,High,147.0,173.46
U02108,TXN102108,South,2025-08-02,Grocery,1334.4,Refunded,Kolkata,65,Free,2025-08-02 08:00:00,user2108@example.com,user2108,444.8,S090,3,20,P3427,High,556.0,656.08
U02109,TXN102109,East,2025-04-08,Electronics,1368.0,Failed,Kolkata,30,Free,2025-04-08 07:53:00,user2109@example.com,user2109,684.0,S052,2,10,P4731,Medium,760.0,896.8
U02110,TXN102110,East,2025-06-03,Sports,13530.3,Pending,Kolkata,26,Premium,2025-06-03 16:23:00,user2110@example.com,user2110,1932.9,S035,7,15,P9012,High,2274.0,2683.32
U02111,TXN102111,North,2025-09-21,Sports,15181.0,Refunded,Bengaluru,31,Free,2025-09-21 12:07:00,user2111@example.com,user2111,1518.1,S027,10,15,P7706,Urgent,1786.0,2107.48
U02112,TXN102112,North,2026-01-09,Grocery,13235.4,Failed,Delhi,36,Free,2026-01-09 10:55:00,user2112@example.com,user2112,2205.9,S082,6,10,P9939,Medium,2451.0,2892.18
U02113,TXN102113,West,2025-07-28,Fashion,15183.0,Failed,Chennai,28,Free,2025-07-28 17:50:00,user2113@example.com,user2113,1518.3,S056,10,10,P7852,Medium,1687.0,1990.66
U02114,TXN102114,South,2026-01-13,Fashion,28672.2,Pending,Mumbai,60,Basic,2026-01-13 20:02:00,user2114@example.com,user2114,3185.8,S041,9,15,P5665,Low,3748.0,4422.64
U02115,TXN102115,East,2026-01-13,Books,2407.5,Pending,Pune,46,Basic,2026-01-13 03:34:00,user2115@example.com,user2115,2407.5,S058,1,10,P2892,Medium,2675.0,3156.5
U02116,TXN102116,South,2026-03-14,Electronics,25596.0,Failed,Kolkata,64,Free,2026-03-14 19:45:00,user2116@example.com,user2116,4266.0,S041,6,0,P5193,Urgent,4266.0,5033.88
U02117,TXN102117,North,2025-02-15,Fashion,4463.2,Refunded,Delhi,51,Free,2025-02-15 08:24:00,user2117@example.com,user2117,2231.6,S034,2,30,P3629,Medium,3188.0,3761.84
U02118,TXN102118,North,2026-04-16,Grocery,23179.5,Pending,Mumbai,61,Free,2026-04-16 11:51:00,user2118@example.com,user2118,2317.95,S074,10,15,P6913,Medium,2727.0,3217.86
U02119,TXN102119,West,2025-06-09,Sports,2549.15,Failed,Bengaluru,33,Free,2025-06-09 05:17:00,user2119@example.com,user2119,2549.15,S099,1,15,P5064,Low,2999.0,3538.82
U02120,TXN102120,East,2026-03-06,Electronics,7092.0,Refunded,Jaipur,65,Free,2026-03-06 17:54:00,user2120@example.com,user2120,1418.4,S013,5,10,P2829,High,1576.0,1859.68
U02121,TXN102121,South,2026-04-29,Sports,9240.0,Refunded,Pune,57,Free,2026-04-29 14:57:00,user2121@example.com,user2121,1848.0,S066,5,0,P3522,High,1848.0,2180.64
U02122,TXN102122,South,2025-01-06,Grocery,21204.0,Pending,Delhi,58,Premium,2025-01-06 05:55:00,user2122@example.com,user2122,3534.0,S021,6,25,P8739,Medium,4712.0,5560.16
U02123,TXN102123,East,2026-01-06,Home,7371.0,Refunded,Jaipur,25,Free,2026-01-06 07:33:00,user2123@example.com,user2123,737.1,S086,10,10,P5748,High,819.0,966.42
U02124,TXN102124,West,2025-08-12,Books,15162.0,Completed,Delhi,32,Basic,2025-08-12 02:58:00,user2124@example.com,user2124,2527.0,S068,6,30,P2203,High,3610.0,4259.8
U02125,TXN102125,North,2025-01-05,Grocery,9290.4,Pending,Bengaluru,64,Free,2025-01-05 02:52:00,user2125@example.com,user2125,3096.8,S023,3,20,P5665,Urgent,3871.0,4567.78
U02126,TXN102126,North,2025-12-19,Home,13779.0,Completed,Kolkata,27,Free,2025-12-19 01:51:00,user2126@example.com,user2126,1377.9,S030,10,10,P6340,Medium,1531.0,1806.58
U02127,TXN102127,North,2025-12-12,Sports,19926.0,Failed,Pune,29,Basic,2025-12-12 13:25:00,user2127@example.com,user2127,3321.0,S077,6,0,P3264,Urgent,3321.0,3918.78
U02128,TXN102128,West,2026-02-11,Sports,2588.4,Completed,Delhi,56,Basic,2026-02-11 00:42:00,user2128@example.com,user2128,1294.2,S024,2,10,P3846,Low,1438.0,1696.84
U02129,TXN102129,East,2025-03-30,Electronics,34767.0,Pending,Kolkata,28,Free,2025-03-30 07:59:00,user2129@example.com,user2129,3476.7,S035,10,10,P9357,High,3863.0,4558.34
U02130,TXN102130,North,2025-10-17,Fashion,36559.8,Completed,Jaipur,57,Basic,2025-10-17 09:48:00,user2130@example.com,user2130,4062.2,S083,9,5,P4906,Low,4276.0,5045.68
U02131,TXN102131,South,2025-12-23,Fashion,17452.0,Pending,Pune,21,Basic,2025-12-23 22:13:00,user2131@example.com,user2131,4363.0,S088,4,0,P5740,Urgent,4363.0,5148.34
U02132,TXN102132,North,2026-04-22,Electronics,4975.2,Completed,Jaipur,50,Premium,2026-04-22 10:00:00,user2132@example.com,user2132,552.8,S046,9,20,P5042,Urgent,691.0,815.38
U02133,TXN102133,West,2025-05-11,Electronics,7117.05,Completed,Kolkata,34,Premium,2025-05-11 17:18:00,user2133@example.com,user2133,2372.35,S014,3,15,P5515,Medium,2791.0,3293.38
U02134,TXN102134,East,2026-01-11,Sports,11772.8,Failed,Delhi,67,Premium,2026-01-11 00:48:00,user2134@example.com,user2134,2943.2,S053,4,20,P6572,Urgent,3679.0,4341.22
U02135,TXN102135,North,2025-09-30,Books,10601.6,Refunded,Kolkata,30,Premium,2025-09-30 02:50:00,user2135@example.com,user2135,2650.4,S016,4,20,P8400,Low,3313.0,3909.34
U02136,TXN102136,East,2025-12-10,Books,3431.2,Refunded,Chennai,56,Basic,2025-12-10 12:06:00,user2136@example.com,user2136,3431.2,S069,1,20,P7729,High,4289.0,5061.02
U02137,TXN102137,North,2026-03-05,Books,36345.15,Failed,Hyderabad,33,Free,2026-03-05 23:35:00,user2137@example.com,user2137,4038.35,S039,9,15,P8973,High,4751.0,5606.18
U02138,TXN102138,West,2026-04-25,Sports,2607.8,Refunded,Mumbai,57,Free,2026-04-25 12:07:00,user2138@example.com,user2138,651.95,S040,4,15,P5259,Urgent,767.0,905.06
U02139,TXN102139,South,2025-01-03,Sports,26908.0,Completed,Jaipur,39,Premium,2025-01-03 20:54:00,user2139@example.com,user2139,2690.8,S001,10,30,P2525,Medium,3844.0,4535.92
U02140,TXN102140,West,2025-09-22,Electronics,7147.5,Pending,Chennai,48,Basic,2025-09-22 12:33:00,user2140@example.com,user2140,3573.75,S081,2,25,P9199,Medium,4765.0,5622.7
U02141,TXN102141,West,2025-07-10,Home,19426.75,Failed,Delhi,21,Basic,2025-07-10 21:46:00,user2141@example.com,user2141,2775.25,S007,7,15,P4986,High,3265.0,3852.7
U02142,TXN102142,North,2026-03-10,Grocery,11603.25,Pending,Kolkata,25,Basic,2026-03-10 15:56:00,user2142@example.com,user2142,1289.25,S067,9,25,P3771,Urgent,1719.0,2028.42
U02143,TXN102143,West,2025-11-25,Home,32683.5,Completed,Kolkata,59,Basic,2025-11-25 21:13:00,user2143@example.com,user2143,3631.5,S027,9,10,P7120,High,4035.0,4761.3
U02144,TXN102144,East,2025-10-29,Fashion,9889.5,Completed,Mumbai,35,Free,2025-10-29 15:50:00,user2144@example.com,user2144,1977.9,S081,5,5,P9053,High,2082.0,2456.76
U02145,TXN102145,South,2025-04-07,Sports,4552.4,Completed,Hyderabad,40,Premium,2025-04-07 07:08:00,user2145@example.com,user2145,1138.1,S034,4,5,P2400,High,1198.0,1413.64
U02146,TXN102146,West,2025-11-05,Sports,21700.0,Completed,Jaipur,40,Basic,2025-11-05 00:19:00,user2146@example.com,user2146,3100.0,S047,7,20,P7016,Medium,3875.0,4572.5
U02147,TXN102147,South,2025-02-07,Grocery,9243.5,Pending,Kolkata,28,Free,2025-02-07 22:07:00,user2147@example.com,user2147,1848.7,S003,5,30,P5909,Urgent,2641.0,3116.38
U02148,TXN102148,North,2026-01-04,Books,12670.0,Refunded,Pune,54,Free,2026-01-04 22:56:00,user2148@example.com,user2148,1267.0,S094,10,30,P8639,High,1810.0,2135.8
U02149,TXN102149,South,2025-04-30,Books,23636.0,Pending,Kolkata,70,Free,2025-04-30 16:51:00,user2149@example.com,user2149,2954.5,S088,8,5,P7917,High,3110.0,3669.8
U02150,TXN102150,North,2026-02-07,Books,14681.6,Failed,Jaipur,27,Free,2026-02-07 08:19:00,user2150@example.com,user2150,3670.4,S086,4,20,P3581,Urgent,4588.0,5413.84
U02151,TXN102151,South,2025-08-07,Books,854.0,Pending,Chennai,55,Premium,2025-08-07 17:49:00,user2151@example.com,user2151,213.5,S045,4,30,P9163,High,305.0,359.9
U02152,TXN102152,West,2026-02-23,Fashion,5169.5,Completed,Hyderabad,68,Free,2026-02-23 05:43:00,user2152@example.com,user2152,738.5,S019,7,30,P2838,Medium,1055.0,1244.9
U02153,TXN102153,South,2025-03-03,Books,4685.4,Pending,Chennai,42,Free,2025-03-03 02:11:00,user2153@example.com,user2153,520.6,S028,9,5,P5160,High,548.0,646.64
U02154,TXN102154,East,2025-04-27,Fashion,10875.6,Failed,Jaipur,53,Basic,2025-04-27 13:18:00,user2154@example.com,user2154,1812.6,S052,6,10,P7012,Urgent,2014.0,2376.52
U02155,TXN102155,North,2025-06-27,Books,4840.2,Pending,Chennai,40,Basic,2025-06-27 16:23:00,user2155@example.com,user2155,2420.1,S098,2,10,P2178,High,2689.0,3173.02
U02156,TXN102156,North,2025-11-23,Home,6839.1,Completed,Delhi,52,Basic,2025-11-23 23:17:00,user2156@example.com,user2156,3419.55,S088,2,15,P6841,Medium,4023.0,4747.14
U02157,TXN102157,West,2025-08-03,Home,15625.0,Failed,Delhi,66,Premium,2025-08-03 05:40:00,user2157@example.com,user2157,3125.0,S043,5,0,P3606,Low,3125.0,3687.5
U02158,TXN102158,East,2025-06-17,Home,4868.0,Failed,Chennai,42,Free,2025-06-17 11:03:00,user2158@example.com,user2158,973.6,S029,5,20,P9650,Urgent,1217.0,1436.06
U02159,TXN102159,South,2025-03-01,Sports,17983.0,Pending,Pune,42,Premium,2025-03-01 06:21:00,user2159@example.com,user2159,2569.0,S091,7,30,P9358,High,3670.0,4330.6
U02160,TXN102160,West,2025-07-16,Books,6440.0,Pending,Bengaluru,51,Basic,2025-07-16 03:34:00,user2160@example.com,user2160,3220.0,S019,2,0,P3671,Low,3220.0,3799.6
U02161,TXN102161,West,2026-01-14,Home,1607.0,Pending,Kolkata,58,Basic,2026-01-14 08:35:00,user2161@example.com,user2161,1607.0,S021,1,0,P7176,High,1607.0,1896.26
U02162,TXN102162,North,2025-03-20,Electronics,29835.0,Failed,Mumbai,40,Basic,2025-03-20 19:06:00,user2162@example.com,user2162,3315.0,S066,9,0,P8073,Urgent,3315.0,3911.7
U02163,TXN102163,North,2025-12-26,Sports,2135.0,Completed,Bengaluru,25,Basic,2025-12-26 00:02:00,user2163@example.com,user2163,427.0,S006,5,30,P6681,Low,610.0,719.8
U02164,TXN102164,North,2026-04-19,Sports,1778.4,Completed,Delhi,29,Basic,2026-04-19 12:02:00,user2164@example.com,user2164,197.6,S088,9,5,P9019,Low,208.0,245.44
U02165,TXN102165,South,2026-03-21,Fashion,2678.4,Refunded,Chennai,56,Basic,2026-03-21 03:51:00,user2165@example.com,user2165,669.6,S007,4,10,P9865,Low,744.0,877.92
U02166,TXN102166,North,2025-05-14,Fashion,4698.0,Failed,Chennai,64,Free,2025-05-14 12:22:00,user2166@example.com,user2166,783.0,S064,6,0,P5859,High,783.0,923.94
U02167,TXN102167,South,2025-02-14,Books,3543.4,Completed,Delhi,66,Premium,2025-02-14 07:08:00,user2167@example.com,user2167,1771.7,S069,2,30,P8698,Medium,2531.0,2986.58
U02168,TXN102168,West,2026-04-07,Sports,16349.75,Pending,Pune,27,Premium,2026-04-07 13:16:00,user2168@example.com,user2168,3269.95,S038,5,15,P8095,High,3847.0,4539.46
U02169,TXN102169,South,2025-04-20,Home,12280.8,Refunded,Kolkata,44,Free,2025-04-20 14:27:00,user2169@example.com,user2169,4093.6,S044,3,15,P6379,High,4816.0,5682.88
U02170,TXN102170,North,2026-03-11,Books,3171.7,Completed,Kolkata,27,Free,2026-03-11 09:42:00,user2170@example.com,user2170,3171.7,S033,1,30,P2109,Urgent,4531.0,5346.58
U02171,TXN102171,West,2025-12-01,Electronics,29604.0,Refunded,Jaipur,61,Basic,2025-12-01 16:43:00,user2171@example.com,user2171,4934.0,S095,6,0,P8018,Medium,4934.0,5822.12
U02172,TXN102172,West,2026-02-13,Home,6900.3,Refunded,Kolkata,34,Premium,2026-02-13 16:30:00,user2172@example.com,user2172,2300.1,S097,3,15,P1227,Medium,2706.0,3193.08
U02173,TXN102173,East,2025-09-20,Books,29592.0,Failed,Jaipur,69,Premium,2025-09-20 18:23:00,user2173@example.com,user2173,3288.0,S087,9,25,P5710,Medium,4384.0,5173.12
U02174,TXN102174,East,2025-11-24,Home,14694.0,Completed,Kolkata,70,Free,2025-11-24 15:00:00,user2174@example.com,user2174,3673.5,S070,4,25,P6045,Low,4898.0,5779.64
U02175,TXN102175,West,2025-10-28,Electronics,2904.0,Failed,Bengaluru,61,Premium,2025-10-28 15:26:00,user2175@example.com,user2175,968.0,S083,3,0,P6367,High,968.0,1142.24
U02176,TXN102176,East,2025-07-11,Electronics,4367.3,Completed,Mumbai,41,Basic,2025-07-11 07:50:00,user2176@example.com,user2176,2183.65,S098,2,15,P2389,Low,2569.0,3031.42
U02177,TXN102177,West,2026-04-25,Fashion,33292.0,Failed,Delhi,46,Basic,2026-04-25 23:18:00,user2177@example.com,user2177,4756.0,S021,7,0,P2184,Low,4756.0,5612.08
U02178,TXN102178,South,2026-03-31,Grocery,29672.0,Refunded,Pune,31,Premium,2026-03-31 01:47:00,user2178@example.com,user2178,2967.2,S029,10,20,P4306,Medium,3709.0,4376.62
U02179,TXN102179,South,2025-06-14,Electronics,17451.0,Failed,Hyderabad,64,Basic,2025-06-14 12:31:00,user2179@example.com,user2179,2908.5,S076,6,25,P2403,Medium,3878.0,4576.04
U02180,TXN102180,East,2025-07-05,Electronics,11484.0,Failed,Chennai,61,Premium,2025-07-05 05:47:00,user2180@example.com,user2180,1435.5,S045,8,10,P6908,Medium,1595.0,1882.1
U02181,TXN102181,North,2025-10-01,Grocery,20772.0,Pending,Jaipur,39,Basic,2025-10-01 19:05:00,user2181@example.com,user2181,2308.0,S030,9,20,P3999,Medium,2885.0,3404.3
U02182,TXN102182,West,2025-12-27,Sports,800.1,Completed,Pune,42,Premium,2025-12-27 01:58:00,user2182@example.com,user2182,800.1,S095,1,10,P2618,Medium,889.0,1049.02
U02183,TXN102183,East,2025-04-20,Fashion,15880.2,Pending,Jaipur,29,Free,2025-04-20 17:00:00,user2183@example.com,user2183,2646.7,S068,6,5,P9124,Low,2786.0,3287.48
U02184,TXN102184,East,2025-06-03,Home,12096.0,Completed,Pune,27,Basic,2025-06-03 22:47:00,user2184@example.com,user2184,3024.0,S028,4,25,P3101,Low,4032.0,4757.76
U02185,TXN102185,South,2026-04-10,Grocery,30061.8,Failed,Mumbai,63,Basic,2026-04-10 19:59:00,user2185@example.com,user2185,3340.2,S096,9,5,P4015,Medium,3516.0,4148.88
U02186,TXN102186,North,2025-03-07,Books,9228.8,Refunded,Pune,62,Premium,2025-03-07 10:47:00,user2186@example.com,user2186,1153.6,S093,8,20,P1311,High,1442.0,1701.56
U02187,TXN102187,North,2026-04-10,Electronics,1351.5,Refunded,Jaipur,70,Premium,2026-04-10 06:24:00,user2187@example.com,user2187,270.3,S008,5,15,P7233,High,318.0,375.24
U02188,TXN102188,West,2026-04-12,Books,33027.75,Completed,Bengaluru,65,Free,2026-04-12 17:21:00,user2188@example.com,user2188,3669.75,S092,9,25,P6602,Medium,4893.0,5773.74
U02189,TXN102189,South,2025-05-14,Home,2395.8,Refunded,Delhi,20,Basic,2025-05-14 06:06:00,user2189@example.com,user2189,1197.9,S047,2,10,P1301,Medium,1331.0,1570.58
U02190,TXN102190,North,2025-04-12,Sports,15136.8,Completed,Kolkata,58,Basic,2025-04-12 02:59:00,user2190@example.com,user2190,2522.8,S075,6,30,P2048,High,3604.0,4252.72
U02191,TXN102191,North,2025-04-25,Books,3562.2,Pending,Mumbai,23,Free,2025-04-25 11:35:00,user2191@example.com,user2191,1781.1,S015,2,10,P4459,High,1979.0,2335.22
U02192,TXN102192,West,2026-02-06,Sports,27711.0,Completed,Mumbai,48,Free,2026-02-06 18:47:00,user2192@example.com,user2192,3079.0,S081,9,0,P8468,Urgent,3079.0,3633.22
U02193,TXN102193,East,2025-06-09,Electronics,4379.2,Failed,Hyderabad,47,Premium,2025-06-09 10:40:00,user2193@example.com,user2193,547.4,S061,8,30,P9905,Urgent,782.0,922.76
U02194,TXN102194,North,2025-10-17,Books,1112.65,Pending,Kolkata,63,Premium,2025-10-17 14:29:00,user2194@example.com,user2194,1112.65,S056,1,15,P8467,Medium,1309.0,1544.62
U02195,TXN102195,East,2025-04-05,Books,3242.25,Completed,Jaipur,40,Free,2025-04-05 16:12:00,user2195@example.com,user2195,3242.25,S091,1,25,P6758,Medium,4323.0,5101.14
U02196,TXN102196,North,2025-12-07,Home,26932.5,Refunded,Delhi,21,Free,2025-12-07 01:49:00,user2196@example.com,user2196,2992.5,S033,9,30,P1733,Medium,4275.0,5044.5
U02197,TXN102197,North,2026-03-20,Books,15578.8,Failed,Mumbai,30,Free,2026-03-20 09:40:00,user2197@example.com,user2197,3894.7,S017,4,15,P9138,High,4582.0,5406.76
U02198,TXN102198,East,2025-01-27,Books,30686.4,Pending,Hyderabad,50,Free,2025-01-27 13:34:00,user2198@example.com,user2198,3835.8,S028,8,10,P3972,Low,4262.0,5029.16
U02199,TXN102199,East,2025-09-11,Home,7412.0,Pending,Jaipur,66,Premium,2025-09-11 07:22:00,user2199@example.com,user2199,926.5,S081,8,15,P5325,Low,1090.0,1286.2
U02200,TXN102200,East,2025-11-29,Home,1311.0,Pending,Chennai,59,Premium,2025-11-29 13:50:00,user2200@example.com,user2200,131.1,S044,10,5,P2177,Low,138.0,162.84
U02201,TXN102201,East,2026-01-23,Electronics,16838.4,Refunded,Chennai,52,Basic,2026-01-23 20:13:00,user2201@example.com,user2201,2806.4,S013,6,20,P6172,Medium,3508.0,4139.44
U02202,TXN102202,West,2026-04-13,Home,12978.0,Completed,Jaipur,51,Free,2026-04-13 04:43:00,user2202@example.com,user2202,1854.0,S034,7,25,P4663,Low,2472.0,2916.96
U02203,TXN102203,South,2025-06-20,Electronics,4201.2,Completed,Chennai,68,Premium,2025-06-20 18:38:00,user2203@example.com,user2203,1050.3,S008,4,10,P2035,Low,1167.0,1377.06
U02204,TXN102204,North,2025-03-14,Electronics,23512.5,Refunded,Kolkata,57,Free,2025-03-14 06:00:00,user2204@example.com,user2204,4702.5,S009,5,5,P8798,Low,4950.0,5841.0
U02205,TXN102205,North,2025-02-04,Fashion,2371.2,Failed,Jaipur,23,Free,2025-02-04 12:43:00,user2205@example.com,user2205,592.8,S066,4,5,P2439,Low,624.0,736.32
U02206,TXN102206,West,2025-09-19,Home,4482.0,Completed,Delhi,18,Basic,2025-09-19 01:05:00,user2206@example.com,user2206,560.25,S023,8,25,P3419,Low,747.0,881.46
U02207,TXN102207,West,2025-05-19,Home,13976.0,Pending,Pune,66,Premium,2025-05-19 10:14:00,user2207@example.com,user2207,3494.0,S052,4,0,P3415,Medium,3494.0,4122.92
U02208,TXN102208,West,2026-01-25,Books,7978.5,Pending,Kolkata,45,Free,2026-01-25 02:46:00,user2208@example.com,user2208,2659.5,S024,3,25,P6651,High,3546.0,4184.28
U02209,TXN102209,South,2025-08-27,Electronics,11801.25,Pending,Chennai,30,Free,2025-08-27 23:03:00,user2209@example.com,user2209,2360.25,S041,5,25,P1830,High,3147.0,3713.46
U02210,TXN102210,West,2025-03-11,Electronics,2253.6,Refunded,Pune,33,Premium,2025-03-11 03:17:00,user2210@example.com,user2210,281.7,S082,8,10,P1517,Medium,313.0,369.34
U02211,TXN102211,South,2025-06-28,Electronics,17228.25,Completed,Pune,65,Basic,2025-06-28 20:59:00,user2211@example.com,user2211,3445.65,S078,5,5,P7891,High,3627.0,4279.86
U02212,TXN102212,West,2025-01-12,Grocery,15801.6,Pending,Delhi,21,Premium,2025-01-12 08:11:00,user2212@example.com,user2212,3950.4,S018,4,20,P8760,High,4938.0,5826.84
U02213,TXN102213,North,2026-02-15,Electronics,19525.5,Failed,Pune,65,Basic,2026-02-15 04:17:00,user2213@example.com,user2213,3254.25,S064,6,25,P7420,Medium,4339.0,5120.02
U02214,TXN102214,North,2026-03-08,Home,9354.1,Failed,Pune,33,Basic,2026-03-08 01:38:00,user2214@example.com,user2214,1336.3,S003,7,30,P3441,Medium,1909.0,2252.62
U02215,TXN102215,North,2025-09-20,Books,21876.75,Refunded,Hyderabad,61,Premium,2025-09-20 03:41:00,user2215@example.com,user2215,2430.75,S067,9,25,P9078,High,3241.0,3824.38
U02216,TXN102216,South,2025-05-13,Sports,1254.6,Refunded,Hyderabad,49,Free,2025-05-13 23:46:00,user2216@example.com,user2216,209.1,S041,6,15,P4001,Low,246.0,290.28
U02217,TXN102217,East,2026-04-07,Electronics,1366.2,Failed,Bengaluru,51,Free,2026-04-07 16:35:00,user2217@example.com,user2217,683.1,S062,2,10,P7589,High,759.0,895.62
U02218,TXN102218,South,2025-03-08,Electronics,19451.25,Failed,Bengaluru,69,Basic,2025-03-08 06:38:00,user2218@example.com,user2218,3890.25,S099,5,5,P1653,Medium,4095.0,4832.1
U02219,TXN102219,North,2025-06-19,Grocery,8022.75,Failed,Delhi,34,Free,2025-06-19 15:16:00,user2219@example.com,user2219,1604.55,S084,5,5,P1617,High,1689.0,1993.02
U02220,TXN102220,North,2026-01-21,Fashion,7112.8,Completed,Kolkata,52,Free,2026-01-21 11:00:00,user2220@example.com,user2220,1778.2,S072,4,15,P8961,Low,2092.0,2468.56
U02221,TXN102221,West,2025-11-07,Grocery,13730.4,Pending,Pune,34,Basic,2025-11-07 09:02:00,user2221@example.com,user2221,1525.6,S048,9,20,P5824,Low,1907.0,2250.26
U02222,TXN102222,West,2026-01-10,Sports,12908.0,Refunded,Jaipur,48,Basic,2026-01-10 21:53:00,user2222@example.com,user2222,1613.5,S012,8,30,P2359,High,2305.0,2719.9
U02223,TXN102223,North,2025-11-08,Fashion,1062.4,Pending,Kolkata,60,Premium,2025-11-08 12:46:00,user2223@example.com,user2223,531.2,S065,2,20,P5315,Urgent,664.0,783.52
U02224,TXN102224,South,2025-03-03,Grocery,2040.0,Pending,Bengaluru,34,Free,2025-03-03 17:40:00,user2224@example.com,user2224,1020.0,S079,2,25,P2509,Medium,1360.0,1604.8
U02225,TXN102225,East,2026-02-23,Grocery,16007.5,Failed,Jaipur,31,Free,2026-02-23 17:28:00,user2225@example.com,user2225,3201.5,S008,5,5,P1216,High,3370.0,3976.6
U02226,TXN102226,South,2025-05-14,Electronics,12627.2,Refunded,Delhi,61,Basic,2025-05-14 15:14:00,user2226@example.com,user2226,1578.4,S064,8,20,P2523,Urgent,1973.0,2328.14
U02227,TXN102227,West,2025-07-04,Grocery,17946.0,Completed,Pune,30,Basic,2025-07-04 00:55:00,user2227@example.com,user2227,1794.6,S082,10,10,P6994,High,1994.0,2352.92
U02228,TXN102228,West,2026-02-24,Books,28670.5,Pending,Delhi,18,Premium,2026-02-24 16:20:00,user2228@example.com,user2228,2867.05,S033,10,15,P4082,Medium,3373.0,3980.14
U02229,TXN102229,West,2025-06-15,Sports,2689.2,Refunded,Pune,41,Basic,2025-06-15 04:57:00,user2229@example.com,user2229,896.4,S097,3,10,P4119,High,996.0,1175.28
U02230,TXN102230,East,2026-01-10,Sports,9892.35,Pending,Delhi,44,Free,2026-01-10 06:10:00,user2230@example.com,user2230,3297.45,S059,3,5,P8050,Medium,3471.0,4095.78
U02231,TXN102231,East,2026-01-15,Sports,10385.4,Pending,Mumbai,45,Basic,2026-01-15 21:54:00,user2231@example.com,user2231,2596.35,S001,4,5,P6048,Low,2733.0,3224.94
U02232,TXN102232,South,2025-08-24,Electronics,2030.0,Completed,Jaipur,21,Premium,2025-08-24 13:43:00,user2232@example.com,user2232,1015.0,S016,2,0,P1735,Low,1015.0,1197.7
U02233,TXN102233,South,2025-05-18,Home,14990.4,Failed,Kolkata,50,Free,2025-05-18 09:48:00,user2233@example.com,user2233,3747.6,S055,4,10,P8320,High,4164.0,4913.52
U02234,TXN102234,North,2025-03-01,Sports,15553.4,Completed,Jaipur,62,Basic,2025-03-01 16:53:00,user2234@example.com,user2234,3888.35,S009,4,5,P5135,Low,4093.0,4829.74
U02235,TXN102235,West,2025-05-16,Electronics,6999.0,Completed,Jaipur,32,Free,2025-05-16 17:35:00,user2235@example.com,user2235,1749.75,S049,4,25,P5558,Low,2333.0,2752.94
U02236,TXN102236,West,2025-05-12,Grocery,26608.5,Pending,Pune,22,Premium,2025-05-12 01:03:00,user2236@example.com,user2236,2956.5,S059,9,10,P3208,Urgent,3285.0,3876.3
U02237,TXN102237,North,2025-03-08,Books,16896.0,Pending,Kolkata,30,Premium,2025-03-08 11:07:00,user2237@example.com,user2237,2112.0,S082,8,20,P9987,Low,2640.0,3115.2
U02238,TXN102238,South,2025-12-03,Books,33026.4,Failed,Kolkata,37,Free,2025-12-03 15:21:00,user2238@example.com,user2238,4128.3,S029,8,10,P3264,Urgent,4587.0,5412.66
U02239,TXN102239,North,2025-02-15,Electronics,17253.0,Refunded,Chennai,22,Premium,2025-02-15 14:28:00,user2239@example.com,user2239,1917.0,S051,9,25,P9107,Low,2556.0,3016.08
U02240,TXN102240,North,2025-09-06,Electronics,2990.6,Failed,Delhi,37,Premium,2025-09-06 07:19:00,user2240@example.com,user2240,1495.3,S044,2,5,P8485,Medium,1574.0,1857.32
U02241,TXN102241,South,2025-01-16,Sports,11772.0,Failed,Jaipur,56,Free,2025-01-16 09:11:00,user2241@example.com,user2241,1471.5,S020,8,10,P9991,Urgent,1635.0,1929.3
U02242,TXN102242,South,2025-11-23,Home,18446.4,Failed,Mumbai,21,Free,2025-11-23 02:04:00,user2242@example.com,user2242,2305.8,S030,8,10,P3928,Low,2562.0,3023.16
U02243,TXN102243,West,2026-01-02,Home,15013.6,Failed,Chennai,47,Basic,2026-01-02 09:47:00,user2243@example.com,user2243,2144.8,S099,7,30,P8481,High,3064.0,3615.52
U02244,TXN102244,East,2025-11-14,Electronics,23700.0,Refunded,Hyderabad,60,Free,2025-11-14 13:36:00,user2244@example.com,user2244,4740.0,S029,5,0,P9953,Urgent,4740.0,5593.2
U02245,TXN102245,South,2025-08-25,Sports,35944.0,Completed,Jaipur,65,Free,2025-08-25 11:19:00,user2245@example.com,user2245,4493.0,S003,8,0,P8737,High,4493.0,5301.74
U02246,TXN102246,North,2025-04-14,Fashion,4207.5,Failed,Bengaluru,67,Premium,2025-04-14 10:36:00,user2246@example.com,user2246,2103.75,S042,2,15,P8804,Medium,2475.0,2920.5
U02247,TXN102247,West,2026-04-15,Electronics,12264.0,Refunded,Hyderabad,56,Free,2026-04-15 16:32:00,user2247@example.com,user2247,3066.0,S065,4,25,P4710,High,4088.0,4823.84
U02248,TXN102248,South,2025-09-11,Books,895.05,Refunded,Chennai,60,Basic,2025-09-11 02:22:00,user2248@example.com,user2248,895.05,S045,1,15,P2846,Medium,1053.0,1242.54
U02249,TXN102249,East,2025-11-19,Books,25452.0,Refunded,Delhi,27,Free,2025-11-19 07:36:00,user2249@example.com,user2249,3636.0,S056,7,25,P2584,Urgent,4848.0,5720.64
U02250,TXN102250,South,2025-07-04,Electronics,14620.5,Failed,Delhi,34,Premium,2025-07-04 16:26:00,user2250@example.com,user2250,1462.05,S021,10,5,P5196,High,1539.0,1816.02
U02251,TXN102251,West,2025-08-17,Fashion,13840.0,Refunded,Delhi,31,Free,2025-08-17 13:52:00,user2251@example.com,user2251,1384.0,S088,10,0,P3672,Medium,1384.0,1633.12
U02252,TXN102252,East,2026-01-20,Electronics,10414.2,Pending,Mumbai,29,Basic,2026-01-20 14:09:00,user2252@example.com,user2252,2603.55,S007,4,15,P4620,High,3063.0,3614.34
U02253,TXN102253,South,2025-07-23,Electronics,5848.2,Failed,Chennai,36,Basic,2025-07-23 19:58:00,user2253@example.com,user2253,1949.4,S034,3,10,P1105,Low,2166.0,2555.88
U02254,TXN102254,South,2025-02-03,Grocery,1540.0,Failed,Pune,49,Premium,2025-02-03 09:15:00,user2254@example.com,user2254,1540.0,S087,1,0,P1953,High,1540.0,1817.2
U02255,TXN102255,North,2025-03-18,Grocery,6030.5,Pending,Bengaluru,42,Basic,2025-03-18 20:51:00,user2255@example.com,user2255,1206.1,S005,5,30,P9108,Urgent,1723.0,2033.14
U02256,TXN102256,South,2025-05-02,Grocery,8075.0,Completed,Bengaluru,69,Basic,2025-05-02 00:45:00,user2256@example.com,user2256,1615.0,S036,5,15,P3687,High,1900.0,2242.0
U02257,TXN102257,South,2025-05-19,Fashion,1443.75,Pending,Mumbai,21,Free,2025-05-19 10:06:00,user2257@example.com,user2257,206.25,S048,7,25,P4748,High,275.0,324.5
U02258,TXN102258,East,2025-08-22,Grocery,17640.0,Completed,Hyderabad,21,Basic,2025-08-22 05:29:00,user2258@example.com,user2258,1764.0,S084,10,25,P4889,Urgent,2352.0,2775.36
U02259,TXN102259,West,2025-02-15,Books,36441.0,Failed,Kolkata,68,Basic,2025-02-15 19:46:00,user2259@example.com,user2259,4049.0,S026,9,0,P9276,High,4049.0,4777.82
U02260,TXN102260,East,2026-03-06,Sports,27815.4,Failed,Kolkata,39,Premium,2026-03-06 04:38:00,user2260@example.com,user2260,3090.6,S048,9,10,P9658,Medium,3434.0,4052.12
U02261,TXN102261,South,2025-10-13,Grocery,7398.0,Pending,Mumbai,42,Free,2025-10-13 15:44:00,user2261@example.com,user2261,1849.5,S051,4,10,P7549,Urgent,2055.0,2424.9
U02262,TXN102262,West,2025-01-14,Grocery,8933.4,Pending,Jaipur,30,Free,2025-01-14 23:55:00,user2262@example.com,user2262,2977.8,S062,3,30,P2071,Low,4254.0,5019.72
U02263,TXN102263,North,2025-07-11,Sports,10197.3,Refunded,Chennai,48,Free,2025-07-11 00:52:00,user2263@example.com,user2263,1699.55,S099,6,5,P8141,Urgent,1789.0,2111.02
U02264,TXN102264,North,2025-06-24,Books,18352.8,Refunded,Mumbai,27,Premium,2025-06-24 01:16:00,user2264@example.com,user2264,2039.2,S037,9,20,P9215,High,2549.0,3007.82
U02265,TXN102265,North,2026-02-15,Home,3254.7,Pending,Delhi,62,Free,2026-02-15 18:10:00,user2265@example.com,user2265,542.45,S050,6,5,P3345,Low,571.0,673.78
U02266,TXN102266,North,2026-01-13,Electronics,4782.4,Refunded,Kolkata,24,Free,2026-01-13 01:12:00,user2266@example.com,user2266,2391.2,S053,2,30,P7009,High,3416.0,4030.88
U02267,TXN102267,East,2026-03-24,Fashion,14030.55,Completed,Bengaluru,64,Premium,2026-03-24 03:51:00,user2267@example.com,user2267,4676.85,S081,3,5,P1139,Urgent,4923.0,5809.14
U02268,TXN102268,West,2025-06-03,Home,37342.5,Refunded,Hyderabad,31,Basic,2025-06-03 15:16:00,user2268@example.com,user2268,3734.25,S019,10,25,P1161,Low,4979.0,5875.22
U02269,TXN102269,West,2025-11-12,Home,11315.7,Pending,Bengaluru,41,Basic,2025-11-12 00:48:00,user2269@example.com,user2269,3771.9,S081,3,10,P9776,High,4191.0,4945.38
U02270,TXN102270,South,2025-11-20,Grocery,13581.0,Completed,Kolkata,60,Premium,2025-11-20 07:22:00,user2270@example.com,user2270,1358.1,S025,10,10,P2670,Low,1509.0,1780.62
U02271,TXN102271,South,2025-05-01,Fashion,15456.5,Failed,Bengaluru,62,Premium,2025-05-01 23:36:00,user2271@example.com,user2271,3091.3,S059,5,5,P9024,Medium,3254.0,3839.72
U02272,TXN102272,West,2025-05-23,Electronics,18045.0,Failed,Delhi,37,Free,2025-05-23 21:17:00,user2272@example.com,user2272,3007.5,S009,6,25,P1523,Urgent,4010.0,4731.8
U02273,TXN102273,West,2025-11-02,Home,10527.25,Pending,Bengaluru,65,Premium,2025-11-02 17:57:00,user2273@example.com,user2273,2105.45,S099,5,15,P2718,Urgent,2477.0,2922.86
U02274,TXN102274,East,2025-03-01,Books,6908.0,Pending,Pune,53,Premium,2025-03-01 23:03:00,user2274@example.com,user2274,3454.0,S100,2,0,P1944,Medium,3454.0,4075.72
U02275,TXN102275,East,2026-01-07,Electronics,34952.0,Pending,Jaipur,61,Free,2026-01-07 05:21:00,user2275@example.com,user2275,3495.2,S059,10,15,P6227,Medium,4112.0,4852.16
U02276,TXN102276,South,2025-11-26,Fashion,11491.2,Failed,Mumbai,48,Free,2025-11-26 23:59:00,user2276@example.com,user2276,1276.8,S100,9,30,P7323,Urgent,1824.0,2152.32
U02277,TXN102277,South,2026-01-14,Books,9787.2,Failed,Jaipur,36,Free,2026-01-14 16:27:00,user2277@example.com,user2277,1631.2,S093,6,20,P3044,Low,2039.0,2406.02
U02278,TXN102278,East,2025-11-04,Sports,11554.2,Completed,Mumbai,34,Free,2025-11-04 20:20:00,user2278@example.com,user2278,1283.8,S044,9,30,P6987,Medium,1834.0,2164.12
U02279,TXN102279,West,2025-11-04,Electronics,7011.2,Pending,Kolkata,43,Free,2025-11-04 06:05:00,user2279@example.com,user2279,1752.8,S011,4,20,P8179,Urgent,2191.0,2585.38
U02280,TXN102280,West,2025-05-23,Fashion,2189.75,Failed,Bengaluru,63,Free,2025-05-23 22:11:00,user2280@example.com,user2280,2189.75,S028,1,5,P9841,Urgent,2305.0,2719.9
U02281,TXN102281,West,2025-03-03,Home,23319.0,Pending,Mumbai,42,Basic,2025-03-03 16:40:00,user2281@example.com,user2281,2591.0,S032,9,0,P7520,High,2591.0,3057.38
U02282,TXN102282,West,2025-08-07,Sports,17382.15,Refunded,Delhi,49,Free,2025-08-07 04:16:00,user2282@example.com,user2282,1931.35,S077,9,5,P2053,Urgent,2033.0,2398.94
U02283,TXN102283,South,2025-06-03,Grocery,6080.4,Pending,Hyderabad,30,Basic,2025-06-03 09:09:00,user2283@example.com,user2283,3040.2,S022,2,10,P2264,Urgent,3378.0,3986.04
U02284,TXN102284,South,2026-04-08,Grocery,14014.8,Failed,Hyderabad,56,Basic,2026-04-08 16:35:00,user2284@example.com,user2284,1557.2,S015,9,15,P3746,Low,1832.0,2161.76
U02285,TXN102285,North,2025-10-09,Electronics,5865.0,Pending,Pune,50,Premium,2025-10-09 08:32:00,user2285@example.com,user2285,2932.5,S100,2,15,P2787,Medium,3450.0,4071.0
U02286,TXN102286,North,2025-01-25,Books,3543.75,Pending,Mumbai,38,Premium,2025-01-25 01:15:00,user2286@example.com,user2286,506.25,S015,7,25,P4582,Urgent,675.0,796.5
U02287,TXN102287,East,2026-03-08,Sports,4691.2,Completed,Delhi,39,Free,2026-03-08 09:20:00,user2287@example.com,user2287,586.4,S005,8,20,P1138,Low,733.0,864.94
U02288,TXN102288,West,2026-03-27,Sports,25410.0,Failed,Bengaluru,24,Premium,2026-03-27 21:16:00,user2288@example.com,user2288,3176.25,S100,8,25,P5296,High,4235.0,4997.3
U02289,TXN102289,South,2026-01-12,Books,1368.0,Completed,Delhi,19,Basic,2026-01-12 10:11:00,user2289@example.com,user2289,342.0,S018,4,25,P7761,Urgent,456.0,538.08
U02290,TXN102290,West,2025-02-17,Books,1448.0,Completed,Hyderabad,41,Premium,2025-02-17 22:58:00,user2290@example.com,user2290,289.6,S095,5,20,P1314,Low,362.0,427.16
U02291,TXN102291,East,2025-07-22,Sports,20356.0,Completed,Chennai,54,Premium,2025-07-22 20:29:00,user2291@example.com,user2291,2908.0,S053,7,20,P3019,Urgent,3635.0,4289.3
U02292,TXN102292,West,2026-02-11,Home,444.0,Failed,Mumbai,40,Free,2026-02-11 02:46:00,user2292@example.com,user2292,444.0,S099,1,20,P1560,High,555.0,654.9
U02293,TXN102293,East,2025-05-02,Grocery,7450.5,Failed,Delhi,57,Free,2025-05-02 14:20:00,user2293@example.com,user2293,3725.25,S097,2,25,P7295,Urgent,4967.0,5861.06
U02294,TXN102294,South,2025-06-24,Electronics,1120.0,Completed,Mumbai,69,Free,2025-06-24 15:19:00,user2294@example.com,user2294,1120.0,S088,1,20,P3208,Urgent,1400.0,1652.0
U02295,TXN102295,West,2025-09-13,Home,10664.0,Completed,Mumbai,43,Free,2025-09-13 20:20:00,user2295@example.com,user2295,2666.0,S064,4,0,P2744,High,2666.0,3145.88
U02296,TXN102296,South,2026-01-21,Fashion,2649.0,Failed,Pune,37,Free,2026-01-21 23:45:00,user2296@example.com,user2296,2649.0,S008,1,25,P3922,Medium,3532.0,4167.76
U02297,TXN102297,North,2025-07-08,Sports,17532.0,Failed,Chennai,56,Premium,2025-07-08 20:38:00,user2297@example.com,user2297,2191.5,S001,8,25,P8424,Medium,2922.0,3447.96
U02298,TXN102298,South,2025-03-26,Books,4485.6,Completed,Kolkata,22,Free,2025-03-26 05:20:00,user2298@example.com,user2298,1121.4,S054,4,10,P9947,Low,1246.0,1470.28
U02299,TXN102299,South,2026-04-17,Home,9696.0,Failed,Pune,52,Basic,2026-04-17 00:14:00,user2299@example.com,user2299,1212.0,S067,8,0,P3578,Medium,1212.0,1430.16
U02300,TXN102300,East,2025-09-12,Home,1688.4,Failed,Jaipur,59,Basic,2025-09-12 00:12:00,user2300@example.com,user2300,422.1,S074,4,10,P9241,High,469.0,553.42
U02301,TXN102301,South,2025-03-01,Grocery,595.2,Completed,Mumbai,65,Basic,2025-03-01 02:07:00,user2301@example.com,user2301,198.4,S069,3,20,P9064,Urgent,248.0,292.64
U02302,TXN102302,South,2026-02-17,Fashion,7423.2,Failed,Chennai,20,Basic,2026-02-17 01:49:00,user2302@example.com,user2302,1855.8,S047,4,10,P7244,Medium,2062.0,2433.16
U02303,TXN102303,North,2025-11-27,Books,583.8,Pending,Delhi,70,Basic,2025-11-27 10:22:00,user2303@example.com,user2303,291.9,S092,2,30,P7694,Urgent,417.0,492.06
U02304,TXN102304,North,2025-02-12,Fashion,23772.0,Completed,Pune,50,Premium,2025-02-12 08:16:00,user2304@example.com,user2304,3962.0,S076,6,0,P3175,Medium,3962.0,4675.16
U02305,TXN102305,West,2025-12-04,Sports,6462.0,Pending,Hyderabad,37,Basic,2025-12-04 13:43:00,user2305@example.com,user2305,807.75,S068,8,25,P3564,Medium,1077.0,1270.86
U02306,TXN102306,North,2025-06-15,Sports,5791.2,Failed,Mumbai,38,Premium,2025-06-15 12:34:00,user2306@example.com,user2306,1447.8,S059,4,5,P7704,High,1524.0,1798.32
U02307,TXN102307,West,2026-03-31,Home,28350.0,Failed,Mumbai,48,Basic,2026-03-31 04:44:00,user2307@example.com,user2307,4725.0,S033,6,0,P9656,High,4725.0,5575.5
U02308,TXN102308,South,2026-02-17,Sports,25619.85,Pending,Delhi,53,Basic,2026-02-17 14:23:00,user2308@example.com,user2308,2846.65,S053,9,15,P6006,Low,3349.0,3951.82
U02309,TXN102309,West,2026-04-08,Home,6521.2,Pending,Bengaluru,20,Premium,2026-04-08 00:27:00,user2309@example.com,user2309,815.15,S030,8,15,P9268,Medium,959.0,1131.62
U02310,TXN102310,West,2025-08-16,Home,14211.0,Refunded,Mumbai,32,Free,2025-08-16 07:46:00,user2310@example.com,user2310,1421.1,S071,10,10,P3178,Low,1579.0,1863.22
U02311,TXN102311,West,2026-02-10,Books,6335.7,Failed,Kolkata,63,Free,2026-02-10 01:03:00,user2311@example.com,user2311,2111.9,S012,3,30,P9838,Low,3017.0,3560.06
U02312,TXN102312,East,2026-04-29,Books,9156.0,Refunded,Chennai,45,Free,2026-04-29 00:58:00,user2312@example.com,user2312,3052.0,S011,3,20,P7181,Medium,3815.0,4501.7
U02313,TXN102313,North,2026-03-11,Sports,1751.85,Pending,Delhi,27,Free,2026-03-11 20:10:00,user2313@example.com,user2313,194.65,S026,9,15,P6544,Urgent,229.0,270.22
U02314,TXN102314,South,2025-08-28,Fashion,15916.25,Failed,Hyderabad,31,Basic,2025-08-28 07:19:00,user2314@example.com,user2314,3183.25,S026,5,15,P3806,Urgent,3745.0,4419.1
U02315,TXN102315,South,2025-08-16,Sports,10489.5,Pending,Hyderabad,59,Basic,2025-08-16 00:42:00,user2315@example.com,user2315,1748.25,S083,6,25,P6419,Medium,2331.0,2750.58
U02316,TXN102316,East,2025-03-31,Home,7794.75,Failed,Jaipur,51,Premium,2025-03-31 06:15:00,user2316@example.com,user2316,2598.25,S089,3,5,P5928,Medium,2735.0,3227.3
U02317,TXN102317,North,2026-03-11,Electronics,3029.4,Refunded,Kolkata,58,Free,2026-03-11 03:20:00,user2317@example.com,user2317,504.9,S021,6,10,P1770,Urgent,561.0,661.98
U02318,TXN102318,East,2025-10-28,Fashion,8756.7,Pending,Bengaluru,42,Free,2025-10-28 17:57:00,user2318@example.com,user2318,2918.9,S059,3,15,P6632,High,3434.0,4052.12
U02319,TXN102319,South,2025-04-09,Books,467.1,Completed,Delhi,45,Premium,2025-04-09 17:38:00,user2319@example.com,user2319,155.7,S082,3,10,P9780,Urgent,173.0,204.14
U02320,TXN102320,West,2025-05-19,Sports,2256.0,Pending,Mumbai,30,Basic,2025-05-19 21:06:00,user2320@example.com,user2320,1128.0,S030,2,0,P5178,Medium,1128.0,1331.04
U02321,TXN102321,West,2025-02-14,Books,8126.0,Failed,Hyderabad,31,Premium,2025-02-14 18:48:00,user2321@example.com,user2321,812.6,S077,10,15,P9059,Urgent,956.0,1128.08
U02322,TXN102322,South,2026-02-19,Electronics,25718.0,Completed,Hyderabad,37,Premium,2026-02-19 00:07:00,user2322@example.com,user2322,2571.8,S021,10,30,P1611,High,3674.0,4335.32
U02323,TXN102323,South,2025-09-25,Fashion,26593.0,Refunded,Delhi,42,Premium,2025-09-25 11:49:00,user2323@example.com,user2323,2659.3,S032,10,30,P4329,Low,3799.0,4482.82
U02324,TXN102324,South,2026-04-06,Books,15836.8,Refunded,Mumbai,29,Free,2026-04-06 12:13:00,user2324@example.com,user2324,1979.6,S033,8,30,P6948,Low,2828.0,3337.04
U02325,TXN102325,East,2026-01-03,Electronics,20934.9,Completed,Chennai,60,Free,2026-01-03 03:10:00,user2325@example.com,user2325,2990.7,S070,7,10,P7797,Medium,3323.0,3921.14
U02326,TXN102326,South,2025-11-28,Fashion,4980.15,Pending,Kolkata,26,Basic,2025-11-28 17:35:00,user2326@example.com,user2326,711.45,S012,7,15,P2478,Medium,837.0,987.66
U02327,TXN102327,West,2026-04-08,Grocery,8869.2,Refunded,Kolkata,41,Premium,2026-04-08 08:51:00,user2327@example.com,user2327,1478.2,S032,6,5,P3184,Medium,1556.0,1836.08
U02328,TXN102328,East,2026-01-02,Books,2868.75,Completed,Jaipur,45,Free,2026-01-02 17:19:00,user2328@example.com,user2328,318.75,S080,9,15,P5924,Medium,375.0,442.5
U02329,TXN102329,North,2025-09-19,Electronics,20703.2,Completed,Kolkata,41,Free,2025-09-19 13:28:00,user2329@example.com,user2329,2587.9,S012,8,30,P4355,High,3697.0,4362.46
U02330,TXN102330,North,2026-02-05,Electronics,1628.9,Completed,Delhi,26,Premium,2026-02-05 20:45:00,user2330@example.com,user2330,1628.9,S080,1,30,P1451,Urgent,2327.0,2745.86
U02331,TXN102331,South,2025-03-13,Fashion,10080.0,Refunded,Delhi,50,Free,2025-03-13 07:10:00,user2331@example.com,user2331,3360.0,S001,3,0,P1288,Medium,3360.0,3964.8
U02332,TXN102332,East,2025-06-30,Books,10251.0,Failed,Hyderabad,44,Free,2025-06-30 20:21:00,user2332@example.com,user2332,3417.0,S048,3,0,P9777,Low,3417.0,4032.06
U02333,TXN102333,North,2025-11-23,Books,9810.0,Completed,Bengaluru,32,Premium,2025-11-23 10:07:00,user2333@example.com,user2333,1226.25,S094,8,25,P5138,Urgent,1635.0,1929.3
U02334,TXN102334,North,2025-12-28,Fashion,18492.0,Pending,Hyderabad,69,Basic,2025-12-28 10:10:00,user2334@example.com,user2334,3698.4,S080,5,20,P6057,Urgent,4623.0,5455.14
U02335,TXN102335,East,2025-02-15,Sports,2150.8,Completed,Kolkata,20,Basic,2025-02-15 04:43:00,user2335@example.com,user2335,537.7,S031,4,5,P7534,High,566.0,667.88
U02336,TXN102336,East,2025-09-05,Grocery,33209.5,Pending,Pune,54,Basic,2025-09-05 15:53:00,user2336@example.com,user2336,3320.95,S058,10,15,P7263,Low,3907.0,4610.26
U02337,TXN102337,North,2026-02-03,Sports,2799.0,Pending,Hyderabad,29,Basic,2026-02-03 01:55:00,user2337@example.com,user2337,1399.5,S068,2,25,P4705,Low,1866.0,2201.88
U02338,TXN102338,North,2025-01-15,Books,4752.0,Pending,Pune,54,Premium,2025-01-15 15:41:00,user2338@example.com,user2338,1188.0,S026,4,0,P3954,High,1188.0,1401.84
U02339,TXN102339,West,2025-09-22,Electronics,11240.0,Completed,Chennai,64,Premium,2025-09-22 19:58:00,user2339@example.com,user2339,1124.0,S045,10,20,P3281,Medium,1405.0,1657.9
U02340,TXN102340,North,2025-10-08,Electronics,3268.5,Pending,Kolkata,32,Free,2025-10-08 08:28:00,user2340@example.com,user2340,1634.25,S004,2,25,P6605,Medium,2179.0,2571.22
U02341,TXN102341,East,2026-02-28,Fashion,8484.0,Failed,Mumbai,44,Basic,2026-02-28 21:32:00,user2341@example.com,user2341,1060.5,S035,8,30,P3055,Urgent,1515.0,1787.7
U02342,TXN102342,North,2025-10-13,Fashion,28165.6,Pending,Pune,35,Premium,2025-10-13 04:49:00,user2342@example.com,user2342,3520.7,S034,8,5,P9991,Urgent,3706.0,4373.08
U02343,TXN102343,West,2026-04-27,Fashion,9448.0,Completed,Chennai,32,Free,2026-04-27 05:54:00,user2343@example.com,user2343,2362.0,S096,4,0,P7878,High,2362.0,2787.16
U02344,TXN102344,North,2026-02-05,Books,1692.9,Pending,Jaipur,37,Premium,2026-02-05 20:59:00,user2344@example.com,user2344,188.1,S039,9,10,P5983,High,209.0,246.62
U02345,TXN102345,West,2026-03-02,Fashion,5115.6,Refunded,Bengaluru,41,Premium,2026-03-02 08:02:00,user2345@example.com,user2345,730.8,S033,7,30,P1540,Medium,1044.0,1231.92
U02346,TXN102346,North,2026-02-05,Books,14288.5,Failed,Chennai,22,Basic,2026-02-05 08:50:00,user2346@example.com,user2346,2857.7,S016,5,15,P4102,Medium,3362.0,3967.16
U02347,TXN102347,East,2025-11-17,Books,31593.6,Failed,Jaipur,61,Free,2025-11-17 01:06:00,user2347@example.com,user2347,3949.2,S011,8,10,P9354,Medium,4388.0,5177.84
U02348,TXN102348,West,2026-04-03,Books,963.05,Pending,Bengaluru,59,Premium,2026-04-03 02:46:00,user2348@example.com,user2348,963.05,S009,1,15,P6069,High,1133.0,1336.94
U02349,TXN102349,North,2025-02-15,Grocery,19934.4,Pending,Pune,47,Free,2025-02-15 15:29:00,user2349@example.com,user2349,3322.4,S033,6,20,P9290,High,4153.0,4900.54
U02350,TXN102350,North,2025-03-28,Home,12649.5,Pending,Hyderabad,20,Basic,2025-03-28 01:45:00,user2350@example.com,user2350,2108.25,S025,6,25,P5378,High,2811.0,3316.98
U02351,TXN102351,West,2026-01-24,Electronics,3215.75,Failed,Pune,39,Premium,2026-01-24 19:38:00,user2351@example.com,user2351,3215.75,S099,1,5,P7152,High,3385.0,3994.3
U02352,TXN102352,North,2025-07-12,Sports,22209.6,Failed,Hyderabad,52,Free,2025-07-12 15:53:00,user2352@example.com,user2352,3701.6,S086,6,20,P1830,High,4627.0,5459.86
U02353,TXN102353,East,2026-01-14,Fashion,26446.5,Failed,Kolkata,58,Basic,2026-01-14 05:25:00,user2353@example.com,user2353,2938.5,S069,9,10,P7149,High,3265.0,3852.7
U02354,TXN102354,East,2025-05-13,Sports,8996.4,Pending,Jaipur,38,Premium,2025-05-13 09:56:00,user2354@example.com,user2354,1285.2,S013,7,10,P9449,Medium,1428.0,1685.04
U02355,TXN102355,South,2025-06-01,Home,23927.4,Completed,Chennai,32,Free,2025-06-01 01:35:00,user2355@example.com,user2355,2658.6,S092,9,10,P4570,Medium,2954.0,3485.72
U02356,TXN102356,North,2025-06-13,Sports,12969.6,Refunded,Jaipur,60,Premium,2025-06-13 14:16:00,user2356@example.com,user2356,2161.6,S048,6,20,P3799,Low,2702.0,3188.36
U02357,TXN102357,East,2025-05-02,Home,2151.0,Failed,Delhi,42,Premium,2025-05-02 11:40:00,user2357@example.com,user2357,358.5,S090,6,25,P7975,High,478.0,564.04
U02358,TXN102358,West,2025-11-14,Home,2349.0,Failed,Hyderabad,26,Premium,2025-11-14 11:17:00,user2358@example.com,user2358,391.5,S090,6,25,P4173,Urgent,522.0,615.96
U02359,TXN102359,North,2025-09-24,Fashion,9024.75,Failed,Delhi,42,Basic,2025-09-24 05:23:00,user2359@example.com,user2359,1289.25,S049,7,25,P7437,High,1719.0,2028.42
U02360,TXN102360,West,2025-08-09,Electronics,11486.4,Failed,Kolkata,68,Premium,2025-08-09 01:47:00,user2360@example.com,user2360,3828.8,S074,3,20,P5318,Low,4786.0,5647.48
U02361,TXN102361,North,2026-04-04,Electronics,18598.5,Completed,Chennai,52,Free,2026-04-04 02:52:00,user2361@example.com,user2361,3099.75,S038,6,25,P6041,Low,4133.0,4876.94
U02362,TXN102362,East,2025-02-07,Books,1939.2,Pending,Kolkata,24,Basic,2025-02-07 16:50:00,user2362@example.com,user2362,1939.2,S014,1,20,P5520,Urgent,2424.0,2860.32
U02363,TXN102363,North,2026-03-09,Fashion,2863.0,Completed,Delhi,25,Premium,2026-03-09 01:21:00,user2363@example.com,user2363,2863.0,S054,1,30,P8645,High,4090.0,4826.2
U02364,TXN102364,North,2026-04-15,Books,6946.2,Failed,Bengaluru,49,Basic,2026-04-15 07:52:00,user2364@example.com,user2364,1157.7,S080,6,15,P3355,Low,1362.0,1607.16
U02365,TXN102365,East,2026-04-03,Home,33218.0,Refunded,Delhi,39,Free,2026-04-03 14:10:00,user2365@example.com,user2365,4152.25,S017,8,15,P8970,Low,4885.0,5764.3
U02366,TXN102366,South,2025-10-13,Grocery,2653.0,Pending,Chennai,24,Premium,2025-10-13 16:13:00,user2366@example.com,user2366,265.3,S095,10,30,P5862,Urgent,379.0,447.22
U02367,TXN102367,West,2025-05-28,Electronics,2928.8,Pending,Pune,38,Free,2025-05-28 08:14:00,user2367@example.com,user2367,366.1,S017,8,30,P4386,Low,523.0,617.14
U02368,TXN102368,North,2025-09-22,Electronics,5545.4,Failed,Pune,19,Free,2025-09-22 01:47:00,user2368@example.com,user2368,2772.7,S028,2,30,P1157,High,3961.0,4673.98
U02369,TXN102369,West,2025-02-19,Home,1643.5,Failed,Mumbai,60,Basic,2025-02-19 01:05:00,user2369@example.com,user2369,328.7,S050,5,5,P8178,High,346.0,408.28
U02370,TXN102370,South,2025-09-29,Sports,44766.0,Completed,Chennai,49,Basic,2025-09-29 16:51:00,user2370@example.com,user2370,4476.6,S040,10,10,P6388,Urgent,4974.0,5869.32
U02371,TXN102371,North,2025-02-22,Electronics,1907.6,Refunded,Kolkata,55,Basic,2025-02-22 02:37:00,user2371@example.com,user2371,953.8,S080,2,5,P2333,High,1004.0,1184.72
U02372,TXN102372,North,2025-03-15,Fashion,769.25,Pending,Jaipur,51,Free,2025-03-15 20:41:00,user2372@example.com,user2372,153.85,S031,5,15,P9101,Medium,181.0,213.58
U02373,TXN102373,North,2026-03-27,Grocery,5130.0,Pending,Jaipur,37,Basic,2026-03-27 22:09:00,user2373@example.com,user2373,1282.5,S026,4,5,P7471,Low,1350.0,1593.0
U02374,TXN102374,East,2025-09-28,Sports,39304.0,Pending,Hyderabad,28,Premium,2025-09-28 05:29:00,user2374@example.com,user2374,3930.4,S080,10,20,P7298,High,4913.0,5797.34
U02375,TXN102375,East,2025-05-06,Electronics,12985.0,Refunded,Jaipur,52,Free,2025-05-06 05:39:00,user2375@example.com,user2375,2597.0,S063,5,0,P9438,Low,2597.0,3064.46
U02376,TXN102376,East,2026-04-22,Grocery,21774.0,Refunded,Delhi,19,Premium,2026-04-22 17:40:00,user2376@example.com,user2376,2721.75,S038,8,25,P2982,Low,3629.0,4282.22
U02377,TXN102377,South,2025-09-06,Sports,404.6,Pending,Jaipur,40,Free,2025-09-06 03:41:00,user2377@example.com,user2377,404.6,S100,1,30,P1649,Low,578.0,682.04
U02378,TXN102378,East,2026-01-31,Fashion,9809.1,Pending,Pune,55,Premium,2026-01-31 11:01:00,user2378@example.com,user2378,1401.3,S022,7,10,P4143,Medium,1557.0,1837.26
U02379,TXN102379,North,2025-05-19,Grocery,9783.0,Refunded,Pune,34,Premium,2025-05-19 07:47:00,user2379@example.com,user2379,1956.6,S029,5,10,P2843,Low,2174.0,2565.32
U02380,TXN102380,South,2025-06-14,Home,8025.5,Refunded,Hyderabad,41,Free,2025-06-14 13:27:00,user2380@example.com,user2380,1605.1,S082,5,30,P2405,Medium,2293.0,2705.74
U02381,TXN102381,North,2025-09-23,Books,22320.0,Refunded,Hyderabad,28,Premium,2025-09-23 18:16:00,user2381@example.com,user2381,4464.0,S099,5,10,P1465,Urgent,4960.0,5852.8
U02382,TXN102382,North,2025-03-30,Home,1786.95,Pending,Bengaluru,45,Premium,2025-03-30 14:10:00,user2382@example.com,user2382,198.55,S098,9,5,P7099,Medium,209.0,246.62
U02383,TXN102383,West,2025-02-09,Sports,1849.4,Pending,Mumbai,37,Free,2025-02-09 09:00:00,user2383@example.com,user2383,924.7,S055,2,30,P6916,High,1321.0,1558.78
U02384,TXN102384,South,2025-10-18,Grocery,909.0,Failed,Kolkata,43,Basic,2025-10-18 17:34:00,user2384@example.com,user2384,909.0,S039,1,10,P1978,Low,1010.0,1191.8
U02385,TXN102385,North,2025-01-03,Sports,3360.0,Pending,Pune,64,Free,2025-01-03 20:23:00,user2385@example.com,user2385,672.0,S051,5,30,P7553,Low,960.0,1132.8
U02386,TXN102386,West,2026-02-07,Home,2128.0,Refunded,Bengaluru,60,Free,2026-02-07 18:35:00,user2386@example.com,user2386,532.0,S045,4,30,P3738,High,760.0,896.8
U02387,TXN102387,East,2025-07-05,Sports,2002.5,Pending,Kolkata,70,Free,2025-07-05 07:48:00,user2387@example.com,user2387,667.5,S029,3,25,P9794,Urgent,890.0,1050.2
U02388,TXN102388,East,2025-07-10,Fashion,1048.8,Failed,Pune,22,Basic,2025-07-10 01:30:00,user2388@example.com,user2388,1048.8,S074,1,20,P4632,Urgent,1311.0,1546.98
U02389,TXN102389,East,2025-06-11,Sports,10057.6,Pending,Kolkata,48,Free,2025-06-11 22:06:00,user2389@example.com,user2389,2514.4,S063,4,20,P5393,Low,3143.0,3708.74
U02390,TXN102390,South,2025-10-16,Sports,3644.8,Refunded,Kolkata,63,Free,2025-10-16 15:51:00,user2390@example.com,user2390,911.2,S039,4,20,P3934,Medium,1139.0,1344.02
U02391,TXN102391,East,2025-10-21,Fashion,16072.0,Refunded,Chennai,36,Premium,2025-10-21 10:42:00,user2391@example.com,user2391,3214.4,S056,5,20,P7795,High,4018.0,4741.24
U02392,TXN102392,East,2026-01-02,Grocery,12940.8,Completed,Pune,64,Basic,2026-01-02 09:12:00,user2392@example.com,user2392,3235.2,S082,4,20,P1921,Urgent,4044.0,4771.92
U02393,TXN102393,West,2026-02-21,Home,13452.0,Refunded,Mumbai,53,Free,2026-02-21 09:03:00,user2393@example.com,user2393,2242.0,S100,6,5,P9710,Low,2360.0,2784.8
U02394,TXN102394,East,2025-10-24,Grocery,3978.0,Refunded,Hyderabad,29,Premium,2025-10-24 22:12:00,user2394@example.com,user2394,3978.0,S056,1,15,P7291,Medium,4680.0,5522.4
U02395,TXN102395,North,2026-03-24,Books,4183.2,Pending,Bengaluru,61,Free,2026-03-24 22:48:00,user2395@example.com,user2395,697.2,S039,6,30,P4316,High,996.0,1175.28
U02396,TXN102396,East,2026-01-18,Fashion,39364.2,Pending,Mumbai,30,Premium,2026-01-18 03:29:00,user2396@example.com,user2396,4373.8,S034,9,5,P3429,Urgent,4604.0,5432.72
U02397,TXN102397,West,2025-06-19,Grocery,25012.5,Failed,Bengaluru,39,Free,2025-06-19 14:33:00,user2397@example.com,user2397,2501.25,S052,10,25,P7209,Urgent,3335.0,3935.3
U02398,TXN102398,North,2026-01-16,Electronics,12961.2,Refunded,Chennai,53,Premium,2026-01-16 21:21:00,user2398@example.com,user2398,3240.3,S033,4,30,P8664,Medium,4629.0,5462.22
U02399,TXN102399,South,2025-05-02,Home,19611.2,Completed,Pune,27,Premium,2025-05-02 04:52:00,user2399@example.com,user2399,2801.6,S043,7,15,P7661,Urgent,3296.0,3889.28
U02400,TXN102400,West,2025-04-05,Home,8709.0,Pending,Mumbai,18,Free,2025-04-05 13:39:00,user2400@example.com,user2400,2177.25,S005,4,25,P6839,High,2903.0,3425.54
U02401,TXN102401,South,2025-05-20,Sports,34342.0,Completed,Pune,52,Free,2025-05-20 11:26:00,user2401@example.com,user2401,3434.2,S096,10,30,P2538,Urgent,4906.0,5789.08
U02402,TXN102402,South,2026-02-02,Books,1600.2,Pending,Delhi,65,Premium,2026-02-02 04:12:00,user2402@example.com,user2402,533.4,S100,3,30,P2939,Medium,762.0,899.16
U02403,TXN102403,South,2025-01-04,Electronics,36498.6,Pending,Kolkata,36,Basic,2025-01-04 05:26:00,user2403@example.com,user2403,4055.4,S023,9,10,P9973,Low,4506.0,5317.08
U02404,TXN102404,North,2026-01-14,Home,13958.35,Failed,Chennai,34,Premium,2026-01-14 15:06:00,user2404@example.com,user2404,1994.05,S073,7,5,P3423,High,2099.0,2476.82
U02405,TXN102405,North,2025-07-26,Grocery,5696.2,Completed,Chennai,36,Premium,2025-07-26 17:24:00,user2405@example.com,user2405,2848.1,S081,2,5,P7859,Urgent,2998.0,3537.64
U02406,TXN102406,North,2025-07-11,Home,10557.0,Pending,Bengaluru,62,Free,2025-07-11 00:53:00,user2406@example.com,user2406,2639.25,S025,4,25,P1585,Low,3519.0,4152.42
U02407,TXN102407,East,2025-09-20,Grocery,9665.6,Failed,Chennai,35,Free,2025-09-20 22:06:00,user2407@example.com,user2407,1380.8,S052,7,20,P4347,High,1726.0,2036.68
U02408,TXN102408,South,2025-11-16,Home,20306.5,Failed,Pune,48,Basic,2025-11-16 08:42:00,user2408@example.com,user2408,4061.3,S009,5,15,P7434,High,4778.0,5638.04
U02409,TXN102409,East,2025-09-29,Home,2577.75,Pending,Jaipur,34,Free,2025-09-29 20:47:00,user2409@example.com,user2409,2577.75,S004,1,25,P7928,Urgent,3437.0,4055.66
U02410,TXN102410,East,2026-02-21,Electronics,14769.6,Completed,Kolkata,21,Premium,2026-02-21 17:06:00,user2410@example.com,user2410,3692.4,S012,4,15,P9949,Medium,4344.0,5125.92
U02411,TXN102411,South,2025-06-11,Grocery,3849.6,Refunded,Hyderabad,63,Free,2025-06-11 09:27:00,user2411@example.com,user2411,641.6,S058,6,20,P8382,Low,802.0,946.36
U02412,TXN102412,North,2026-04-27,Books,13417.25,Refunded,Chennai,59,Basic,2026-04-27 07:58:00,user2412@example.com,user2412,2683.45,S054,5,15,P3110,Medium,3157.0,3725.26
U02413,TXN102413,East,2026-03-09,Electronics,18270.0,Pending,Kolkata,46,Free,2026-03-09 22:51:00,user2413@example.com,user2413,3654.0,S001,5,0,P5874,Low,3654.0,4311.72
U02414,TXN102414,South,2025-05-29,Fashion,25298.0,Pending,Pune,58,Premium,2025-05-29 05:09:00,user2414@example.com,user2414,3614.0,S056,7,0,P6628,Medium,3614.0,4264.52
U02415,TXN102415,North,2025-02-25,Grocery,4384.0,Completed,Jaipur,52,Free,2025-02-25 05:19:00,user2415@example.com,user2415,548.0,S091,8,0,P9234,High,548.0,646.64
U02416,TXN102416,West,2025-08-04,Electronics,1559.9,Refunded,Kolkata,31,Premium,2025-08-04 12:07:00,user2416@example.com,user2416,1559.9,S095,1,5,P3315,Urgent,1642.0,1937.56
U02417,TXN102417,East,2026-01-05,Sports,23149.8,Refunded,Pune,56,Basic,2026-01-05 09:40:00,user2417@example.com,user2417,3858.3,S082,6,10,P5770,Urgent,4287.0,5058.66
U02418,TXN102418,South,2025-09-23,Home,18484.0,Completed,Kolkata,65,Basic,2025-09-23 21:20:00,user2418@example.com,user2418,4621.0,S071,4,0,P9437,Low,4621.0,5452.78
U02419,TXN102419,South,2025-05-13,Books,693.5,Completed,Delhi,37,Free,2025-05-13 10:54:00,user2419@example.com,user2419,138.7,S050,5,5,P8920,Low,146.0,172.28
U02420,TXN102420,South,2026-04-21,Sports,5899.0,Refunded,Jaipur,63,Free,2026-04-21 11:00:00,user2420@example.com,user2420,1474.75,S030,4,15,P4637,Low,1735.0,2047.3
U02421,TXN102421,West,2025-03-27,Books,8977.5,Refunded,Kolkata,21,Basic,2025-03-27 16:37:00,user2421@example.com,user2421,997.5,S072,9,30,P7830,High,1425.0,1681.5
U02422,TXN102422,West,2025-02-11,Grocery,19683.0,Refunded,Pune,37,Free,2025-02-11 23:31:00,user2422@example.com,user2422,2187.0,S042,9,25,P9047,High,2916.0,3440.88
U02423,TXN102423,North,2025-04-28,Grocery,14062.4,Pending,Pune,42,Basic,2025-04-28 03:23:00,user2423@example.com,user2423,1757.8,S099,8,15,P7359,Medium,2068.0,2440.24
U02424,TXN102424,South,2025-09-24,Home,9270.0,Completed,Kolkata,50,Premium,2025-09-24 16:22:00,user2424@example.com,user2424,3090.0,S090,3,0,P1747,Urgent,3090.0,3646.2
U02425,TXN102425,South,2025-07-26,Electronics,15624.0,Completed,Pune,29,Free,2025-07-26 07:33:00,user2425@example.com,user2425,2232.0,S013,7,25,P1261,Medium,2976.0,3511.68
U02426,TXN102426,West,2025-11-11,Grocery,3544.8,Pending,Mumbai,36,Free,2025-11-11 18:08:00,user2426@example.com,user2426,1181.6,S031,3,20,P2529,High,1477.0,1742.86
U02427,TXN102427,East,2025-10-28,Books,30977.1,Failed,Bengaluru,25,Premium,2025-10-28 22:39:00,user2427@example.com,user2427,4425.3,S069,7,10,P4917,Urgent,4917.0,5802.06
U02428,TXN102428,South,2025-02-07,Electronics,1236.0,Failed,Delhi,48,Premium,2025-02-07 19:31:00,user2428@example.com,user2428,309.0,S072,4,0,P1834,Low,309.0,364.62
U02429,TXN102429,South,2025-08-10,Fashion,4076.8,Refunded,Bengaluru,68,Free,2025-08-10 16:29:00,user2429@example.com,user2429,1019.2,S056,4,20,P7234,Low,1274.0,1503.32
U02430,TXN102430,South,2025-10-09,Home,3185.0,Pending,Pune,20,Premium,2025-10-09 22:47:00,user2430@example.com,user2430,318.5,S011,10,30,P8844,Medium,455.0,536.9
U02431,TXN102431,West,2025-10-11,Electronics,9569.7,Completed,Chennai,23,Basic,2025-10-11 16:52:00,user2431@example.com,user2431,1367.1,S057,7,10,P2270,High,1519.0,1792.42
U02432,TXN102432,East,2025-11-24,Sports,23693.6,Refunded,Delhi,19,Premium,2025-11-24 02:30:00,user2432@example.com,user2432,2961.7,S087,8,30,P1748,Low,4231.0,4992.58
U02433,TXN102433,North,2025-03-01,Grocery,6405.6,Failed,Jaipur,39,Premium,2025-03-01 05:22:00,user2433@example.com,user2433,800.7,S050,8,15,P2638,Medium,942.0,1111.56
U02434,TXN102434,West,2025-07-26,Sports,29640.0,Refunded,Kolkata,43,Basic,2025-07-26 21:58:00,user2434@example.com,user2434,4940.0,S015,6,0,P5571,Low,4940.0,5829.2
U02435,TXN102435,South,2025-02-19,Electronics,7824.6,Failed,Mumbai,38,Premium,2025-02-19 15:43:00,user2435@example.com,user2435,2608.2,S072,3,10,P1856,Medium,2898.0,3419.64
U02436,TXN102436,South,2026-04-02,Electronics,29721.6,Completed,Hyderabad,57,Free,2026-04-02 23:10:00,user2436@example.com,user2436,3715.2,S097,8,10,P4469,Urgent,4128.0,4871.04
U02437,TXN102437,West,2026-04-27,Electronics,4447.2,Completed,Mumbai,50,Premium,2026-04-27 21:19:00,user2437@example.com,user2437,555.9,S042,8,15,P5395,Low,654.0,771.72
U02438,TXN102438,West,2025-03-28,Grocery,2126.25,Pending,Delhi,24,Basic,2025-03-28 01:40:00,user2438@example.com,user2438,303.75,S080,7,25,P9093,Urgent,405.0,477.9
U02439,TXN102439,North,2025-02-13,Electronics,4953.9,Completed,Jaipur,25,Premium,2025-02-13 18:13:00,user2439@example.com,user2439,1651.3,S005,3,30,P4407,Urgent,2359.0,2783.62
U02440,TXN102440,West,2025-11-01,Fashion,2587.8,Refunded,Delhi,21,Free,2025-11-01 08:33:00,user2440@example.com,user2440,646.95,S088,4,5,P2481,Low,681.0,803.58
U02441,TXN102441,North,2025-08-18,Home,24357.6,Failed,Bengaluru,52,Premium,2025-08-18 04:20:00,user2441@example.com,user2441,2706.4,S017,9,20,P5158,Urgent,3383.0,3991.94
U02442,TXN102442,East,2025-01-13,Sports,17952.0,Pending,Bengaluru,22,Free,2025-01-13 07:26:00,user2442@example.com,user2442,2244.0,S100,8,0,P6965,Medium,2244.0,2647.92
U02443,TXN102443,East,2025-05-08,Grocery,5384.4,Refunded,Mumbai,51,Premium,2025-05-08 13:43:00,user2443@example.com,user2443,1346.1,S008,4,30,P5363,Urgent,1923.0,2269.14
U02444,TXN102444,South,2025-10-07,Sports,2538.0,Failed,Chennai,43,Premium,2025-10-07 06:02:00,user2444@example.com,user2444,282.0,S012,9,0,P3960,Urgent,282.0,332.76
U02445,TXN102445,South,2025-02-24,Home,8324.0,Pending,Hyderabad,23,Premium,2025-02-24 04:12:00,user2445@example.com,user2445,2081.0,S043,4,0,P3966,Urgent,2081.0,2455.58
U02446,TXN102446,North,2025-12-24,Fashion,7749.0,Failed,Chennai,67,Basic,2025-12-24 11:35:00,user2446@example.com,user2446,1937.25,S047,4,25,P4576,High,2583.0,3047.94
U02447,TXN102447,West,2025-03-30,Fashion,16556.4,Refunded,Kolkata,61,Basic,2025-03-30 18:15:00,user2447@example.com,user2447,2759.4,S041,6,30,P2984,Medium,3942.0,4651.56
U02448,TXN102448,West,2025-08-03,Grocery,14966.0,Refunded,Bengaluru,62,Basic,2025-08-03 05:45:00,user2448@example.com,user2448,2138.0,S037,7,0,P9435,Low,2138.0,2522.84
U02449,TXN102449,West,2025-06-20,Grocery,6823.8,Pending,Jaipur,61,Premium,2025-06-20 12:15:00,user2449@example.com,user2449,3411.9,S093,2,10,P7912,Medium,3791.0,4473.38
U02450,TXN102450,East,2026-03-24,Books,224.0,Refunded,Bengaluru,59,Basic,2026-03-24 03:36:00,user2450@example.com,user2450,224.0,S045,1,30,P7708,Medium,320.0,377.6
U02451,TXN102451,South,2026-01-07,Electronics,11628.0,Refunded,Bengaluru,67,Basic,2026-01-07 00:55:00,user2451@example.com,user2451,2907.0,S030,4,25,P4859,Low,3876.0,4573.68
U02452,TXN102452,West,2026-01-12,Electronics,16604.0,Completed,Delhi,63,Free,2026-01-12 20:47:00,user2452@example.com,user2452,3320.8,S039,5,20,P9323,High,4151.0,4898.18
U02453,TXN102453,East,2025-01-31,Books,30158.1,Completed,Pune,58,Free,2025-01-31 07:40:00,user2453@example.com,user2453,3350.9,S082,9,30,P2955,Medium,4787.0,5648.66
U02454,TXN102454,South,2025-01-20,Electronics,4833.0,Pending,Chennai,23,Free,2025-01-20 14:05:00,user2454@example.com,user2454,1611.0,S096,3,25,P4322,High,2148.0,2534.64
U02455,TXN102455,South,2025-04-02,Sports,7986.6,Completed,Jaipur,58,Premium,2025-04-02 09:20:00,user2455@example.com,user2455,2662.2,S096,3,10,P2566,Medium,2958.0,3490.44
U02456,TXN102456,West,2026-04-14,Grocery,6370.0,Completed,Jaipur,43,Free,2026-04-14 16:25:00,user2456@example.com,user2456,3185.0,S071,2,30,P7800,Low,4550.0,5369.0
U02457,TXN102457,West,2025-11-22,Home,20330.1,Refunded,Kolkata,35,Premium,2025-11-22 07:44:00,user2457@example.com,user2457,2904.3,S069,7,30,P1206,High,4149.0,4895.82
U02458,TXN102458,South,2025-08-02,Sports,5518.2,Failed,Delhi,58,Free,2025-08-02 07:02:00,user2458@example.com,user2458,1379.55,S086,4,15,P1408,Medium,1623.0,1915.14
U02459,TXN102459,North,2025-05-04,Fashion,18985.75,Failed,Delhi,66,Premium,2025-05-04 18:59:00,user2459@example.com,user2459,2712.25,S021,7,5,P3473,Low,2855.0,3368.9
U02460,TXN102460,West,2026-02-14,Fashion,21520.8,Completed,Hyderabad,48,Premium,2026-02-14 04:21:00,user2460@example.com,user2460,2391.2,S007,9,30,P2754,Medium,3416.0,4030.88
U02461,TXN102461,East,2025-09-02,Grocery,31448.0,Refunded,Pune,39,Free,2025-09-02 00:48:00,user2461@example.com,user2461,3931.0,S076,8,0,P5852,Medium,3931.0,4638.58
U02462,TXN102462,North,2025-04-27,Home,5203.2,Failed,Hyderabad,44,Free,2025-04-27 22:04:00,user2462@example.com,user2462,867.2,S031,6,20,P9713,High,1084.0,1279.12
U02463,TXN102463,East,2025-11-09,Sports,15534.6,Failed,Mumbai,56,Free,2025-11-09 00:50:00,user2463@example.com,user2463,3883.65,S010,4,15,P7801,Low,4569.0,5391.42
U02464,TXN102464,North,2025-03-09,Books,3223.35,Failed,Chennai,67,Free,2025-03-09 10:13:00,user2464@example.com,user2464,1074.45,S096,3,5,P3240,High,1131.0,1334.58
U02465,TXN102465,South,2026-01-12,Home,834.3,Refunded,Bengaluru,36,Premium,2026-01-12 11:34:00,user2465@example.com,user2465,92.7,S080,9,10,P8748,High,103.0,121.54
U02466,TXN102466,South,2025-08-27,Sports,6849.3,Failed,Pune,42,Free,2025-08-27 06:00:00,user2466@example.com,user2466,3424.65,S017,2,15,P8740,Medium,4029.0,4754.22
U02467,TXN102467,South,2025-08-28,Sports,24770.7,Pending,Jaipur,29,Basic,2025-08-28 12:27:00,user2467@example.com,user2467,4128.45,S074,6,15,P8849,Medium,4857.0,5731.26
U02468,TXN102468,West,2025-09-21,Electronics,7267.5,Completed,Hyderabad,47,Premium,2025-09-21 01:37:00,user2468@example.com,user2468,2422.5,S050,3,15,P1647,Medium,2850.0,3363.0
U02469,TXN102469,East,2025-07-17,Fashion,29367.0,Failed,Chennai,22,Basic,2025-07-17 11:54:00,user2469@example.com,user2469,2936.7,S051,10,10,P6990,Urgent,3263.0,3850.34
U02470,TXN102470,North,2025-06-11,Sports,7191.0,Refunded,Delhi,27,Basic,2025-06-11 01:41:00,user2470@example.com,user2470,1198.5,S038,6,15,P4262,Medium,1410.0,1663.8
U02471,TXN102471,South,2025-08-11,Books,32424.0,Refunded,Jaipur,32,Free,2025-08-11 09:25:00,user2471@example.com,user2471,3242.4,S056,10,20,P8273,Urgent,4053.0,4782.54
U02472,TXN102472,South,2025-02-08,Home,18708.2,Refunded,Hyderabad,51,Premium,2025-02-08 17:33:00,user2472@example.com,user2472,2672.6,S093,7,30,P1522,Medium,3818.0,4505.24
U02473,TXN102473,North,2025-01-19,Electronics,8113.5,Failed,Delhi,46,Premium,2025-01-19 23:50:00,user2473@example.com,user2473,2704.5,S002,3,25,P5719,High,3606.0,4255.08
U02474,TXN102474,North,2025-07-20,Electronics,6110.4,Failed,Pune,20,Free,2025-07-20 06:24:00,user2474@example.com,user2474,3055.2,S085,2,5,P5867,High,3216.0,3794.88
U02475,TXN102475,South,2026-02-05,Books,12535.0,Pending,Mumbai,40,Basic,2026-02-05 10:59:00,user2475@example.com,user2475,2507.0,S045,5,0,P3621,Urgent,2507.0,2958.26
U02476,TXN102476,East,2025-10-16,Electronics,11821.8,Completed,Mumbai,58,Free,2025-10-16 03:37:00,user2476@example.com,user2476,3940.6,S057,3,15,P9152,Urgent,4636.0,5470.48
U02477,TXN102477,North,2026-01-04,Sports,13734.4,Refunded,Hyderabad,66,Free,2026-01-04 08:54:00,user2477@example.com,user2477,1716.8,S003,8,20,P1836,High,2146.0,2532.28
U02478,TXN102478,South,2025-10-17,Home,8749.5,Failed,Mumbai,46,Premium,2025-10-17 17:22:00,user2478@example.com,user2478,1458.25,S034,6,5,P6265,Low,1535.0,1811.3
U02479,TXN102479,South,2025-12-02,Books,34625.6,Failed,Mumbai,65,Premium,2025-12-02 09:33:00,user2479@example.com,user2479,4328.2,S075,8,5,P4116,High,4556.0,5376.08
U02480,TXN102480,South,2025-01-04,Grocery,11241.6,Failed,Jaipur,68,Premium,2025-01-04 22:59:00,user2480@example.com,user2480,3747.2,S044,3,20,P3817,Low,4684.0,5527.12
U02481,TXN102481,North,2026-01-06,Books,11788.2,Refunded,Delhi,47,Basic,2026-01-06 21:45:00,user2481@example.com,user2481,1964.7,S022,6,10,P8631,Urgent,2183.0,2575.94
U02482,TXN102482,West,2025-10-13,Electronics,17252.0,Failed,Pune,23,Basic,2025-10-13 05:03:00,user2482@example.com,user2482,3450.4,S034,5,5,P9324,Urgent,3632.0,4285.76
U02483,TXN102483,South,2025-02-22,Sports,28211.4,Pending,Mumbai,60,Premium,2025-02-22 09:51:00,user2483@example.com,user2483,4030.2,S007,7,10,P1424,Low,4478.0,5284.04
U02484,TXN102484,East,2025-09-14,Electronics,5202.0,Failed,Chennai,65,Basic,2025-09-14 00:06:00,user2484@example.com,user2484,650.25,S066,8,25,P8308,Medium,867.0,1023.06
U02485,TXN102485,South,2025-11-10,Fashion,14505.0,Refunded,Chennai,63,Free,2025-11-10 17:24:00,user2485@example.com,user2485,2901.0,S070,5,25,P9860,High,3868.0,4564.24
U02486,TXN102486,West,2025-03-04,Fashion,22777.2,Refunded,Pune,54,Premium,2025-03-04 03:22:00,user2486@example.com,user2486,3796.2,S056,6,10,P2071,Urgent,4218.0,4977.24
U02487,TXN102487,West,2025-10-21,Grocery,6536.0,Refunded,Bengaluru,53,Premium,2025-10-21 20:36:00,user2487@example.com,user2487,653.6,S051,10,5,P7822,Medium,688.0,811.84
U02488,TXN102488,South,2025-07-16,Home,980.4,Refunded,Pune,66,Basic,2025-07-16 13:04:00,user2488@example.com,user2488,980.4,S050,1,5,P3740,High,1032.0,1217.76
U02489,TXN102489,West,2025-07-02,Sports,26397.6,Pending,Pune,68,Premium,2025-07-02 21:13:00,user2489@example.com,user2489,3299.7,S051,8,15,P5324,Medium,3882.0,4580.76
U02490,TXN102490,West,2026-01-25,Fashion,12846.05,Refunded,Hyderabad,18,Premium,2026-01-25 04:38:00,user2490@example.com,user2490,1835.15,S044,7,15,P8403,Urgent,2159.0,2547.62
U02491,TXN102491,West,2025-06-27,Fashion,24538.5,Refunded,Jaipur,45,Premium,2025-06-27 02:30:00,user2491@example.com,user2491,3505.5,S088,7,5,P3289,Medium,3690.0,4354.2
U02492,TXN102492,North,2025-09-09,Grocery,20940.8,Completed,Pune,41,Basic,2025-09-09 07:56:00,user2492@example.com,user2492,2617.6,S032,8,20,P2160,High,3272.0,3860.96
U02493,TXN102493,West,2025-10-07,Grocery,19437.0,Failed,Pune,29,Free,2025-10-07 01:40:00,user2493@example.com,user2493,3239.5,S022,6,5,P1428,Medium,3410.0,4023.8
U02494,TXN102494,North,2025-10-19,Grocery,37813.95,Refunded,Chennai,38,Premium,2025-10-19 15:16:00,user2494@example.com,user2494,4201.55,S036,9,15,P9647,Low,4943.0,5832.74
U02495,TXN102495,North,2025-01-09,Grocery,17808.0,Refunded,Jaipur,40,Basic,2025-01-09 00:50:00,user2495@example.com,user2495,2968.0,S013,6,20,P3359,Urgent,3710.0,4377.8
U02496,TXN102496,West,2025-11-01,Grocery,14823.9,Completed,Bengaluru,25,Basic,2025-11-01 05:49:00,user2496@example.com,user2496,1647.1,S036,9,30,P5003,Medium,2353.0,2776.54
U02497,TXN102497,South,2025-03-23,Books,26925.75,Completed,Kolkata,24,Free,2025-03-23 07:55:00,user2497@example.com,user2497,2991.75,S020,9,25,P9079,Medium,3989.0,4707.02
U02498,TXN102498,West,2025-04-06,Grocery,2660.0,Refunded,Jaipur,60,Basic,2025-04-06 10:19:00,user2498@example.com,user2498,1330.0,S099,2,5,P5657,Urgent,1400.0,1652.0
U02499,TXN102499,North,2025-03-09,Grocery,26767.2,Failed,Jaipur,27,Free,2025-03-09 17:33:00,user2499@example.com,user2499,4461.2,S065,6,5,P5609,Urgent,4696.0,5541.28
U02500,TXN102500,South,2025-11-24,Fashion,6268.5,Pending,Kolkata,47,Premium,2025-11-24 22:49:00,user2500@example.com,user2500,1253.7,S055,5,30,P6711,Urgent,1791.0,2113.38
U02501,TXN102501,East,2026-05-01,Books,1823.25,Pending,Delhi,67,Basic,2026-05-01 06:24:00,user2501@example.com,user2501,1823.25,S085,1,15,P4107,High,2145.0,2531.1
U02502,TXN102502,East,2025-06-19,Home,6768.0,Refunded,Chennai,49,Free,2025-06-19 22:19:00,user2502@example.com,user2502,3384.0,S019,2,25,P8077,Medium,4512.0,5324.16
U02503,TXN102503,East,2026-02-18,Books,9469.6,Completed,Jaipur,29,Premium,2026-02-18 00:18:00,user2503@example.com,user2503,1183.7,S063,8,5,P2867,High,1246.0,1470.28
U02504,TXN102504,South,2026-03-12,Fashion,10234.0,Refunded,Hyderabad,19,Premium,2026-03-12 19:45:00,user2504@example.com,user2504,2046.8,S044,5,15,P7873,High,2408.0,2841.44
U02505,TXN102505,West,2026-03-07,Sports,18576.0,Pending,Bengaluru,55,Basic,2026-03-07 01:30:00,user2505@example.com,user2505,2064.0,S082,9,0,P8132,High,2064.0,2435.52
U02506,TXN102506,East,2025-11-21,Electronics,34160.0,Refunded,Delhi,22,Free,2025-11-21 16:50:00,user2506@example.com,user2506,3416.0,S034,10,30,P2673,Medium,4880.0,5758.4
U02507,TXN102507,East,2025-03-20,Sports,3000.0,Refunded,Pune,69,Free,2025-03-20 18:48:00,user2507@example.com,user2507,750.0,S011,4,25,P1414,High,1000.0,1180.0
U02508,TXN102508,South,2025-05-11,Home,20010.0,Completed,Bengaluru,36,Premium,2025-05-11 15:53:00,user2508@example.com,user2508,2001.0,S050,10,25,P5686,Urgent,2668.0,3148.24
U02509,TXN102509,West,2025-06-03,Home,5642.3,Completed,Jaipur,67,Free,2025-06-03 11:51:00,user2509@example.com,user2509,2821.15,S047,2,15,P8772,Low,3319.0,3916.42
U02510,TXN102510,North,2026-04-03,Sports,12858.75,Completed,Chennai,45,Basic,2026-04-03 07:43:00,user2510@example.com,user2510,1428.75,S084,9,25,P8911,Medium,1905.0,2247.9
U02511,TXN102511,West,2026-01-04,Books,2660.0,Failed,Kolkata,63,Basic,2026-01-04 21:24:00,user2511@example.com,user2511,1330.0,S067,2,30,P5203,High,1900.0,2242.0
U02512,TXN102512,West,2025-04-15,Home,1170.0,Refunded,Bengaluru,35,Premium,2025-04-15 22:47:00,user2512@example.com,user2512,234.0,S011,5,25,P5613,Low,312.0,368.16
U02513,TXN102513,East,2025-05-15,Grocery,14616.0,Pending,Delhi,34,Free,2025-05-15 12:45:00,user2513@example.com,user2513,3654.0,S035,4,10,P9255,High,4060.0,4790.8
U02514,TXN102514,North,2025-02-10,Sports,413.1,Completed,Hyderabad,22,Premium,2025-02-10 22:06:00,user2514@example.com,user2514,413.1,S065,1,15,P1868,Low,486.0,573.48
U02515,TXN102515,South,2025-03-31,Sports,7908.0,Pending,Hyderabad,54,Basic,2025-03-31 04:15:00,user2515@example.com,user2515,1581.6,S075,5,20,P1409,High,1977.0,2332.86
U02516,TXN102516,West,2025-07-24,Home,4259.2,Refunded,Bengaluru,56,Free,2025-07-24 02:30:00,user2516@example.com,user2516,1064.8,S030,4,20,P9016,Medium,1331.0,1570.58
U02517,TXN102517,South,2026-04-03,Books,9976.5,Refunded,Delhi,20,Basic,2026-04-03 09:30:00,user2517@example.com,user2517,1662.75,S081,6,25,P1586,High,2217.0,2616.06
U02518,TXN102518,West,2026-01-24,Home,12277.8,Pending,Hyderabad,55,Premium,2026-01-24 01:40:00,user2518@example.com,user2518,2046.3,S087,6,5,P3695,Medium,2154.0,2541.72
U02519,TXN102519,South,2025-03-17,Grocery,29295.0,Failed,Bengaluru,53,Basic,2025-03-17 04:31:00,user2519@example.com,user2519,3255.0,S091,9,30,P9387,High,4650.0,5487.0
U02520,TXN102520,North,2026-02-04,Electronics,17139.9,Completed,Chennai,20,Free,2026-02-04 10:13:00,user2520@example.com,user2520,2856.65,S078,6,5,P2165,Urgent,3007.0,3548.26
U02521,TXN102521,South,2025-02-27,Sports,27056.0,Failed,Chennai,46,Basic,2025-02-27 03:40:00,user2521@example.com,user2521,3382.0,S098,8,5,P7126,Low,3560.0,4200.8
U02522,TXN102522,West,2025-05-11,Electronics,24150.0,Failed,Jaipur,66,Premium,2025-05-11 22:46:00,user2522@example.com,user2522,4830.0,S034,5,0,P7934,High,4830.0,5699.4
U02523,TXN102523,West,2025-02-11,Books,1709.35,Completed,Kolkata,33,Basic,2025-02-11 06:20:00,user2523@example.com,user2523,1709.35,S094,1,15,P6751,Urgent,2011.0,2372.98
U02524,TXN102524,East,2025-07-27,Electronics,9709.2,Pending,Delhi,28,Premium,2025-07-27 18:11:00,user2524@example.com,user2524,2427.3,S078,4,10,P4580,High,2697.0,3182.46
U02525,TXN102525,North,2025-12-29,Fashion,13770.0,Failed,Chennai,47,Premium,2025-12-29 21:28:00,user2525@example.com,user2525,3442.5,S033,4,10,P1873,High,3825.0,4513.5
U02526,TXN102526,East,2025-02-22,Electronics,27753.6,Failed,Pune,30,Basic,2025-02-22 18:21:00,user2526@example.com,user2526,3964.8,S038,7,20,P3944,High,4956.0,5848.08
U02527,TXN102527,North,2025-03-02,Grocery,1723.5,Completed,Hyderabad,43,Basic,2025-03-02 16:51:00,user2527@example.com,user2527,1723.5,S064,1,10,P4641,Medium,1915.0,2259.7
U02528,TXN102528,East,2025-02-07,Fashion,2842.0,Pending,Chennai,52,Basic,2025-02-07 06:35:00,user2528@example.com,user2528,568.4,S021,5,30,P7485,Medium,812.0,958.16
U02529,TXN102529,East,2025-02-07,Sports,30485.7,Pending,Mumbai,61,Basic,2025-02-07 10:14:00,user2529@example.com,user2529,3387.3,S019,9,30,P2755,Low,4839.0,5710.02
U02530,TXN102530,East,2025-10-28,Fashion,5808.0,Failed,Bengaluru,21,Free,2025-10-28 11:31:00,user2530@example.com,user2530,1936.0,S066,3,20,P6203,High,2420.0,2855.6
U02531,TXN102531,South,2025-08-27,Grocery,6747.2,Completed,Chennai,54,Basic,2025-08-27 20:01:00,user2531@example.com,user2531,3373.6,S016,2,20,P2147,Low,4217.0,4976.06
U02532,TXN102532,East,2025-05-30,Electronics,10653.0,Refunded,Chennai,61,Free,2025-05-30 10:00:00,user2532@example.com,user2532,3551.0,S024,3,0,P9716,High,3551.0,4190.18
U02533,TXN102533,East,2026-04-04,Sports,33315.0,Pending,Delhi,39,Basic,2026-04-04 05:57:00,user2533@example.com,user2533,3331.5,S091,10,25,P7213,High,4442.0,5241.56
U02534,TXN102534,South,2025-07-02,Fashion,7458.0,Refunded,Jaipur,59,Free,2025-07-02 18:48:00,user2534@example.com,user2534,1243.0,S083,6,0,P8832,Low,1243.0,1466.74
U02535,TXN102535,East,2026-01-27,Sports,26989.2,Failed,Delhi,60,Basic,2026-01-27 07:59:00,user2535@example.com,user2535,3373.65,S087,8,15,P7163,Urgent,3969.0,4683.42
U02536,TXN102536,East,2025-09-05,Electronics,34760.0,Failed,Pune,49,Free,2025-09-05 15:27:00,user2536@example.com,user2536,4345.0,S030,8,0,P9292,High,4345.0,5127.1
U02537,TXN102537,North,2025-10-27,Home,711.9,Pending,Delhi,69,Basic,2025-10-27 04:32:00,user2537@example.com,user2537,237.3,S039,3,30,P4592,Urgent,339.0,400.02
U02538,TXN102538,West,2025-01-17,Books,5037.0,Failed,Jaipur,34,Basic,2025-01-17 02:43:00,user2538@example.com,user2538,1259.25,S051,4,25,P3672,Low,1679.0,1981.22
U02539,TXN102539,East,2025-04-19,Fashion,20026.3,Pending,Pune,29,Premium,2025-04-19 04:01:00,user2539@example.com,user2539,2860.9,S083,7,30,P1414,Medium,4087.0,4822.66
U02540,TXN102540,South,2026-01-18,Sports,27757.1,Refunded,Mumbai,18,Free,2026-01-18 04:37:00,user2540@example.com,user2540,3965.3,S093,7,5,P9778,Medium,4174.0,4925.32
U02541,TXN102541,East,2025-08-28,Fashion,2070.4,Pending,Kolkata,37,Premium,2025-08-28 21:10:00,user2541@example.com,user2541,1035.2,S050,2,20,P6101,Urgent,1294.0,1526.92
U02542,TXN102542,East,2025-11-02,Electronics,5913.0,Completed,Chennai,34,Premium,2025-11-02 16:18:00,user2542@example.com,user2542,1971.0,S064,3,25,P3687,Urgent,2628.0,3101.04
U02543,TXN102543,East,2025-01-06,Books,12916.4,Completed,Bengaluru,24,Basic,2025-01-06 07:21:00,user2543@example.com,user2543,1845.2,S079,7,30,P9075,Urgent,2636.0,3110.48
U02544,TXN102544,South,2025-04-06,Grocery,3987.0,Pending,Delhi,29,Free,2025-04-06 02:05:00,user2544@example.com,user2544,996.75,S040,4,25,P6021,High,1329.0,1568.22
U02545,TXN102545,West,2025-09-03,Electronics,19972.5,Refunded,Delhi,31,Premium,2025-09-03 05:15:00,user2545@example.com,user2545,1997.25,S039,10,25,P3491,Medium,2663.0,3142.34
U02546,TXN102546,West,2026-03-01,Sports,26932.5,Refunded,Hyderabad,38,Premium,2026-03-01 00:24:00,user2546@example.com,user2546,3847.5,S020,7,10,P3286,Urgent,4275.0,5044.5
U02547,TXN102547,West,2025-07-30,Electronics,1142.4,Failed,Delhi,61,Basic,2025-07-30 04:22:00,user2547@example.com,user2547,380.8,S071,3,15,P8640,Medium,448.0,528.64
U02548,TXN102548,North,2025-01-15,Sports,14339.5,Failed,Mumbai,40,Premium,2025-01-15 09:37:00,user2548@example.com,user2548,1433.95,S032,10,15,P8331,Low,1687.0,1990.66
U02549,TXN102549,South,2026-01-12,Home,787.5,Completed,Delhi,20,Free,2026-01-12 14:29:00,user2549@example.com,user2549,78.75,S029,10,25,P2182,High,105.0,123.9
U02550,TXN102550,North,2025-01-04,Sports,7875.0,Pending,Chennai,44,Free,2025-01-04 20:51:00,user2550@example.com,user2550,787.5,S022,10,10,P9096,Medium,875.0,1032.5
U02551,TXN102551,East,2025-03-18,Books,5565.6,Completed,Delhi,20,Premium,2025-03-18 09:29:00,user2551@example.com,user2551,2782.8,S016,2,10,P1499,Medium,3092.0,3648.56
U02552,TXN102552,East,2025-12-29,Sports,7029.0,Refunded,Jaipur,20,Basic,2025-12-29 14:12:00,user2552@example.com,user2552,781.0,S100,9,0,P3024,Low,781.0,921.58
U02553,TXN102553,South,2026-02-10,Electronics,16335.0,Failed,Jaipur,24,Basic,2026-02-10 00:38:00,user2553@example.com,user2553,1815.0,S078,9,0,P3209,Medium,1815.0,2141.7
U02554,TXN102554,South,2026-03-08,Electronics,25686.15,Refunded,Kolkata,25,Basic,2026-03-08 15:51:00,user2554@example.com,user2554,3669.45,S035,7,15,P9769,Urgent,4317.0,5094.06
U02555,TXN102555,West,2025-12-23,Electronics,15918.0,Completed,Kolkata,63,Premium,2025-12-23 17:39:00,user2555@example.com,user2555,3183.6,S025,5,30,P5404,High,4548.0,5366.64
U02556,TXN102556,East,2026-04-02,Electronics,11125.8,Completed,Pune,53,Free,2026-04-02 12:02:00,user2556@example.com,user2556,1854.3,S095,6,30,P8392,Urgent,2649.0,3125.82
U02557,TXN102557,East,2025-03-16,Fashion,27379.2,Pending,Jaipur,33,Basic,2025-03-16 08:59:00,user2557@example.com,user2557,3422.4,S030,8,20,P9837,Low,4278.0,5048.04
U02558,TXN102558,North,2025-06-16,Sports,1477.0,Pending,Bengaluru,40,Basic,2025-06-16 09:17:00,user2558@example.com,user2558,147.7,S053,10,30,P2577,Urgent,211.0,248.98
U02559,TXN102559,South,2025-12-31,Books,5048.4,Failed,Pune,49,Basic,2025-12-31 11:59:00,user2559@example.com,user2559,841.4,S005,6,30,P4411,High,1202.0,1418.36
U02560,TXN102560,North,2026-03-27,Home,21125.0,Pending,Hyderabad,36,Free,2026-03-27 22:32:00,user2560@example.com,user2560,4225.0,S052,5,0,P2751,Low,4225.0,4985.5
U02561,TXN102561,East,2025-07-17,Fashion,12250.2,Pending,Kolkata,35,Basic,2025-07-17 20:25:00,user2561@example.com,user2561,3062.55,S035,4,15,P2618,Medium,3603.0,4251.54
U02562,TXN102562,West,2025-01-29,Grocery,3473.0,Refunded,Bengaluru,34,Premium,2025-01-29 20:45:00,user2562@example.com,user2562,3473.0,S051,1,0,P4230,Urgent,3473.0,4098.14
U02563,TXN102563,South,2025-03-27,Home,38020.5,Refunded,Bengaluru,38,Basic,2025-03-27 03:18:00,user2563@example.com,user2563,3802.05,S084,10,15,P5422,Urgent,4473.0,5278.14
U02564,TXN102564,North,2026-01-13,Home,21902.8,Pending,Pune,64,Basic,2026-01-13 01:43:00,user2564@example.com,user2564,2737.85,S073,8,15,P3013,Medium,3221.0,3800.78
U02565,TXN102565,North,2026-03-26,Home,2333.1,Pending,Kolkata,67,Basic,2026-03-26 13:28:00,user2565@example.com,user2565,777.7,S017,3,30,P8702,Urgent,1111.0,1310.98
U02566,TXN102566,South,2025-02-13,Electronics,6044.85,Completed,Bengaluru,41,Premium,2025-02-13 09:33:00,user2566@example.com,user2566,2014.95,S029,3,5,P4404,Low,2121.0,2502.78
U02567,TXN102567,North,2025-02-04,Sports,12724.0,Completed,Kolkata,63,Premium,2025-02-04 12:12:00,user2567@example.com,user2567,3181.0,S001,4,0,P9651,High,3181.0,3753.58
U02568,TXN102568,East,2025-07-23,Books,2884.2,Pending,Bengaluru,35,Free,2025-07-23 16:29:00,user2568@example.com,user2568,480.7,S043,6,5,P6792,Medium,506.0,597.08
U02569,TXN102569,East,2025-05-29,Home,26135.2,Pending,Jaipur,25,Premium,2025-05-29 01:28:00,user2569@example.com,user2569,3733.6,S001,7,20,P3402,Urgent,4667.0,5507.06
U02570,TXN102570,West,2026-01-06,Books,14472.0,Pending,Chennai,34,Basic,2026-01-06 01:25:00,user2570@example.com,user2570,2412.0,S068,6,0,P6727,Medium,2412.0,2846.16
U02571,TXN102571,West,2026-02-24,Home,6376.5,Refunded,Delhi,50,Premium,2026-02-24 17:14:00,user2571@example.com,user2571,2125.5,S088,3,25,P8802,Urgent,2834.0,3344.12
U02572,TXN102572,East,2025-03-01,Sports,40460.5,Failed,Mumbai,61,Free,2025-03-01 11:40:00,user2572@example.com,user2572,4046.05,S005,10,5,P6921,High,4259.0,5025.62
U02573,TXN102573,West,2025-05-01,Books,8288.0,Completed,Delhi,19,Basic,2025-05-01 11:29:00,user2573@example.com,user2573,1036.0,S079,8,20,P7913,Low,1295.0,1528.1
U02574,TXN102574,North,2026-01-13,Fashion,6829.2,Refunded,Mumbai,55,Free,2026-01-13 11:23:00,user2574@example.com,user2574,758.8,S017,9,30,P5778,Urgent,1084.0,1279.12
U02575,TXN102575,East,2025-01-18,Grocery,4354.8,Failed,Pune,24,Free,2025-01-18 17:57:00,user2575@example.com,user2575,725.8,S020,6,5,P3471,High,764.0,901.52
U02576,TXN102576,South,2025-07-18,Home,30951.0,Pending,Mumbai,69,Free,2025-07-18 19:30:00,user2576@example.com,user2576,3095.1,S020,10,10,P9824,Low,3439.0,4058.02
U02577,TXN102577,North,2025-07-10,Home,5539.2,Pending,Kolkata,48,Basic,2025-07-10 04:29:00,user2577@example.com,user2577,1384.8,S065,4,20,P4317,Medium,1731.0,2042.58
U02578,TXN102578,North,2025-09-04,Fashion,8688.0,Completed,Bengaluru,24,Basic,2025-09-04 16:37:00,user2578@example.com,user2578,4344.0,S029,2,0,P6844,Low,4344.0,5125.92
U02579,TXN102579,South,2025-01-07,Sports,1987.3,Pending,Kolkata,70,Free,2025-01-07 07:52:00,user2579@example.com,user2579,1987.3,S085,1,30,P7271,Medium,2839.0,3350.02
U02580,TXN102580,East,2026-01-16,Books,3942.0,Refunded,Mumbai,56,Basic,2026-01-16 01:30:00,user2580@example.com,user2580,3942.0,S021,1,0,P9058,Medium,3942.0,4651.56
U02581,TXN102581,South,2025-04-30,Books,10990.5,Refunded,Kolkata,24,Free,2025-04-30 14:32:00,user2581@example.com,user2581,1099.05,S009,10,15,P1289,Low,1293.0,1525.74
U02582,TXN102582,East,2025-12-05,Home,10308.0,Pending,Kolkata,38,Free,2025-12-05 03:11:00,user2582@example.com,user2582,3436.0,S095,3,20,P6527,Medium,4295.0,5068.1
U02583,TXN102583,North,2025-10-09,Home,6553.5,Completed,Kolkata,53,Premium,2025-10-09 05:42:00,user2583@example.com,user2583,1092.25,S011,6,15,P2397,High,1285.0,1516.3
U02584,TXN102584,West,2026-03-28,Sports,15079.5,Completed,Mumbai,48,Free,2026-03-28 00:03:00,user2584@example.com,user2584,3015.9,S098,5,10,P4396,Low,3351.0,3954.18
U02585,TXN102585,South,2026-02-14,Sports,28281.5,Failed,Bengaluru,50,Premium,2026-02-14 21:44:00,user2585@example.com,user2585,2828.15,S090,10,5,P1151,Low,2977.0,3512.86
U02586,TXN102586,North,2025-07-20,Electronics,21399.6,Pending,Delhi,19,Premium,2025-07-20 14:55:00,user2586@example.com,user2586,2674.95,S055,8,15,P7057,Medium,3147.0,3713.46
U02587,TXN102587,South,2025-10-05,Fashion,5418.0,Refunded,Hyderabad,46,Basic,2025-10-05 19:08:00,user2587@example.com,user2587,903.0,S006,6,25,P4103,Low,1204.0,1420.72
U02588,TXN102588,North,2025-01-15,Books,5074.0,Pending,Kolkata,29,Free,2025-01-15 19:18:00,user2588@example.com,user2588,2537.0,S047,2,0,P4224,Urgent,2537.0,2993.66
U02589,TXN102589,North,2025-07-06,Electronics,9146.0,Pending,Hyderabad,58,Basic,2025-07-06 14:19:00,user2589@example.com,user2589,1829.2,S003,5,15,P1309,Urgent,2152.0,2539.36
U02590,TXN102590,East,2026-01-04,Books,6765.0,Refunded,Hyderabad,49,Premium,2026-01-04 07:54:00,user2590@example.com,user2590,2255.0,S021,3,0,P5861,Urgent,2255.0,2660.9
U02591,TXN102591,East,2025-01-08,Sports,3453.25,Completed,Hyderabad,67,Free,2025-01-08 02:14:00,user2591@example.com,user2591,690.65,S095,5,5,P5348,Medium,727.0,857.86
U02592,TXN102592,West,2025-02-11,Grocery,6223.5,Failed,Bengaluru,50,Free,2025-02-11 10:12:00,user2592@example.com,user2592,691.5,S095,9,25,P1508,Medium,922.0,1087.96
U02593,TXN102593,North,2025-11-30,Sports,12192.0,Refunded,Mumbai,28,Premium,2025-11-30 07:42:00,user2593@example.com,user2593,3048.0,S056,4,0,P9370,Urgent,3048.0,3596.64
U02594,TXN102594,East,2025-04-30,Grocery,12867.75,Completed,Mumbai,38,Basic,2025-04-30 05:30:00,user2594@example.com,user2594,1838.25,S062,7,5,P3140,Urgent,1935.0,2283.3
U02595,TXN102595,East,2025-04-28,Home,14676.0,Refunded,Mumbai,47,Premium,2025-04-28 15:24:00,user2595@example.com,user2595,2935.2,S050,5,20,P8347,Urgent,3669.0,4329.42
U02596,TXN102596,East,2025-07-03,Electronics,12312.0,Refunded,Chennai,23,Basic,2025-07-03 19:37:00,user2596@example.com,user2596,1368.0,S030,9,0,P8127,Urgent,1368.0,1614.24
U02597,TXN102597,South,2025-06-01,Fashion,12853.5,Failed,Pune,46,Basic,2025-06-01 18:52:00,user2597@example.com,user2597,4284.5,S052,3,5,P7505,Urgent,4510.0,5321.8
U02598,TXN102598,West,2025-05-22,Home,3323.25,Failed,Pune,34,Premium,2025-05-22 16:23:00,user2598@example.com,user2598,3323.25,S079,1,25,P9615,Medium,4431.0,5228.58
U02599,TXN102599,North,2025-11-30,Fashion,7760.0,Refunded,Jaipur,46,Basic,2025-11-30 05:46:00,user2599@example.com,user2599,3880.0,S074,2,20,P2851,Urgent,4850.0,5723.0
U02600,TXN102600,East,2025-03-20,Books,2572.8,Pending,Hyderabad,47,Premium,2025-03-20 04:25:00,user2600@example.com,user2600,857.6,S060,3,20,P6797,High,1072.0,1264.96
U02601,TXN102601,East,2025-05-31,Home,12928.5,Completed,Delhi,62,Basic,2025-05-31 16:32:00,user2601@example.com,user2601,2585.7,S002,5,10,P8628,Urgent,2873.0,3390.14
U02602,TXN102602,East,2025-10-02,Electronics,1590.4,Refunded,Chennai,23,Basic,2025-10-02 07:26:00,user2602@example.com,user2602,198.8,S072,8,30,P2783,Low,284.0,335.12
U02603,TXN102603,North,2025-12-15,Electronics,5390.7,Failed,Hyderabad,21,Free,2025-12-15 03:07:00,user2603@example.com,user2603,898.45,S004,6,15,P4656,Medium,1057.0,1247.26
U02604,TXN102604,West,2025-10-18,Fashion,5154.0,Failed,Pune,49,Free,2025-10-18 10:19:00,user2604@example.com,user2604,1718.0,S080,3,0,P9526,High,1718.0,2027.24
U02605,TXN102605,West,2025-11-04,Home,1019.2,Failed,Jaipur,18,Premium,2025-11-04 02:44:00,user2605@example.com,user2605,145.6,S098,7,30,P1312,Medium,208.0,245.44
U02606,TXN102606,West,2025-09-18,Fashion,7672.2,Pending,Chennai,70,Basic,2025-09-18 12:00:00,user2606@example.com,user2606,2557.4,S070,3,5,P3241,Urgent,2692.0,3176.56
U02607,TXN102607,East,2025-06-14,Grocery,4599.0,Completed,Pune,68,Free,2025-06-14 14:56:00,user2607@example.com,user2607,2299.5,S005,2,30,P1749,Urgent,3285.0,3876.3
U02608,TXN102608,West,2026-04-14,Electronics,14464.8,Completed,Chennai,21,Free,2026-04-14 02:49:00,user2608@example.com,user2608,1808.1,S093,8,30,P3253,Medium,2583.0,3047.94
U02609,TXN102609,East,2025-03-21,Home,5900.7,Failed,Mumbai,40,Premium,2025-03-21 10:46:00,user2609@example.com,user2609,983.45,S039,6,15,P5103,Low,1157.0,1365.26
U02610,TXN102610,East,2026-01-22,Sports,27512.0,Refunded,Pune,21,Basic,2026-01-22 22:00:00,user2610@example.com,user2610,3439.0,S007,8,5,P7437,High,3620.0,4271.6
U02611,TXN102611,South,2026-04-14,Fashion,3537.0,Refunded,Delhi,63,Basic,2026-04-14 19:10:00,user2611@example.com,user2611,1768.5,S088,2,10,P4252,High,1965.0,2318.7
U02612,TXN102612,West,2025-08-27,Fashion,7509.6,Refunded,Mumbai,19,Basic,2025-08-27 04:19:00,user2612@example.com,user2612,1877.4,S060,4,10,P2636,High,2086.0,2461.48
U02613,TXN102613,West,2025-05-07,Electronics,14214.4,Refunded,Mumbai,30,Free,2025-05-07 10:17:00,user2613@example.com,user2613,1776.8,S025,8,20,P2085,Medium,2221.0,2620.78
U02614,TXN102614,North,2026-04-22,Grocery,10620.0,Refunded,Delhi,62,Free,2026-04-22 03:42:00,user2614@example.com,user2614,1180.0,S092,9,20,P4460,Urgent,1475.0,1740.5
U02615,TXN102615,North,2026-03-10,Sports,601.8,Failed,Jaipur,68,Free,2026-03-10 01:20:00,user2615@example.com,user2615,601.8,S030,1,15,P3762,Medium,708.0,835.44
U02616,TXN102616,South,2025-09-25,Home,1025.1,Completed,Delhi,49,Basic,2025-09-25 07:36:00,user2616@example.com,user2616,170.85,S087,6,15,P9359,Low,201.0,237.18
U02617,TXN102617,North,2026-02-21,Sports,12282.0,Refunded,Delhi,27,Basic,2026-02-21 09:47:00,user2617@example.com,user2617,1535.25,S068,8,25,P2121,High,2047.0,2415.46
U02618,TXN102618,West,2025-10-13,Books,5301.0,Failed,Chennai,35,Premium,2025-10-13 19:01:00,user2618@example.com,user2618,2650.5,S083,2,25,P8831,Medium,3534.0,4170.12
U02619,TXN102619,South,2026-02-14,Electronics,9167.2,Refunded,Hyderabad,35,Free,2026-02-14 21:37:00,user2619@example.com,user2619,1145.9,S055,8,30,P8001,High,1637.0,1931.66
U02620,TXN102620,North,2025-02-06,Sports,4687.2,Pending,Chennai,61,Premium,2025-02-06 07:15:00,user2620@example.com,user2620,520.8,S084,9,20,P3589,High,651.0,768.18
U02621,TXN102621,East,2025-02-24,Electronics,7326.0,Failed,Chennai,47,Basic,2025-02-24 20:03:00,user2621@example.com,user2621,1831.5,S070,4,10,P1520,Urgent,2035.0,2401.3
U02622,TXN102622,East,2025-04-12,Grocery,11007.5,Refunded,Hyderabad,65,Free,2025-04-12 06:43:00,user2622@example.com,user2622,2201.5,S017,5,30,P8935,Medium,3145.0,3711.1
U02623,TXN102623,South,2025-02-06,Sports,847.2,Failed,Kolkata,61,Premium,2025-02-06 02:52:00,user2623@example.com,user2623,847.2,S087,1,20,P4781,Medium,1059.0,1249.62
U02624,TXN102624,North,2025-01-16,Electronics,13183.5,Failed,Hyderabad,36,Premium,2025-01-16 04:15:00,user2624@example.com,user2624,2197.25,S067,6,15,P1188,High,2585.0,3050.3
U02625,TXN102625,East,2025-08-19,Books,36216.0,Completed,Hyderabad,44,Free,2025-08-19 05:36:00,user2625@example.com,user2625,3621.6,S037,10,20,P4450,Urgent,4527.0,5341.86
U02626,TXN102626,South,2025-02-26,Home,12600.0,Pending,Chennai,68,Basic,2025-02-26 09:41:00,user2626@example.com,user2626,2520.0,S016,5,25,P1763,High,3360.0,3964.8
U02627,TXN102627,East,2026-04-06,Books,16468.0,Pending,Kolkata,68,Free,2026-04-06 05:49:00,user2627@example.com,user2627,4117.0,S015,4,0,P8727,Medium,4117.0,4858.06
U02628,TXN102628,East,2026-03-12,Home,21672.0,Failed,Jaipur,68,Free,2026-03-12 19:46:00,user2628@example.com,user2628,2408.0,S082,9,0,P6971,Urgent,2408.0,2841.44
U02629,TXN102629,South,2025-01-04,Electronics,1041.0,Failed,Bengaluru,26,Basic,2025-01-04 03:54:00,user2629@example.com,user2629,260.25,S064,4,25,P3297,High,347.0,409.46
U02630,TXN102630,North,2025-08-26,Books,5961.9,Pending,Mumbai,24,Basic,2025-08-26 13:00:00,user2630@example.com,user2630,993.65,S090,6,15,P1967,High,1169.0,1379.42
U02631,TXN102631,West,2025-01-03,Grocery,4492.5,Refunded,Pune,37,Basic,2025-01-03 02:32:00,user2631@example.com,user2631,898.5,S082,5,25,P2156,Medium,1198.0,1413.64
U02632,TXN102632,North,2025-12-05,Home,18284.0,Pending,Mumbai,29,Premium,2025-12-05 00:33:00,user2632@example.com,user2632,2612.0,S010,7,20,P9346,Low,3265.0,3852.7
U02633,TXN102633,East,2025-07-25,Home,9493.2,Failed,Delhi,31,Basic,2025-07-25 23:04:00,user2633@example.com,user2633,3164.4,S041,3,10,P9431,High,3516.0,4148.88
U02634,TXN102634,North,2025-02-19,Fashion,14004.0,Failed,Chennai,52,Premium,2025-02-19 02:56:00,user2634@example.com,user2634,3501.0,S028,4,10,P9740,High,3890.0,4590.2
U02635,TXN102635,North,2025-08-30,Home,14706.0,Refunded,Bengaluru,62,Free,2025-08-30 08:55:00,user2635@example.com,user2635,1634.0,S012,9,0,P6736,Medium,1634.0,1928.12
U02636,TXN102636,South,2025-11-03,Sports,1003.5,Completed,Delhi,52,Premium,2025-11-03 05:54:00,user2636@example.com,user2636,1003.5,S072,1,25,P5382,Low,1338.0,1578.84
U02637,TXN102637,East,2025-05-10,Electronics,498.1,Pending,Delhi,34,Basic,2025-05-10 23:53:00,user2637@example.com,user2637,249.05,S045,2,15,P6174,Low,293.0,345.74
U02638,TXN102638,East,2025-10-08,Home,1652.4,Refunded,Pune,57,Free,2025-10-08 06:34:00,user2638@example.com,user2638,275.4,S007,6,10,P2332,High,306.0,361.08
U02639,TXN102639,South,2025-09-03,Fashion,4216.0,Pending,Delhi,31,Basic,2025-09-03 17:59:00,user2639@example.com,user2639,843.2,S066,5,15,P5401,High,992.0,1170.56
U02640,TXN102640,South,2025-03-12,Books,15920.5,Failed,Hyderabad,35,Free,2025-03-12 17:36:00,user2640@example.com,user2640,1592.05,S038,10,15,P9289,Low,1873.0,2210.14
U02641,TXN102641,West,2026-02-21,Fashion,6376.5,Pending,Mumbai,43,Free,2026-02-21 12:41:00,user2641@example.com,user2641,3188.25,S093,2,25,P8050,High,4251.0,5016.18
U02642,TXN102642,West,2026-01-12,Sports,6230.4,Pending,Chennai,28,Basic,2026-01-12 09:46:00,user2642@example.com,user2642,2076.8,S016,3,20,P3806,Low,2596.0,3063.28
U02643,TXN102643,South,2025-06-10,Books,12553.6,Completed,Jaipur,65,Premium,2025-06-10 05:44:00,user2643@example.com,user2643,3138.4,S047,4,20,P3229,Urgent,3923.0,4629.14
U02644,TXN102644,East,2026-02-12,Books,6526.5,Failed,Delhi,58,Free,2026-02-12 12:32:00,user2644@example.com,user2644,3263.25,S064,2,25,P9436,Urgent,4351.0,5134.18
U02645,TXN102645,West,2025-07-30,Grocery,15028.0,Refunded,Bengaluru,64,Premium,2025-07-30 06:51:00,user2645@example.com,user2645,3005.6,S043,5,20,P5884,High,3757.0,4433.26
U02646,TXN102646,North,2025-11-08,Grocery,14792.0,Refunded,Delhi,59,Basic,2025-11-08 12:58:00,user2646@example.com,user2646,1479.2,S071,10,20,P8315,High,1849.0,2181.82
U02647,TXN102647,North,2025-07-08,Home,15720.0,Pending,Bengaluru,43,Basic,2025-07-08 10:12:00,user2647@example.com,user2647,1572.0,S002,10,25,P9512,Urgent,2096.0,2473.28
U02648,TXN102648,East,2026-03-07,Sports,4699.8,Completed,Pune,55,Premium,2026-03-07 10:01:00,user2648@example.com,user2648,1566.6,S095,3,30,P4072,Urgent,2238.0,2640.84
U02649,TXN102649,West,2025-05-11,Sports,25817.4,Failed,Kolkata,51,Basic,2025-05-11 11:32:00,user2649@example.com,user2649,2868.6,S037,9,30,P3305,High,4098.0,4835.64
U02650,TXN102650,North,2025-11-10,Sports,6437.2,Completed,Kolkata,34,Premium,2025-11-10 17:59:00,user2650@example.com,user2650,804.65,S028,8,5,P3995,High,847.0,999.46
U02651,TXN102651,West,2025-03-27,Grocery,9934.8,Failed,Delhi,57,Premium,2025-03-27 17:36:00,user2651@example.com,user2651,2483.7,S025,4,15,P8615,Urgent,2922.0,3447.96
U02652,TXN102652,South,2025-06-27,Fashion,1338.75,Completed,Jaipur,70,Free,2025-06-27 10:40:00,user2652@example.com,user2652,267.75,S024,5,15,P5283,Low,315.0,371.7
U02653,TXN102653,South,2026-02-03,Electronics,1971.0,Refunded,Kolkata,33,Free,2026-02-03 16:25:00,user2653@example.com,user2653,328.5,S045,6,10,P3801,Low,365.0,430.7
U02654,TXN102654,North,2025-04-08,Electronics,1672.95,Completed,Chennai,34,Free,2025-04-08 13:28:00,user2654@example.com,user2654,557.65,S061,3,5,P6550,Medium,587.0,692.66
U02655,TXN102655,North,2026-01-30,Books,36127.5,Refunded,Bengaluru,54,Basic,2026-01-30 16:36:00,user2655@example.com,user2655,3612.75,S047,10,25,P3656,Medium,4817.0,5684.06
U02656,TXN102656,South,2025-08-04,Sports,13654.35,Failed,Chennai,38,Basic,2025-08-04 11:32:00,user2656@example.com,user2656,1517.15,S090,9,5,P7483,Low,1597.0,1884.46
U02657,TXN102657,North,2025-04-07,Books,2774.8,Completed,Bengaluru,46,Premium,2025-04-07 17:44:00,user2657@example.com,user2657,2774.8,S014,1,30,P3042,High,3964.0,4677.52
U02658,TXN102658,West,2026-04-04,Grocery,31157.0,Refunded,Hyderabad,59,Basic,2026-04-04 23:30:00,user2658@example.com,user2658,4451.0,S098,7,0,P1791,Low,4451.0,5252.18
U02659,TXN102659,West,2025-06-23,Home,25049.5,Refunded,Hyderabad,41,Free,2025-06-23 15:21:00,user2659@example.com,user2659,2504.95,S017,10,15,P7052,Low,2947.0,3477.46
U02660,TXN102660,West,2025-02-06,Fashion,817.0,Failed,Delhi,62,Premium,2025-02-06 19:13:00,user2660@example.com,user2660,408.5,S075,2,5,P7232,Urgent,430.0,507.4
U02661,TXN102661,South,2026-03-03,Fashion,14195.0,Pending,Pune,68,Basic,2026-03-03 07:31:00,user2661@example.com,user2661,3548.75,S032,4,15,P6084,Medium,4175.0,4926.5
U02662,TXN102662,South,2025-11-16,Home,6244.95,Refunded,Jaipur,41,Free,2025-11-16 18:29:00,user2662@example.com,user2662,2081.65,S099,3,15,P4027,High,2449.0,2889.82
U02663,TXN102663,East,2025-08-17,Home,36260.55,Completed,Mumbai,48,Free,2025-08-17 05:39:00,user2663@example.com,user2663,4028.95,S033,9,5,P4676,High,4241.0,5004.38
U02664,TXN102664,South,2025-05-07,Fashion,5468.2,Failed,Hyderabad,48,Premium,2025-05-07 12:18:00,user2664@example.com,user2664,1367.05,S020,4,5,P4766,Low,1439.0,1698.02
U02665,TXN102665,West,2025-04-25,Books,360.9,Refunded,Mumbai,31,Free,2025-04-25 06:48:00,user2665@example.com,user2665,360.9,S053,1,10,P8237,Low,401.0,473.18
U02666,TXN102666,North,2025-03-30,Electronics,15534.0,Refunded,Mumbai,68,Free,2025-03-30 17:36:00,user2666@example.com,user2666,1941.75,S053,8,25,P3449,Low,2589.0,3055.02
U02667,TXN102667,East,2025-10-06,Home,33952.5,Pending,Hyderabad,52,Basic,2025-10-06 02:53:00,user2667@example.com,user2667,3395.25,S004,10,25,P7188,Urgent,4527.0,5341.86
U02668,TXN102668,North,2026-03-02,Fashion,18890.4,Failed,Hyderabad,70,Basic,2026-03-02 15:19:00,user2668@example.com,user2668,2361.3,S047,8,15,P8007,Urgent,2778.0,3278.04
U02669,TXN102669,North,2025-02-18,Grocery,6874.2,Pending,Mumbai,28,Premium,2025-02-18 14:59:00,user2669@example.com,user2669,3437.1,S089,2,5,P9168,Medium,3618.0,4269.24
U02670,TXN102670,East,2026-02-06,Grocery,14195.0,Completed,Chennai,63,Free,2026-02-06 12:06:00,user2670@example.com,user2670,3548.75,S087,4,15,P8835,Urgent,4175.0,4926.5
U02671,TXN102671,West,2025-11-21,Books,10008.9,Pending,Kolkata,68,Free,2025-11-21 12:11:00,user2671@example.com,user2671,3336.3,S096,3,10,P8319,Urgent,3707.0,4374.26
U02672,TXN102672,North,2025-05-14,Electronics,14184.8,Refunded,Hyderabad,31,Free,2025-05-14 23:22:00,user2672@example.com,user2672,1773.1,S071,8,15,P2677,Medium,2086.0,2461.48
U02673,TXN102673,East,2026-01-01,Electronics,3175.2,Refunded,Bengaluru,41,Basic,2026-01-01 02:10:00,user2673@example.com,user2673,1587.6,S075,2,10,P9547,Medium,1764.0,2081.52
U02674,TXN102674,West,2025-01-28,Electronics,6617.8,Pending,Bengaluru,62,Free,2025-01-28 20:12:00,user2674@example.com,user2674,3308.9,S044,2,30,P1964,Medium,4727.0,5577.86
U02675,TXN102675,East,2025-07-18,Home,23260.0,Refunded,Bengaluru,60,Free,2025-07-18 05:19:00,user2675@example.com,user2675,4652.0,S074,5,0,P3452,High,4652.0,5489.36
U02676,TXN102676,East,2025-03-03,Sports,15121.5,Completed,Mumbai,40,Basic,2025-03-03 11:37:00,user2676@example.com,user2676,1512.15,S012,10,15,P2761,Low,1779.0,2099.22
U02677,TXN102677,North,2025-05-12,Electronics,8552.25,Refunded,Mumbai,49,Free,2025-05-12 13:17:00,user2677@example.com,user2677,950.25,S017,9,25,P5780,Urgent,1267.0,1495.06
U02678,TXN102678,East,2026-01-02,Sports,20761.3,Refunded,Bengaluru,22,Free,2026-01-02 08:45:00,user2678@example.com,user2678,2965.9,S036,7,5,P4504,Low,3122.0,3683.96
U02679,TXN102679,East,2025-01-14,Home,21177.6,Refunded,Chennai,19,Free,2025-01-14 12:46:00,user2679@example.com,user2679,2647.2,S060,8,20,P1482,Medium,3309.0,3904.62
U02680,TXN102680,East,2025-06-30,Home,5364.0,Pending,Bengaluru,46,Premium,2025-06-30 11:04:00,user2680@example.com,user2680,1341.0,S043,4,25,P9724,High,1788.0,2109.84
U02681,TXN102681,North,2025-05-04,Books,13853.85,Failed,Pune,36,Premium,2025-05-04 04:47:00,user2681@example.com,user2681,4617.95,S061,3,5,P9223,High,4861.0,5735.98
U02682,TXN102682,East,2026-02-07,Sports,4545.0,Pending,Hyderabad,42,Premium,2026-02-07 01:10:00,user2682@example.com,user2682,2272.5,S038,2,25,P2174,Urgent,3030.0,3575.4
U02683,TXN102683,South,2025-01-07,Electronics,17570.25,Refunded,Chennai,19,Free,2025-01-07 21:49:00,user2683@example.com,user2683,3514.05,S029,5,5,P4724,High,3699.0,4364.82
U02684,TXN102684,East,2025-12-27,Books,22150.8,Completed,Kolkata,47,Basic,2025-12-27 04:18:00,user2684@example.com,user2684,3691.8,S027,6,10,P1445,Low,4102.0,4840.36
U02685,TXN102685,East,2025-09-19,Sports,5184.9,Completed,Kolkata,18,Premium,2025-09-19 02:39:00,user2685@example.com,user2685,740.7,S034,7,10,P2675,Urgent,823.0,971.14
U02686,TXN102686,East,2025-04-29,Fashion,11516.8,Refunded,Jaipur,52,Premium,2025-04-29 14:28:00,user2686@example.com,user2686,2879.2,S031,4,20,P8656,Low,3599.0,4246.82
U02687,TXN102687,South,2025-02-28,Fashion,9027.0,Refunded,Jaipur,24,Basic,2025-02-28 21:53:00,user2687@example.com,user2687,902.7,S090,10,15,P4068,Urgent,1062.0,1253.16
U02688,TXN102688,North,2025-03-11,Electronics,1331.1,Failed,Hyderabad,24,Free,2025-03-11 18:23:00,user2688@example.com,user2688,147.9,S050,9,15,P7523,High,174.0,205.32
U02689,TXN102689,West,2026-05-01,Fashion,18673.2,Failed,Delhi,65,Basic,2026-05-01 14:57:00,user2689@example.com,user2689,3112.2,S022,6,30,P5729,Urgent,4446.0,5246.28
U02690,TXN102690,South,2025-09-04,Electronics,17113.6,Failed,Kolkata,26,Basic,2025-09-04 00:22:00,user2690@example.com,user2690,2139.2,S071,8,30,P9452,High,3056.0,3606.08
U02691,TXN102691,West,2026-04-14,Fashion,13980.0,Pending,Bengaluru,44,Basic,2026-04-14 19:52:00,user2691@example.com,user2691,1398.0,S034,10,0,P1341,Medium,1398.0,1649.64
U02692,TXN102692,East,2025-09-07,Fashion,3866.1,Completed,Pune,69,Basic,2025-09-07 05:24:00,user2692@example.com,user2692,552.3,S036,7,30,P5585,Urgent,789.0,931.02
U02693,TXN102693,East,2025-08-17,Home,3011.4,Failed,Chennai,41,Free,2025-08-17 09:11:00,user2693@example.com,user2693,1505.7,S011,2,30,P7618,Urgent,2151.0,2538.18
U02694,TXN102694,East,2026-03-20,Sports,27540.0,Refunded,Jaipur,67,Basic,2026-03-20 05:54:00,user2694@example.com,user2694,2754.0,S034,10,15,P4239,Low,3240.0,3823.2
U02695,TXN102695,East,2025-04-27,Electronics,928.8,Completed,Hyderabad,40,Basic,2025-04-27 13:28:00,user2695@example.com,user2695,103.2,S078,9,20,P7337,Low,129.0,152.22
U02696,TXN102696,South,2025-12-30,Sports,23358.0,Failed,Kolkata,30,Basic,2025-12-30 16:31:00,user2696@example.com,user2696,2919.75,S056,8,15,P2465,Medium,3435.0,4053.3
U02697,TXN102697,South,2025-08-22,Books,2300.9,Refunded,Delhi,57,Premium,2025-08-22 18:44:00,user2697@example.com,user2697,328.7,S024,7,5,P6607,Urgent,346.0,408.28
U02698,TXN102698,West,2026-04-09,Electronics,899.2,Pending,Kolkata,40,Free,2026-04-09 00:00:00,user2698@example.com,user2698,449.6,S038,2,20,P1102,Low,562.0,663.16
U02699,TXN102699,South,2025-08-27,Books,13714.4,Pending,Chennai,50,Premium,2025-08-27 10:33:00,user2699@example.com,user2699,1959.2,S034,7,20,P2617,High,2449.0,2889.82
U02700,TXN102700,East,2026-01-25,Books,36100.0,Failed,Delhi,49,Basic,2026-01-25 07:37:00,user2700@example.com,user2700,3610.0,S002,10,0,P8023,Low,3610.0,4259.8
U02701,TXN102701,East,2025-06-27,Home,33552.0,Refunded,Mumbai,32,Basic,2025-06-27 12:44:00,user2701@example.com,user2701,3355.2,S080,10,10,P4954,Medium,3728.0,4399.04
U02702,TXN102702,East,2025-03-05,Books,4257.0,Completed,Chennai,51,Basic,2025-03-05 10:29:00,user2702@example.com,user2702,851.4,S073,5,10,P6046,High,946.0,1116.28
U02703,TXN102703,West,2026-02-23,Grocery,11350.0,Pending,Kolkata,39,Free,2026-02-23 20:41:00,user2703@example.com,user2703,1135.0,S016,10,0,P8424,High,1135.0,1339.3
U02704,TXN102704,East,2025-09-16,Books,9739.8,Failed,Jaipur,62,Basic,2025-09-16 17:22:00,user2704@example.com,user2704,1082.2,S084,9,30,P3213,Medium,1546.0,1824.28
U02705,TXN102705,South,2025-12-25,Fashion,5765.4,Failed,Mumbai,61,Premium,2025-12-25 07:27:00,user2705@example.com,user2705,2882.7,S087,2,10,P6225,Urgent,3203.0,3779.54
U02706,TXN102706,South,2025-08-20,Electronics,2148.0,Refunded,Pune,19,Basic,2025-08-20 14:12:00,user2706@example.com,user2706,2148.0,S051,1,25,P8049,High,2864.0,3379.52
U02707,TXN102707,East,2026-01-05,Fashion,16979.6,Refunded,Pune,31,Free,2026-01-05 09:25:00,user2707@example.com,user2707,4244.9,S060,4,15,P3142,Urgent,4994.0,5892.92
U02708,TXN102708,South,2025-03-01,Sports,8236.5,Failed,Pune,55,Basic,2025-03-01 16:29:00,user2708@example.com,user2708,823.65,S022,10,5,P8294,High,867.0,1023.06
U02709,TXN102709,East,2025-02-24,Books,1952.1,Failed,Bengaluru,61,Free,2025-02-24 15:19:00,user2709@example.com,user2709,216.9,S070,9,10,P2809,Low,241.0,284.38
U02710,TXN102710,East,2025-12-13,Electronics,11445.0,Refunded,Kolkata,42,Free,2025-12-13 17:17:00,user2710@example.com,user2710,2861.25,S039,4,25,P1287,Urgent,3815.0,4501.7
U02711,TXN102711,North,2025-01-05,Home,8622.0,Failed,Hyderabad,48,Premium,2025-01-05 19:37:00,user2711@example.com,user2711,4311.0,S081,2,10,P4841,High,4790.0,5652.2
U02712,TXN102712,West,2025-07-11,Grocery,33061.5,Failed,Chennai,26,Basic,2025-07-11 02:19:00,user2712@example.com,user2712,3673.5,S059,9,25,P4770,Medium,4898.0,5779.64
U02713,TXN102713,South,2026-04-04,Sports,4614.4,Completed,Pune,36,Free,2026-04-04 18:35:00,user2713@example.com,user2713,2307.2,S031,2,30,P5186,High,3296.0,3889.28
U02714,TXN102714,South,2026-03-19,Grocery,23237.0,Refunded,Pune,34,Free,2026-03-19 15:31:00,user2714@example.com,user2714,2323.7,S005,10,5,P6987,Medium,2446.0,2886.28
U02715,TXN102715,East,2025-11-06,Sports,32634.0,Pending,Delhi,53,Basic,2025-11-06 10:52:00,user2715@example.com,user2715,3263.4,S054,10,10,P3007,High,3626.0,4278.68
U02716,TXN102716,North,2025-05-31,Sports,4320.9,Refunded,Mumbai,52,Premium,2025-05-31 13:05:00,user2716@example.com,user2716,4320.9,S010,1,10,P5213,Urgent,4801.0,5665.18
U02717,TXN102717,West,2025-01-21,Electronics,7297.5,Completed,Delhi,28,Basic,2025-01-21 03:21:00,user2717@example.com,user2717,3648.75,S004,2,25,P8605,Medium,4865.0,5740.7
U02718,TXN102718,East,2025-10-28,Books,23888.7,Completed,Hyderabad,24,Free,2025-10-28 06:35:00,user2718@example.com,user2718,3981.45,S052,6,5,P4504,Low,4191.0,4945.38
U02719,TXN102719,North,2025-11-30,Fashion,24116.4,Failed,Pune,18,Premium,2025-11-30 03:25:00,user2719@example.com,user2719,2679.6,S094,9,30,P3479,Urgent,3828.0,4517.04
U02720,TXN102720,South,2025-03-06,Electronics,242.4,Refunded,Hyderabad,18,Basic,2025-03-06 18:43:00,user2720@example.com,user2720,242.4,S016,1,20,P7158,High,303.0,357.54
U02721,TXN102721,West,2025-06-30,Books,18088.0,Failed,Kolkata,70,Free,2025-06-30 19:43:00,user2721@example.com,user2721,4522.0,S015,4,0,P5314,Urgent,4522.0,5335.96
U02722,TXN102722,East,2026-03-01,Books,8809.5,Pending,Kolkata,55,Premium,2026-03-01 13:37:00,user2722@example.com,user2722,1258.5,S001,7,25,P6699,Medium,1678.0,1980.04
U02723,TXN102723,West,2025-02-07,Home,2313.75,Refunded,Pune,57,Premium,2025-02-07 01:07:00,user2723@example.com,user2723,2313.75,S005,1,25,P4544,Medium,3085.0,3640.3
U02724,TXN102724,West,2025-03-16,Fashion,15842.25,Pending,Hyderabad,22,Premium,2025-03-16 17:22:00,user2724@example.com,user2724,1760.25,S009,9,25,P5101,Low,2347.0,2769.46
U02725,TXN102725,West,2025-01-26,Fashion,27714.0,Pending,Bengaluru,37,Premium,2025-01-26 04:24:00,user2725@example.com,user2725,4619.0,S008,6,0,P3335,Low,4619.0,5450.42
U02726,TXN102726,West,2026-03-04,Grocery,10523.0,Failed,Delhi,41,Premium,2026-03-04 14:46:00,user2726@example.com,user2726,1052.3,S098,10,15,P9554,High,1238.0,1460.84
U02727,TXN102727,South,2025-04-18,Books,25509.75,Completed,Jaipur,50,Basic,2025-04-18 19:42:00,user2727@example.com,user2727,3644.25,S087,7,25,P5839,Low,4859.0,5733.62
U02728,TXN102728,North,2025-03-02,Electronics,43890.0,Pending,Bengaluru,28,Free,2025-03-02 01:35:00,user2728@example.com,user2728,4389.0,S089,10,5,P9682,Low,4620.0,5451.6
U02729,TXN102729,East,2025-01-08,Grocery,25470.9,Refunded,Hyderabad,37,Basic,2025-01-08 16:27:00,user2729@example.com,user2729,3638.7,S092,7,10,P1263,Urgent,4043.0,4770.74
U02730,TXN102730,North,2025-05-04,Fashion,33033.6,Completed,Chennai,27,Free,2025-05-04 13:27:00,user2730@example.com,user2730,3670.4,S071,9,20,P4139,Urgent,4588.0,5413.84
U02731,TXN102731,West,2025-11-16,Books,6482.0,Failed,Delhi,31,Free,2025-11-16 12:02:00,user2731@example.com,user2731,1296.4,S012,5,30,P5513,High,1852.0,2185.36
U02732,TXN102732,West,2025-12-23,Books,22080.6,Completed,Jaipur,46,Free,2025-12-23 21:07:00,user2732@example.com,user2732,2453.4,S024,9,10,P3186,Medium,2726.0,3216.68
U02733,TXN102733,South,2026-03-18,Grocery,3700.8,Refunded,Hyderabad,61,Basic,2026-03-18 12:57:00,user2733@example.com,user2733,925.2,S086,4,10,P2611,Low,1028.0,1213.04
U02734,TXN102734,South,2026-01-24,Fashion,8850.0,Completed,Jaipur,55,Free,2026-01-24 02:37:00,user2734@example.com,user2734,1106.25,S036,8,25,P9263,Low,1475.0,1740.5
U02735,TXN102735,South,2026-03-02,Home,6925.8,Refunded,Hyderabad,44,Free,2026-03-02 00:14:00,user2735@example.com,user2735,3462.9,S087,2,15,P8877,Urgent,4074.0,4807.32
U02736,TXN102736,West,2025-09-20,Fashion,9097.2,Refunded,Bengaluru,39,Premium,2025-09-20 08:12:00,user2736@example.com,user2736,1137.15,S051,8,5,P1027,High,1197.0,1412.46
U02737,TXN102737,North,2026-03-08,Fashion,9375.0,Completed,Hyderabad,61,Premium,2026-03-08 12:06:00,user2737@example.com,user2737,937.5,S064,10,25,P9113,High,1250.0,1475.0
U02738,TXN102738,East,2025-09-10,Books,5698.4,Refunded,Hyderabad,52,Premium,2025-09-10 08:07:00,user2738@example.com,user2738,1424.6,S073,4,15,P3763,Medium,1676.0,1977.68
U02739,TXN102739,North,2025-12-11,Electronics,405.45,Refunded,Delhi,49,Premium,2025-12-11 08:51:00,user2739@example.com,user2739,135.15,S009,3,15,P9334,Urgent,159.0,187.62
U02740,TXN102740,South,2025-10-02,Sports,579.6,Completed,Hyderabad,58,Premium,2025-10-02 07:36:00,user2740@example.com,user2740,289.8,S014,2,30,P7309,High,414.0,488.52
U02741,TXN102741,East,2025-10-07,Grocery,9675.0,Refunded,Pune,41,Premium,2025-10-07 19:50:00,user2741@example.com,user2741,1935.0,S056,5,0,P7709,Medium,1935.0,2283.3
U02742,TXN102742,West,2025-08-30,Home,17000.0,Pending,Mumbai,67,Free,2025-08-30 21:05:00,user2742@example.com,user2742,2125.0,S092,8,15,P9471,Low,2500.0,2950.0
U02743,TXN102743,East,2025-10-17,Grocery,12543.8,Completed,Chennai,39,Basic,2025-10-17 14:54:00,user2743@example.com,user2743,3135.95,S078,4,5,P7199,High,3301.0,3895.18
U02744,TXN102744,South,2026-02-05,Grocery,24702.0,Failed,Hyderabad,41,Premium,2026-02-05 02:55:00,user2744@example.com,user2744,4117.0,S011,6,0,P7906,Low,4117.0,4858.06
U02745,TXN102745,West,2025-05-26,Home,7296.0,Refunded,Delhi,62,Premium,2025-05-26 21:49:00,user2745@example.com,user2745,912.0,S021,8,25,P7494,Urgent,1216.0,1434.88
U02746,TXN102746,East,2025-04-22,Fashion,1441.8,Pending,Bengaluru,32,Basic,2025-04-22 02:40:00,user2746@example.com,user2746,720.9,S050,2,10,P5321,High,801.0,945.18
U02747,TXN102747,West,2025-10-27,Books,5838.0,Refunded,Bengaluru,67,Premium,2025-10-27 14:15:00,user2747@example.com,user2747,2919.0,S096,2,0,P4503,Low,2919.0,3444.42
U02748,TXN102748,West,2025-04-23,Grocery,31027.95,Refunded,Delhi,50,Premium,2025-04-23 01:50:00,user2748@example.com,user2748,3447.55,S006,9,5,P9539,Medium,3629.0,4282.22
U02749,TXN102749,East,2025-08-02,Home,1972.8,Completed,Chennai,52,Basic,2025-08-02 15:57:00,user2749@example.com,user2749,493.2,S034,4,10,P2523,Urgent,548.0,646.64
U02750,TXN102750,South,2025-02-14,Grocery,6591.75,Refunded,Delhi,22,Free,2025-02-14 04:26:00,user2750@example.com,user2750,1318.35,S047,5,15,P9118,High,1551.0,1830.18
U02751,TXN102751,North,2025-10-02,Electronics,7525.0,Failed,Hyderabad,23,Basic,2025-10-02 11:40:00,user2751@example.com,user2751,1505.0,S009,5,0,P9134,Urgent,1505.0,1775.9
U02752,TXN102752,East,2026-04-15,Books,1023.75,Completed,Delhi,21,Basic,2026-04-15 14:53:00,user2752@example.com,user2752,146.25,S067,7,25,P6280,Low,195.0,230.1
U02753,TXN102753,West,2026-04-07,Grocery,9244.2,Refunded,Bengaluru,58,Basic,2026-04-07 05:09:00,user2753@example.com,user2753,1540.7,S098,6,30,P4209,Low,2201.0,2597.18
U02754,TXN102754,West,2025-08-07,Electronics,5746.0,Failed,Bengaluru,23,Free,2025-08-07 00:03:00,user2754@example.com,user2754,718.25,S026,8,15,P9801,High,845.0,997.1
U02755,TXN102755,South,2025-04-22,Books,4146.0,Completed,Jaipur,69,Basic,2025-04-22 15:38:00,user2755@example.com,user2755,2073.0,S069,2,25,P9374,Low,2764.0,3261.52
U02756,TXN102756,East,2025-04-27,Fashion,11619.0,Pending,Kolkata,37,Basic,2025-04-27 11:20:00,user2756@example.com,user2756,1936.5,S072,6,25,P4416,High,2582.0,3046.76
U02757,TXN102757,North,2025-05-14,Books,8122.5,Completed,Pune,18,Premium,2025-05-14 23:43:00,user2757@example.com,user2757,2707.5,S039,3,5,P3052,Low,2850.0,3363.0
U02758,TXN102758,South,2026-01-31,Electronics,24320.8,Completed,Kolkata,35,Premium,2026-01-31 12:47:00,user2758@example.com,user2758,3474.4,S036,7,20,P2811,High,4343.0,5124.74
U02759,TXN102759,North,2025-10-10,Grocery,27406.4,Refunded,Delhi,49,Free,2025-10-10 01:47:00,user2759@example.com,user2759,3425.8,S031,8,30,P7373,Urgent,4894.0,5774.92
U02760,TXN102760,West,2025-06-26,Home,1736.0,Completed,Mumbai,36,Premium,2025-06-26 20:45:00,user2760@example.com,user2760,868.0,S085,2,0,P2035,Urgent,868.0,1024.24
U02761,TXN102761,North,2025-06-03,Sports,5597.25,Pending,Delhi,28,Premium,2025-06-03 13:30:00,user2761@example.com,user2761,1119.45,S002,5,15,P2362,High,1317.0,1554.06
U02762,TXN102762,West,2025-05-01,Sports,20506.25,Completed,Bengaluru,40,Premium,2025-05-01 10:11:00,user2762@example.com,user2762,4101.25,S083,5,15,P5699,Medium,4825.0,5693.5
U02763,TXN102763,South,2025-01-20,Fashion,6415.2,Completed,Bengaluru,31,Free,2025-01-20 05:06:00,user2763@example.com,user2763,3207.6,S045,2,10,P4493,Medium,3564.0,4205.52
U02764,TXN102764,South,2025-01-17,Sports,3988.8,Failed,Chennai,20,Premium,2025-01-17 16:40:00,user2764@example.com,user2764,3988.8,S060,1,10,P1681,Medium,4432.0,5229.76
U02765,TXN102765,North,2025-05-16,Books,24338.3,Refunded,Hyderabad,33,Premium,2025-05-16 21:03:00,user2765@example.com,user2765,3476.9,S029,7,30,P1731,Low,4967.0,5861.06
U02766,TXN102766,West,2026-01-05,Sports,20230.4,Pending,Jaipur,30,Basic,2026-01-05 00:50:00,user2766@example.com,user2766,2528.8,S090,8,20,P6030,Low,3161.0,3729.98
U02767,TXN102767,South,2026-04-16,Fashion,28554.05,Completed,Hyderabad,25,Free,2026-04-16 10:57:00,user2767@example.com,user2767,4079.15,S068,7,15,P4734,Medium,4799.0,5662.82
U02768,TXN102768,East,2026-03-19,Fashion,3464.0,Completed,Delhi,55,Premium,2026-03-19 02:11:00,user2768@example.com,user2768,346.4,S077,10,20,P3270,Urgent,433.0,510.94
U02769,TXN102769,East,2025-01-30,Books,17013.6,Pending,Jaipur,41,Basic,2025-01-30 19:10:00,user2769@example.com,user2769,1890.4,S048,9,20,P1974,Medium,2363.0,2788.34
U02770,TXN102770,South,2026-01-13,Electronics,2649.45,Completed,Hyderabad,56,Free,2026-01-13 14:48:00,user2770@example.com,user2770,2649.45,S062,1,15,P4573,High,3117.0,3678.06
U02771,TXN102771,East,2025-10-04,Books,4700.0,Refunded,Jaipur,51,Free,2025-10-04 16:54:00,user2771@example.com,user2771,4700.0,S083,1,0,P9519,Urgent,4700.0,5546.0
U02772,TXN102772,West,2025-07-20,Books,38784.0,Pending,Bengaluru,49,Free,2025-07-20 01:41:00,user2772@example.com,user2772,4848.0,S019,8,0,P8173,Low,4848.0,5720.64
U02773,TXN102773,South,2026-04-26,Grocery,12211.2,Refunded,Mumbai,30,Premium,2026-04-26 18:10:00,user2773@example.com,user2773,1356.8,S072,9,20,P8799,Low,1696.0,2001.28
U02774,TXN102774,West,2026-03-20,Electronics,1960.0,Refunded,Mumbai,57,Basic,2026-03-20 10:16:00,user2774@example.com,user2774,280.0,S098,7,0,P6407,Medium,280.0,330.4
U02775,TXN102775,North,2026-03-19,Books,24948.0,Pending,Delhi,59,Basic,2026-03-19 12:33:00,user2775@example.com,user2775,2772.0,S046,9,25,P9467,High,3696.0,4361.28
U02776,TXN102776,North,2025-12-04,Grocery,15141.6,Failed,Kolkata,60,Premium,2025-12-04 21:06:00,user2776@example.com,user2776,1682.4,S099,9,20,P7519,Medium,2103.0,2481.54
U02777,TXN102777,North,2025-12-24,Grocery,23058.0,Failed,Delhi,36,Basic,2025-12-24 09:46:00,user2777@example.com,user2777,3843.0,S064,6,0,P7332,Low,3843.0,4534.74
U02778,TXN102778,North,2025-07-20,Electronics,9558.0,Pending,Kolkata,54,Basic,2025-07-20 14:27:00,user2778@example.com,user2778,3186.0,S027,3,10,P7428,Low,3540.0,4177.2
U02779,TXN102779,South,2026-04-02,Grocery,13171.2,Completed,Bengaluru,40,Basic,2026-04-02 07:18:00,user2779@example.com,user2779,2195.2,S037,6,20,P8021,Medium,2744.0,3237.92
U02780,TXN102780,South,2025-06-29,Electronics,3402.9,Completed,Delhi,66,Premium,2025-06-29 16:26:00,user2780@example.com,user2780,567.15,S058,6,5,P7336,High,597.0,704.46
U02781,TXN102781,North,2025-09-08,Fashion,21080.0,Failed,Kolkata,47,Premium,2025-09-08 03:31:00,user2781@example.com,user2781,2108.0,S023,10,15,P9280,Low,2480.0,2926.4
U02782,TXN102782,North,2025-11-18,Grocery,18292.0,Completed,Kolkata,52,Premium,2025-11-18 18:11:00,user2782@example.com,user2782,3658.4,S072,5,15,P6053,Medium,4304.0,5078.72
U02783,TXN102783,West,2025-11-19,Sports,3658.0,Refunded,Jaipur,31,Free,2025-11-19 06:18:00,user2783@example.com,user2783,3658.0,S092,1,0,P6357,High,3658.0,4316.44
U02784,TXN102784,East,2026-03-28,Sports,7990.5,Failed,Bengaluru,62,Basic,2026-03-28 21:45:00,user2784@example.com,user2784,1141.5,S001,7,25,P8354,Low,1522.0,1795.96
U02785,TXN102785,North,2026-04-25,Grocery,1273.6,Pending,Delhi,60,Premium,2026-04-25 03:05:00,user2785@example.com,user2785,159.2,S068,8,20,P7096,High,199.0,234.82
U02786,TXN102786,East,2025-12-23,Grocery,8156.7,Refunded,Jaipur,50,Premium,2025-12-23 06:34:00,user2786@example.com,user2786,4078.35,S082,2,5,P5108,High,4293.0,5065.74
U02787,TXN102787,North,2025-06-24,Books,20780.8,Completed,Pune,64,Free,2025-06-24 02:20:00,user2787@example.com,user2787,2597.6,S049,8,15,P8801,Medium,3056.0,3606.08
U02788,TXN102788,North,2025-12-07,Sports,10268.0,Completed,Jaipur,53,Basic,2025-12-07 00:58:00,user2788@example.com,user2788,1026.8,S019,10,15,P6620,Urgent,1208.0,1425.44
U02789,TXN102789,North,2025-03-29,Grocery,873.8,Pending,Pune,59,Free,2025-03-29 04:40:00,user2789@example.com,user2789,873.8,S005,1,15,P7894,Medium,1028.0,1213.04
U02790,TXN102790,East,2026-04-13,Electronics,43425.0,Refunded,Pune,40,Free,2026-04-13 23:40:00,user2790@example.com,user2790,4825.0,S032,9,0,P4580,Low,4825.0,5693.5
U02791,TXN102791,West,2025-12-19,Grocery,2913.0,Pending,Delhi,27,Premium,2025-12-19 23:09:00,user2791@example.com,user2791,1456.5,S059,2,25,P2254,Urgent,1942.0,2291.56
U02792,TXN102792,South,2025-04-09,Sports,18351.0,Failed,Hyderabad,70,Basic,2025-04-09 05:41:00,user2792@example.com,user2792,3670.2,S095,5,10,P7564,Low,4078.0,4812.04
U02793,TXN102793,South,2025-05-03,Sports,2146.2,Pending,Kolkata,40,Premium,2025-05-03 07:52:00,user2793@example.com,user2793,2146.2,S014,1,30,P4393,Urgent,3066.0,3617.88
U02794,TXN102794,East,2026-04-18,Sports,3280.2,Failed,Kolkata,35,Free,2026-04-18 05:35:00,user2794@example.com,user2794,3280.2,S084,1,30,P6492,Urgent,4686.0,5529.48
U02795,TXN102795,South,2025-07-14,Electronics,13576.0,Refunded,Pune,20,Free,2025-07-14 00:30:00,user2795@example.com,user2795,1697.0,S078,8,0,P6039,High,1697.0,2002.46
U02796,TXN102796,North,2025-04-06,Electronics,11740.8,Refunded,Jaipur,53,Free,2025-04-06 18:29:00,user2796@example.com,user2796,3913.6,S041,3,20,P8098,Urgent,4892.0,5772.56
U02797,TXN102797,West,2026-03-10,Sports,15651.0,Failed,Mumbai,33,Free,2026-03-10 19:40:00,user2797@example.com,user2797,1565.1,S007,10,10,P7941,Urgent,1739.0,2052.02
U02798,TXN102798,West,2025-12-05,Books,906.5,Failed,Jaipur,41,Basic,2025-12-05 01:40:00,user2798@example.com,user2798,906.5,S088,1,30,P9101,Urgent,1295.0,1528.1
U02799,TXN102799,South,2026-03-01,Books,5808.0,Refunded,Hyderabad,68,Basic,2026-03-01 08:35:00,user2799@example.com,user2799,726.0,S076,8,0,P4025,High,726.0,856.68
U02800,TXN102800,North,2025-06-02,Home,1695.0,Refunded,Delhi,55,Basic,2025-06-02 08:14:00,user2800@example.com,user2800,423.75,S098,4,25,P4054,Urgent,565.0,666.7
U02801,TXN102801,South,2025-10-13,Grocery,25004.0,Failed,Jaipur,20,Free,2025-10-13 01:24:00,user2801@example.com,user2801,3572.0,S014,7,20,P7963,Medium,4465.0,5268.7
U02802,TXN102802,East,2025-12-14,Home,5699.2,Failed,Delhi,43,Basic,2025-12-14 15:50:00,user2802@example.com,user2802,1424.8,S044,4,20,P3252,Medium,1781.0,2101.58
U02803,TXN102803,North,2025-08-27,Books,2867.25,Completed,Kolkata,61,Basic,2025-08-27 15:04:00,user2803@example.com,user2803,2867.25,S056,1,25,P6561,Urgent,3823.0,4511.14
U02804,TXN102804,South,2025-12-08,Sports,9545.0,Completed,Hyderabad,23,Free,2025-12-08 02:46:00,user2804@example.com,user2804,1909.0,S007,5,0,P1795,Urgent,1909.0,2252.62
U02805,TXN102805,North,2025-07-10,Sports,14078.4,Pending,Chennai,30,Premium,2025-07-10 18:25:00,user2805@example.com,user2805,1759.8,S050,8,30,P7455,Medium,2514.0,2966.52
U02806,TXN102806,North,2025-12-19,Fashion,17430.0,Refunded,Chennai,46,Free,2025-12-19 19:18:00,user2806@example.com,user2806,1743.0,S071,10,25,P8275,Medium,2324.0,2742.32
U02807,TXN102807,North,2025-12-02,Home,6325.2,Refunded,Hyderabad,24,Premium,2025-12-02 12:48:00,user2807@example.com,user2807,1581.3,S094,4,30,P8930,Urgent,2259.0,2665.62
U02808,TXN102808,South,2025-08-23,Electronics,16101.4,Failed,Mumbai,64,Free,2025-08-23 15:41:00,user2808@example.com,user2808,2300.2,S082,7,30,P7049,High,3286.0,3877.48
U02809,TXN102809,East,2025-12-22,Books,23945.25,Failed,Pune,58,Premium,2025-12-22 01:03:00,user2809@example.com,user2809,3420.75,S001,7,25,P5575,High,4561.0,5381.98
U02810,TXN102810,North,2025-09-25,Electronics,22245.3,Completed,Jaipur,47,Free,2025-09-25 00:05:00,user2810@example.com,user2810,3177.9,S068,7,10,P1628,Medium,3531.0,4166.58
U02811,TXN102811,East,2026-03-03,Home,16150.4,Pending,Chennai,51,Premium,2026-03-03 18:05:00,user2811@example.com,user2811,2307.2,S072,7,30,P1513,Medium,3296.0,3889.28
U02812,TXN102812,West,2025-08-03,Home,8811.25,Refunded,Hyderabad,27,Basic,2025-08-03 15:50:00,user2812@example.com,user2812,1258.75,S096,7,5,P4215,Urgent,1325.0,1563.5
U02813,TXN102813,East,2026-01-28,Books,19695.2,Failed,Pune,70,Basic,2026-01-28 12:30:00,user2813@example.com,user2813,2461.9,S028,8,30,P3885,Low,3517.0,4150.06
U02814,TXN102814,East,2025-03-12,Grocery,21896.0,Pending,Pune,58,Premium,2025-03-12 03:27:00,user2814@example.com,user2814,2189.6,S043,10,30,P8498,Urgent,3128.0,3691.04
U02815,TXN102815,South,2026-04-15,Electronics,5525.0,Pending,Jaipur,21,Premium,2026-04-15 03:48:00,user2815@example.com,user2815,2762.5,S077,2,15,P4036,Medium,3250.0,3835.0
U02816,TXN102816,South,2025-08-16,Books,1312.2,Pending,Hyderabad,29,Free,2025-08-16 08:48:00,user2816@example.com,user2816,1312.2,S038,1,10,P6928,Medium,1458.0,1720.44
U02817,TXN102817,East,2026-02-20,Home,6375.0,Pending,Pune,25,Premium,2026-02-20 11:37:00,user2817@example.com,user2817,1275.0,S029,5,15,P3145,High,1500.0,1770.0
U02818,TXN102818,North,2026-02-01,Books,5777.9,Pending,Mumbai,50,Free,2026-02-01 18:43:00,user2818@example.com,user2818,2888.95,S058,2,5,P4189,Medium,3041.0,3588.38
U02819,TXN102819,North,2025-12-29,Fashion,12796.0,Completed,Chennai,64,Basic,2025-12-29 02:44:00,user2819@example.com,user2819,3199.0,S065,4,30,P6025,High,4570.0,5392.6
U02820,TXN102820,East,2026-02-06,Home,9517.5,Failed,Delhi,48,Free,2026-02-06 20:56:00,user2820@example.com,user2820,1057.5,S091,9,25,P7735,Urgent,1410.0,1663.8
U02821,TXN102821,North,2025-08-29,Grocery,607.6,Failed,Mumbai,70,Premium,2025-08-29 10:23:00,user2821@example.com,user2821,607.6,S019,1,30,P7148,High,868.0,1024.24
U02822,TXN102822,East,2026-04-23,Electronics,7085.1,Refunded,Chennai,59,Premium,2026-04-23 12:44:00,user2822@example.com,user2822,2361.7,S078,3,5,P9267,Medium,2486.0,2933.48
U02823,TXN102823,North,2025-02-08,Electronics,17847.9,Pending,Kolkata,69,Basic,2025-02-08 16:57:00,user2823@example.com,user2823,1983.1,S081,9,30,P3423,Urgent,2833.0,3342.94
U02824,TXN102824,South,2025-07-17,Electronics,12906.0,Failed,Bengaluru,67,Premium,2025-07-17 20:54:00,user2824@example.com,user2824,2581.2,S017,5,10,P9797,High,2868.0,3384.24
U02825,TXN102825,East,2025-08-12,Grocery,3244.5,Completed,Kolkata,30,Free,2025-08-12 21:38:00,user2825@example.com,user2825,648.9,S083,5,30,P8185,Medium,927.0,1093.86
U02826,TXN102826,North,2026-03-24,Home,14935.2,Failed,Jaipur,36,Basic,2026-03-24 19:21:00,user2826@example.com,user2826,2133.6,S077,7,30,P9715,Low,3048.0,3596.64
U02827,TXN102827,North,2025-04-12,Books,7156.8,Refunded,Chennai,48,Free,2025-04-12 06:39:00,user2827@example.com,user2827,795.2,S034,9,20,P3694,High,994.0,1172.92
U02828,TXN102828,North,2025-11-11,Electronics,8239.9,Refunded,Chennai,18,Premium,2025-11-11 10:03:00,user2828@example.com,user2828,4119.95,S028,2,15,P9172,Urgent,4847.0,5719.46
U02829,TXN102829,East,2025-10-28,Electronics,15779.4,Refunded,Bengaluru,52,Premium,2025-10-28 23:09:00,user2829@example.com,user2829,2254.2,S039,7,15,P5629,Medium,2652.0,3129.36
U02830,TXN102830,West,2025-08-08,Fashion,24040.8,Failed,Chennai,49,Basic,2025-08-08 16:20:00,user2830@example.com,user2830,4006.8,S070,6,10,P2898,Urgent,4452.0,5253.36
U02831,TXN102831,East,2025-04-25,Electronics,28462.5,Completed,Mumbai,56,Basic,2025-04-25 23:53:00,user2831@example.com,user2831,2846.25,S065,10,25,P4601,Urgent,3795.0,4478.1
U02832,TXN102832,West,2025-07-02,Electronics,3915.9,Completed,Hyderabad,57,Premium,2025-07-02 16:03:00,user2832@example.com,user2832,1305.3,S090,3,5,P7344,High,1374.0,1621.32
U02833,TXN102833,West,2026-04-13,Electronics,17392.5,Pending,Mumbai,31,Free,2026-04-13 16:23:00,user2833@example.com,user2833,3478.5,S029,5,10,P2740,High,3865.0,4560.7
U02834,TXN102834,North,2025-07-05,Grocery,3032.0,Refunded,Bengaluru,35,Free,2025-07-05 19:05:00,user2834@example.com,user2834,758.0,S016,4,0,P9866,Medium,758.0,894.44
U02835,TXN102835,East,2025-12-25,Fashion,7070.85,Pending,Pune,50,Basic,2025-12-25 05:01:00,user2835@example.com,user2835,785.65,S017,9,5,P1924,Urgent,827.0,975.86
U02836,TXN102836,South,2025-04-03,Books,3069.0,Failed,Mumbai,33,Free,2025-04-03 00:38:00,user2836@example.com,user2836,306.9,S008,10,10,P8081,Low,341.0,402.38
U02837,TXN102837,North,2025-03-06,Books,17224.2,Failed,Hyderabad,41,Free,2025-03-06 17:14:00,user2837@example.com,user2837,1913.8,S006,9,30,P4831,Low,2734.0,3226.12
U02838,TXN102838,West,2025-07-30,Grocery,6459.6,Refunded,Hyderabad,32,Free,2025-07-30 13:04:00,user2838@example.com,user2838,1614.9,S089,4,30,P4186,Low,2307.0,2722.26
U02839,TXN102839,West,2025-12-11,Books,2652.0,Failed,Kolkata,18,Premium,2025-12-11 09:07:00,user2839@example.com,user2839,331.5,S008,8,25,P7944,High,442.0,521.56
U02840,TXN102840,West,2025-08-13,Grocery,2971.6,Pending,Mumbai,35,Basic,2025-08-13 05:28:00,user2840@example.com,user2840,2971.6,S036,1,15,P2140,Urgent,3496.0,4125.28
U02841,TXN102841,East,2026-03-20,Fashion,5628.0,Failed,Hyderabad,36,Free,2026-03-20 18:25:00,user2841@example.com,user2841,1407.0,S053,4,25,P5815,High,1876.0,2213.68
U02842,TXN102842,South,2025-05-08,Fashion,23001.3,Refunded,Mumbai,25,Premium,2025-05-08 17:45:00,user2842@example.com,user2842,2555.7,S063,9,30,P3819,High,3651.0,4308.18
U02843,TXN102843,North,2025-10-15,Books,15785.0,Refunded,Mumbai,45,Free,2025-10-15 03:08:00,user2843@example.com,user2843,2255.0,S051,7,0,P8762,High,2255.0,2660.9
U02844,TXN102844,West,2026-01-15,Grocery,17111.4,Pending,Kolkata,22,Basic,2026-01-15 21:45:00,user2844@example.com,user2844,4277.85,S094,4,5,P9409,Urgent,4503.0,5313.54
U02845,TXN102845,South,2025-05-21,Books,10745.7,Refunded,Delhi,70,Premium,2025-05-21 03:15:00,user2845@example.com,user2845,3581.9,S076,3,15,P4642,High,4214.0,4972.52
U02846,TXN102846,North,2025-01-19,Electronics,8964.0,Pending,Bengaluru,35,Free,2025-01-19 02:15:00,user2846@example.com,user2846,996.0,S020,9,20,P8334,Low,1245.0,1469.1
U02847,TXN102847,North,2025-10-27,Books,25704.0,Pending,Pune,41,Basic,2025-10-27 22:45:00,user2847@example.com,user2847,2856.0,S058,9,0,P1921,Medium,2856.0,3370.08
U02848,TXN102848,North,2025-03-26,Grocery,3880.8,Refunded,Jaipur,61,Basic,2025-03-26 03:44:00,user2848@example.com,user2848,970.2,S029,4,10,P6222,Low,1078.0,1272.04
U02849,TXN102849,North,2026-01-16,Grocery,5221.2,Failed,Hyderabad,49,Free,2026-01-16 12:52:00,user2849@example.com,user2849,1305.3,S065,4,5,P8513,Medium,1374.0,1621.32
U02850,TXN102850,South,2025-09-04,Books,18093.6,Completed,Pune,63,Free,2025-09-04 04:34:00,user2850@example.com,user2850,2584.8,S052,7,10,P1997,Low,2872.0,3388.96
U02851,TXN102851,East,2025-09-28,Sports,5278.5,Completed,Jaipur,51,Basic,2025-09-28 20:31:00,user2851@example.com,user2851,1759.5,S063,3,15,P7892,Medium,2070.0,2442.6
U02852,TXN102852,West,2025-04-17,Fashion,3411.0,Pending,Kolkata,21,Basic,2025-04-17 08:36:00,user2852@example.com,user2852,3411.0,S065,1,25,P1335,Low,4548.0,5366.64
U02853,TXN102853,East,2025-12-14,Grocery,9544.5,Failed,Bengaluru,65,Free,2025-12-14 00:51:00,user2853@example.com,user2853,3181.5,S027,3,25,P4135,Low,4242.0,5005.56
U02854,TXN102854,North,2025-06-03,Fashion,3492.0,Refunded,Chennai,32,Premium,2025-06-03 11:57:00,user2854@example.com,user2854,1746.0,S058,2,25,P4279,Medium,2328.0,2747.04
U02855,TXN102855,North,2026-01-07,Electronics,7231.8,Refunded,Pune,40,Premium,2026-01-07 03:45:00,user2855@example.com,user2855,1205.3,S049,6,15,P7211,High,1418.0,1673.24
U02856,TXN102856,East,2025-07-24,Electronics,3988.0,Failed,Mumbai,53,Premium,2025-07-24 10:02:00,user2856@example.com,user2856,997.0,S098,4,0,P3143,High,997.0,1176.46
U02857,TXN102857,West,2025-01-25,Grocery,32150.0,Failed,Delhi,66,Free,2025-01-25 12:23:00,user2857@example.com,user2857,3215.0,S009,10,0,P8886,Low,3215.0,3793.7
U02858,TXN102858,South,2025-06-10,Books,10698.1,Completed,Pune,60,Premium,2025-06-10 17:28:00,user2858@example.com,user2858,1528.3,S069,7,15,P4704,Low,1798.0,2121.64
U02859,TXN102859,East,2025-12-27,Home,44630.0,Completed,Pune,19,Basic,2025-12-27 05:46:00,user2859@example.com,user2859,4463.0,S073,10,0,P9181,Urgent,4463.0,5266.34
U02860,TXN102860,North,2026-04-18,Home,11781.0,Refunded,Pune,44,Premium,2026-04-18 08:22:00,user2860@example.com,user2860,2945.25,S096,4,15,P9964,Low,3465.0,4088.7
U02861,TXN102861,West,2025-01-14,Home,21778.4,Completed,Mumbai,35,Free,2025-01-14 19:45:00,user2861@example.com,user2861,3111.2,S067,7,20,P2744,Urgent,3889.0,4589.02
U02862,TXN102862,South,2025-03-03,Books,7764.75,Completed,Delhi,51,Basic,2025-03-03 23:30:00,user2862@example.com,user2862,2588.25,S053,3,15,P6238,Medium,3045.0,3593.1
U02863,TXN102863,West,2026-03-06,Books,1403.15,Refunded,Bengaluru,34,Premium,2026-03-06 18:02:00,user2863@example.com,user2863,1403.15,S077,1,5,P2529,Medium,1477.0,1742.86
U02864,TXN102864,West,2025-08-10,Sports,5051.25,Completed,Chennai,20,Basic,2025-08-10 16:36:00,user2864@example.com,user2864,1010.25,S081,5,25,P6733,Low,1347.0,1589.46
U02865,TXN102865,East,2026-03-17,Home,17545.5,Refunded,Bengaluru,25,Basic,2026-03-17 00:26:00,user2865@example.com,user2865,2506.5,S091,7,25,P4329,Low,3342.0,3943.56
U02866,TXN102866,South,2025-04-21,Electronics,17104.5,Refunded,Delhi,68,Premium,2025-04-21 10:01:00,user2866@example.com,user2866,2443.5,S042,7,25,P5955,Medium,3258.0,3844.44
U02867,TXN102867,East,2025-05-06,Electronics,47452.5,Pending,Kolkata,24,Basic,2025-05-06 17:18:00,user2867@example.com,user2867,4745.25,S078,10,5,P3574,High,4995.0,5894.1
U02868,TXN102868,South,2025-09-24,Fashion,1209.0,Completed,Delhi,59,Basic,2025-09-24 21:44:00,user2868@example.com,user2868,302.25,S051,4,25,P1749,Medium,403.0,475.54
U02869,TXN102869,East,2025-07-20,Sports,24564.0,Failed,Hyderabad,33,Premium,2025-07-20 05:28:00,user2869@example.com,user2869,4094.0,S003,6,0,P9008,High,4094.0,4830.92
U02870,TXN102870,West,2025-05-05,Fashion,1499.4,Failed,Mumbai,29,Basic,2025-05-05 13:42:00,user2870@example.com,user2870,1499.4,S052,1,10,P5128,High,1666.0,1965.88
U02871,TXN102871,West,2025-07-15,Books,2304.75,Pending,Delhi,21,Premium,2025-07-15 13:12:00,user2871@example.com,user2871,2304.75,S067,1,25,P1143,Urgent,3073.0,3626.14
U02872,TXN102872,North,2025-05-04,Sports,12813.0,Refunded,Hyderabad,29,Basic,2025-05-04 18:41:00,user2872@example.com,user2872,4271.0,S066,3,0,P6357,Urgent,4271.0,5039.78
U02873,TXN102873,North,2025-07-11,Fashion,3553.0,Refunded,Mumbai,42,Basic,2025-07-11 16:50:00,user2873@example.com,user2873,3553.0,S007,1,15,P9265,Medium,4180.0,4932.4
U02874,TXN102874,South,2025-09-20,Fashion,27966.4,Refunded,Delhi,53,Basic,2025-09-20 05:25:00,user2874@example.com,user2874,3495.8,S094,8,30,P6246,Low,4994.0,5892.92
U02875,TXN102875,South,2025-01-21,Grocery,11859.2,Refunded,Bengaluru,54,Free,2025-01-21 19:27:00,user2875@example.com,user2875,1482.4,S009,8,20,P1108,Low,1853.0,2186.54
U02876,TXN102876,North,2026-02-04,Electronics,1755.0,Failed,Jaipur,26,Premium,2026-02-04 10:23:00,user2876@example.com,user2876,1755.0,S007,1,10,P1881,Low,1950.0,2301.0
U02877,TXN102877,South,2025-05-28,Fashion,5644.9,Pending,Jaipur,35,Premium,2025-05-28 09:15:00,user2877@example.com,user2877,2822.45,S051,2,5,P1164,Urgent,2971.0,3505.78
U02878,TXN102878,South,2025-07-01,Grocery,17310.9,Pending,Jaipur,22,Free,2025-07-01 02:57:00,user2878@example.com,user2878,2885.15,S056,6,5,P7549,Medium,3037.0,3583.66
U02879,TXN102879,North,2025-11-06,Books,13140.0,Failed,Chennai,52,Premium,2025-11-06 12:57:00,user2879@example.com,user2879,2628.0,S040,5,10,P7590,Medium,2920.0,3445.6
U02880,TXN102880,South,2025-06-17,Electronics,3164.0,Failed,Chennai,68,Basic,2025-06-17 16:24:00,user2880@example.com,user2880,791.0,S071,4,30,P7692,High,1130.0,1333.4
U02881,TXN102881,South,2026-02-22,Sports,4580.0,Failed,Chennai,54,Premium,2026-02-22 01:51:00,user2881@example.com,user2881,916.0,S002,5,20,P8580,High,1145.0,1351.1
U02882,TXN102882,East,2025-01-05,Fashion,20338.8,Completed,Chennai,46,Basic,2025-01-05 10:41:00,user2882@example.com,user2882,3389.8,S070,6,15,P4246,Urgent,3988.0,4705.84
U02883,TXN102883,West,2025-09-04,Electronics,6566.4,Failed,Jaipur,33,Premium,2025-09-04 18:22:00,user2883@example.com,user2883,729.6,S010,9,5,P8321,Urgent,768.0,906.24
U02884,TXN102884,West,2026-01-11,Home,3909.6,Pending,Bengaluru,64,Basic,2026-01-11 23:53:00,user2884@example.com,user2884,651.6,S034,6,10,P2716,High,724.0,854.32
U02885,TXN102885,North,2025-07-19,Sports,17536.5,Completed,Pune,63,Premium,2025-07-19 13:50:00,user2885@example.com,user2885,1948.5,S074,9,25,P5397,Low,2598.0,3065.64
U02886,TXN102886,North,2026-02-03,Grocery,14053.2,Pending,Delhi,56,Premium,2026-02-03 15:18:00,user2886@example.com,user2886,2342.2,S080,6,30,P2474,Low,3346.0,3948.28
U02887,TXN102887,East,2026-02-20,Fashion,2687.4,Failed,Delhi,69,Premium,2026-02-20 04:47:00,user2887@example.com,user2887,2687.4,S070,1,10,P7352,High,2986.0,3523.48
U02888,TXN102888,West,2026-03-16,Grocery,27483.05,Refunded,Chennai,49,Free,2026-03-16 03:38:00,user2888@example.com,user2888,3926.15,S013,7,15,P7234,Urgent,4619.0,5450.42
U02889,TXN102889,South,2025-03-02,Books,9082.0,Pending,Bengaluru,21,Basic,2025-03-02 03:00:00,user2889@example.com,user2889,908.2,S092,10,5,P6773,Medium,956.0,1128.08
U02890,TXN102890,West,2025-08-05,Grocery,5736.0,Refunded,Hyderabad,26,Basic,2025-08-05 19:53:00,user2890@example.com,user2890,2868.0,S095,2,0,P4580,Low,2868.0,3384.24
U02891,TXN102891,North,2026-04-24,Grocery,9855.75,Pending,Delhi,39,Basic,2026-04-24 11:26:00,user2891@example.com,user2891,1971.15,S055,5,15,P9201,High,2319.0,2736.42
U02892,TXN102892,North,2026-04-16,Electronics,2640.4,Pending,Delhi,70,Free,2026-04-16 02:53:00,user2892@example.com,user2892,1320.2,S058,2,30,P4718,Medium,1886.0,2225.48
U02893,TXN102893,East,2025-08-30,Home,21945.6,Pending,Hyderabad,46,Basic,2025-08-30 03:30:00,user2893@example.com,user2893,2743.2,S095,8,20,P7318,Low,3429.0,4046.22
U02894,TXN102894,South,2025-10-21,Grocery,9873.6,Refunded,Delhi,46,Free,2025-10-21 18:30:00,user2894@example.com,user2894,1645.6,S046,6,15,P6580,Medium,1936.0,2284.48
U02895,TXN102895,West,2025-06-08,Books,29303.75,Completed,Kolkata,69,Free,2025-06-08 14:28:00,user2895@example.com,user2895,4186.25,S085,7,15,P6985,High,4925.0,5811.5
U02896,TXN102896,West,2025-07-10,Fashion,37417.0,Refunded,Pune,42,Basic,2025-07-10 00:37:00,user2896@example.com,user2896,3741.7,S002,10,15,P9951,Urgent,4402.0,5194.36
U02897,TXN102897,East,2026-01-31,Sports,16890.0,Failed,Mumbai,40,Premium,2026-01-31 10:06:00,user2897@example.com,user2897,1689.0,S032,10,25,P9409,Medium,2252.0,2657.36
U02898,TXN102898,North,2026-03-19,Books,40920.3,Completed,Jaipur,30,Free,2026-03-19 05:54:00,user2898@example.com,user2898,4546.7,S063,9,5,P1674,Medium,4786.0,5647.48
U02899,TXN102899,North,2025-12-16,Sports,4564.8,Completed,Jaipur,45,Basic,2025-12-16 09:57:00,user2899@example.com,user2899,2282.4,S066,2,20,P7511,Low,2853.0,3366.54
U02900,TXN102900,East,2026-02-23,Electronics,6696.0,Completed,Delhi,41,Basic,2026-02-23 14:43:00,user2900@example.com,user2900,2232.0,S078,3,0,P6422,Low,2232.0,2633.76
U02901,TXN102901,South,2026-03-06,Sports,14832.0,Refunded,Bengaluru,31,Premium,2026-03-06 16:04:00,user2901@example.com,user2901,3708.0,S097,4,20,P8501,Medium,4635.0,5469.3
U02902,TXN102902,South,2025-10-15,Grocery,4183.2,Pending,Jaipur,68,Premium,2025-10-15 18:51:00,user2902@example.com,user2902,2091.6,S021,2,10,P3714,High,2324.0,2742.32
U02903,TXN102903,South,2025-05-27,Sports,5620.8,Failed,Delhi,43,Premium,2025-05-27 11:35:00,user2903@example.com,user2903,2810.4,S037,2,20,P2041,Medium,3513.0,4145.34
U02904,TXN102904,South,2025-06-10,Fashion,5854.8,Failed,Pune,44,Free,2025-06-10 15:58:00,user2904@example.com,user2904,2927.4,S065,2,15,P9358,Urgent,3444.0,4063.92
U02905,TXN102905,South,2026-02-26,Home,4536.0,Pending,Hyderabad,51,Basic,2026-02-26 16:04:00,user2905@example.com,user2905,504.0,S016,9,0,P2125,Low,504.0,594.72
U02906,TXN102906,East,2025-06-10,Sports,9118.8,Failed,Kolkata,35,Premium,2025-06-10 12:35:00,user2906@example.com,user2906,1519.8,S043,6,15,P5715,High,1788.0,2109.84
U02907,TXN102907,South,2025-10-28,Sports,4354.8,Pending,Mumbai,67,Basic,2025-10-28 03:24:00,user2907@example.com,user2907,4354.8,S066,1,5,P1319,High,4584.0,5409.12
U02908,TXN102908,North,2025-11-09,Fashion,3935.5,Pending,Jaipur,51,Free,2025-11-09 16:57:00,user2908@example.com,user2908,3935.5,S027,1,15,P6742,High,4630.0,5463.4
U02909,TXN102909,West,2025-02-10,Home,5475.8,Pending,Hyderabad,57,Premium,2025-02-10 12:00:00,user2909@example.com,user2909,2737.9,S086,2,5,P8471,Urgent,2882.0,3400.76
U02910,TXN102910,South,2025-02-20,Electronics,10903.8,Completed,Jaipur,65,Free,2025-02-20 23:34:00,user2910@example.com,user2910,1817.3,S064,6,15,P6081,Low,2138.0,2522.84
U02911,TXN102911,North,2026-03-31,Sports,5880.0,Completed,Pune,20,Free,2026-03-31 06:15:00,user2911@example.com,user2911,2940.0,S090,2,0,P4261,Low,2940.0,3469.2
U02912,TXN102912,East,2025-05-12,Home,13812.0,Failed,Kolkata,55,Free,2025-05-12 23:39:00,user2912@example.com,user2912,2302.0,S046,6,0,P5275,Low,2302.0,2716.36
U02913,TXN102913,East,2026-03-06,Grocery,12117.6,Completed,Kolkata,26,Basic,2026-03-06 22:15:00,user2913@example.com,user2913,1346.4,S095,9,15,P5649,Medium,1584.0,1869.12
U02914,TXN102914,North,2026-01-31,Home,4878.0,Failed,Bengaluru,57,Basic,2026-01-31 14:18:00,user2914@example.com,user2914,2439.0,S026,2,25,P5946,Low,3252.0,3837.36
U02915,TXN102915,West,2025-06-10,Sports,20115.0,Pending,Mumbai,27,Premium,2025-06-10 02:15:00,user2915@example.com,user2915,2235.0,S049,9,25,P1837,High,2980.0,3516.4
U02916,TXN102916,South,2025-02-13,Electronics,20288.0,Completed,Kolkata,46,Free,2025-02-13 12:10:00,user2916@example.com,user2916,2536.0,S064,8,20,P8097,Low,3170.0,3740.6
U02917,TXN102917,West,2025-02-10,Home,8415.0,Pending,Delhi,66,Free,2025-02-10 23:24:00,user2917@example.com,user2917,841.5,S049,10,10,P6778,Low,935.0,1103.3
U02918,TXN102918,North,2025-04-09,Electronics,29198.25,Pending,Chennai,31,Free,2025-04-09 16:21:00,user2918@example.com,user2918,3244.25,S024,9,5,P1754,Medium,3415.0,4029.7
U02919,TXN102919,West,2025-02-11,Sports,2179.4,Refunded,Mumbai,18,Basic,2025-02-11 08:38:00,user2919@example.com,user2919,1089.7,S035,2,15,P8966,Medium,1282.0,1512.76
U02920,TXN102920,North,2025-08-13,Books,708.75,Pending,Jaipur,43,Premium,2025-08-13 06:29:00,user2920@example.com,user2920,708.75,S061,1,25,P2302,Low,945.0,1115.1
U02921,TXN102921,North,2026-03-10,Sports,12772.75,Completed,Chennai,33,Premium,2026-03-10 12:23:00,user2921@example.com,user2921,2554.55,S037,5,5,P8161,Urgent,2689.0,3173.02
U02922,TXN102922,West,2025-03-06,Home,117.8,Failed,Pune,47,Premium,2025-03-06 13:14:00,user2922@example.com,user2922,117.8,S099,1,5,P3263,Low,124.0,146.32
U02923,TXN102923,West,2025-11-01,Home,10496.25,Refunded,Pune,18,Free,2025-11-01 10:48:00,user2923@example.com,user2923,1166.25,S054,9,25,P8729,Low,1555.0,1834.9
U02924,TXN102924,East,2025-09-05,Home,599.25,Refunded,Kolkata,19,Free,2025-09-05 17:48:00,user2924@example.com,user2924,599.25,S050,1,25,P2113,Low,799.0,942.82
U02925,TXN102925,West,2025-09-15,Sports,4953.3,Completed,Kolkata,26,Basic,2025-09-15 08:07:00,user2925@example.com,user2925,825.55,S046,6,5,P4813,Medium,869.0,1025.42
U02926,TXN102926,East,2025-05-23,Electronics,3259.9,Refunded,Bengaluru,30,Basic,2025-05-23 12:27:00,user2926@example.com,user2926,3259.9,S093,1,30,P9541,Medium,4657.0,5495.26
U02927,TXN102927,South,2025-10-28,Fashion,490.2,Refunded,Bengaluru,61,Free,2025-10-28 12:04:00,user2927@example.com,user2927,490.2,S016,1,5,P7272,Medium,516.0,608.88
U02928,TXN102928,North,2025-01-25,Electronics,5467.5,Refunded,Delhi,62,Basic,2025-01-25 04:03:00,user2928@example.com,user2928,1093.5,S029,5,10,P5553,Medium,1215.0,1433.7
U02929,TXN102929,East,2025-03-24,Grocery,10648.8,Completed,Bengaluru,30,Premium,2025-03-24 08:32:00,user2929@example.com,user2929,3549.6,S050,3,10,P9275,Low,3944.0,4653.92
U02930,TXN102930,South,2025-09-17,Books,12444.0,Refunded,Kolkata,52,Premium,2025-09-17 10:46:00,user2930@example.com,user2930,3111.0,S097,4,15,P5086,Urgent,3660.0,4318.8
U02931,TXN102931,South,2025-07-08,Sports,28476.0,Completed,Delhi,43,Premium,2025-07-08 05:57:00,user2931@example.com,user2931,3164.0,S059,9,30,P7178,Low,4520.0,5333.6
U02932,TXN102932,East,2025-03-06,Books,11337.3,Refunded,Jaipur,53,Basic,2025-03-06 23:42:00,user2932@example.com,user2932,3779.1,S038,3,10,P9982,High,4199.0,4954.82
U02933,TXN102933,West,2025-12-11,Sports,27702.0,Refunded,Chennai,47,Free,2025-12-11 04:35:00,user2933@example.com,user2933,3078.0,S026,9,5,P9192,Medium,3240.0,3823.2
U02934,TXN102934,West,2025-03-19,Sports,21911.75,Refunded,Mumbai,32,Premium,2025-03-19 19:43:00,user2934@example.com,user2934,3130.25,S020,7,5,P5836,High,3295.0,3888.1
U02935,TXN102935,South,2026-02-04,Electronics,8479.8,Completed,Chennai,37,Premium,2026-02-04 21:23:00,user2935@example.com,user2935,1413.3,S074,6,30,P6757,Low,2019.0,2382.42
U02936,TXN102936,West,2026-03-29,Grocery,3959.2,Completed,Jaipur,52,Premium,2026-03-29 17:14:00,user2936@example.com,user2936,989.8,S063,4,30,P1107,Urgent,1414.0,1668.52
U02937,TXN102937,East,2025-04-10,Books,2166.0,Completed,Delhi,49,Free,2025-04-10 18:49:00,user2937@example.com,user2937,216.6,S036,10,5,P6634,Medium,228.0,269.04
U02938,TXN102938,East,2026-01-07,Grocery,33082.8,Failed,Delhi,52,Free,2026-01-07 14:00:00,user2938@example.com,user2938,4135.35,S090,8,5,P2222,Urgent,4353.0,5136.54
U02939,TXN102939,West,2026-03-19,Home,2556.0,Refunded,Pune,18,Basic,2026-03-19 06:12:00,user2939@example.com,user2939,426.0,S074,6,0,P4676,Medium,426.0,502.68
U02940,TXN102940,East,2026-04-08,Electronics,1872.0,Refunded,Jaipur,31,Premium,2026-04-08 20:22:00,user2940@example.com,user2940,234.0,S054,8,10,P5178,High,260.0,306.8
U02941,TXN102941,West,2025-03-14,Grocery,10354.5,Pending,Kolkata,38,Free,2025-03-14 12:05:00,user2941@example.com,user2941,1150.5,S053,9,25,P6400,High,1534.0,1810.12
U02942,TXN102942,North,2025-11-10,Books,10755.0,Completed,Mumbai,22,Free,2025-11-10 14:14:00,user2942@example.com,user2942,3585.0,S005,3,25,P1301,Low,4780.0,5640.4
U02943,TXN102943,South,2025-08-30,Home,14952.0,Completed,Jaipur,56,Premium,2025-08-30 17:14:00,user2943@example.com,user2943,2990.4,S069,5,20,P9326,High,3738.0,4410.84
U02944,TXN102944,West,2025-09-09,Home,27141.75,Failed,Delhi,54,Premium,2025-09-09 11:43:00,user2944@example.com,user2944,3015.75,S085,9,25,P7744,Medium,4021.0,4744.78
U02945,TXN102945,North,2025-10-19,Sports,3082.1,Failed,Bengaluru,64,Free,2025-10-19 06:05:00,user2945@example.com,user2945,3082.1,S008,1,30,P8629,Medium,4403.0,5195.54
U02946,TXN102946,East,2025-11-05,Books,37912.0,Completed,Kolkata,53,Premium,2025-11-05 23:11:00,user2946@example.com,user2946,4739.0,S092,8,0,P3208,Medium,4739.0,5592.02
U02947,TXN102947,East,2025-01-23,Grocery,20313.0,Refunded,Mumbai,41,Free,2025-01-23 11:49:00,user2947@example.com,user2947,2257.0,S058,9,0,P7111,Medium,2257.0,2663.26
U02948,TXN102948,South,2025-11-16,Grocery,747.6,Refunded,Jaipur,40,Premium,2025-11-16 04:16:00,user2948@example.com,user2948,249.2,S062,3,30,P2939,Urgent,356.0,420.08
U02949,TXN102949,East,2025-05-09,Books,19997.5,Completed,Chennai,43,Basic,2025-05-09 07:08:00,user2949@example.com,user2949,1999.75,S002,10,5,P2851,Medium,2105.0,2483.9
U02950,TXN102950,South,2025-03-27,Electronics,5332.5,Failed,Hyderabad,57,Premium,2025-03-27 07:43:00,user2950@example.com,user2950,533.25,S022,10,25,P3994,Low,711.0,838.98
U02951,TXN102951,West,2025-08-24,Electronics,4516.0,Failed,Delhi,49,Basic,2025-08-24 09:56:00,user2951@example.com,user2951,1129.0,S022,4,0,P5666,Urgent,1129.0,1332.22
U02952,TXN102952,South,2025-04-29,Grocery,3682.0,Failed,Hyderabad,31,Free,2025-04-29 01:02:00,user2952@example.com,user2952,526.0,S019,7,0,P5337,Low,526.0,620.68
U02953,TXN102953,North,2025-06-10,Electronics,7816.6,Pending,Delhi,64,Free,2025-06-10 20:26:00,user2953@example.com,user2953,3908.3,S083,2,5,P5962,Urgent,4114.0,4854.52
U02954,TXN102954,North,2025-10-07,Sports,1728.0,Pending,Bengaluru,55,Premium,2025-10-07 06:51:00,user2954@example.com,user2954,576.0,S016,3,0,P1976,Urgent,576.0,679.68
U02955,TXN102955,North,2025-06-25,Books,7509.6,Failed,Bengaluru,70,Basic,2025-06-25 09:54:00,user2955@example.com,user2955,834.4,S020,9,20,P1947,High,1043.0,1230.74
U02956,TXN102956,East,2025-07-18,Fashion,2718.0,Completed,Hyderabad,44,Premium,2025-07-18 10:21:00,user2956@example.com,user2956,1359.0,S063,2,0,P8216,High,1359.0,1603.62
U02957,TXN102957,West,2025-05-14,Sports,935.2,Failed,Hyderabad,26,Premium,2025-05-14 15:05:00,user2957@example.com,user2957,133.6,S068,7,20,P6375,Low,167.0,197.06
U02958,TXN102958,South,2025-07-30,Home,3098.0,Failed,Pune,68,Free,2025-07-30 13:42:00,user2958@example.com,user2958,1549.0,S041,2,0,P3307,Medium,1549.0,1827.82
U02959,TXN102959,East,2025-04-09,Grocery,12960.0,Refunded,Chennai,58,Premium,2025-04-09 00:25:00,user2959@example.com,user2959,1620.0,S019,8,0,P4450,High,1620.0,1911.6
U02960,TXN102960,West,2025-08-25,Grocery,32092.5,Failed,Mumbai,59,Free,2025-08-25 10:14:00,user2960@example.com,user2960,3209.25,S088,10,25,P8125,Low,4279.0,5049.22
U02961,TXN102961,East,2025-03-19,Fashion,41236.65,Failed,Jaipur,20,Premium,2025-03-19 23:10:00,user2961@example.com,user2961,4581.85,S079,9,5,P1264,High,4823.0,5691.14
U02962,TXN102962,West,2025-10-04,Books,22118.7,Failed,Chennai,43,Basic,2025-10-04 04:03:00,user2962@example.com,user2962,3686.45,S055,6,15,P1768,High,4337.0,5117.66
U02963,TXN102963,North,2025-04-02,Books,9024.0,Completed,Mumbai,46,Premium,2025-04-02 19:38:00,user2963@example.com,user2963,2256.0,S041,4,25,P3103,Low,3008.0,3549.44
U02964,TXN102964,South,2025-03-13,Sports,32756.0,Pending,Chennai,22,Free,2025-03-13 03:07:00,user2964@example.com,user2964,4094.5,S093,8,5,P7836,Low,4310.0,5085.8
U02965,TXN102965,East,2025-08-28,Home,7252.0,Failed,Hyderabad,24,Free,2025-08-28 08:01:00,user2965@example.com,user2965,3626.0,S002,2,0,P2716,High,3626.0,4278.68
U02966,TXN102966,East,2025-10-30,Grocery,3244.8,Refunded,Chennai,38,Basic,2025-10-30 12:48:00,user2966@example.com,user2966,3244.8,S006,1,20,P3864,Medium,4056.0,4786.08
U02967,TXN102967,West,2025-04-19,Grocery,6801.0,Refunded,Delhi,35,Free,2025-04-19 12:24:00,user2967@example.com,user2967,2267.0,S002,3,0,P3041,Low,2267.0,2675.06
U02968,TXN102968,East,2026-02-20,Sports,13452.0,Refunded,Chennai,23,Basic,2026-02-20 17:14:00,user2968@example.com,user2968,2690.4,S021,5,20,P6284,Low,3363.0,3968.34
U02969,TXN102969,South,2025-02-14,Electronics,525.0,Pending,Mumbai,68,Basic,2025-02-14 17:01:00,user2969@example.com,user2969,75.0,S031,7,25,P8758,High,100.0,118.0
U02970,TXN102970,South,2025-11-15,Sports,40213.5,Pending,Chennai,53,Free,2025-11-15 04:11:00,user2970@example.com,user2970,4021.35,S035,10,5,P1270,Medium,4233.0,4994.94
U02971,TXN102971,West,2025-10-28,Electronics,10233.6,Refunded,Delhi,63,Basic,2025-10-28 07:11:00,user2971@example.com,user2971,3411.2,S082,3,20,P7221,High,4264.0,5031.52
U02972,TXN102972,North,2025-05-14,Books,7734.6,Pending,Kolkata,53,Free,2025-05-14 16:03:00,user2972@example.com,user2972,3867.3,S028,2,10,P9155,High,4297.0,5070.46
U02973,TXN102973,West,2025-04-04,Electronics,7773.75,Completed,Hyderabad,59,Basic,2025-04-04 03:07:00,user2973@example.com,user2973,1554.75,S086,5,25,P5958,Medium,2073.0,2446.14
U02974,TXN102974,North,2026-02-15,Books,450.0,Refunded,Jaipur,59,Basic,2026-02-15 08:26:00,user2974@example.com,user2974,150.0,S081,3,0,P1965,Urgent,150.0,177.0
U02975,TXN102975,West,2025-03-31,Grocery,3868.8,Refunded,Kolkata,31,Free,2025-03-31 04:11:00,user2975@example.com,user2975,3868.8,S089,1,20,P4123,High,4836.0,5706.48
U02976,TXN102976,South,2025-10-17,Books,8310.0,Refunded,Mumbai,50,Basic,2025-10-17 05:50:00,user2976@example.com,user2976,1662.0,S093,5,25,P1498,Low,2216.0,2614.88
U02977,TXN102977,North,2025-07-12,Home,24978.0,Completed,Delhi,22,Premium,2025-07-12 17:11:00,user2977@example.com,user2977,3122.25,S063,8,25,P3281,High,4163.0,4912.34
U02978,TXN102978,South,2026-02-19,Home,6064.75,Completed,Pune,59,Premium,2026-02-19 17:00:00,user2978@example.com,user2978,1212.95,S012,5,15,P2900,Medium,1427.0,1683.86
U02979,TXN102979,East,2026-03-26,Electronics,9441.0,Failed,Chennai,25,Basic,2026-03-26 08:49:00,user2979@example.com,user2979,3147.0,S009,3,0,P9630,Low,3147.0,3713.46
U02980,TXN102980,North,2026-02-21,Sports,8233.65,Pending,Jaipur,51,Free,2026-02-21 01:55:00,user2980@example.com,user2980,914.85,S095,9,5,P5617,Urgent,963.0,1136.34
U02981,TXN102981,South,2025-04-17,Electronics,5716.0,Pending,Pune,18,Premium,2025-04-17 09:12:00,user2981@example.com,user2981,2858.0,S014,2,0,P3261,Low,2858.0,3372.44
U02982,TXN102982,West,2026-01-02,Sports,4664.0,Pending,Delhi,30,Free,2026-01-02 21:55:00,user2982@example.com,user2982,932.8,S072,5,20,P8518,Low,1166.0,1375.88
U02983,TXN102983,North,2025-06-08,Books,26586.0,Completed,Bengaluru,36,Basic,2025-06-08 22:26:00,user2983@example.com,user2983,3798.0,S089,7,10,P3145,Urgent,4220.0,4979.6
U02984,TXN102984,West,2025-09-12,Home,14028.0,Completed,Pune,52,Premium,2025-09-12 13:38:00,user2984@example.com,user2984,2338.0,S029,6,0,P1269,Low,2338.0,2758.84
U02985,TXN102985,North,2025-03-14,Sports,7650.0,Refunded,Hyderabad,52,Basic,2025-03-14 18:58:00,user2985@example.com,user2985,1275.0,S044,6,0,P5017,Medium,1275.0,1504.5
U02986,TXN102986,East,2025-04-29,Grocery,7543.0,Completed,Kolkata,66,Basic,2025-04-29 20:55:00,user2986@example.com,user2986,3771.5,S012,2,5,P8194,Medium,3970.0,4684.6
U02987,TXN102987,South,2025-01-12,Home,1836.0,Refunded,Hyderabad,66,Premium,2025-01-12 07:20:00,user2987@example.com,user2987,306.0,S034,6,25,P4825,Urgent,408.0,481.44
U02988,TXN102988,West,2025-12-11,Home,34560.0,Failed,Chennai,21,Free,2025-12-11 03:41:00,user2988@example.com,user2988,3456.0,S095,10,10,P1901,Medium,3840.0,4531.2
U02989,TXN102989,East,2025-03-28,Electronics,27110.0,Completed,Kolkata,64,Premium,2025-03-28 01:08:00,user2989@example.com,user2989,2711.0,S033,10,0,P2946,Medium,2711.0,3198.98
U02990,TXN102990,North,2025-10-21,Fashion,27428.8,Completed,Chennai,28,Basic,2025-10-21 10:48:00,user2990@example.com,user2990,3918.4,S055,7,20,P9208,Urgent,4898.0,5779.64
U02991,TXN102991,South,2025-04-26,Sports,32967.0,Failed,Pune,56,Premium,2025-04-26 21:25:00,user2991@example.com,user2991,3663.0,S015,9,10,P1050,Low,4070.0,4802.6
U02992,TXN102992,South,2025-01-12,Sports,4176.0,Completed,Chennai,32,Basic,2025-01-12 16:57:00,user2992@example.com,user2992,1044.0,S079,4,25,P3991,High,1392.0,1642.56
U02993,TXN102993,South,2026-02-11,Sports,22853.2,Refunded,Jaipur,39,Basic,2026-02-11 07:17:00,user2993@example.com,user2993,2856.65,S059,8,5,P6521,Medium,3007.0,3548.26
U02994,TXN102994,East,2025-06-16,Home,32232.0,Completed,Mumbai,69,Free,2025-06-16 05:57:00,user2994@example.com,user2994,4029.0,S011,8,15,P3056,High,4740.0,5593.2
U02995,TXN102995,South,2025-09-17,Electronics,3507.0,Refunded,Delhi,23,Free,2025-09-17 08:55:00,user2995@example.com,user2995,1753.5,S096,2,30,P4799,High,2505.0,2955.9
U02996,TXN102996,East,2026-01-14,Electronics,1028.0,Pending,Kolkata,67,Basic,2026-01-14 18:34:00,user2996@example.com,user2996,1028.0,S068,1,20,P1811,High,1285.0,1516.3
U02997,TXN102997,South,2025-06-18,Sports,12199.6,Completed,Mumbai,58,Premium,2025-06-18 13:56:00,user2997@example.com,user2997,3049.9,S041,4,30,P4270,Medium,4357.0,5141.26
U02998,TXN102998,East,2025-12-16,Electronics,30821.0,Refunded,Delhi,33,Premium,2025-12-16 20:47:00,user2998@example.com,user2998,3082.1,S042,10,15,P8308,Urgent,3626.0,4278.68
U02999,TXN102999,East,2025-04-02,Home,5454.9,Refunded,Mumbai,31,Free,2025-04-02 06:30:00,user2999@example.com,user2999,606.1,S048,9,5,P3695,Urgent,638.0,752.84
U03000,TXN103000,East,2025-12-26,Fashion,12402.25,Refunded,Kolkata,66,Premium,2025-12-26 10:44:00,user3000@example.com,user3000,2480.45,S028,5,5,P7246,Medium,2611.0,3080.98
U03001,TXN103001,North,2025-04-06,Electronics,32274.5,Pending,Chennai,49,Basic,2025-04-06 10:13:00,user3001@example.com,user3001,3227.45,S079,10,15,P2448,High,3797.0,4480.46
U03002,TXN103002,West,2025-09-10,Fashion,15164.0,Completed,Pune,28,Premium,2025-09-10 00:13:00,user3002@example.com,user3002,1895.5,S037,8,15,P5300,Urgent,2230.0,2631.4
U03003,TXN103003,West,2025-04-22,Sports,10519.2,Pending,Kolkata,61,Premium,2025-04-22 10:27:00,user3003@example.com,user3003,3506.4,S056,3,20,P4366,High,4383.0,5171.94
U03004,TXN103004,West,2025-05-17,Sports,5176.8,Pending,Bengaluru,46,Basic,2025-05-17 21:39:00,user3004@example.com,user3004,575.2,S095,9,20,P6131,Urgent,719.0,848.42
U03005,TXN103005,South,2025-04-07,Electronics,3544.45,Refunded,Pune,50,Free,2025-04-07 17:01:00,user3005@example.com,user3005,3544.45,S015,1,5,P7952,Urgent,3731.0,4402.58
U03006,TXN103006,East,2025-10-28,Fashion,18056.5,Failed,Chennai,24,Free,2025-10-28 22:50:00,user3006@example.com,user3006,2579.5,S066,7,30,P7120,Urgent,3685.0,4348.3
U03007,TXN103007,North,2025-06-21,Home,619.4,Completed,Chennai,28,Basic,2025-06-21 05:25:00,user3007@example.com,user3007,154.85,S011,4,5,P7120,Medium,163.0,192.34
U03008,TXN103008,North,2025-10-18,Sports,12298.5,Failed,Jaipur,24,Basic,2025-10-18 21:13:00,user3008@example.com,user3008,2459.7,S073,5,10,P2163,Low,2733.0,3224.94
U03009,TXN103009,East,2025-02-13,Electronics,2021.6,Failed,Pune,62,Basic,2025-02-13 05:11:00,user3009@example.com,user3009,1010.8,S011,2,5,P7567,Urgent,1064.0,1255.52
U03010,TXN103010,North,2025-07-27,Electronics,6952.5,Refunded,Hyderabad,37,Premium,2025-07-27 21:02:00,user3010@example.com,user3010,1158.75,S032,6,25,P2564,High,1545.0,1823.1
U03011,TXN103011,South,2025-09-16,Grocery,18190.0,Pending,Chennai,49,Free,2025-09-16 07:24:00,user3011@example.com,user3011,3638.0,S063,5,15,P9697,High,4280.0,5050.4
U03012,TXN103012,North,2025-05-02,Books,16872.0,Completed,Pune,60,Premium,2025-05-02 05:19:00,user3012@example.com,user3012,2812.0,S028,6,5,P8383,High,2960.0,3492.8
U03013,TXN103013,South,2026-03-31,Fashion,10611.0,Refunded,Jaipur,26,Free,2026-03-31 09:15:00,user3013@example.com,user3013,3537.0,S007,3,0,P8094,Low,3537.0,4173.66
U03014,TXN103014,West,2025-09-21,Sports,1529.25,Refunded,Bengaluru,63,Free,2025-09-21 02:08:00,user3014@example.com,user3014,1529.25,S028,1,25,P3541,Urgent,2039.0,2406.02
U03015,TXN103015,East,2025-08-01,Books,15300.0,Completed,Hyderabad,26,Premium,2025-08-01 17:43:00,user3015@example.com,user3015,1912.5,S046,8,10,P8136,Urgent,2125.0,2507.5
U03016,TXN103016,East,2025-05-21,Home,2451.6,Failed,Kolkata,59,Basic,2025-05-21 02:56:00,user3016@example.com,user3016,1225.8,S059,2,10,P1316,Low,1362.0,1607.16
U03017,TXN103017,South,2025-03-22,Home,10672.0,Refunded,Hyderabad,44,Free,2025-03-22 09:54:00,user3017@example.com,user3017,2668.0,S096,4,20,P6382,High,3335.0,3935.3
U03018,TXN103018,East,2025-10-29,Sports,13494.6,Refunded,Jaipur,63,Basic,2025-10-29 02:55:00,user3018@example.com,user3018,3373.65,S049,4,15,P1929,Medium,3969.0,4683.42
U03019,TXN103019,West,2025-09-14,Sports,5750.4,Failed,Chennai,44,Basic,2025-09-14 04:14:00,user3019@example.com,user3019,1916.8,S092,3,20,P4173,Low,2396.0,2827.28
U03020,TXN103020,West,2025-09-17,Electronics,10254.3,Completed,Pune,50,Premium,2025-09-17 09:29:00,user3020@example.com,user3020,3418.1,S053,3,5,P3001,Low,3598.0,4245.64
U03021,TXN103021,South,2025-10-16,Home,3348.0,Failed,Mumbai,21,Premium,2025-10-16 21:19:00,user3021@example.com,user3021,418.5,S033,8,25,P2419,Low,558.0,658.44
U03022,TXN103022,North,2025-10-29,Fashion,10440.0,Completed,Chennai,26,Basic,2025-10-29 20:47:00,user3022@example.com,user3022,1044.0,S096,10,20,P7125,Low,1305.0,1539.9
U03023,TXN103023,West,2025-12-28,Sports,13585.0,Refunded,Pune,64,Premium,2025-12-28 19:24:00,user3023@example.com,user3023,3396.25,S049,4,5,P2284,Low,3575.0,4218.5
U03024,TXN103024,South,2025-07-05,Electronics,22839.9,Refunded,Delhi,48,Premium,2025-07-05 15:46:00,user3024@example.com,user3024,3806.65,S043,6,5,P2963,High,4007.0,4728.26
U03025,TXN103025,West,2025-05-18,Fashion,10804.5,Pending,Mumbai,64,Basic,2025-05-18 03:25:00,user3025@example.com,user3025,1543.5,S053,7,25,P3440,Low,2058.0,2428.44
U03026,TXN103026,South,2026-03-08,Grocery,28948.5,Refunded,Pune,54,Basic,2026-03-08 13:51:00,user3026@example.com,user3026,3216.5,S058,9,30,P6359,Urgent,4595.0,5422.1
U03027,TXN103027,North,2025-12-06,Grocery,10856.6,Completed,Chennai,24,Free,2025-12-06 14:48:00,user3027@example.com,user3027,2714.15,S092,4,5,P1826,Low,2857.0,3371.26
U03028,TXN103028,West,2026-03-18,Grocery,6097.5,Refunded,Mumbai,70,Free,2026-03-18 02:09:00,user3028@example.com,user3028,2032.5,S046,3,25,P8961,Urgent,2710.0,3197.8
U03029,TXN103029,East,2025-03-14,Grocery,30650.4,Refunded,Mumbai,55,Free,2025-03-14 16:56:00,user3029@example.com,user3029,3405.6,S045,9,20,P3620,Low,4257.0,5023.26
U03030,TXN103030,North,2025-02-12,Sports,187.6,Failed,Jaipur,57,Premium,2025-02-12 21:29:00,user3030@example.com,user3030,187.6,S051,1,30,P6665,High,268.0,316.24
U03031,TXN103031,West,2025-04-02,Books,13153.5,Refunded,Kolkata,43,Free,2025-04-02 21:00:00,user3031@example.com,user3031,2192.25,S031,6,25,P7746,High,2923.0,3449.14
U03032,TXN103032,West,2025-04-03,Fashion,34320.0,Completed,Hyderabad,64,Premium,2025-04-03 13:06:00,user3032@example.com,user3032,3432.0,S005,10,0,P6330,Urgent,3432.0,4049.76
U03033,TXN103033,North,2026-03-09,Electronics,19852.0,Completed,Bengaluru,23,Basic,2026-03-09 13:35:00,user3033@example.com,user3033,4963.0,S070,4,0,P6118,Urgent,4963.0,5856.34
U03034,TXN103034,South,2025-09-22,Sports,3749.35,Failed,Mumbai,54,Premium,2025-09-22 08:54:00,user3034@example.com,user3034,3749.35,S001,1,15,P5399,Urgent,4411.0,5204.98
U03035,TXN103035,South,2026-01-26,Books,1476.0,Refunded,Hyderabad,48,Basic,2026-01-26 16:16:00,user3035@example.com,user3035,147.6,S079,10,10,P4203,Urgent,164.0,193.52
U03036,TXN103036,North,2025-07-06,Books,4651.5,Completed,Jaipur,64,Premium,2025-07-06 11:35:00,user3036@example.com,user3036,930.3,S005,5,30,P8998,High,1329.0,1568.22
U03037,TXN103037,North,2025-05-08,Books,5956.5,Completed,Hyderabad,47,Premium,2025-05-08 19:19:00,user3037@example.com,user3037,2978.25,S078,2,25,P6448,Low,3971.0,4685.78
U03038,TXN103038,West,2025-12-26,Home,13459.5,Failed,Delhi,54,Premium,2025-12-26 16:47:00,user3038@example.com,user3038,4486.5,S097,3,10,P5971,Urgent,4985.0,5882.3
U03039,TXN103039,East,2025-07-12,Electronics,21148.4,Completed,Pune,67,Basic,2025-07-12 08:24:00,user3039@example.com,user3039,3021.2,S001,7,30,P9365,Urgent,4316.0,5092.88
U03040,TXN103040,South,2025-04-19,Grocery,20700.0,Completed,Bengaluru,28,Free,2025-04-19 00:00:00,user3040@example.com,user3040,2070.0,S050,10,25,P1170,High,2760.0,3256.8
U03041,TXN103041,South,2026-03-25,Electronics,9712.0,Refunded,Kolkata,27,Basic,2026-03-25 14:03:00,user3041@example.com,user3041,1214.0,S026,8,0,P6810,High,1214.0,1432.52
U03042,TXN103042,East,2026-01-31,Books,30321.9,Pending,Pune,28,Free,2026-01-31 05:52:00,user3042@example.com,user3042,4331.7,S027,7,10,P1190,High,4813.0,5679.34
U03043,TXN103043,South,2025-07-24,Home,27263.1,Failed,Chennai,37,Basic,2025-07-24 14:26:00,user3043@example.com,user3043,4543.85,S095,6,5,P5589,High,4783.0,5643.94
U03044,TXN103044,South,2026-01-05,Sports,8055.0,Completed,Delhi,22,Free,2026-01-05 16:41:00,user3044@example.com,user3044,2685.0,S046,3,25,P3886,Low,3580.0,4224.4
U03045,TXN103045,East,2025-05-06,Books,19161.6,Completed,Jaipur,35,Premium,2025-05-06 21:27:00,user3045@example.com,user3045,3193.6,S046,6,20,P7147,High,3992.0,4710.56
U03046,TXN103046,North,2025-12-22,Books,20921.25,Failed,Mumbai,42,Premium,2025-12-22 09:27:00,user3046@example.com,user3046,2988.75,S026,7,25,P1986,High,3985.0,4702.3
U03047,TXN103047,East,2025-07-21,Electronics,1241.6,Completed,Delhi,56,Basic,2025-07-21 07:27:00,user3047@example.com,user3047,1241.6,S023,1,20,P3820,Urgent,1552.0,1831.36
U03048,TXN103048,South,2025-07-16,Grocery,24522.0,Failed,Kolkata,41,Basic,2025-07-16 11:18:00,user3048@example.com,user3048,3065.25,S042,8,25,P5171,Medium,4087.0,4822.66
U03049,TXN103049,East,2025-12-22,Home,9045.0,Pending,Jaipur,20,Basic,2025-12-22 09:33:00,user3049@example.com,user3049,904.5,S095,10,10,P1165,High,1005.0,1185.9
U03050,TXN103050,South,2025-10-18,Electronics,49720.0,Pending,Jaipur,67,Free,2025-10-18 08:32:00,user3050@example.com,user3050,4972.0,S076,10,0,P4171,Urgent,4972.0,5866.96
U03051,TXN103051,South,2025-05-23,Fashion,10690.4,Pending,Jaipur,34,Free,2025-05-23 01:21:00,user3051@example.com,user3051,2672.6,S075,4,30,P6047,Low,3818.0,4505.24
U03052,TXN103052,West,2025-04-11,Sports,7938.0,Failed,Kolkata,58,Premium,2025-04-11 03:46:00,user3052@example.com,user3052,1323.0,S004,6,30,P5502,High,1890.0,2230.2
U03053,TXN103053,South,2026-03-12,Sports,7156.8,Failed,Mumbai,24,Basic,2026-03-12 13:29:00,user3053@example.com,user3053,1022.4,S048,7,10,P5051,Urgent,1136.0,1340.48
U03054,TXN103054,West,2025-08-31,Grocery,9224.25,Completed,Jaipur,43,Free,2025-08-31 14:16:00,user3054@example.com,user3054,1317.75,S076,7,25,P9481,Urgent,1757.0,2073.26
U03055,TXN103055,East,2025-03-09,Fashion,1902.3,Completed,Hyderabad,22,Premium,2025-03-09 16:31:00,user3055@example.com,user3055,634.1,S086,3,15,P7686,Low,746.0,880.28
U03056,TXN103056,West,2025-03-17,Grocery,26307.0,Refunded,Kolkata,46,Basic,2025-03-17 10:50:00,user3056@example.com,user3056,2630.7,S060,10,10,P1930,High,2923.0,3449.14
U03057,TXN103057,North,2026-03-15,Sports,16441.65,Failed,Delhi,18,Premium,2026-03-15 08:46:00,user3057@example.com,user3057,1826.85,S034,9,5,P9638,Medium,1923.0,2269.14
U03058,TXN103058,South,2025-09-27,Electronics,18513.0,Refunded,Hyderabad,68,Basic,2025-09-27 09:46:00,user3058@example.com,user3058,1851.3,S066,10,15,P9223,Low,2178.0,2570.04
U03059,TXN103059,West,2025-03-02,Fashion,30538.8,Refunded,Delhi,29,Premium,2025-03-02 21:08:00,user3059@example.com,user3059,3393.2,S047,9,15,P9529,Urgent,3992.0,4710.56
U03060,TXN103060,East,2025-03-17,Home,25821.0,Pending,Chennai,32,Free,2025-03-17 01:28:00,user3060@example.com,user3060,2582.1,S089,10,5,P4012,Medium,2718.0,3207.24
U03061,TXN103061,West,2025-12-03,Sports,8013.6,Completed,Bengaluru,62,Free,2025-12-03 20:38:00,user3061@example.com,user3061,1335.6,S011,6,30,P5355,Medium,1908.0,2251.44
U03062,TXN103062,South,2026-03-24,Home,23370.75,Completed,Kolkata,49,Basic,2026-03-24 00:33:00,user3062@example.com,user3062,2596.75,S005,9,15,P3907,Low,3055.0,3604.9
U03063,TXN103063,East,2025-10-12,Sports,2143.2,Failed,Hyderabad,57,Premium,2025-10-12 15:38:00,user3063@example.com,user3063,1071.6,S011,2,5,P9985,Low,1128.0,1331.04
U03064,TXN103064,East,2025-04-04,Books,25151.0,Refunded,Mumbai,62,Basic,2025-04-04 18:32:00,user3064@example.com,user3064,2515.1,S003,10,30,P3167,Low,3593.0,4239.74
U03065,TXN103065,East,2025-06-22,Home,2441.2,Completed,Hyderabad,28,Basic,2025-06-22 20:19:00,user3065@example.com,user3065,305.15,S021,8,15,P2716,Low,359.0,423.62
U03066,TXN103066,West,2025-09-17,Sports,12253.5,Failed,Mumbai,35,Free,2025-09-17 02:47:00,user3066@example.com,user3066,2042.25,S079,6,25,P8769,Medium,2723.0,3213.14
U03067,TXN103067,North,2025-06-13,Electronics,2723.0,Failed,Jaipur,52,Free,2025-06-13 07:42:00,user3067@example.com,user3067,272.3,S068,10,30,P2505,Low,389.0,459.02
U03068,TXN103068,West,2025-07-14,Home,34433.0,Completed,Hyderabad,60,Basic,2025-07-14 02:11:00,user3068@example.com,user3068,4919.0,S044,7,0,P2553,Urgent,4919.0,5804.42
U03069,TXN103069,South,2026-04-29,Electronics,13066.2,Failed,Chennai,58,Basic,2026-04-29 13:12:00,user3069@example.com,user3069,1866.6,S053,7,10,P6368,Urgent,2074.0,2447.32
U03070,TXN103070,East,2025-09-03,Electronics,4383.0,Failed,Kolkata,54,Premium,2025-09-03 09:39:00,user3070@example.com,user3070,1461.0,S096,3,25,P7089,Urgent,1948.0,2298.64
U03071,TXN103071,West,2026-02-25,Books,3339.2,Completed,Pune,53,Premium,2026-02-25 11:02:00,user3071@example.com,user3071,1669.6,S080,2,20,P7663,High,2087.0,2462.66
U03072,TXN103072,West,2025-01-26,Fashion,31213.2,Refunded,Chennai,26,Premium,2025-01-26 11:51:00,user3072@example.com,user3072,3901.65,S010,8,5,P9255,Low,4107.0,4846.26
U03073,TXN103073,North,2026-04-02,Home,21571.2,Failed,Hyderabad,18,Free,2026-04-02 03:14:00,user3073@example.com,user3073,2396.8,S049,9,20,P1355,Urgent,2996.0,3535.28
U03074,TXN103074,North,2025-10-07,Home,4740.4,Pending,Chennai,26,Free,2025-10-07 03:55:00,user3074@example.com,user3074,1185.1,S093,4,30,P9966,High,1693.0,1997.74
U03075,TXN103075,West,2025-10-28,Grocery,9216.9,Pending,Chennai,42,Basic,2025-10-28 09:55:00,user3075@example.com,user3075,1316.7,S013,7,5,P1860,Medium,1386.0,1635.48
U03076,TXN103076,South,2025-10-19,Sports,13873.8,Pending,Hyderabad,62,Premium,2025-10-19 13:45:00,user3076@example.com,user3076,4624.6,S053,3,5,P4880,High,4868.0,5744.24
U03077,TXN103077,North,2025-10-28,Fashion,7959.6,Completed,Delhi,62,Premium,2025-10-28 01:48:00,user3077@example.com,user3077,1989.9,S089,4,10,P4809,High,2211.0,2608.98
U03078,TXN103078,West,2026-01-24,Books,6914.4,Refunded,Jaipur,64,Premium,2026-01-24 20:43:00,user3078@example.com,user3078,2304.8,S001,3,20,P5756,High,2881.0,3399.58
U03079,TXN103079,South,2025-05-23,Grocery,23232.0,Completed,Hyderabad,24,Basic,2025-05-23 23:54:00,user3079@example.com,user3079,2904.0,S067,8,20,P6320,High,3630.0,4283.4
U03080,TXN103080,West,2025-12-03,Sports,13100.5,Failed,Jaipur,32,Premium,2025-12-03 01:40:00,user3080@example.com,user3080,1310.05,S054,10,5,P7227,High,1379.0,1627.22
U03081,TXN103081,South,2025-10-07,Fashion,10220.0,Pending,Bengaluru,22,Free,2025-10-07 01:59:00,user3081@example.com,user3081,1460.0,S013,7,20,P1863,Low,1825.0,2153.5
U03082,TXN103082,North,2026-02-28,Grocery,3766.35,Completed,Hyderabad,50,Basic,2026-02-28 13:48:00,user3082@example.com,user3082,538.05,S023,7,15,P5703,Low,633.0,746.94
U03083,TXN103083,West,2025-06-03,Grocery,41572.0,Pending,Delhi,37,Free,2025-06-03 08:34:00,user3083@example.com,user3083,4157.2,S021,10,5,P5843,Low,4376.0,5163.68
U03084,TXN103084,South,2025-12-03,Fashion,28736.55,Failed,Jaipur,61,Basic,2025-12-03 13:16:00,user3084@example.com,user3084,3192.95,S038,9,5,P9620,High,3361.0,3965.98
U03085,TXN103085,South,2025-07-03,Electronics,20952.5,Completed,Pune,52,Free,2025-07-03 20:53:00,user3085@example.com,user3085,2095.25,S090,10,15,P3465,High,2465.0,2908.7
U03086,TXN103086,South,2025-08-23,Sports,2558.5,Pending,Delhi,23,Premium,2025-08-23 06:02:00,user3086@example.com,user3086,255.85,S089,10,15,P2468,Low,301.0,355.18
U03087,TXN103087,East,2025-02-02,Home,7143.5,Pending,Pune,45,Basic,2025-02-02 20:08:00,user3087@example.com,user3087,1428.7,S064,5,30,P9577,High,2041.0,2408.38
U03088,TXN103088,South,2026-03-10,Sports,18926.1,Failed,Kolkata,31,Premium,2026-03-10 00:52:00,user3088@example.com,user3088,3154.35,S061,6,15,P7303,High,3711.0,4378.98
U03089,TXN103089,East,2026-02-20,Grocery,1595.25,Pending,Jaipur,54,Premium,2026-02-20 09:56:00,user3089@example.com,user3089,1595.25,S052,1,25,P8896,Low,2127.0,2509.86
U03090,TXN103090,North,2025-07-26,Fashion,23944.0,Refunded,Delhi,45,Basic,2025-07-26 14:18:00,user3090@example.com,user3090,2993.0,S083,8,0,P3371,Urgent,2993.0,3531.74
U03091,TXN103091,North,2026-04-25,Fashion,16281.0,Refunded,Pune,42,Free,2026-04-25 21:15:00,user3091@example.com,user3091,1628.1,S034,10,10,P4023,Low,1809.0,2134.62
U03092,TXN103092,North,2026-04-16,Grocery,13608.0,Pending,Kolkata,55,Basic,2026-04-16 17:08:00,user3092@example.com,user3092,4536.0,S041,3,0,P9395,Medium,4536.0,5352.48
U03093,TXN103093,West,2026-01-30,Electronics,6955.9,Refunded,Jaipur,38,Basic,2026-01-30 10:45:00,user3093@example.com,user3093,993.7,S081,7,5,P4351,Low,1046.0,1234.28
U03094,TXN103094,West,2025-05-31,Sports,13360.5,Pending,Jaipur,63,Basic,2025-05-31 03:07:00,user3094@example.com,user3094,2226.75,S051,6,25,P8214,Medium,2969.0,3503.42
U03095,TXN103095,East,2025-04-13,Grocery,11382.9,Refunded,Bengaluru,59,Basic,2025-04-13 07:10:00,user3095@example.com,user3095,3794.3,S032,3,5,P5697,Low,3994.0,4712.92
U03096,TXN103096,North,2025-12-05,Fashion,17141.25,Refunded,Kolkata,32,Premium,2025-12-05 06:26:00,user3096@example.com,user3096,2448.75,S099,7,25,P9697,High,3265.0,3852.7
U03097,TXN103097,East,2025-09-30,Books,311.2,Completed,Hyderabad,63,Free,2025-09-30 18:44:00,user3097@example.com,user3097,311.2,S046,1,20,P6160,Low,389.0,459.02
U03098,TXN103098,West,2026-02-17,Fashion,10726.4,Refunded,Jaipur,57,Basic,2026-02-17 13:53:00,user3098@example.com,user3098,1340.8,S060,8,20,P3119,Urgent,1676.0,1977.68
U03099,TXN103099,East,2026-04-03,Books,11009.2,Refunded,Chennai,43,Basic,2026-04-03 03:36:00,user3099@example.com,user3099,2752.3,S084,4,15,P3892,Medium,3238.0,3820.84
U03100,TXN103100,South,2025-04-17,Fashion,2412.0,Pending,Bengaluru,35,Free,2025-04-17 14:51:00,user3100@example.com,user3100,268.0,S042,9,0,P8851,Urgent,268.0,316.24
U03101,TXN103101,South,2025-06-27,Grocery,2481.3,Refunded,Kolkata,53,Free,2025-06-27 02:03:00,user3101@example.com,user3101,2481.3,S083,1,10,P3003,Low,2757.0,3253.26
U03102,TXN103102,North,2026-01-17,Home,2738.4,Completed,Mumbai,35,Basic,2026-01-17 21:22:00,user3102@example.com,user3102,912.8,S047,3,30,P6148,Urgent,1304.0,1538.72
U03103,TXN103103,North,2025-01-11,Books,32000.8,Completed,Hyderabad,39,Basic,2025-01-11 21:21:00,user3103@example.com,user3103,4000.1,S020,8,15,P4653,High,4706.0,5553.08
U03104,TXN103104,North,2026-01-11,Fashion,29237.2,Failed,Bengaluru,47,Premium,2026-01-11 17:29:00,user3104@example.com,user3104,3654.65,S051,8,5,P9793,Low,3847.0,4539.46
U03105,TXN103105,East,2025-10-14,Grocery,13625.6,Completed,Jaipur,49,Basic,2025-10-14 04:41:00,user3105@example.com,user3105,1703.2,S048,8,20,P6337,Medium,2129.0,2512.22
U03106,TXN103106,South,2025-01-21,Grocery,20628.0,Pending,Chennai,37,Premium,2025-01-21 20:46:00,user3106@example.com,user3106,3438.0,S097,6,0,P3890,Urgent,3438.0,4056.84
U03107,TXN103107,West,2025-08-10,Fashion,3080.8,Completed,Bengaluru,20,Basic,2025-08-10 01:43:00,user3107@example.com,user3107,3080.8,S007,1,20,P1215,Medium,3851.0,4544.18
U03108,TXN103108,North,2025-09-26,Grocery,517.5,Failed,Chennai,27,Basic,2025-09-26 16:24:00,user3108@example.com,user3108,517.5,S001,1,10,P9255,Medium,575.0,678.5
U03109,TXN103109,South,2025-04-12,Sports,1868.0,Refunded,Pune,39,Free,2025-04-12 12:52:00,user3109@example.com,user3109,934.0,S049,2,0,P9775,Urgent,934.0,1102.12
U03110,TXN103110,East,2025-06-19,Sports,2126.25,Completed,Mumbai,54,Premium,2025-06-19 09:42:00,user3110@example.com,user3110,236.25,S088,9,25,P3652,Medium,315.0,371.7
U03111,TXN103111,West,2025-10-27,Electronics,2660.8,Pending,Chennai,46,Basic,2025-10-27 12:25:00,user3111@example.com,user3111,2660.8,S006,1,20,P8203,Medium,3326.0,3924.68
U03112,TXN103112,East,2025-01-29,Fashion,4765.6,Failed,Hyderabad,63,Free,2025-01-29 04:12:00,user3112@example.com,user3112,680.8,S001,7,20,P9754,Urgent,851.0,1004.18
U03113,TXN103113,North,2025-03-10,Home,1719.9,Refunded,Jaipur,41,Free,2025-03-10 18:13:00,user3113@example.com,user3113,573.3,S050,3,30,P1434,High,819.0,966.42
U03114,TXN103114,East,2025-07-21,Home,5113.5,Pending,Bengaluru,57,Basic,2025-07-21 06:22:00,user3114@example.com,user3114,1704.5,S036,3,30,P4786,Low,2435.0,2873.3
U03115,TXN103115,West,2026-04-13,Electronics,21669.5,Completed,Bengaluru,44,Basic,2026-04-13 03:03:00,user3115@example.com,user3115,4333.9,S064,5,5,P5412,High,4562.0,5383.16
U03116,TXN103116,East,2025-11-14,Books,4225.0,Failed,Jaipur,61,Basic,2025-11-14 21:39:00,user3116@example.com,user3116,4225.0,S020,1,0,P5533,Medium,4225.0,4985.5
U03117,TXN103117,West,2026-03-05,Home,33688.8,Failed,Mumbai,60,Premium,2026-03-05 10:29:00,user3117@example.com,user3117,3743.2,S020,9,20,P3894,Urgent,4679.0,5521.22
U03118,TXN103118,South,2026-03-04,Home,8432.0,Pending,Jaipur,19,Basic,2026-03-04 17:19:00,user3118@example.com,user3118,4216.0,S023,2,0,P6069,High,4216.0,4974.88
U03119,TXN103119,West,2025-10-27,Electronics,25239.9,Failed,Pune,54,Free,2025-10-27 22:51:00,user3119@example.com,user3119,4206.65,S098,6,15,P2260,Urgent,4949.0,5839.82
U03120,TXN103120,South,2025-05-30,Home,13643.0,Completed,Delhi,33,Free,2025-05-30 21:00:00,user3120@example.com,user3120,1364.3,S097,10,30,P4777,Low,1949.0,2299.82
U03121,TXN103121,South,2026-03-03,Fashion,26438.4,Failed,Mumbai,44,Basic,2026-03-03 16:44:00,user3121@example.com,user3121,2937.6,S075,9,10,P3091,High,3264.0,3851.52
U03122,TXN103122,West,2026-04-21,Grocery,32497.2,Completed,Kolkata,40,Premium,2026-04-21 13:29:00,user3122@example.com,user3122,3610.8,S005,9,15,P6901,High,4248.0,5012.64
U03123,TXN103123,West,2025-10-23,Books,12322.45,Failed,Delhi,46,Free,2025-10-23 02:25:00,user3123@example.com,user3123,1760.35,S036,7,15,P7480,Low,2071.0,2443.78
U03124,TXN103124,East,2025-12-25,Grocery,9896.25,Refunded,Delhi,24,Basic,2025-12-25 19:39:00,user3124@example.com,user3124,1979.25,S030,5,25,P8965,Urgent,2639.0,3114.02
U03125,TXN103125,West,2025-12-24,Grocery,4629.6,Completed,Chennai,26,Basic,2025-12-24 23:52:00,user3125@example.com,user3125,2314.8,S036,2,10,P3767,High,2572.0,3034.96
U03126,TXN103126,East,2026-01-21,Sports,18504.0,Pending,Delhi,22,Premium,2026-01-21 13:56:00,user3126@example.com,user3126,2313.0,S008,8,10,P7022,High,2570.0,3032.6
U03127,TXN103127,East,2025-10-06,Grocery,16631.1,Pending,Delhi,24,Free,2025-10-06 07:16:00,user3127@example.com,user3127,2771.85,S069,6,15,P4091,High,3261.0,3847.98
U03128,TXN103128,West,2026-03-04,Home,5227.2,Failed,Pune,49,Free,2026-03-04 12:20:00,user3128@example.com,user3128,871.2,S014,6,20,P5475,Medium,1089.0,1285.02
U03129,TXN103129,South,2025-10-27,Sports,636.0,Refunded,Bengaluru,20,Free,2025-10-27 16:02:00,user3129@example.com,user3129,318.0,S024,2,0,P3668,Medium,318.0,375.24
U03130,TXN103130,East,2025-11-10,Electronics,8758.8,Pending,Pune,29,Free,2025-11-10 05:27:00,user3130@example.com,user3130,1459.8,S070,6,10,P1181,High,1622.0,1913.96
U03131,TXN103131,West,2025-10-16,Grocery,4856.4,Completed,Chennai,24,Basic,2025-10-16 04:03:00,user3131@example.com,user3131,539.6,S028,9,5,P9701,Low,568.0,670.24
U03132,TXN103132,East,2025-01-03,Sports,22086.0,Pending,Hyderabad,32,Basic,2025-01-03 10:35:00,user3132@example.com,user3132,2760.75,S015,8,25,P4830,High,3681.0,4343.58
U03133,TXN103133,East,2025-06-14,Sports,39717.0,Pending,Chennai,31,Free,2025-06-14 21:42:00,user3133@example.com,user3133,3971.7,S067,10,10,P9584,High,4413.0,5207.34
U03134,TXN103134,East,2025-11-22,Sports,1737.6,Failed,Bengaluru,24,Basic,2025-11-22 20:23:00,user3134@example.com,user3134,1737.6,S025,1,20,P8764,High,2172.0,2562.96
U03135,TXN103135,North,2025-07-05,Sports,3954.4,Refunded,Chennai,69,Free,2025-07-05 06:00:00,user3135@example.com,user3135,3954.4,S018,1,20,P7676,Low,4943.0,5832.74
U03136,TXN103136,South,2025-11-22,Books,8845.2,Refunded,Jaipur,22,Free,2025-11-22 05:35:00,user3136@example.com,user3136,1263.6,S087,7,10,P1469,Medium,1404.0,1656.72
U03137,TXN103137,West,2025-01-19,Books,9598.2,Pending,Hyderabad,44,Free,2025-01-19 22:58:00,user3137@example.com,user3137,3199.4,S099,3,15,P2430,Low,3764.0,4441.52
U03138,TXN103138,East,2025-11-20,Books,17242.5,Completed,Chennai,28,Free,2025-11-20 05:30:00,user3138@example.com,user3138,1724.25,S045,10,25,P9616,High,2299.0,2712.82
U03139,TXN103139,North,2025-04-29,Sports,10958.4,Refunded,Pune,18,Basic,2025-04-29 15:51:00,user3139@example.com,user3139,1217.6,S019,9,20,P6728,Urgent,1522.0,1795.96
U03140,TXN103140,North,2026-02-02,Books,19236.0,Pending,Mumbai,39,Premium,2026-02-02 06:49:00,user3140@example.com,user3140,2404.5,S070,8,25,P1694,Urgent,3206.0,3783.08
U03141,TXN103141,East,2025-11-23,Electronics,14406.4,Completed,Jaipur,67,Free,2025-11-23 20:01:00,user3141@example.com,user3141,3601.6,S086,4,20,P2561,Low,4502.0,5312.36
U03142,TXN103142,South,2026-01-29,Books,482.25,Failed,Mumbai,38,Free,2026-01-29 05:04:00,user3142@example.com,user3142,482.25,S050,1,25,P6843,High,643.0,758.74
U03143,TXN103143,East,2025-01-07,Sports,2380.0,Pending,Hyderabad,68,Basic,2025-01-07 15:32:00,user3143@example.com,user3143,476.0,S003,5,0,P5228,Low,476.0,561.68
U03144,TXN103144,East,2025-01-19,Grocery,11263.2,Pending,Delhi,35,Free,2025-01-19 06:31:00,user3144@example.com,user3144,3754.4,S072,3,20,P4184,Urgent,4693.0,5537.74
U03145,TXN103145,East,2025-07-29,Sports,13092.0,Failed,Kolkata,53,Free,2025-07-29 19:43:00,user3145@example.com,user3145,1636.5,S008,8,25,P3115,High,2182.0,2574.76
U03146,TXN103146,North,2025-05-06,Sports,11466.5,Pending,Delhi,68,Basic,2025-05-06 02:55:00,user3146@example.com,user3146,2293.3,S027,5,15,P4044,Urgent,2698.0,3183.64
U03147,TXN103147,East,2025-08-05,Sports,22949.15,Refunded,Bengaluru,19,Basic,2025-08-05 05:59:00,user3147@example.com,user3147,3278.45,S083,7,15,P4425,Medium,3857.0,4551.26
U03148,TXN103148,South,2025-12-27,Sports,2468.2,Completed,Hyderabad,43,Basic,2025-12-27 04:58:00,user3148@example.com,user3148,1234.1,S036,2,30,P2583,High,1763.0,2080.34
U03149,TXN103149,North,2025-02-20,Fashion,20147.6,Refunded,Mumbai,52,Free,2025-02-20 09:54:00,user3149@example.com,user3149,2518.45,S044,8,5,P3038,Urgent,2651.0,3128.18
U03150,TXN103150,East,2025-01-11,Home,22419.6,Completed,Jaipur,37,Free,2025-01-11 01:27:00,user3150@example.com,user3150,3202.8,S020,7,15,P8103,Urgent,3768.0,4446.24
U03151,TXN103151,South,2025-07-24,Grocery,11244.0,Failed,Delhi,54,Premium,2025-07-24 21:45:00,user3151@example.com,user3151,1874.0,S009,6,0,P9070,High,1874.0,2211.32
U03152,TXN103152,West,2025-02-27,Fashion,10166.0,Failed,Pune,63,Free,2025-02-27 19:32:00,user3152@example.com,user3152,1016.6,S078,10,15,P1683,High,1196.0,1411.28
U03153,TXN103153,West,2025-07-25,Sports,1593.2,Completed,Bengaluru,35,Basic,2025-07-25 20:55:00,user3153@example.com,user3153,398.3,S018,4,30,P4266,Urgent,569.0,671.42
U03154,TXN103154,South,2025-02-26,Books,1071.0,Refunded,Pune,23,Basic,2025-02-26 11:50:00,user3154@example.com,user3154,535.5,S012,2,15,P5260,Low,630.0,743.4
U03155,TXN103155,South,2025-12-14,Home,8891.1,Pending,Delhi,26,Premium,2025-12-14 21:50:00,user3155@example.com,user3155,2963.7,S067,3,10,P2189,Medium,3293.0,3885.74
U03156,TXN103156,East,2026-02-08,Sports,8523.0,Completed,Chennai,23,Premium,2026-02-08 05:11:00,user3156@example.com,user3156,1420.5,S033,6,25,P5150,High,1894.0,2234.92
U03157,TXN103157,North,2026-03-15,Grocery,9556.0,Completed,Chennai,63,Premium,2026-03-15 22:19:00,user3157@example.com,user3157,1911.2,S033,5,20,P7276,High,2389.0,2819.02
U03158,TXN103158,West,2025-03-05,Grocery,26795.7,Refunded,Pune,46,Premium,2025-03-05 23:35:00,user3158@example.com,user3158,2977.3,S047,9,5,P9986,High,3134.0,3698.12
U03159,TXN103159,North,2025-03-10,Sports,1579.2,Refunded,Bengaluru,64,Free,2025-03-10 04:06:00,user3159@example.com,user3159,197.4,S028,8,30,P1551,Medium,282.0,332.76
U03160,TXN103160,East,2025-04-03,Grocery,34192.8,Pending,Kolkata,27,Basic,2025-04-03 03:20:00,user3160@example.com,user3160,4274.1,S045,8,10,P9052,Medium,4749.0,5603.82
U03161,TXN103161,East,2025-07-19,Fashion,11471.25,Refunded,Hyderabad,20,Premium,2025-07-19 04:37:00,user3161@example.com,user3161,1638.75,S078,7,25,P4208,Low,2185.0,2578.3
U03162,TXN103162,South,2025-01-30,Books,562.5,Pending,Bengaluru,36,Basic,2025-01-30 11:19:00,user3162@example.com,user3162,112.5,S005,5,10,P2244,High,125.0,147.5
U03163,TXN103163,West,2025-01-29,Electronics,19464.0,Pending,Chennai,68,Premium,2025-01-29 02:46:00,user3163@example.com,user3163,2433.0,S066,8,25,P6110,Medium,3244.0,3827.92
U03164,TXN103164,South,2025-03-11,Home,7609.5,Pending,Mumbai,41,Free,2025-03-11 23:26:00,user3164@example.com,user3164,3804.75,S010,2,5,P5471,High,4005.0,4725.9
U03165,TXN103165,North,2025-11-21,Home,4326.4,Pending,Hyderabad,67,Basic,2025-11-21 01:09:00,user3165@example.com,user3165,1081.6,S005,4,20,P6910,Medium,1352.0,1595.36
U03166,TXN103166,North,2025-09-13,Grocery,12267.5,Refunded,Chennai,51,Premium,2025-09-13 13:06:00,user3166@example.com,user3166,2453.5,S020,5,30,P3198,Urgent,3505.0,4135.9
U03167,TXN103167,West,2025-02-20,Grocery,22059.0,Pending,Chennai,51,Free,2025-02-20 09:27:00,user3167@example.com,user3167,2451.0,S076,9,0,P6912,Urgent,2451.0,2892.18
U03168,TXN103168,North,2025-04-12,Sports,4921.5,Completed,Jaipur,67,Basic,2025-04-12 00:39:00,user3168@example.com,user3168,1640.5,S011,3,15,P7303,Low,1930.0,2277.4
U03169,TXN103169,South,2025-03-05,Sports,7878.0,Failed,Pune,38,Basic,2025-03-05 15:56:00,user3169@example.com,user3169,1313.0,S054,6,0,P6565,Low,1313.0,1549.34
U03170,TXN103170,North,2025-08-23,Home,36656.0,Refunded,Kolkata,37,Basic,2025-08-23 09:04:00,user3170@example.com,user3170,3665.6,S095,10,20,P4948,High,4582.0,5406.76
U03171,TXN103171,South,2025-12-21,Fashion,5953.5,Pending,Pune,54,Premium,2025-12-21 18:48:00,user3171@example.com,user3171,992.25,S001,6,25,P9250,Medium,1323.0,1561.14
U03172,TXN103172,South,2025-11-13,Books,9432.0,Refunded,Hyderabad,48,Premium,2025-11-13 16:58:00,user3172@example.com,user3172,1572.0,S091,6,20,P5123,Low,1965.0,2318.7
U03173,TXN103173,West,2025-10-01,Sports,8262.0,Refunded,Pune,45,Premium,2025-10-01 10:20:00,user3173@example.com,user3173,1377.0,S037,6,25,P3827,Low,1836.0,2166.48
U03174,TXN103174,East,2025-10-06,Grocery,23220.0,Refunded,Delhi,35,Premium,2025-10-06 21:48:00,user3174@example.com,user3174,3870.0,S039,6,10,P6876,High,4300.0,5074.0
U03175,TXN103175,North,2025-01-11,Books,15759.0,Completed,Pune,51,Free,2025-01-11 03:40:00,user3175@example.com,user3175,1751.0,S043,9,15,P6883,Medium,2060.0,2430.8
U03176,TXN103176,East,2025-05-05,Books,17775.2,Failed,Chennai,44,Free,2025-05-05 16:55:00,user3176@example.com,user3176,2221.9,S082,8,15,P4525,Urgent,2614.0,3084.52
U03177,TXN103177,West,2026-04-22,Sports,30909.2,Refunded,Pune,32,Basic,2026-04-22 18:16:00,user3177@example.com,user3177,4415.6,S091,7,5,P1575,Urgent,4648.0,5484.64
U03178,TXN103178,East,2025-03-22,Sports,4951.4,Failed,Hyderabad,54,Free,2025-03-22 16:22:00,user3178@example.com,user3178,1237.85,S077,4,5,P8025,Low,1303.0,1537.54
U03179,TXN103179,East,2025-03-03,Home,20357.5,Pending,Kolkata,68,Premium,2025-03-03 12:04:00,user3179@example.com,user3179,4071.5,S049,5,15,P4549,Urgent,4790.0,5652.2
U03180,TXN103180,North,2025-06-02,Electronics,1463.0,Failed,Kolkata,27,Premium,2025-06-02 08:23:00,user3180@example.com,user3180,1463.0,S062,1,0,P4920,Low,1463.0,1726.34
U03181,TXN103181,South,2026-05-01,Grocery,30787.2,Refunded,Delhi,35,Premium,2026-05-01 17:20:00,user3181@example.com,user3181,3848.4,S097,8,10,P7632,Urgent,4276.0,5045.68
U03182,TXN103182,South,2025-03-13,Books,17762.4,Completed,Delhi,56,Free,2025-03-13 08:30:00,user3182@example.com,user3182,4440.6,S012,4,10,P1112,Low,4934.0,5822.12
U03183,TXN103183,North,2026-02-04,Grocery,17662.5,Pending,Kolkata,51,Free,2026-02-04 03:22:00,user3183@example.com,user3183,2943.75,S080,6,25,P5900,Urgent,3925.0,4631.5
U03184,TXN103184,East,2025-03-14,Grocery,9669.0,Refunded,Chennai,23,Premium,2025-03-14 12:59:00,user3184@example.com,user3184,2417.25,S064,4,25,P7380,Low,3223.0,3803.14
U03185,TXN103185,North,2026-02-28,Grocery,8555.7,Completed,Bengaluru,19,Free,2026-02-28 02:01:00,user3185@example.com,user3185,1425.95,S004,6,5,P7356,Medium,1501.0,1771.18
U03186,TXN103186,North,2025-08-08,Home,38885.4,Pending,Mumbai,45,Basic,2025-08-08 02:15:00,user3186@example.com,user3186,4320.6,S019,9,5,P2483,Medium,4548.0,5366.64
U03187,TXN103187,North,2025-06-30,Fashion,13462.4,Pending,Hyderabad,26,Free,2025-06-30 13:58:00,user3187@example.com,user3187,1923.2,S053,7,20,P6191,Urgent,2404.0,2836.72
U03188,TXN103188,West,2025-01-13,Sports,6296.0,Failed,Pune,69,Premium,2025-01-13 10:08:00,user3188@example.com,user3188,1259.2,S018,5,20,P7415,Urgent,1574.0,1857.32
U03189,TXN103189,East,2026-04-05,Home,21715.2,Refunded,Chennai,60,Free,2026-04-05 01:39:00,user3189@example.com,user3189,2412.8,S092,9,20,P7395,Urgent,3016.0,3558.88
U03190,TXN103190,North,2025-03-15,Grocery,6642.0,Pending,Hyderabad,64,Premium,2025-03-15 04:38:00,user3190@example.com,user3190,1660.5,S016,4,10,P8379,Low,1845.0,2177.1
U03191,TXN103191,East,2026-02-12,Sports,38424.0,Failed,Bengaluru,64,Basic,2026-02-12 23:00:00,user3191@example.com,user3191,4803.0,S095,8,0,P2166,Medium,4803.0,5667.54
U03192,TXN103192,North,2025-02-06,Books,18732.0,Pending,Mumbai,53,Basic,2025-02-06 00:15:00,user3192@example.com,user3192,2341.5,S048,8,25,P7621,High,3122.0,3683.96
U03193,TXN103193,North,2025-11-25,Grocery,15147.0,Pending,Mumbai,54,Basic,2025-11-25 11:16:00,user3193@example.com,user3193,1514.7,S066,10,15,P3513,High,1782.0,2102.76
U03194,TXN103194,North,2026-02-18,Fashion,4782.6,Failed,Kolkata,59,Basic,2026-02-18 05:23:00,user3194@example.com,user3194,2391.3,S075,2,10,P7258,High,2657.0,3135.26
U03195,TXN103195,North,2026-01-20,Fashion,25437.6,Refunded,Chennai,22,Premium,2026-01-20 22:17:00,user3195@example.com,user3195,2826.4,S030,9,20,P4108,Low,3533.0,4168.94
U03196,TXN103196,North,2025-03-04,Fashion,13073.0,Refunded,Jaipur,51,Premium,2025-03-04 20:02:00,user3196@example.com,user3196,1307.3,S033,10,15,P1664,High,1538.0,1814.84
U03197,TXN103197,East,2025-01-06,Sports,12681.0,Refunded,Jaipur,54,Basic,2025-01-06 12:50:00,user3197@example.com,user3197,2113.5,S077,6,25,P3653,Medium,2818.0,3325.24
U03198,TXN103198,North,2025-12-21,Electronics,24615.0,Refunded,Hyderabad,20,Basic,2025-12-21 04:50:00,user3198@example.com,user3198,4923.0,S030,5,0,P3337,Urgent,4923.0,5809.14
U03199,TXN103199,West,2025-08-03,Fashion,11286.0,Pending,Mumbai,68,Basic,2025-08-03 02:17:00,user3199@example.com,user3199,1254.0,S035,9,5,P1486,Low,1320.0,1557.6
U03200,TXN103200,North,2025-07-31,Electronics,20296.8,Failed,Hyderabad,50,Free,2025-07-31 23:24:00,user3200@example.com,user3200,2537.1,S093,8,10,P1436,Medium,2819.0,3326.42
U03201,TXN103201,West,2026-01-03,Home,5587.2,Failed,Kolkata,33,Free,2026-01-03 15:25:00,user3201@example.com,user3201,2793.6,S088,2,20,P3080,Low,3492.0,4120.56
U03202,TXN103202,North,2025-04-04,Books,13140.0,Refunded,Mumbai,18,Premium,2025-04-04 06:02:00,user3202@example.com,user3202,3285.0,S043,4,10,P2795,High,3650.0,4307.0
U03203,TXN103203,East,2025-03-02,Fashion,13473.0,Pending,Kolkata,23,Free,2025-03-02 04:15:00,user3203@example.com,user3203,4491.0,S089,3,10,P1152,Medium,4990.0,5888.2
U03204,TXN103204,South,2025-07-23,Grocery,14816.25,Completed,Mumbai,67,Free,2025-07-23 03:28:00,user3204@example.com,user3204,2963.25,S057,5,25,P6505,Medium,3951.0,4662.18
U03205,TXN103205,West,2025-08-29,Sports,4977.0,Refunded,Pune,49,Basic,2025-08-29 02:52:00,user3205@example.com,user3205,711.0,S038,7,10,P4703,High,790.0,932.2
U03206,TXN103206,South,2025-06-15,Grocery,3451.2,Refunded,Jaipur,68,Premium,2025-06-15 16:25:00,user3206@example.com,user3206,1725.6,S001,2,20,P8511,Low,2157.0,2545.26
U03207,TXN103207,South,2025-02-24,Sports,7276.05,Pending,Mumbai,54,Premium,2025-02-24 15:36:00,user3207@example.com,user3207,808.45,S098,9,5,P1886,Urgent,851.0,1004.18
U03208,TXN103208,South,2026-01-07,Home,3543.0,Failed,Chennai,37,Basic,2026-01-07 08:21:00,user3208@example.com,user3208,3543.0,S077,1,25,P3062,Medium,4724.0,5574.32
U03209,TXN103209,West,2025-02-05,Fashion,1860.75,Refunded,Kolkata,36,Premium,2025-02-05 05:50:00,user3209@example.com,user3209,620.25,S015,3,25,P8166,High,827.0,975.86
U03210,TXN103210,South,2026-01-17,Fashion,9378.0,Failed,Mumbai,25,Premium,2026-01-17 19:10:00,user3210@example.com,user3210,937.8,S037,10,10,P4420,High,1042.0,1229.56
U03211,TXN103211,East,2025-01-14,Grocery,789.0,Pending,Pune,54,Free,2025-01-14 10:13:00,user3211@example.com,user3211,394.5,S010,2,25,P5793,Medium,526.0,620.68
U03212,TXN103212,North,2026-03-19,Electronics,33500.8,Pending,Kolkata,62,Free,2026-03-19 14:04:00,user3212@example.com,user3212,4187.6,S064,8,5,P6709,Low,4408.0,5201.44
U03213,TXN103213,South,2025-12-26,Sports,7130.25,Refunded,Bengaluru,43,Free,2025-12-26 04:58:00,user3213@example.com,user3213,2376.75,S006,3,25,P5280,Urgent,3169.0,3739.42
U03214,TXN103214,North,2026-04-01,Sports,40610.0,Pending,Kolkata,52,Basic,2026-04-01 14:35:00,user3214@example.com,user3214,4061.0,S057,10,0,P3511,Low,4061.0,4791.98
U03215,TXN103215,East,2026-04-15,Grocery,8361.45,Failed,Chennai,50,Basic,2026-04-15 18:03:00,user3215@example.com,user3215,2787.15,S052,3,15,P7439,High,3279.0,3869.22
U03216,TXN103216,East,2026-04-19,Electronics,23555.7,Failed,Chennai,52,Premium,2026-04-19 08:47:00,user3216@example.com,user3216,2617.3,S053,9,30,P1625,Low,3739.0,4412.02
U03217,TXN103217,East,2025-07-05,Electronics,6738.0,Refunded,Bengaluru,36,Free,2025-07-05 10:05:00,user3217@example.com,user3217,1684.5,S019,4,25,P1699,High,2246.0,2650.28
U03218,TXN103218,North,2025-10-31,Books,14626.5,Refunded,Chennai,34,Basic,2025-10-31 21:44:00,user3218@example.com,user3218,2089.5,S099,7,30,P8898,High,2985.0,3522.3
U03219,TXN103219,West,2025-01-02,Fashion,26359.2,Pending,Pune,55,Free,2025-01-02 21:54:00,user3219@example.com,user3219,3765.6,S081,7,20,P4125,Urgent,4707.0,5554.26
U03220,TXN103220,West,2025-01-20,Home,20010.0,Refunded,Kolkata,47,Premium,2025-01-20 14:00:00,user3220@example.com,user3220,3335.0,S024,6,0,P4454,High,3335.0,3935.3
U03221,TXN103221,East,2026-01-04,Fashion,23283.0,Refunded,Chennai,62,Premium,2026-01-04 12:32:00,user3221@example.com,user3221,2587.0,S076,9,0,P5023,High,2587.0,3052.66
U03222,TXN103222,North,2025-03-10,Home,6692.0,Pending,Pune,32,Basic,2025-03-10 05:17:00,user3222@example.com,user3222,1673.0,S085,4,0,P7588,High,1673.0,1974.14
U03223,TXN103223,North,2026-03-29,Fashion,13464.0,Completed,Kolkata,45,Premium,2026-03-29 13:34:00,user3223@example.com,user3223,2692.8,S060,5,15,P6717,High,3168.0,3738.24
U03224,TXN103224,North,2025-12-07,Home,15288.0,Completed,Chennai,34,Free,2025-12-07 09:04:00,user3224@example.com,user3224,2184.0,S020,7,0,P5019,Low,2184.0,2577.12
U03225,TXN103225,West,2025-10-21,Sports,5349.6,Failed,Chennai,69,Free,2025-10-21 07:15:00,user3225@example.com,user3225,668.7,S045,8,10,P4970,Urgent,743.0,876.74
U03226,TXN103226,East,2025-05-02,Grocery,17816.0,Pending,Delhi,45,Premium,2025-05-02 15:50:00,user3226@example.com,user3226,3563.2,S023,5,15,P9317,Medium,4192.0,4946.56
U03227,TXN103227,East,2025-01-02,Sports,7000.2,Completed,Pune,47,Premium,2025-01-02 11:23:00,user3227@example.com,user3227,3500.1,S072,2,10,P2783,High,3889.0,4589.02
U03228,TXN103228,North,2026-03-15,Home,14454.0,Failed,Hyderabad,35,Basic,2026-03-15 02:06:00,user3228@example.com,user3228,3613.5,S045,4,10,P8770,Urgent,4015.0,4737.7
U03229,TXN103229,South,2025-09-17,Sports,507.2,Refunded,Jaipur,20,Basic,2025-09-17 13:11:00,user3229@example.com,user3229,507.2,S039,1,20,P6426,High,634.0,748.12
U03230,TXN103230,East,2025-08-23,Home,6699.6,Completed,Mumbai,28,Basic,2025-08-23 05:40:00,user3230@example.com,user3230,3349.8,S006,2,10,P9336,Low,3722.0,4391.96
U03231,TXN103231,South,2025-02-04,Electronics,8256.0,Failed,Jaipur,25,Free,2025-02-04 13:56:00,user3231@example.com,user3231,2064.0,S053,4,0,P3582,Low,2064.0,2435.52
U03232,TXN103232,South,2025-09-17,Fashion,11291.7,Pending,Chennai,21,Premium,2025-09-17 17:32:00,user3232@example.com,user3232,3763.9,S012,3,5,P6522,Low,3962.0,4675.16
U03233,TXN103233,East,2026-04-03,Sports,21096.0,Pending,Chennai,49,Basic,2026-04-03 09:09:00,user3233@example.com,user3233,2637.0,S062,8,0,P5836,Urgent,2637.0,3111.66
U03234,TXN103234,West,2025-03-06,Fashion,21338.4,Refunded,Delhi,53,Premium,2025-03-06 07:31:00,user3234@example.com,user3234,3556.4,S069,6,15,P5140,High,4184.0,4937.12
U03235,TXN103235,West,2026-02-01,Grocery,33849.0,Pending,Kolkata,31,Basic,2026-02-01 02:01:00,user3235@example.com,user3235,3384.9,S096,10,10,P5375,Low,3761.0,4437.98
U03236,TXN103236,East,2025-01-01,Sports,612.0,Failed,Pune,41,Basic,2025-01-01 02:29:00,user3236@example.com,user3236,306.0,S074,2,25,P2091,Low,408.0,481.44
U03237,TXN103237,South,2026-01-26,Grocery,5273.6,Refunded,Hyderabad,41,Premium,2026-01-26 08:11:00,user3237@example.com,user3237,1318.4,S060,4,20,P5555,Urgent,1648.0,1944.64
U03238,TXN103238,East,2025-08-30,Fashion,44450.5,Completed,Jaipur,59,Free,2025-08-30 17:26:00,user3238@example.com,user3238,4445.05,S012,10,5,P5815,Medium,4679.0,5521.22
U03239,TXN103239,North,2025-05-08,Books,18772.0,Pending,Kolkata,24,Basic,2025-05-08 02:12:00,user3239@example.com,user3239,4693.0,S022,4,0,P7096,High,4693.0,5537.74
U03240,TXN103240,West,2026-02-24,Electronics,3817.35,Completed,Chennai,36,Basic,2026-02-24 09:51:00,user3240@example.com,user3240,1272.45,S042,3,15,P6579,Low,1497.0,1766.46
U03241,TXN103241,South,2025-05-09,Books,14940.0,Refunded,Delhi,60,Premium,2025-05-09 00:11:00,user3241@example.com,user3241,2988.0,S073,5,0,P9984,High,2988.0,3525.84
U03242,TXN103242,North,2025-11-06,Home,308.8,Failed,Jaipur,25,Basic,2025-11-06 04:05:00,user3242@example.com,user3242,308.8,S083,1,20,P9117,High,386.0,455.48
U03243,TXN103243,South,2026-01-16,Grocery,7932.2,Failed,Jaipur,46,Premium,2026-01-16 07:23:00,user3243@example.com,user3243,3966.1,S034,2,15,P3088,Medium,4666.0,5505.88
U03244,TXN103244,West,2025-11-03,Grocery,9720.0,Failed,Chennai,40,Free,2025-11-03 21:49:00,user3244@example.com,user3244,1215.0,S057,8,10,P5521,Urgent,1350.0,1593.0
U03245,TXN103245,West,2025-12-23,Fashion,4036.5,Completed,Pune,20,Premium,2025-12-23 09:57:00,user3245@example.com,user3245,1345.5,S020,3,25,P4211,Urgent,1794.0,2116.92
U03246,TXN103246,North,2025-05-26,Sports,15376.0,Refunded,Kolkata,26,Basic,2025-05-26 06:34:00,user3246@example.com,user3246,3844.0,S056,4,0,P1560,Medium,3844.0,4535.92
U03247,TXN103247,North,2025-08-21,Home,10507.0,Failed,Delhi,24,Basic,2025-08-21 19:39:00,user3247@example.com,user3247,1501.0,S057,7,0,P4191,High,1501.0,1771.18
U03248,TXN103248,East,2025-02-05,Electronics,4516.5,Failed,Kolkata,67,Premium,2025-02-05 14:27:00,user3248@example.com,user3248,2258.25,S033,2,25,P3753,Medium,3011.0,3552.98
U03249,TXN103249,North,2026-02-07,Home,33456.0,Completed,Mumbai,22,Free,2026-02-07 02:44:00,user3249@example.com,user3249,4182.0,S009,8,0,P7688,Urgent,4182.0,4934.76
U03250,TXN103250,West,2025-09-11,Fashion,8978.4,Completed,Hyderabad,33,Basic,2025-09-11 09:09:00,user3250@example.com,user3250,2992.8,S043,3,20,P9920,Urgent,3741.0,4414.38
U03251,TXN103251,West,2025-05-23,Home,8853.6,Pending,Kolkata,47,Basic,2025-05-23 17:24:00,user3251@example.com,user3251,1106.7,S066,8,30,P4675,Medium,1581.0,1865.58
U03252,TXN103252,North,2025-09-09,Books,4809.6,Pending,Hyderabad,45,Free,2025-09-09 20:46:00,user3252@example.com,user3252,1603.2,S036,3,20,P2716,High,2004.0,2364.72
U03253,TXN103253,West,2025-04-03,Fashion,1937.6,Completed,Jaipur,22,Basic,2025-04-03 17:58:00,user3253@example.com,user3253,968.8,S083,2,30,P1860,Low,1384.0,1633.12
U03254,TXN103254,North,2026-02-04,Home,12777.0,Completed,Hyderabad,35,Premium,2026-02-04 16:52:00,user3254@example.com,user3254,4259.0,S085,3,0,P5459,Medium,4259.0,5025.62
U03255,TXN103255,West,2026-02-22,Home,34972.0,Failed,Bengaluru,46,Basic,2026-02-22 21:16:00,user3255@example.com,user3255,3497.2,S063,10,30,P8684,High,4996.0,5895.28
U03256,TXN103256,North,2025-05-09,Grocery,7560.0,Refunded,Chennai,23,Free,2025-05-09 19:44:00,user3256@example.com,user3256,2520.0,S022,3,25,P7554,High,3360.0,3964.8
U03257,TXN103257,East,2025-01-20,Sports,9440.0,Completed,Mumbai,51,Premium,2025-01-20 13:33:00,user3257@example.com,user3257,1180.0,S074,8,0,P9112,Urgent,1180.0,1392.4
U03258,TXN103258,North,2025-05-16,Grocery,33285.6,Refunded,Jaipur,25,Premium,2025-05-16 23:16:00,user3258@example.com,user3258,3698.4,S057,9,20,P3735,Low,4623.0,5455.14
U03259,TXN103259,West,2025-02-25,Electronics,26040.0,Completed,Jaipur,53,Free,2025-02-25 03:15:00,user3259@example.com,user3259,3720.0,S024,7,25,P3194,High,4960.0,5852.8
U03260,TXN103260,East,2025-06-28,Books,15167.25,Refunded,Jaipur,29,Premium,2025-06-28 02:43:00,user3260@example.com,user3260,1685.25,S047,9,25,P1093,High,2247.0,2651.46
U03261,TXN103261,West,2025-06-17,Fashion,7984.2,Completed,Kolkata,27,Basic,2025-06-17 06:20:00,user3261@example.com,user3261,1330.7,S025,6,30,P2271,High,1901.0,2243.18
U03262,TXN103262,North,2025-09-18,Fashion,9416.4,Pending,Jaipur,64,Basic,2025-09-18 17:53:00,user3262@example.com,user3262,3138.8,S073,3,5,P2087,Low,3304.0,3898.72
U03263,TXN103263,West,2025-04-08,Sports,8575.2,Refunded,Kolkata,22,Basic,2025-04-08 09:13:00,user3263@example.com,user3263,2858.4,S021,3,10,P6446,Low,3176.0,3747.68
U03264,TXN103264,West,2026-04-19,Grocery,2268.6,Pending,Kolkata,25,Free,2026-04-19 18:57:00,user3264@example.com,user3264,378.1,S054,6,5,P2933,Low,398.0,469.64
U03265,TXN103265,West,2025-07-31,Sports,15236.25,Refunded,Pune,54,Premium,2025-07-31 00:46:00,user3265@example.com,user3265,3047.25,S025,5,15,P4019,Low,3585.0,4230.3
U03266,TXN103266,South,2025-03-18,Home,7945.8,Failed,Hyderabad,46,Basic,2025-03-18 20:40:00,user3266@example.com,user3266,2648.6,S093,3,15,P8186,Urgent,3116.0,3676.88
U03267,TXN103267,South,2025-03-18,Home,29310.0,Pending,Kolkata,19,Basic,2025-03-18 18:06:00,user3267@example.com,user3267,4885.0,S035,6,0,P2929,Medium,4885.0,5764.3
U03268,TXN103268,West,2026-05-01,Grocery,19862.8,Pending,Mumbai,66,Free,2026-05-01 21:21:00,user3268@example.com,user3268,2482.85,S072,8,15,P9524,Low,2921.0,3446.78
U03269,TXN103269,North,2025-01-15,Fashion,12306.0,Refunded,Delhi,62,Basic,2025-01-15 09:09:00,user3269@example.com,user3269,2051.0,S038,6,0,P1216,Urgent,2051.0,2420.18
U03270,TXN103270,East,2025-09-30,Books,3869.2,Failed,Pune,46,Basic,2025-09-30 09:42:00,user3270@example.com,user3270,483.65,S060,8,15,P1234,Medium,569.0,671.42
U03271,TXN103271,East,2025-02-14,Books,9258.9,Refunded,Bengaluru,59,Free,2025-02-14 16:54:00,user3271@example.com,user3271,3086.3,S014,3,30,P8966,Medium,4409.0,5202.62
U03272,TXN103272,North,2025-05-04,Books,4158.0,Completed,Jaipur,43,Free,2025-05-04 09:17:00,user3272@example.com,user3272,831.6,S026,5,10,P6883,Medium,924.0,1090.32
U03273,TXN103273,South,2026-02-08,Books,8793.25,Failed,Delhi,37,Premium,2026-02-08 16:24:00,user3273@example.com,user3273,1758.65,S072,5,15,P9810,Medium,2069.0,2441.42
U03274,TXN103274,North,2025-08-14,Grocery,19299.6,Refunded,Bengaluru,32,Premium,2025-08-14 17:22:00,user3274@example.com,user3274,3216.6,S022,6,10,P6350,Low,3574.0,4217.32
U03275,TXN103275,West,2026-02-11,Grocery,21956.9,Refunded,Delhi,64,Basic,2026-02-11 13:23:00,user3275@example.com,user3275,3136.7,S089,7,30,P7793,Urgent,4481.0,5287.58
U03276,TXN103276,East,2025-07-10,Books,675.0,Completed,Mumbai,51,Premium,2025-07-10 07:10:00,user3276@example.com,user3276,225.0,S100,3,10,P7349,High,250.0,295.0
U03277,TXN103277,North,2025-04-24,Fashion,6961.5,Pending,Jaipur,62,Premium,2025-04-24 05:12:00,user3277@example.com,user3277,994.5,S083,7,10,P2278,Medium,1105.0,1303.9
U03278,TXN103278,West,2025-08-25,Sports,1812.0,Failed,Jaipur,70,Premium,2025-08-25 10:00:00,user3278@example.com,user3278,453.0,S055,4,25,P1501,Low,604.0,712.72
U03279,TXN103279,West,2025-08-12,Home,9369.0,Refunded,Jaipur,36,Premium,2025-08-12 11:19:00,user3279@example.com,user3279,2342.25,S088,4,25,P4803,High,3123.0,3685.14
U03280,TXN103280,West,2025-10-04,Home,6184.6,Failed,Hyderabad,66,Basic,2025-10-04 03:12:00,user3280@example.com,user3280,3092.3,S070,2,15,P5745,High,3638.0,4292.84
U03281,TXN103281,North,2026-02-21,Electronics,30310.0,Failed,Mumbai,34,Premium,2026-02-21 15:35:00,user3281@example.com,user3281,3031.0,S055,10,30,P5571,Low,4330.0,5109.4
U03282,TXN103282,East,2025-01-08,Books,20198.4,Completed,Pune,52,Basic,2025-01-08 12:24:00,user3282@example.com,user3282,2524.8,S050,8,20,P3087,High,3156.0,3724.08
U03283,TXN103283,South,2025-01-18,Electronics,7009.2,Refunded,Bengaluru,67,Premium,2025-01-18 22:59:00,user3283@example.com,user3283,1168.2,S043,6,10,P8290,High,1298.0,1531.64
U03284,TXN103284,South,2025-08-10,Grocery,6120.0,Refunded,Chennai,69,Basic,2025-08-10 14:13:00,user3284@example.com,user3284,765.0,S044,8,10,P7455,Urgent,850.0,1003.0
U03285,TXN103285,North,2025-06-21,Home,35186.4,Completed,Hyderabad,66,Premium,2025-06-21 13:32:00,user3285@example.com,user3285,3909.6,S005,9,20,P1778,Urgent,4887.0,5766.66
U03286,TXN103286,East,2025-03-11,Fashion,20131.2,Refunded,Hyderabad,35,Premium,2025-03-11 06:51:00,user3286@example.com,user3286,3355.2,S075,6,10,P1638,High,3728.0,4399.04
U03287,TXN103287,North,2025-11-24,Electronics,613.9,Completed,Bengaluru,41,Premium,2025-11-24 01:37:00,user3287@example.com,user3287,613.9,S041,1,30,P3083,Medium,877.0,1034.86
U03288,TXN103288,North,2025-01-05,Home,23237.0,Completed,Mumbai,43,Premium,2025-01-05 04:08:00,user3288@example.com,user3288,2323.7,S043,10,5,P7615,Medium,2446.0,2886.28
U03289,TXN103289,East,2025-07-27,Books,23889.6,Failed,Hyderabad,32,Free,2025-07-27 05:37:00,user3289@example.com,user3289,2654.4,S057,9,30,P7830,Medium,3792.0,4474.56
U03290,TXN103290,East,2025-10-13,Fashion,8505.0,Refunded,Kolkata,63,Basic,2025-10-13 12:11:00,user3290@example.com,user3290,2835.0,S045,3,30,P9610,Urgent,4050.0,4779.0
U03291,TXN103291,North,2025-03-21,Electronics,8789.4,Pending,Hyderabad,62,Basic,2025-03-21 14:28:00,user3291@example.com,user3291,2197.35,S082,4,5,P1527,Low,2313.0,2729.34
U03292,TXN103292,East,2025-03-24,Sports,8608.8,Refunded,Pune,69,Premium,2025-03-24 03:50:00,user3292@example.com,user3292,2152.2,S028,4,15,P7521,Urgent,2532.0,2987.76
U03293,TXN103293,East,2025-08-29,Books,3343.05,Failed,Jaipur,45,Premium,2025-08-29 01:03:00,user3293@example.com,user3293,371.45,S011,9,15,P8475,Low,437.0,515.66
U03294,TXN103294,East,2026-04-10,Grocery,10850.4,Failed,Mumbai,23,Free,2026-04-10 19:52:00,user3294@example.com,user3294,2712.6,S088,4,10,P5614,Medium,3014.0,3556.52
U03295,TXN103295,East,2026-01-31,Electronics,1996.4,Failed,Bengaluru,52,Basic,2026-01-31 07:37:00,user3295@example.com,user3295,1996.4,S073,1,30,P9238,Urgent,2852.0,3365.36
U03296,TXN103296,South,2025-05-16,Sports,11926.8,Failed,Delhi,26,Basic,2025-05-16 18:04:00,user3296@example.com,user3296,2981.7,S012,4,10,P9636,Low,3313.0,3909.34
U03297,TXN103297,East,2025-04-17,Sports,4517.1,Refunded,Pune,32,Premium,2025-04-17 14:23:00,user3297@example.com,user3297,1505.7,S044,3,10,P9364,Low,1673.0,1974.14
U03298,TXN103298,East,2026-04-05,Books,4243.2,Completed,Hyderabad,70,Basic,2026-04-05 10:22:00,user3298@example.com,user3298,1414.4,S009,3,15,P4802,Urgent,1664.0,1963.52
U03299,TXN103299,West,2025-08-08,Books,23696.4,Pending,Mumbai,20,Premium,2025-08-08 20:39:00,user3299@example.com,user3299,3385.2,S091,7,30,P4727,Urgent,4836.0,5706.48
U03300,TXN103300,West,2025-04-14,Books,9669.6,Refunded,Hyderabad,28,Free,2025-04-14 05:00:00,user3300@example.com,user3300,3223.2,S019,3,15,P2442,Urgent,3792.0,4474.56
U03301,TXN103301,North,2025-11-29,Fashion,12456.4,Failed,Delhi,18,Premium,2025-11-29 00:53:00,user3301@example.com,user3301,1557.05,S087,8,5,P6225,Medium,1639.0,1934.02
U03302,TXN103302,East,2025-03-18,Fashion,23256.0,Refunded,Hyderabad,60,Premium,2025-03-18 18:06:00,user3302@example.com,user3302,2907.0,S051,8,10,P4314,Low,3230.0,3811.4
U03303,TXN103303,East,2025-02-08,Home,6692.7,Pending,Mumbai,36,Premium,2025-02-08 05:55:00,user3303@example.com,user3303,2230.9,S074,3,30,P7147,Low,3187.0,3760.66
U03304,TXN103304,East,2025-11-30,Books,7930.6,Completed,Jaipur,32,Basic,2025-11-30 01:26:00,user3304@example.com,user3304,1982.65,S069,4,5,P1729,Medium,2087.0,2462.66
U03305,TXN103305,East,2025-11-24,Electronics,20111.0,Pending,Chennai,35,Premium,2025-11-24 09:31:00,user3305@example.com,user3305,2011.1,S018,10,30,P6508,Medium,2873.0,3390.14
U03306,TXN103306,West,2025-09-08,Sports,29304.0,Pending,Jaipur,56,Premium,2025-09-08 05:58:00,user3306@example.com,user3306,4884.0,S032,6,0,P2278,Urgent,4884.0,5763.12
U03307,TXN103307,East,2025-10-02,Books,5233.5,Pending,Bengaluru,57,Premium,2025-10-02 20:35:00,user3307@example.com,user3307,872.25,S073,6,25,P7534,Urgent,1163.0,1372.34
U03308,TXN103308,North,2025-09-03,Grocery,23985.5,Completed,Delhi,49,Basic,2025-09-03 11:26:00,user3308@example.com,user3308,3426.5,S095,7,30,P5712,Medium,4895.0,5776.1
U03309,TXN103309,East,2025-05-25,Fashion,1773.9,Failed,Pune,35,Basic,2025-05-25 07:56:00,user3309@example.com,user3309,197.1,S052,9,10,P3352,Low,219.0,258.42
U03310,TXN103310,South,2025-06-25,Fashion,12316.0,Pending,Chennai,70,Premium,2025-06-25 21:35:00,user3310@example.com,user3310,3079.0,S063,4,0,P6125,High,3079.0,3633.22
U03311,TXN103311,North,2025-11-04,Books,25920.0,Pending,Jaipur,25,Premium,2025-11-04 23:11:00,user3311@example.com,user3311,2592.0,S089,10,25,P3310,Low,3456.0,4078.08
U03312,TXN103312,North,2025-07-28,Books,8162.1,Completed,Chennai,37,Free,2025-07-28 05:04:00,user3312@example.com,user3312,2720.7,S093,3,10,P6426,High,3023.0,3567.14
U03313,TXN103313,South,2025-06-09,Fashion,18152.1,Pending,Kolkata,54,Basic,2025-06-09 06:16:00,user3313@example.com,user3313,2016.9,S041,9,10,P5971,Urgent,2241.0,2644.38
U03314,TXN103314,West,2026-04-23,Fashion,25989.6,Refunded,Pune,28,Premium,2026-04-23 04:52:00,user3314@example.com,user3314,3712.8,S094,7,20,P5839,High,4641.0,5476.38
U03315,TXN103315,South,2026-03-11,Fashion,13391.0,Pending,Chennai,54,Premium,2026-03-11 22:18:00,user3315@example.com,user3315,1913.0,S032,7,0,P7773,Low,1913.0,2257.34
U03316,TXN103316,East,2025-11-13,Home,11817.0,Pending,Bengaluru,46,Free,2025-11-13 10:58:00,user3316@example.com,user3316,3939.0,S077,3,0,P8516,High,3939.0,4648.02
U03317,TXN103317,East,2026-02-15,Home,29472.0,Pending,Hyderabad,51,Premium,2026-02-15 04:50:00,user3317@example.com,user3317,2947.2,S031,10,20,P7883,High,3684.0,4347.12
U03318,TXN103318,South,2026-04-26,Books,10296.0,Failed,Delhi,65,Premium,2026-04-26 13:31:00,user3318@example.com,user3318,1144.0,S068,9,0,P7519,Urgent,1144.0,1349.92
U03319,TXN103319,South,2026-01-02,Books,18650.7,Pending,Hyderabad,53,Free,2026-01-02 16:07:00,user3319@example.com,user3319,3108.45,S020,6,15,P4486,Low,3657.0,4315.26
U03320,TXN103320,North,2025-06-20,Electronics,8710.0,Completed,Jaipur,56,Basic,2025-06-20 16:45:00,user3320@example.com,user3320,871.0,S086,10,0,P5824,Medium,871.0,1027.78
U03321,TXN103321,West,2025-09-28,Electronics,25741.8,Completed,Delhi,21,Premium,2025-09-28 22:37:00,user3321@example.com,user3321,2860.2,S061,9,10,P4227,High,3178.0,3750.04
U03322,TXN103322,North,2025-10-18,Sports,9299.0,Refunded,Delhi,33,Premium,2025-10-18 23:30:00,user3322@example.com,user3322,929.9,S047,10,15,P2349,Low,1094.0,1290.92
U03323,TXN103323,East,2025-11-17,Books,1561.0,Completed,Delhi,52,Basic,2025-11-17 13:41:00,user3323@example.com,user3323,223.0,S084,7,0,P8560,Medium,223.0,263.14
U03324,TXN103324,West,2025-11-05,Fashion,11164.5,Refunded,Bengaluru,20,Free,2025-11-05 14:25:00,user3324@example.com,user3324,1860.75,S020,6,25,P8867,Low,2481.0,2927.58
U03325,TXN103325,East,2025-09-07,Sports,8859.2,Pending,Kolkata,63,Premium,2025-09-07 00:53:00,user3325@example.com,user3325,1107.4,S099,8,30,P7102,High,1582.0,1866.76
U03326,TXN103326,East,2026-01-09,Electronics,8002.8,Failed,Bengaluru,60,Premium,2026-01-09 06:29:00,user3326@example.com,user3326,1333.8,S027,6,10,P8766,Urgent,1482.0,1748.76
U03327,TXN103327,North,2025-11-12,Fashion,19778.4,Completed,Pune,32,Free,2025-11-12 15:59:00,user3327@example.com,user3327,2197.6,S001,9,20,P9226,High,2747.0,3241.46
U03328,TXN103328,North,2026-01-29,Sports,8724.8,Pending,Kolkata,52,Free,2026-01-29 08:24:00,user3328@example.com,user3328,1090.6,S083,8,5,P6674,Urgent,1148.0,1354.64
U03329,TXN103329,South,2025-09-07,Books,39455.1,Completed,Mumbai,68,Premium,2025-09-07 06:09:00,user3329@example.com,user3329,4383.9,S001,9,10,P5223,High,4871.0,5747.78
U03330,TXN103330,West,2025-11-15,Books,4473.0,Completed,Delhi,44,Premium,2025-11-15 08:27:00,user3330@example.com,user3330,894.6,S072,5,30,P7763,Low,1278.0,1508.04
U03331,TXN103331,North,2025-09-09,Grocery,3959.6,Completed,Bengaluru,40,Premium,2025-09-09 03:52:00,user3331@example.com,user3331,494.95,S046,8,5,P4325,High,521.0,614.78
U03332,TXN103332,North,2025-10-18,Home,6084.0,Completed,Jaipur,56,Free,2025-10-18 17:30:00,user3332@example.com,user3332,2028.0,S050,3,20,P1911,Medium,2535.0,2991.3
U03333,TXN103333,West,2025-10-28,Sports,24765.3,Completed,Chennai,30,Basic,2025-10-28 22:19:00,user3333@example.com,user3333,2751.7,S081,9,30,P9603,Urgent,3931.0,4638.58
U03334,TXN103334,North,2025-07-04,Home,25147.8,Pending,Kolkata,47,Basic,2025-07-04 18:45:00,user3334@example.com,user3334,4191.3,S074,6,10,P6344,Low,4657.0,5495.26
U03335,TXN103335,South,2025-12-24,Sports,11960.0,Pending,Pune,40,Basic,2025-12-24 03:44:00,user3335@example.com,user3335,1495.0,S069,8,0,P3117,High,1495.0,1764.1
U03336,TXN103336,East,2025-03-28,Fashion,37462.05,Pending,Delhi,57,Premium,2025-03-28 07:03:00,user3336@example.com,user3336,4162.45,S095,9,15,P2547,Low,4897.0,5778.46
U03337,TXN103337,West,2025-04-27,Electronics,5152.0,Failed,Jaipur,67,Basic,2025-04-27 09:22:00,user3337@example.com,user3337,736.0,S099,7,20,P5116,Low,920.0,1085.6
U03338,TXN103338,West,2025-05-25,Home,2327.5,Pending,Bengaluru,18,Basic,2025-05-25 07:54:00,user3338@example.com,user3338,332.5,S060,7,30,P3376,High,475.0,560.5
U03339,TXN103339,West,2025-05-15,Fashion,23588.25,Pending,Hyderabad,62,Premium,2025-05-15 03:58:00,user3339@example.com,user3339,3369.75,S095,7,25,P1832,Medium,4493.0,5301.74
U03340,TXN103340,East,2026-02-14,Sports,8367.3,Completed,Delhi,54,Free,2026-02-14 14:55:00,user3340@example.com,user3340,929.7,S079,9,10,P9183,High,1033.0,1218.94
U03341,TXN103341,East,2025-01-13,Home,1390.4,Failed,Pune,46,Premium,2025-01-13 11:54:00,user3341@example.com,user3341,1390.4,S015,1,20,P2523,Low,1738.0,2050.84
U03342,TXN103342,West,2026-03-21,Books,5646.55,Failed,Kolkata,38,Premium,2026-03-21 02:09:00,user3342@example.com,user3342,806.65,S072,7,15,P4169,Medium,949.0,1119.82
U03343,TXN103343,East,2025-07-22,Home,9115.2,Refunded,Pune,49,Basic,2025-07-22 03:10:00,user3343@example.com,user3343,1519.2,S081,6,20,P7532,Medium,1899.0,2240.82
U03344,TXN103344,East,2025-03-27,Grocery,8436.0,Refunded,Delhi,55,Premium,2025-03-27 08:28:00,user3344@example.com,user3344,4218.0,S062,2,0,P8549,Low,4218.0,4977.24
U03345,TXN103345,North,2025-12-06,Books,8670.0,Refunded,Bengaluru,20,Basic,2025-12-06 02:36:00,user3345@example.com,user3345,867.0,S053,10,0,P4177,Urgent,867.0,1023.06
U03346,TXN103346,West,2025-09-21,Electronics,8304.0,Pending,Kolkata,53,Basic,2025-09-21 11:57:00,user3346@example.com,user3346,2768.0,S024,3,20,P5758,High,3460.0,4082.8
U03347,TXN103347,North,2025-09-14,Grocery,1782.0,Refunded,Delhi,63,Basic,2025-09-14 00:14:00,user3347@example.com,user3347,297.0,S013,6,25,P7925,Low,396.0,467.28
U03348,TXN103348,North,2025-08-28,Sports,24411.8,Failed,Chennai,49,Premium,2025-08-28 14:49:00,user3348@example.com,user3348,3487.4,S021,7,30,P2308,Urgent,4982.0,5878.76
U03349,TXN103349,North,2025-06-08,Fashion,18345.0,Pending,Mumbai,44,Free,2025-06-08 02:44:00,user3349@example.com,user3349,3669.0,S041,5,25,P2615,Low,4892.0,5772.56
U03350,TXN103350,South,2025-05-14,Home,10529.8,Failed,Kolkata,64,Premium,2025-05-14 22:55:00,user3350@example.com,user3350,2632.45,S009,4,15,P8394,Urgent,3097.0,3654.46
U03351,TXN103351,North,2026-01-29,Fashion,7191.0,Refunded,Hyderabad,57,Free,2026-01-29 05:19:00,user3351@example.com,user3351,1438.2,S036,5,15,P8788,Urgent,1692.0,1996.56
U03352,TXN103352,South,2025-07-07,Electronics,2115.65,Failed,Chennai,29,Free,2025-07-07 05:04:00,user3352@example.com,user3352,2115.65,S081,1,15,P1026,High,2489.0,2937.02
U03353,TXN103353,East,2026-04-21,Fashion,5596.5,Refunded,Delhi,66,Basic,2026-04-21 14:24:00,user3353@example.com,user3353,799.5,S006,7,25,P2507,High,1066.0,1257.88
U03354,TXN103354,East,2025-07-10,Electronics,1799.2,Refunded,Pune,52,Premium,2025-07-10 13:51:00,user3354@example.com,user3354,1799.2,S010,1,20,P9545,Medium,2249.0,2653.82
U03355,TXN103355,East,2025-09-06,Fashion,26316.0,Completed,Hyderabad,67,Basic,2025-09-06 10:50:00,user3355@example.com,user3355,2631.6,S065,10,10,P1076,Low,2924.0,3450.32
U03356,TXN103356,West,2026-01-15,Home,29497.6,Failed,Mumbai,42,Free,2026-01-15 13:53:00,user3356@example.com,user3356,3687.2,S077,8,20,P5622,Low,4609.0,5438.62
U03357,TXN103357,South,2025-07-04,Books,6288.0,Failed,Jaipur,64,Basic,2025-07-04 16:21:00,user3357@example.com,user3357,1572.0,S035,4,0,P8976,Low,1572.0,1854.96
U03358,TXN103358,North,2025-10-16,Electronics,37680.0,Completed,Jaipur,30,Basic,2025-10-16 09:27:00,user3358@example.com,user3358,3768.0,S078,10,0,P4720,High,3768.0,4446.24
U03359,TXN103359,South,2025-01-07,Fashion,10387.0,Pending,Delhi,59,Premium,2025-01-07 17:04:00,user3359@example.com,user3359,1038.7,S065,10,15,P5161,Low,1222.0,1441.96
U03360,TXN103360,South,2025-05-28,Books,36320.5,Pending,Pune,24,Free,2025-05-28 18:40:00,user3360@example.com,user3360,3632.05,S007,10,15,P6518,Urgent,4273.0,5042.14
U03361,TXN103361,South,2026-03-07,Books,24760.0,Completed,Kolkata,48,Free,2026-03-07 04:45:00,user3361@example.com,user3361,2476.0,S078,10,20,P5289,Low,3095.0,3652.1
U03362,TXN103362,North,2025-01-04,Electronics,2989.0,Failed,Hyderabad,32,Premium,2025-01-04 03:47:00,user3362@example.com,user3362,597.8,S012,5,30,P5827,High,854.0,1007.72
U03363,TXN103363,East,2025-12-19,Fashion,19098.0,Failed,Kolkata,27,Premium,2025-12-19 22:10:00,user3363@example.com,user3363,3183.0,S005,6,0,P4638,Urgent,3183.0,3755.94
U03364,TXN103364,North,2026-02-27,Books,2052.0,Refunded,Bengaluru,57,Premium,2026-02-27 19:25:00,user3364@example.com,user3364,342.0,S022,6,0,P9921,Medium,342.0,403.56
U03365,TXN103365,North,2025-10-20,Fashion,1793.6,Completed,Bengaluru,20,Premium,2025-10-20 21:31:00,user3365@example.com,user3365,896.8,S011,2,5,P3202,Urgent,944.0,1113.92
U03366,TXN103366,North,2026-03-09,Electronics,2091.9,Refunded,Jaipur,21,Basic,2026-03-09 11:33:00,user3366@example.com,user3366,697.3,S040,3,5,P9141,Medium,734.0,866.12
U03367,TXN103367,South,2025-12-20,Home,7803.75,Completed,Mumbai,33,Free,2025-12-20 18:23:00,user3367@example.com,user3367,1560.75,S099,5,25,P4596,Medium,2081.0,2455.58
U03368,TXN103368,East,2025-06-23,Books,6952.0,Refunded,Chennai,53,Free,2025-06-23 20:42:00,user3368@example.com,user3368,869.0,S037,8,0,P4530,Urgent,869.0,1025.42
U03369,TXN103369,West,2025-10-01,Sports,17739.0,Refunded,Chennai,28,Basic,2025-10-01 20:15:00,user3369@example.com,user3369,1971.0,S086,9,25,P6991,Medium,2628.0,3101.04
U03370,TXN103370,West,2025-01-29,Books,29908.8,Pending,Mumbai,57,Premium,2025-01-29 08:57:00,user3370@example.com,user3370,3323.2,S062,9,20,P7016,Urgent,4154.0,4901.72
U03371,TXN103371,East,2025-01-23,Grocery,1646.4,Pending,Jaipur,25,Premium,2025-01-23 22:17:00,user3371@example.com,user3371,1646.4,S053,1,30,P6520,Urgent,2352.0,2775.36
U03372,TXN103372,West,2026-01-23,Fashion,1912.4,Completed,Bengaluru,18,Free,2026-01-23 23:25:00,user3372@example.com,user3372,478.1,S005,4,30,P6947,Urgent,683.0,805.94
U03373,TXN103373,West,2026-03-26,Electronics,7413.0,Refunded,Mumbai,21,Premium,2026-03-26 00:56:00,user3373@example.com,user3373,1482.6,S021,5,30,P2090,Low,2118.0,2499.24
U03374,TXN103374,North,2025-09-22,Grocery,6922.8,Refunded,Kolkata,70,Premium,2025-09-22 02:21:00,user3374@example.com,user3374,3461.4,S004,2,10,P4210,Medium,3846.0,4538.28
U03375,TXN103375,North,2025-04-03,Electronics,2044.0,Failed,Kolkata,20,Basic,2025-04-03 17:13:00,user3375@example.com,user3375,2044.0,S031,1,30,P1208,Low,2920.0,3445.6
U03376,TXN103376,East,2025-04-01,Grocery,7858.2,Completed,Jaipur,54,Premium,2025-04-01 06:21:00,user3376@example.com,user3376,2619.4,S069,3,30,P8633,Urgent,3742.0,4415.56
U03377,TXN103377,South,2026-03-07,Electronics,1113.5,Refunded,Kolkata,68,Premium,2026-03-07 13:43:00,user3377@example.com,user3377,222.7,S093,5,15,P1471,High,262.0,309.16
U03378,TXN103378,West,2025-01-03,Grocery,2639.0,Failed,Bengaluru,24,Free,2025-01-03 08:35:00,user3378@example.com,user3378,2639.0,S021,1,0,P5287,High,2639.0,3114.02
U03379,TXN103379,West,2025-07-23,Books,3154.5,Failed,Mumbai,63,Premium,2025-07-23 12:25:00,user3379@example.com,user3379,1051.5,S012,3,25,P1622,Medium,1402.0,1654.36
U03380,TXN103380,South,2026-02-09,Home,16202.25,Pending,Jaipur,69,Free,2026-02-09 06:13:00,user3380@example.com,user3380,3240.45,S017,5,5,P2166,Medium,3411.0,4024.98
U03381,TXN103381,East,2025-09-13,Grocery,5973.6,Completed,Mumbai,20,Premium,2025-09-13 07:10:00,user3381@example.com,user3381,2986.8,S065,2,5,P7907,Medium,3144.0,3709.92
U03382,TXN103382,North,2025-08-18,Sports,19986.4,Refunded,Jaipur,37,Premium,2025-08-18 19:32:00,user3382@example.com,user3382,2855.2,S072,7,20,P2400,Urgent,3569.0,4211.42
U03383,TXN103383,East,2025-02-16,Electronics,3211.6,Refunded,Delhi,44,Premium,2025-02-16 06:17:00,user3383@example.com,user3383,802.9,S069,4,30,P4057,Low,1147.0,1353.46
U03384,TXN103384,North,2026-01-11,Electronics,28224.0,Refunded,Pune,52,Premium,2026-01-11 01:48:00,user3384@example.com,user3384,3136.0,S012,9,20,P4242,High,3920.0,4625.6
U03385,TXN103385,South,2026-01-08,Electronics,6464.0,Completed,Kolkata,36,Free,2026-01-08 07:42:00,user3385@example.com,user3385,3232.0,S044,2,0,P9041,Low,3232.0,3813.76
U03386,TXN103386,South,2025-08-20,Grocery,6395.4,Failed,Delhi,58,Basic,2025-08-20 15:36:00,user3386@example.com,user3386,2131.8,S073,3,15,P2250,High,2508.0,2959.44
U03387,TXN103387,West,2025-06-10,Electronics,1944.0,Pending,Hyderabad,52,Basic,2025-06-10 17:26:00,user3387@example.com,user3387,194.4,S058,10,10,P9173,High,216.0,254.88
U03388,TXN103388,East,2025-12-10,Fashion,27237.0,Failed,Chennai,53,Premium,2025-12-10 22:55:00,user3388@example.com,user3388,3891.0,S096,7,0,P3747,Urgent,3891.0,4591.38
U03389,TXN103389,North,2025-09-30,Electronics,10996.25,Refunded,Bengaluru,31,Premium,2025-09-30 07:24:00,user3389@example.com,user3389,2199.25,S040,5,5,P6758,Medium,2315.0,2731.7
U03390,TXN103390,East,2025-10-07,Home,18854.4,Refunded,Delhi,21,Premium,2025-10-07 12:31:00,user3390@example.com,user3390,3142.4,S059,6,20,P6133,Low,3928.0,4635.04
U03391,TXN103391,South,2025-11-19,Home,20235.0,Pending,Chennai,63,Basic,2025-11-19 11:52:00,user3391@example.com,user3391,3372.5,S054,6,5,P9097,Urgent,3550.0,4189.0
U03392,TXN103392,West,2026-03-01,Grocery,19350.25,Completed,Bengaluru,54,Free,2026-03-01 18:47:00,user3392@example.com,user3392,3870.05,S058,5,15,P5082,Medium,4553.0,5372.54
U03393,TXN103393,North,2025-02-09,Books,26311.2,Pending,Chennai,54,Premium,2025-02-09 11:01:00,user3393@example.com,user3393,3288.9,S045,8,5,P4468,Low,3462.0,4085.16
U03394,TXN103394,East,2025-06-13,Home,4629.6,Pending,Chennai,52,Premium,2025-06-13 18:47:00,user3394@example.com,user3394,2314.8,S047,2,10,P8771,Low,2572.0,3034.96
U03395,TXN103395,West,2025-11-24,Electronics,19487.25,Failed,Hyderabad,21,Basic,2025-11-24 10:03:00,user3395@example.com,user3395,2165.25,S085,9,25,P2811,High,2887.0,3406.66
U03396,TXN103396,East,2026-04-20,Home,31168.55,Completed,Kolkata,21,Premium,2026-04-20 22:36:00,user3396@example.com,user3396,4452.65,S070,7,5,P4603,Medium,4687.0,5530.66
U03397,TXN103397,West,2025-01-03,Books,5727.75,Pending,Chennai,25,Premium,2025-01-03 05:18:00,user3397@example.com,user3397,818.25,S022,7,25,P3314,High,1091.0,1287.38
U03398,TXN103398,East,2025-07-14,Sports,19813.5,Failed,Mumbai,43,Premium,2025-07-14 17:27:00,user3398@example.com,user3398,2830.5,S064,7,10,P4781,High,3145.0,3711.1
U03399,TXN103399,South,2025-08-04,Fashion,16371.0,Pending,Kolkata,36,Premium,2025-08-04 09:37:00,user3399@example.com,user3399,1819.0,S071,9,15,P2278,Low,2140.0,2525.2
U03400,TXN103400,North,2026-03-05,Grocery,7609.6,Pending,Pune,64,Free,2026-03-05 11:58:00,user3400@example.com,user3400,1902.4,S031,4,20,P6805,Low,2378.0,2806.04
U03401,TXN103401,South,2026-01-17,Books,18128.0,Failed,Bengaluru,65,Basic,2026-01-17 07:59:00,user3401@example.com,user3401,3625.6,S053,5,20,P7584,Low,4532.0,5347.76
U03402,TXN103402,South,2026-01-24,Sports,3119.5,Refunded,Kolkata,35,Free,2026-01-24 23:49:00,user3402@example.com,user3402,3119.5,S056,1,15,P1120,Urgent,3670.0,4330.6
U03403,TXN103403,South,2025-02-02,Grocery,14364.0,Completed,Hyderabad,23,Basic,2025-02-02 20:29:00,user3403@example.com,user3403,2394.0,S036,6,30,P8897,Medium,3420.0,4035.6
U03404,TXN103404,East,2026-02-18,Sports,15065.0,Completed,Chennai,25,Premium,2026-02-18 12:43:00,user3404@example.com,user3404,3013.0,S008,5,0,P1537,High,3013.0,3555.34
U03405,TXN103405,North,2025-03-09,Fashion,3872.7,Refunded,Chennai,46,Free,2025-03-09 14:22:00,user3405@example.com,user3405,3872.7,S016,1,10,P6311,High,4303.0,5077.54
U03406,TXN103406,North,2025-12-23,Electronics,14490.0,Failed,Kolkata,45,Free,2025-12-23 20:36:00,user3406@example.com,user3406,2415.0,S077,6,25,P2538,Medium,3220.0,3799.6
U03407,TXN103407,North,2025-09-01,Home,22323.2,Refunded,Jaipur,49,Basic,2025-09-01 02:29:00,user3407@example.com,user3407,2790.4,S052,8,20,P1902,Urgent,3488.0,4115.84
U03408,TXN103408,South,2025-08-23,Books,16857.0,Refunded,Chennai,62,Free,2025-08-23 03:37:00,user3408@example.com,user3408,1873.0,S081,9,0,P5018,High,1873.0,2210.14
U03409,TXN103409,South,2025-12-06,Electronics,672.0,Completed,Mumbai,45,Premium,2025-12-06 21:49:00,user3409@example.com,user3409,112.0,S091,6,0,P2397,Medium,112.0,132.16
U03410,TXN103410,West,2026-02-17,Books,6644.4,Completed,Hyderabad,18,Premium,2026-02-17 08:41:00,user3410@example.com,user3410,1661.1,S025,4,30,P9103,Low,2373.0,2800.14
U03411,TXN103411,South,2025-12-12,Books,1894.3,Completed,Pune,52,Basic,2025-12-12 04:37:00,user3411@example.com,user3411,1894.3,S025,1,5,P4003,Urgent,1994.0,2352.92
U03412,TXN103412,East,2025-11-10,Sports,9903.6,Failed,Delhi,47,Premium,2025-11-10 14:36:00,user3412@example.com,user3412,3301.2,S058,3,10,P7107,Low,3668.0,4328.24
U03413,TXN103413,North,2025-05-13,Fashion,16368.45,Refunded,Chennai,59,Basic,2025-05-13 15:24:00,user3413@example.com,user3413,2338.35,S041,7,15,P6415,Low,2751.0,3246.18
U03414,TXN103414,North,2025-07-23,Electronics,2133.0,Refunded,Mumbai,70,Free,2025-07-23 07:50:00,user3414@example.com,user3414,711.0,S092,3,10,P6630,High,790.0,932.2
U03415,TXN103415,South,2025-06-20,Books,9359.4,Failed,Hyderabad,47,Basic,2025-06-20 00:33:00,user3415@example.com,user3415,4679.7,S032,2,5,P5479,Low,4926.0,5812.68
U03416,TXN103416,West,2025-05-20,Fashion,10166.1,Failed,Kolkata,59,Basic,2025-05-20 06:36:00,user3416@example.com,user3416,3388.7,S007,3,30,P3946,High,4841.0,5712.38
U03417,TXN103417,East,2026-04-18,Home,9300.0,Completed,Hyderabad,55,Premium,2026-04-18 04:13:00,user3417@example.com,user3417,930.0,S098,10,0,P4968,Low,930.0,1097.4
U03418,TXN103418,South,2025-08-01,Books,2245.7,Refunded,Kolkata,62,Premium,2025-08-01 01:32:00,user3418@example.com,user3418,2245.7,S010,1,15,P4570,Urgent,2642.0,3117.56
U03419,TXN103419,South,2025-08-30,Fashion,14280.0,Pending,Delhi,43,Premium,2025-08-30 15:25:00,user3419@example.com,user3419,2380.0,S002,6,15,P2354,High,2800.0,3304.0
U03420,TXN103420,East,2025-02-26,Home,6281.1,Pending,Kolkata,27,Basic,2025-02-26 17:57:00,user3420@example.com,user3420,697.9,S077,9,30,P3590,Urgent,997.0,1176.46
U03421,TXN103421,West,2026-03-01,Fashion,13524.0,Refunded,Bengaluru,66,Basic,2026-03-01 07:26:00,user3421@example.com,user3421,3381.0,S080,4,30,P4187,Medium,4830.0,5699.4
U03422,TXN103422,West,2025-03-18,Books,43120.0,Completed,Pune,52,Basic,2025-03-18 05:08:00,user3422@example.com,user3422,4312.0,S027,10,0,P9244,Medium,4312.0,5088.16
U03423,TXN103423,North,2026-02-22,Electronics,13507.5,Completed,Chennai,20,Premium,2026-02-22 06:13:00,user3423@example.com,user3423,1350.75,S028,10,25,P2012,Low,1801.0,2125.18
U03424,TXN103424,East,2026-03-06,Fashion,8244.0,Failed,Jaipur,66,Premium,2026-03-06 03:00:00,user3424@example.com,user3424,1374.0,S030,6,25,P2005,Medium,1832.0,2161.76
U03425,TXN103425,East,2026-02-13,Books,3708.6,Refunded,Hyderabad,46,Basic,2026-02-13 00:37:00,user3425@example.com,user3425,1854.3,S029,2,30,P2243,Urgent,2649.0,3125.82
U03426,TXN103426,East,2025-06-12,Home,3036.6,Completed,Hyderabad,42,Free,2025-06-12 21:45:00,user3426@example.com,user3426,433.8,S054,7,10,P7019,Medium,482.0,568.76
U03427,TXN103427,East,2026-01-21,Electronics,14154.0,Failed,Chennai,54,Basic,2026-01-21 09:49:00,user3427@example.com,user3427,3538.5,S020,4,25,P9009,Low,4718.0,5567.24
U03428,TXN103428,North,2025-05-28,Fashion,1974.75,Refunded,Hyderabad,59,Basic,2025-05-28 15:48:00,user3428@example.com,user3428,1974.75,S010,1,25,P8382,Urgent,2633.0,3106.94
U03429,TXN103429,North,2026-02-25,Electronics,6563.7,Failed,Mumbai,61,Free,2026-02-25 04:55:00,user3429@example.com,user3429,3281.85,S037,2,15,P5903,Urgent,3861.0,4555.98
U03430,TXN103430,West,2025-01-27,Grocery,1310.4,Failed,Pune,64,Premium,2025-01-27 22:09:00,user3430@example.com,user3430,187.2,S011,7,20,P7049,Low,234.0,276.12
U03431,TXN103431,North,2025-07-21,Home,18421.2,Failed,Pune,49,Premium,2025-07-21 20:13:00,user3431@example.com,user3431,2631.6,S032,7,15,P6882,Medium,3096.0,3653.28
U03432,TXN103432,East,2025-03-26,Home,5293.8,Refunded,Jaipur,37,Basic,2025-03-26 05:15:00,user3432@example.com,user3432,2646.9,S005,2,15,P1475,Low,3114.0,3674.52
U03433,TXN103433,North,2026-02-11,Sports,7156.8,Completed,Chennai,30,Basic,2026-02-11 01:06:00,user3433@example.com,user3433,1789.2,S051,4,30,P5351,Medium,2556.0,3016.08
U03434,TXN103434,West,2026-03-06,Books,7675.2,Pending,Kolkata,39,Basic,2026-03-06 07:00:00,user3434@example.com,user3434,2558.4,S015,3,20,P8270,Urgent,3198.0,3773.64
U03435,TXN103435,West,2025-08-31,Grocery,25170.0,Pending,Mumbai,21,Free,2025-08-31 10:31:00,user3435@example.com,user3435,2517.0,S097,10,0,P5684,High,2517.0,2970.06
U03436,TXN103436,North,2025-04-05,Sports,11368.8,Refunded,Jaipur,45,Basic,2025-04-05 17:20:00,user3436@example.com,user3436,3789.6,S049,3,20,P8172,High,4737.0,5589.66
U03437,TXN103437,West,2025-06-18,Grocery,13743.75,Pending,Chennai,64,Basic,2025-06-18 06:23:00,user3437@example.com,user3437,2748.75,S051,5,25,P9488,High,3665.0,4324.7
U03438,TXN103438,East,2025-11-18,Grocery,39915.0,Completed,Chennai,42,Premium,2025-11-18 13:59:00,user3438@example.com,user3438,4435.0,S037,9,0,P8240,Low,4435.0,5233.3
U03439,TXN103439,North,2025-02-18,Fashion,10792.0,Pending,Mumbai,48,Premium,2025-02-18 17:24:00,user3439@example.com,user3439,2698.0,S076,4,0,P2875,Medium,2698.0,3183.64
U03440,TXN103440,North,2025-07-11,Home,10656.0,Completed,Pune,26,Free,2025-07-11 02:36:00,user3440@example.com,user3440,1332.0,S008,8,20,P1267,Medium,1665.0,1964.7
U03441,TXN103441,West,2025-11-06,Grocery,17213.0,Refunded,Hyderabad,55,Free,2025-11-06 01:55:00,user3441@example.com,user3441,3442.6,S072,5,30,P9649,Urgent,4918.0,5803.24
U03442,TXN103442,East,2025-08-04,Books,10620.0,Completed,Chennai,22,Premium,2025-08-04 14:29:00,user3442@example.com,user3442,1062.0,S045,10,10,P1295,Low,1180.0,1392.4
U03443,TXN103443,North,2025-08-27,Books,3013.4,Pending,Jaipur,67,Free,2025-08-27 22:26:00,user3443@example.com,user3443,3013.4,S078,1,5,P3342,Medium,3172.0,3742.96
U03444,TXN103444,South,2025-10-15,Fashion,29928.5,Pending,Jaipur,54,Premium,2025-10-15 10:12:00,user3444@example.com,user3444,2992.85,S046,10,15,P9244,Urgent,3521.0,4154.78
U03445,TXN103445,South,2025-06-29,Sports,2370.75,Refunded,Hyderabad,19,Premium,2025-06-29 04:46:00,user3445@example.com,user3445,2370.75,S037,1,25,P9523,Medium,3161.0,3729.98
U03446,TXN103446,West,2025-05-21,Electronics,12578.0,Pending,Delhi,63,Free,2025-05-21 16:13:00,user3446@example.com,user3446,1257.8,S066,10,5,P5987,High,1324.0,1562.32
U03447,TXN103447,West,2026-03-14,Grocery,23315.2,Pending,Kolkata,22,Free,2026-03-14 20:36:00,user3447@example.com,user3447,2914.4,S053,8,20,P2492,Medium,3643.0,4298.74
U03448,TXN103448,North,2025-12-07,Sports,1702.4,Pending,Pune,27,Free,2025-12-07 04:13:00,user3448@example.com,user3448,425.6,S050,4,20,P6065,High,532.0,627.76
U03449,TXN103449,East,2025-10-24,Fashion,4137.0,Pending,Jaipur,18,Basic,2025-10-24 21:10:00,user3449@example.com,user3449,591.0,S045,7,0,P5322,Urgent,591.0,697.38
U03450,TXN103450,East,2025-10-06,Books,4527.0,Failed,Delhi,23,Free,2025-10-06 13:40:00,user3450@example.com,user3450,754.5,S051,6,25,P7807,High,1006.0,1187.08
U03451,TXN103451,North,2025-10-25,Fashion,3159.0,Failed,Hyderabad,35,Premium,2025-10-25 06:48:00,user3451@example.com,user3451,3159.0,S053,1,10,P8349,High,3510.0,4141.8
U03452,TXN103452,West,2026-03-29,Grocery,38853.0,Failed,Delhi,58,Basic,2026-03-29 09:28:00,user3452@example.com,user3452,3885.3,S020,10,10,P4458,Urgent,4317.0,5094.06
U03453,TXN103453,East,2025-11-07,Fashion,30951.9,Refunded,Mumbai,45,Free,2025-11-07 14:55:00,user3453@example.com,user3453,3439.1,S090,9,15,P4701,Low,4046.0,4774.28
U03454,TXN103454,North,2025-03-04,Fashion,20367.9,Completed,Kolkata,38,Basic,2025-03-04 14:17:00,user3454@example.com,user3454,2263.1,S027,9,30,P3116,Urgent,3233.0,3814.94
U03455,TXN103455,East,2026-01-18,Books,32438.0,Failed,Kolkata,40,Basic,2026-01-18 22:54:00,user3455@example.com,user3455,4634.0,S091,7,0,P3064,Low,4634.0,5468.12
U03456,TXN103456,West,2026-04-10,Electronics,4530.0,Refunded,Mumbai,66,Free,2026-04-10 22:45:00,user3456@example.com,user3456,2265.0,S029,2,25,P4478,Low,3020.0,3563.6
U03457,TXN103457,West,2026-02-26,Electronics,6747.3,Completed,Bengaluru,36,Premium,2026-02-26 02:47:00,user3457@example.com,user3457,2249.1,S081,3,15,P9913,Medium,2646.0,3122.28
U03458,TXN103458,West,2025-06-14,Books,31865.6,Failed,Pune,47,Premium,2025-06-14 01:12:00,user3458@example.com,user3458,3983.2,S046,8,20,P4033,High,4979.0,5875.22
U03459,TXN103459,North,2025-12-11,Electronics,5738.0,Refunded,Kolkata,58,Basic,2025-12-11 06:24:00,user3459@example.com,user3459,573.8,S063,10,5,P2532,High,604.0,712.72
U03460,TXN103460,East,2026-02-19,Home,14037.2,Refunded,Delhi,21,Basic,2026-02-19 15:40:00,user3460@example.com,user3460,3509.3,S018,4,5,P4909,Urgent,3694.0,4358.92
U03461,TXN103461,South,2026-01-07,Home,14232.0,Completed,Bengaluru,45,Premium,2026-01-07 00:03:00,user3461@example.com,user3461,4744.0,S034,3,0,P1368,Low,4744.0,5597.92
U03462,TXN103462,West,2026-01-03,Home,4726.5,Completed,Mumbai,70,Basic,2026-01-03 09:45:00,user3462@example.com,user3462,2363.25,S017,2,25,P4765,Low,3151.0,3718.18
U03463,TXN103463,North,2026-04-19,Home,17179.8,Pending,Chennai,32,Free,2026-04-19 04:36:00,user3463@example.com,user3463,4294.95,S083,4,5,P6768,Low,4521.0,5334.78
U03464,TXN103464,South,2025-12-08,Electronics,28810.0,Refunded,Jaipur,61,Free,2025-12-08 09:08:00,user3464@example.com,user3464,2881.0,S089,10,0,P5815,Medium,2881.0,3399.58
U03465,TXN103465,East,2025-07-09,Grocery,32351.4,Failed,Mumbai,32,Free,2025-07-09 13:47:00,user3465@example.com,user3465,3594.6,S024,9,10,P5848,Urgent,3994.0,4712.92
U03466,TXN103466,East,2025-08-04,Books,29136.0,Failed,Pune,48,Basic,2025-08-04 15:46:00,user3466@example.com,user3466,3642.0,S043,8,25,P1517,High,4856.0,5730.08
U03467,TXN103467,North,2026-01-08,Books,2897.1,Refunded,Delhi,61,Basic,2026-01-08 13:13:00,user3467@example.com,user3467,965.7,S079,3,10,P6262,Low,1073.0,1266.14
U03468,TXN103468,South,2025-12-15,Books,21119.0,Failed,Hyderabad,40,Free,2025-12-15 07:08:00,user3468@example.com,user3468,3017.0,S001,7,30,P8051,Urgent,4310.0,5085.8
U03469,TXN103469,North,2026-04-27,Home,23085.0,Completed,Mumbai,43,Basic,2026-04-27 11:22:00,user3469@example.com,user3469,2565.0,S006,9,10,P2728,Urgent,2850.0,3363.0
U03470,TXN103470,North,2025-10-30,Sports,3179.7,Failed,Mumbai,54,Free,2025-10-30 11:26:00,user3470@example.com,user3470,3179.7,S003,1,10,P5105,Urgent,3533.0,4168.94
U03471,TXN103471,East,2025-08-28,Home,11121.6,Completed,Bengaluru,47,Basic,2025-08-28 21:50:00,user3471@example.com,user3471,1853.6,S069,6,20,P5523,Low,2317.0,2734.06
U03472,TXN103472,East,2025-05-11,Home,20344.0,Refunded,Pune,64,Premium,2025-05-11 02:52:00,user3472@example.com,user3472,2543.0,S049,8,0,P7330,High,2543.0,3000.74
U03473,TXN103473,South,2025-12-17,Home,16983.0,Refunded,Chennai,33,Basic,2025-12-17 14:21:00,user3473@example.com,user3473,2830.5,S079,6,15,P7216,Medium,3330.0,3929.4
U03474,TXN103474,South,2025-01-20,Sports,19275.5,Pending,Kolkata,39,Free,2025-01-20 11:15:00,user3474@example.com,user3474,3855.1,S045,5,5,P9368,Urgent,4058.0,4788.44
U03475,TXN103475,East,2025-07-25,Home,4701.0,Completed,Chennai,32,Free,2025-07-25 12:11:00,user3475@example.com,user3475,2350.5,S088,2,25,P4836,Low,3134.0,3698.12
U03476,TXN103476,North,2025-08-14,Home,5658.0,Completed,Delhi,64,Free,2025-08-14 07:55:00,user3476@example.com,user3476,1886.0,S081,3,0,P9765,Medium,1886.0,2225.48
U03477,TXN103477,East,2025-02-14,Fashion,26377.2,Failed,Pune,49,Free,2025-02-14 17:29:00,user3477@example.com,user3477,2930.8,S069,9,15,P4336,Medium,3448.0,4068.64
U03478,TXN103478,North,2026-01-03,Books,5216.4,Pending,Jaipur,58,Basic,2026-01-03 20:48:00,user3478@example.com,user3478,745.2,S005,7,10,P7836,Medium,828.0,977.04
U03479,TXN103479,East,2025-11-05,Sports,1785.6,Completed,Hyderabad,60,Free,2025-11-05 19:14:00,user3479@example.com,user3479,446.4,S069,4,10,P5282,Medium,496.0,585.28
U03480,TXN103480,East,2026-05-02,Fashion,19516.0,Refunded,Chennai,48,Premium,2026-05-02 01:15:00,user3480@example.com,user3480,2788.0,S089,7,15,P6403,Medium,3280.0,3870.4
U03481,TXN103481,West,2025-12-05,Home,6582.0,Failed,Jaipur,55,Free,2025-12-05 22:07:00,user3481@example.com,user3481,1645.5,S020,4,25,P2698,Low,2194.0,2588.92
U03482,TXN103482,South,2025-07-21,Books,17226.0,Refunded,Hyderabad,33,Basic,2025-07-21 09:27:00,user3482@example.com,user3482,1722.6,S015,10,10,P3093,High,1914.0,2258.52
U03483,TXN103483,North,2025-03-06,Fashion,4046.0,Completed,Chennai,19,Premium,2025-03-06 01:06:00,user3483@example.com,user3483,1011.5,S007,4,15,P5754,Urgent,1190.0,1404.2
U03484,TXN103484,North,2026-03-22,Home,6240.0,Pending,Kolkata,56,Premium,2026-03-22 06:11:00,user3484@example.com,user3484,780.0,S090,8,20,P8313,Low,975.0,1150.5
U03485,TXN103485,West,2025-03-26,Fashion,6472.8,Failed,Mumbai,63,Free,2025-03-26 07:27:00,user3485@example.com,user3485,719.2,S092,9,20,P7648,Low,899.0,1060.82
U03486,TXN103486,South,2026-04-01,Electronics,5807.2,Pending,Mumbai,32,Basic,2026-04-01 00:01:00,user3486@example.com,user3486,829.6,S048,7,15,P6819,Low,976.0,1151.68
U03487,TXN103487,West,2025-11-18,Electronics,975.2,Pending,Hyderabad,25,Free,2025-11-18 22:41:00,user3487@example.com,user3487,975.2,S004,1,20,P9676,Low,1219.0,1438.42
U03488,TXN103488,West,2025-02-15,Fashion,6237.0,Refunded,Mumbai,55,Premium,2025-02-15 05:45:00,user3488@example.com,user3488,693.0,S017,9,0,P2408,High,693.0,817.74
U03489,TXN103489,East,2025-07-18,Sports,11157.75,Failed,Hyderabad,55,Premium,2025-07-18 09:00:00,user3489@example.com,user3489,3719.25,S035,3,25,P4293,Urgent,4959.0,5851.62
U03490,TXN103490,North,2025-05-29,Grocery,6311.25,Pending,Mumbai,48,Basic,2025-05-29 16:55:00,user3490@example.com,user3490,1262.25,S032,5,15,P5573,Low,1485.0,1752.3
U03491,TXN103491,East,2025-04-21,Grocery,3342.2,Pending,Pune,35,Free,2025-04-21 07:25:00,user3491@example.com,user3491,835.55,S099,4,15,P8906,Medium,983.0,1159.94
U03492,TXN103492,South,2025-04-21,Electronics,22147.2,Refunded,Delhi,35,Basic,2025-04-21 01:38:00,user3492@example.com,user3492,2460.8,S038,9,20,P5046,High,3076.0,3629.68
U03493,TXN103493,South,2025-03-08,Sports,687.8,Pending,Kolkata,19,Free,2025-03-08 18:13:00,user3493@example.com,user3493,343.9,S001,2,5,P9028,Low,362.0,427.16
U03494,TXN103494,South,2025-04-14,Fashion,1755.0,Pending,Jaipur,18,Basic,2025-04-14 06:48:00,user3494@example.com,user3494,585.0,S018,3,25,P5553,Urgent,780.0,920.4
U03495,TXN103495,North,2025-10-21,Sports,2997.25,Refunded,Mumbai,70,Free,2025-10-21 11:55:00,user3495@example.com,user3495,599.45,S073,5,5,P6680,High,631.0,744.58
U03496,TXN103496,North,2025-10-22,Home,2799.05,Refunded,Mumbai,28,Premium,2025-10-22 18:17:00,user3496@example.com,user3496,2799.05,S077,1,15,P6054,Medium,3293.0,3885.74
U03497,TXN103497,South,2025-06-26,Home,8263.8,Failed,Pune,44,Free,2025-06-26 16:20:00,user3497@example.com,user3497,4131.9,S098,2,10,P7059,Urgent,4591.0,5417.38
U03498,TXN103498,West,2026-04-14,Grocery,7372.0,Completed,Bengaluru,25,Premium,2026-04-14 18:05:00,user3498@example.com,user3498,1843.0,S088,4,0,P1271,Urgent,1843.0,2174.74
U03499,TXN103499,West,2025-09-18,Fashion,2685.2,Refunded,Hyderabad,39,Premium,2025-09-18 14:18:00,user3499@example.com,user3499,1342.6,S059,2,30,P9578,Medium,1918.0,2263.24
U03500,TXN103500,South,2025-02-28,Grocery,32423.5,Refunded,Pune,52,Basic,2025-02-28 15:28:00,user3500@example.com,user3500,3242.35,S036,10,5,P8471,Urgent,3413.0,4027.34
U03501,TXN103501,East,2026-03-09,Fashion,375.0,Pending,Jaipur,46,Premium,2026-03-09 09:07:00,user3501@example.com,user3501,75.0,S058,5,25,P4745,Medium,100.0,118.0
U03502,TXN103502,East,2025-02-25,Sports,33698.0,Completed,Pune,53,Basic,2025-02-25 00:52:00,user3502@example.com,user3502,3369.8,S078,10,30,P9686,Low,4814.0,5680.52
U03503,TXN103503,East,2025-04-25,Sports,11039.0,Completed,Mumbai,51,Free,2025-04-25 12:37:00,user3503@example.com,user3503,1103.9,S085,10,30,P6933,Medium,1577.0,1860.86
U03504,TXN103504,South,2025-05-14,Home,13650.0,Completed,Bengaluru,67,Free,2025-05-14 19:47:00,user3504@example.com,user3504,4550.0,S056,3,0,P6569,High,4550.0,5369.0
U03505,TXN103505,North,2025-01-28,Books,20672.0,Pending,Kolkata,69,Free,2025-01-28 23:26:00,user3505@example.com,user3505,2584.0,S067,8,15,P8951,Urgent,3040.0,3587.2
U03506,TXN103506,North,2025-03-08,Home,12480.0,Pending,Mumbai,66,Basic,2025-03-08 20:46:00,user3506@example.com,user3506,1248.0,S061,10,20,P3887,Urgent,1560.0,1840.8
U03507,TXN103507,East,2025-04-25,Sports,9218.25,Refunded,Jaipur,47,Basic,2025-04-25 20:17:00,user3507@example.com,user3507,1024.25,S080,9,15,P7714,Low,1205.0,1421.9
U03508,TXN103508,South,2025-07-12,Sports,27816.95,Failed,Jaipur,19,Free,2025-07-12 18:02:00,user3508@example.com,user3508,3973.85,S027,7,5,P3065,High,4183.0,4935.94
U03509,TXN103509,West,2025-04-13,Grocery,4923.0,Pending,Hyderabad,40,Basic,2025-04-13 09:39:00,user3509@example.com,user3509,1230.75,S032,4,25,P8793,Urgent,1641.0,1936.38
U03510,TXN103510,East,2026-04-02,Sports,2777.6,Failed,Chennai,28,Premium,2026-04-02 10:21:00,user3510@example.com,user3510,2777.6,S070,1,20,P3932,Low,3472.0,4096.96
U03511,TXN103511,East,2025-04-21,Fashion,5756.2,Failed,Jaipur,32,Basic,2025-04-21 22:12:00,user3511@example.com,user3511,1439.05,S068,4,15,P4030,High,1693.0,1997.74
U03512,TXN103512,West,2025-10-16,Home,26244.0,Failed,Delhi,37,Basic,2025-10-16 11:29:00,user3512@example.com,user3512,4374.0,S012,6,0,P1010,High,4374.0,5161.32
U03513,TXN103513,South,2025-07-12,Sports,2363.85,Completed,Bengaluru,52,Premium,2025-07-12 14:03:00,user3513@example.com,user3513,262.65,S066,9,15,P7725,High,309.0,364.62
U03514,TXN103514,North,2025-09-22,Home,4575.0,Refunded,Jaipur,65,Free,2025-09-22 10:21:00,user3514@example.com,user3514,4575.0,S023,1,0,P4079,Urgent,4575.0,5398.5
U03515,TXN103515,South,2026-03-18,Fashion,7080.0,Pending,Kolkata,40,Premium,2026-03-18 15:32:00,user3515@example.com,user3515,1770.0,S082,4,25,P1777,High,2360.0,2784.8
U03516,TXN103516,South,2025-11-28,Sports,2527.0,Refunded,Chennai,51,Free,2025-11-28 20:00:00,user3516@example.com,user3516,505.4,S007,5,30,P4917,High,722.0,851.96
U03517,TXN103517,West,2025-10-23,Sports,3564.0,Completed,Chennai,68,Free,2025-10-23 12:57:00,user3517@example.com,user3517,712.8,S094,5,20,P9356,Low,891.0,1051.38
U03518,TXN103518,South,2025-03-14,Books,11606.4,Completed,Pune,59,Premium,2025-03-14 00:46:00,user3518@example.com,user3518,1934.4,S014,6,20,P3327,High,2418.0,2853.24
U03519,TXN103519,North,2025-12-01,Books,18004.0,Completed,Hyderabad,29,Premium,2025-12-01 21:00:00,user3519@example.com,user3519,2250.5,S036,8,30,P8920,Medium,3215.0,3793.7
U03520,TXN103520,North,2025-07-26,Grocery,5710.5,Refunded,Hyderabad,27,Free,2025-07-26 16:11:00,user3520@example.com,user3520,634.5,S090,9,10,P9817,Medium,705.0,831.9
U03521,TXN103521,East,2025-10-21,Grocery,1647.3,Refunded,Jaipur,26,Basic,2025-10-21 09:32:00,user3521@example.com,user3521,823.65,S060,2,15,P7816,High,969.0,1143.42
U03522,TXN103522,West,2026-02-08,Grocery,13149.0,Completed,Chennai,30,Basic,2026-02-08 12:10:00,user3522@example.com,user3522,1314.9,S095,10,10,P3796,Low,1461.0,1723.98
U03523,TXN103523,South,2025-01-13,Home,10299.45,Pending,Jaipur,27,Basic,2025-01-13 15:08:00,user3523@example.com,user3523,1471.35,S093,7,15,P3556,Urgent,1731.0,2042.58
U03524,TXN103524,East,2026-04-01,Fashion,1254.0,Failed,Hyderabad,51,Free,2026-04-01 14:20:00,user3524@example.com,user3524,1254.0,S007,1,0,P1565,Medium,1254.0,1479.72
U03525,TXN103525,East,2025-06-06,Fashion,11534.4,Pending,Kolkata,18,Basic,2025-06-06 19:26:00,user3525@example.com,user3525,2883.6,S018,4,10,P4713,Low,3204.0,3780.72
U03526,TXN103526,East,2026-01-20,Sports,4458.0,Pending,Delhi,21,Premium,2026-01-20 06:43:00,user3526@example.com,user3526,2229.0,S096,2,0,P4358,Low,2229.0,2630.22
U03527,TXN103527,North,2025-03-24,Grocery,14547.6,Pending,Mumbai,41,Free,2025-03-24 03:18:00,user3527@example.com,user3527,2424.6,S038,6,10,P9678,Low,2694.0,3178.92
U03528,TXN103528,North,2025-03-05,Home,3092.25,Completed,Jaipur,49,Basic,2025-03-05 21:41:00,user3528@example.com,user3528,441.75,S041,7,5,P7985,Medium,465.0,548.7
U03529,TXN103529,West,2025-08-15,Books,15944.0,Pending,Mumbai,30,Free,2025-08-15 16:30:00,user3529@example.com,user3529,3986.0,S098,4,0,P6452,Low,3986.0,4703.48
U03530,TXN103530,West,2025-04-29,Books,6652.8,Failed,Chennai,46,Premium,2025-04-29 01:03:00,user3530@example.com,user3530,3326.4,S071,2,20,P8006,Urgent,4158.0,4906.44
U03531,TXN103531,West,2025-04-18,Sports,5867.2,Completed,Delhi,60,Premium,2025-04-18 09:08:00,user3531@example.com,user3531,733.4,S021,8,5,P7565,Medium,772.0,910.96
U03532,TXN103532,West,2025-03-12,Sports,14510.3,Failed,Mumbai,25,Premium,2025-03-12 11:52:00,user3532@example.com,user3532,2072.9,S098,7,5,P8462,Urgent,2182.0,2574.76
U03533,TXN103533,West,2025-07-01,Electronics,17027.2,Refunded,Jaipur,61,Free,2025-07-01 18:46:00,user3533@example.com,user3533,2128.4,S054,8,15,P5965,Medium,2504.0,2954.72
U03534,TXN103534,East,2025-01-29,Sports,1044.0,Failed,Mumbai,56,Premium,2025-01-29 14:19:00,user3534@example.com,user3534,174.0,S097,6,0,P9535,Medium,174.0,205.32
U03535,TXN103535,South,2026-01-11,Grocery,393.4,Refunded,Bengaluru,47,Basic,2026-01-11 04:30:00,user3535@example.com,user3535,196.7,S057,2,30,P8463,Urgent,281.0,331.58
U03536,TXN103536,North,2025-04-26,Books,8080.7,Refunded,Hyderabad,45,Free,2025-04-26 09:36:00,user3536@example.com,user3536,4040.35,S084,2,5,P7841,Low,4253.0,5018.54
U03537,TXN103537,East,2025-11-19,Books,6407.1,Completed,Pune,48,Basic,2025-11-19 23:12:00,user3537@example.com,user3537,2135.7,S086,3,30,P2836,High,3051.0,3600.18
U03538,TXN103538,West,2026-02-11,Home,8884.4,Completed,Chennai,53,Free,2026-02-11 21:26:00,user3538@example.com,user3538,2221.1,S026,4,5,P1930,Medium,2338.0,2758.84
U03539,TXN103539,North,2025-06-30,Books,7425.6,Refunded,Mumbai,65,Basic,2025-06-30 20:12:00,user3539@example.com,user3539,928.2,S075,8,15,P5998,Low,1092.0,1288.56
U03540,TXN103540,North,2025-08-04,Sports,3549.0,Pending,Mumbai,23,Free,2025-08-04 07:43:00,user3540@example.com,user3540,591.5,S086,6,30,P4680,Urgent,845.0,997.1
U03541,TXN103541,South,2026-01-18,Books,6065.6,Refunded,Chennai,64,Free,2026-01-18 23:37:00,user3541@example.com,user3541,3032.8,S086,2,20,P7466,Urgent,3791.0,4473.38
U03542,TXN103542,East,2025-09-19,Books,21760.0,Failed,Mumbai,37,Premium,2025-09-19 23:34:00,user3542@example.com,user3542,2176.0,S099,10,15,P4777,Low,2560.0,3020.8
U03543,TXN103543,West,2025-09-02,Sports,41879.5,Failed,Pune,23,Basic,2025-09-02 20:34:00,user3543@example.com,user3543,4187.95,S073,10,15,P2764,Low,4927.0,5813.86
U03544,TXN103544,South,2026-01-10,Fashion,4691.1,Completed,Kolkata,24,Basic,2026-01-10 15:24:00,user3544@example.com,user3544,781.85,S073,6,5,P3957,Medium,823.0,971.14
U03545,TXN103545,West,2026-04-25,Electronics,12360.45,Failed,Bengaluru,35,Premium,2026-04-25 00:56:00,user3545@example.com,user3545,4120.15,S051,3,5,P1969,Low,4337.0,5117.66
U03546,TXN103546,East,2025-01-16,Grocery,39696.0,Completed,Bengaluru,32,Free,2025-01-16 23:43:00,user3546@example.com,user3546,3969.6,S029,10,20,P5362,Medium,4962.0,5855.16
U03547,TXN103547,North,2025-04-04,Grocery,6375.0,Failed,Chennai,30,Basic,2025-04-04 23:20:00,user3547@example.com,user3547,1275.0,S038,5,0,P5677,Medium,1275.0,1504.5
U03548,TXN103548,East,2025-11-25,Books,9907.2,Failed,Bengaluru,30,Basic,2025-11-25 01:23:00,user3548@example.com,user3548,1651.2,S002,6,20,P6541,Low,2064.0,2435.52
U03549,TXN103549,West,2025-05-12,Sports,11056.8,Pending,Kolkata,65,Premium,2025-05-12 03:44:00,user3549@example.com,user3549,2764.2,S001,4,15,P4427,Medium,3252.0,3837.36
U03550,TXN103550,North,2026-01-25,Books,5647.4,Pending,Mumbai,41,Basic,2026-01-25 03:14:00,user3550@example.com,user3550,2823.7,S018,2,15,P5601,High,3322.0,3919.96
U03551,TXN103551,East,2025-03-26,Electronics,3431.4,Completed,Chennai,20,Premium,2025-03-26 12:59:00,user3551@example.com,user3551,857.85,S044,4,5,P8839,Medium,903.0,1065.54
U03552,TXN103552,South,2026-02-11,Books,18581.0,Completed,Chennai,22,Basic,2026-02-11 08:29:00,user3552@example.com,user3552,3716.2,S090,5,15,P3071,Medium,4372.0,5158.96
U03553,TXN103553,West,2025-11-06,Electronics,5959.8,Refunded,Jaipur,29,Free,2025-11-06 12:34:00,user3553@example.com,user3553,662.2,S068,9,30,P8796,Low,946.0,1116.28
U03554,TXN103554,West,2026-01-27,Grocery,7594.3,Pending,Jaipur,58,Premium,2026-01-27 14:51:00,user3554@example.com,user3554,3797.15,S047,2,5,P3567,High,3997.0,4716.46
U03555,TXN103555,West,2025-01-07,Grocery,2033.0,Completed,Kolkata,57,Premium,2025-01-07 02:47:00,user3555@example.com,user3555,508.25,S072,4,5,P9473,Medium,535.0,631.3
U03556,TXN103556,East,2026-03-22,Home,32032.0,Refunded,Chennai,68,Premium,2026-03-22 19:26:00,user3556@example.com,user3556,4576.0,S070,7,0,P4339,Urgent,4576.0,5399.68
U03557,TXN103557,West,2026-01-25,Grocery,24199.35,Completed,Pune,67,Free,2026-01-25 17:32:00,user3557@example.com,user3557,3457.05,S058,7,5,P4312,Medium,3639.0,4294.02
U03558,TXN103558,West,2025-05-06,Sports,8186.4,Refunded,Delhi,43,Free,2025-05-06 12:15:00,user3558@example.com,user3558,909.6,S001,9,20,P3326,Urgent,1137.0,1341.66
U03559,TXN103559,North,2025-10-31,Books,1778.7,Pending,Jaipur,67,Basic,2025-10-31 17:44:00,user3559@example.com,user3559,1778.7,S002,1,30,P8091,High,2541.0,2998.38
U03560,TXN103560,North,2025-11-18,Books,13774.25,Failed,Mumbai,34,Basic,2025-11-18 02:51:00,user3560@example.com,user3560,1967.75,S094,7,15,P6510,Medium,2315.0,2731.7
U03561,TXN103561,West,2025-09-28,Sports,3304.0,Failed,Kolkata,66,Premium,2025-09-28 09:24:00,user3561@example.com,user3561,330.4,S054,10,30,P2568,Medium,472.0,556.96
U03562,TXN103562,South,2025-12-18,Home,13476.0,Refunded,Delhi,23,Basic,2025-12-18 22:43:00,user3562@example.com,user3562,4492.0,S068,3,0,P8134,Urgent,4492.0,5300.56
U03563,TXN103563,East,2026-03-28,Home,11680.25,Refunded,Hyderabad,44,Free,2026-03-28 23:28:00,user3563@example.com,user3563,2336.05,S084,5,5,P1322,Low,2459.0,2901.62
U03564,TXN103564,West,2025-08-18,Fashion,1672.0,Failed,Delhi,68,Free,2025-08-18 03:01:00,user3564@example.com,user3564,1672.0,S072,1,5,P2486,High,1760.0,2076.8
U03565,TXN103565,North,2025-08-14,Books,1332.0,Pending,Pune,48,Basic,2025-08-14 12:03:00,user3565@example.com,user3565,444.0,S051,3,0,P8021,Urgent,444.0,523.92
U03566,TXN103566,South,2025-07-20,Sports,1647.2,Refunded,Delhi,38,Premium,2025-07-20 01:35:00,user3566@example.com,user3566,1647.2,S032,1,20,P9294,High,2059.0,2429.62
U03567,TXN103567,North,2025-12-18,Electronics,6123.2,Refunded,Delhi,20,Basic,2025-12-18 13:48:00,user3567@example.com,user3567,3061.6,S035,2,20,P7501,Urgent,3827.0,4515.86
U03568,TXN103568,East,2025-08-25,Grocery,34916.0,Pending,Jaipur,46,Premium,2025-08-25 07:43:00,user3568@example.com,user3568,3491.6,S099,10,30,P7870,High,4988.0,5885.84
U03569,TXN103569,East,2025-07-04,Grocery,1314.6,Failed,Hyderabad,26,Basic,2025-07-04 11:10:00,user3569@example.com,user3569,219.1,S041,6,30,P5059,Low,313.0,369.34
U03570,TXN103570,North,2025-11-29,Electronics,11551.5,Refunded,Chennai,27,Free,2025-11-29 22:10:00,user3570@example.com,user3570,1283.5,S080,9,15,P8097,Urgent,1510.0,1781.8
U03571,TXN103571,South,2025-05-26,Books,1030.4,Refunded,Kolkata,18,Premium,2025-05-26 17:59:00,user3571@example.com,user3571,147.2,S001,7,20,P9462,Medium,184.0,217.12
U03572,TXN103572,North,2025-12-13,Home,14580.0,Refunded,Hyderabad,64,Basic,2025-12-13 09:09:00,user3572@example.com,user3572,1620.0,S003,9,0,P3238,Low,1620.0,1911.6
U03573,TXN103573,East,2025-05-19,Books,17500.0,Refunded,Hyderabad,41,Free,2025-05-19 13:16:00,user3573@example.com,user3573,2500.0,S005,7,0,P5359,High,2500.0,2950.0
U03574,TXN103574,North,2026-03-08,Grocery,10020.0,Pending,Hyderabad,30,Free,2026-03-08 00:46:00,user3574@example.com,user3574,1670.0,S064,6,0,P5080,Medium,1670.0,1970.6
U03575,TXN103575,North,2026-03-04,Books,3807.3,Refunded,Mumbai,60,Free,2026-03-04 14:40:00,user3575@example.com,user3575,543.9,S020,7,30,P9062,Low,777.0,916.86
U03576,TXN103576,North,2025-09-09,Fashion,8374.0,Completed,Chennai,31,Free,2025-09-09 05:04:00,user3576@example.com,user3576,4187.0,S003,2,0,P2802,Urgent,4187.0,4940.66
U03577,TXN103577,North,2025-05-15,Books,12197.5,Refunded,Jaipur,37,Basic,2025-05-15 03:16:00,user3577@example.com,user3577,2439.5,S090,5,15,P6750,High,2870.0,3386.6
U03578,TXN103578,South,2025-01-09,Home,33658.5,Pending,Hyderabad,47,Free,2025-01-09 06:32:00,user3578@example.com,user3578,3365.85,S004,10,5,P9058,High,3543.0,4180.74
U03579,TXN103579,South,2025-08-26,Home,20185.2,Refunded,Bengaluru,52,Premium,2025-08-26 22:56:00,user3579@example.com,user3579,2242.8,S012,9,10,P8251,High,2492.0,2940.56
U03580,TXN103580,North,2025-12-14,Home,9467.7,Pending,Jaipur,60,Free,2025-12-14 01:25:00,user3580@example.com,user3580,4733.85,S015,2,5,P5523,High,4983.0,5879.94
U03581,TXN103581,West,2026-01-01,Home,16291.8,Pending,Bengaluru,66,Premium,2026-01-01 03:20:00,user3581@example.com,user3581,2715.3,S036,6,30,P1030,Low,3879.0,4577.22
U03582,TXN103582,South,2025-11-30,Electronics,862.75,Refunded,Bengaluru,57,Premium,2025-11-30 00:45:00,user3582@example.com,user3582,123.25,S041,7,15,P2405,Urgent,145.0,171.1
U03583,TXN103583,North,2026-04-08,Grocery,19903.45,Refunded,Jaipur,38,Basic,2026-04-08 19:33:00,user3583@example.com,user3583,2843.35,S008,7,5,P2612,Low,2993.0,3531.74
U03584,TXN103584,South,2025-09-07,Grocery,9487.8,Refunded,Delhi,56,Premium,2025-09-07 08:37:00,user3584@example.com,user3584,1581.3,S058,6,30,P3764,Low,2259.0,2665.62
U03585,TXN103585,North,2025-11-02,Books,13885.2,Pending,Hyderabad,56,Free,2025-11-02 05:38:00,user3585@example.com,user3585,3471.3,S005,4,5,P9925,Urgent,3654.0,4311.72
U03586,TXN103586,East,2025-05-27,Home,30577.5,Refunded,Jaipur,53,Premium,2025-05-27 08:45:00,user3586@example.com,user3586,3397.5,S001,9,25,P1657,Low,4530.0,5345.4
U03587,TXN103587,North,2025-12-19,Electronics,23294.6,Pending,Hyderabad,33,Free,2025-12-19 20:34:00,user3587@example.com,user3587,3327.8,S040,7,30,P3173,High,4754.0,5609.72
U03588,TXN103588,West,2025-11-20,Sports,4668.3,Pending,Jaipur,31,Basic,2025-11-20 21:22:00,user3588@example.com,user3588,518.7,S020,9,30,P1782,Low,741.0,874.38
U03589,TXN103589,West,2025-11-23,Grocery,1836.9,Completed,Jaipur,59,Basic,2025-11-23 23:23:00,user3589@example.com,user3589,1836.9,S055,1,10,P8027,Medium,2041.0,2408.38
U03590,TXN103590,South,2025-09-27,Fashion,886.9,Completed,Chennai,34,Premium,2025-09-27 21:33:00,user3590@example.com,user3590,886.9,S022,1,30,P4969,Medium,1267.0,1495.06
U03591,TXN103591,South,2025-12-30,Electronics,6898.5,Failed,Chennai,67,Basic,2025-12-30 10:49:00,user3591@example.com,user3591,985.5,S079,7,25,P7559,Low,1314.0,1550.52
U03592,TXN103592,North,2026-03-14,Home,6006.0,Completed,Hyderabad,66,Free,2026-03-14 06:47:00,user3592@example.com,user3592,858.0,S042,7,0,P4710,Medium,858.0,1012.44
U03593,TXN103593,East,2026-01-22,Books,8354.5,Refunded,Kolkata,39,Premium,2026-01-22 12:07:00,user3593@example.com,user3593,1670.9,S062,5,30,P5198,Low,2387.0,2816.66
U03594,TXN103594,West,2025-11-06,Home,31289.6,Pending,Delhi,36,Premium,2025-11-06 22:23:00,user3594@example.com,user3594,3911.2,S047,8,20,P4179,Urgent,4889.0,5769.02
U03595,TXN103595,West,2026-04-21,Books,14877.0,Failed,Pune,54,Basic,2026-04-21 17:34:00,user3595@example.com,user3595,1653.0,S087,9,25,P7125,Urgent,2204.0,2600.72
U03596,TXN103596,West,2026-04-08,Electronics,11928.0,Failed,Hyderabad,44,Free,2026-04-08 21:46:00,user3596@example.com,user3596,1988.0,S029,6,0,P6667,Low,1988.0,2345.84
U03597,TXN103597,West,2025-06-09,Grocery,744.8,Pending,Pune,68,Free,2025-06-09 06:27:00,user3597@example.com,user3597,744.8,S007,1,30,P6728,Urgent,1064.0,1255.52
U03598,TXN103598,South,2025-03-17,Home,10059.75,Completed,Bengaluru,29,Premium,2025-03-17 20:56:00,user3598@example.com,user3598,2011.95,S029,5,15,P7942,Low,2367.0,2793.06
U03599,TXN103599,East,2025-10-30,Fashion,15827.0,Refunded,Chennai,58,Premium,2025-10-30 23:05:00,user3599@example.com,user3599,2261.0,S060,7,0,P2397,Urgent,2261.0,2667.98
U03600,TXN103600,East,2025-10-27,Home,10934.0,Refunded,Hyderabad,69,Basic,2025-10-27 22:53:00,user3600@example.com,user3600,1562.0,S015,7,0,P5605,Medium,1562.0,1843.16
U03601,TXN103601,West,2025-10-18,Fashion,2057.6,Failed,Bengaluru,32,Free,2025-10-18 08:41:00,user3601@example.com,user3601,1028.8,S015,2,20,P9779,Low,1286.0,1517.48
U03602,TXN103602,West,2025-04-27,Home,2403.0,Completed,Chennai,46,Free,2025-04-27 04:20:00,user3602@example.com,user3602,267.0,S096,9,25,P7590,Medium,356.0,420.08
U03603,TXN103603,North,2025-06-07,Books,11808.0,Failed,Hyderabad,68,Free,2025-06-07 21:44:00,user3603@example.com,user3603,1312.0,S010,9,0,P7635,Medium,1312.0,1548.16
U03604,TXN103604,West,2025-06-02,Grocery,7635.6,Refunded,Mumbai,64,Premium,2025-06-02 00:35:00,user3604@example.com,user3604,848.4,S091,9,30,P1432,Low,1212.0,1430.16
U03605,TXN103605,West,2025-03-30,Sports,2808.4,Pending,Hyderabad,48,Free,2025-03-30 11:52:00,user3605@example.com,user3605,401.2,S070,7,15,P5912,Medium,472.0,556.96
U03606,TXN103606,North,2025-06-02,Electronics,4016.6,Completed,Chennai,42,Premium,2025-06-02 17:21:00,user3606@example.com,user3606,2008.3,S084,2,5,P6811,Urgent,2114.0,2494.52
U03607,TXN103607,North,2025-12-25,Home,15450.0,Pending,Delhi,52,Free,2025-12-25 08:36:00,user3607@example.com,user3607,2575.0,S054,6,0,P6075,Urgent,2575.0,3038.5
U03608,TXN103608,South,2025-02-08,Grocery,9872.0,Refunded,Bengaluru,45,Premium,2025-02-08 14:26:00,user3608@example.com,user3608,2468.0,S012,4,0,P1619,Medium,2468.0,2912.24
U03609,TXN103609,North,2025-11-29,Home,33258.8,Completed,Jaipur,41,Free,2025-11-29 17:19:00,user3609@example.com,user3609,4157.35,S078,8,15,P5355,High,4891.0,5771.38
U03610,TXN103610,West,2026-01-07,Electronics,20776.5,Refunded,Pune,20,Basic,2026-01-07 00:28:00,user3610@example.com,user3610,3462.75,S066,6,25,P2400,High,4617.0,5448.06
U03611,TXN103611,South,2025-01-25,Electronics,13839.0,Completed,Kolkata,43,Free,2025-01-25 02:06:00,user3611@example.com,user3611,2767.8,S009,5,30,P2310,High,3954.0,4665.72
U03612,TXN103612,North,2025-05-11,Grocery,2037.6,Failed,Mumbai,40,Free,2025-05-11 13:07:00,user3612@example.com,user3612,1018.8,S094,2,10,P3619,Medium,1132.0,1335.76
U03613,TXN103613,North,2026-01-10,Sports,7216.5,Failed,Kolkata,27,Premium,2026-01-10 02:01:00,user3613@example.com,user3613,2405.5,S044,3,15,P2684,High,2830.0,3339.4
U03614,TXN103614,East,2025-01-30,Electronics,12811.2,Refunded,Delhi,42,Free,2025-01-30 07:02:00,user3614@example.com,user3614,1601.4,S073,8,15,P5123,Medium,1884.0,2223.12
U03615,TXN103615,East,2025-02-24,Electronics,4676.7,Completed,Mumbai,38,Free,2025-02-24 22:15:00,user3615@example.com,user3615,779.45,S044,6,15,P8105,High,917.0,1082.06
U03616,TXN103616,West,2026-01-02,Sports,32320.0,Pending,Kolkata,22,Basic,2026-01-02 01:35:00,user3616@example.com,user3616,4040.0,S014,8,0,P5857,Low,4040.0,4767.2
U03617,TXN103617,South,2026-03-10,Electronics,34238.0,Refunded,Mumbai,66,Free,2026-03-10 21:47:00,user3617@example.com,user3617,3423.8,S030,10,15,P9759,Medium,4028.0,4753.04
U03618,TXN103618,West,2026-04-13,Fashion,2607.75,Pending,Mumbai,29,Basic,2026-04-13 20:48:00,user3618@example.com,user3618,869.25,S037,3,25,P9952,Low,1159.0,1367.62
U03619,TXN103619,East,2026-03-25,Fashion,9623.25,Pending,Jaipur,47,Premium,2026-03-25 13:28:00,user3619@example.com,user3619,1374.75,S047,7,25,P1652,High,1833.0,2162.94
U03620,TXN103620,North,2025-02-10,Home,33849.0,Refunded,Delhi,60,Basic,2025-02-10 16:00:00,user3620@example.com,user3620,3384.9,S037,10,10,P5368,Medium,3761.0,4437.98
U03621,TXN103621,North,2025-05-19,Fashion,11104.0,Failed,Hyderabad,65,Free,2025-05-19 17:07:00,user3621@example.com,user3621,2776.0,S021,4,0,P8058,High,2776.0,3275.68
U03622,TXN103622,West,2025-05-29,Fashion,1470.0,Pending,Delhi,18,Free,2025-05-29 10:01:00,user3622@example.com,user3622,210.0,S047,7,0,P4104,Medium,210.0,247.8
U03623,TXN103623,West,2025-05-30,Electronics,20639.7,Pending,Mumbai,69,Free,2025-05-30 17:42:00,user3623@example.com,user3623,3439.95,S046,6,5,P4916,Urgent,3621.0,4272.78
U03624,TXN103624,South,2025-09-15,Electronics,22260.0,Refunded,Chennai,56,Basic,2025-09-15 19:55:00,user3624@example.com,user3624,2226.0,S099,10,0,P2522,Low,2226.0,2626.68
U03625,TXN103625,East,2025-12-28,Sports,15505.2,Pending,Pune,39,Premium,2025-12-28 07:30:00,user3625@example.com,user3625,3876.3,S021,4,10,P5475,Low,4307.0,5082.26
U03626,TXN103626,East,2025-06-13,Grocery,13214.4,Completed,Kolkata,32,Premium,2025-06-13 13:39:00,user3626@example.com,user3626,2202.4,S041,6,20,P2346,Urgent,2753.0,3248.54
U03627,TXN103627,West,2025-07-01,Grocery,8587.2,Completed,Chennai,62,Basic,2025-07-01 15:49:00,user3627@example.com,user3627,2862.4,S067,3,20,P9522,Medium,3578.0,4222.04
U03628,TXN103628,South,2025-09-03,Electronics,20848.8,Refunded,Mumbai,33,Premium,2025-09-03 21:48:00,user3628@example.com,user3628,2606.1,S082,8,15,P7745,High,3066.0,3617.88
U03629,TXN103629,East,2026-03-10,Fashion,13255.2,Pending,Bengaluru,52,Free,2026-03-10 07:52:00,user3629@example.com,user3629,1893.6,S034,7,10,P4504,Urgent,2104.0,2482.72
U03630,TXN103630,South,2026-04-11,Fashion,893.2,Failed,Chennai,30,Basic,2026-04-11 16:20:00,user3630@example.com,user3630,893.2,S085,1,30,P3153,High,1276.0,1505.68
U03631,TXN103631,West,2025-06-02,Fashion,3031.1,Completed,Mumbai,60,Basic,2025-06-02 05:16:00,user3631@example.com,user3631,1515.55,S017,2,15,P8777,Medium,1783.0,2103.94
U03632,TXN103632,West,2025-10-02,Home,3262.0,Failed,Bengaluru,40,Free,2025-10-02 17:39:00,user3632@example.com,user3632,652.4,S029,5,30,P1215,Urgent,932.0,1099.76
U03633,TXN103633,North,2025-10-05,Electronics,41004.0,Pending,Jaipur,18,Free,2025-10-05 16:03:00,user3633@example.com,user3633,4556.0,S088,9,0,P9810,Urgent,4556.0,5376.08
U03634,TXN103634,East,2025-03-07,Grocery,4149.6,Completed,Delhi,18,Free,2025-03-07 22:39:00,user3634@example.com,user3634,1383.2,S041,3,30,P8144,Low,1976.0,2331.68
U03635,TXN103635,North,2025-04-23,Fashion,5077.8,Failed,Kolkata,60,Basic,2025-04-23 14:31:00,user3635@example.com,user3635,725.4,S007,7,10,P7004,Urgent,806.0,951.08
U03636,TXN103636,East,2026-01-15,Fashion,24786.0,Pending,Jaipur,29,Premium,2026-01-15 23:58:00,user3636@example.com,user3636,3098.25,S058,8,15,P1345,High,3645.0,4301.1
U03637,TXN103637,East,2025-07-16,Electronics,19810.7,Pending,Delhi,42,Basic,2025-07-16 11:29:00,user3637@example.com,user3637,2830.1,S007,7,30,P6385,Low,4043.0,4770.74
U03638,TXN103638,West,2025-04-12,Electronics,27408.0,Pending,Mumbai,42,Premium,2025-04-12 14:27:00,user3638@example.com,user3638,3426.0,S059,8,0,P2323,High,3426.0,4042.68
U03639,TXN103639,North,2025-07-16,Books,6759.25,Refunded,Mumbai,19,Free,2025-07-16 23:31:00,user3639@example.com,user3639,1351.85,S074,5,5,P7338,High,1423.0,1679.14
U03640,TXN103640,East,2025-01-09,Electronics,5228.0,Failed,Kolkata,19,Premium,2025-01-09 04:38:00,user3640@example.com,user3640,1307.0,S090,4,0,P7298,High,1307.0,1542.26
U03641,TXN103641,North,2026-02-20,Electronics,24738.0,Failed,Hyderabad,69,Premium,2026-02-20 04:50:00,user3641@example.com,user3641,3092.25,S016,8,25,P6537,Low,4123.0,4865.14
U03642,TXN103642,West,2026-03-12,Fashion,5354.1,Completed,Pune,43,Basic,2026-03-12 20:18:00,user3642@example.com,user3642,1784.7,S061,3,10,P3882,High,1983.0,2339.94
U03643,TXN103643,East,2026-02-05,Sports,26952.8,Failed,Bengaluru,38,Free,2026-02-05 23:14:00,user3643@example.com,user3643,3369.1,S032,8,30,P5914,Urgent,4813.0,5679.34
U03644,TXN103644,East,2025-05-06,Home,27580.5,Refunded,Chennai,57,Basic,2025-05-06 14:12:00,user3644@example.com,user3644,3064.5,S069,9,25,P3309,High,4086.0,4821.48
U03645,TXN103645,South,2025-08-27,Books,3290.0,Refunded,Kolkata,42,Basic,2025-08-27 03:16:00,user3645@example.com,user3645,1645.0,S074,2,30,P6560,Urgent,2350.0,2773.0
U03646,TXN103646,East,2026-03-11,Sports,9362.4,Failed,Mumbai,43,Premium,2026-03-11 10:43:00,user3646@example.com,user3646,3120.8,S016,3,20,P1071,Low,3901.0,4603.18
U03647,TXN103647,North,2026-04-16,Home,3042.75,Completed,Delhi,67,Free,2026-04-16 17:02:00,user3647@example.com,user3647,3042.75,S020,1,25,P5850,Low,4057.0,4787.26
U03648,TXN103648,North,2025-01-01,Grocery,20298.6,Completed,Delhi,19,Premium,2025-01-01 03:32:00,user3648@example.com,user3648,3383.1,S004,6,30,P6744,Urgent,4833.0,5702.94
U03649,TXN103649,West,2026-03-09,Books,41775.3,Failed,Bengaluru,69,Basic,2026-03-09 20:35:00,user3649@example.com,user3649,4641.7,S098,9,5,P5773,Medium,4886.0,5765.48
U03650,TXN103650,West,2025-01-28,Grocery,5313.6,Refunded,Delhi,41,Premium,2025-01-28 09:12:00,user3650@example.com,user3650,1328.4,S054,4,10,P7480,Urgent,1476.0,1741.68
U03651,TXN103651,East,2025-09-17,Books,28975.0,Pending,Jaipur,57,Premium,2025-09-17 02:03:00,user3651@example.com,user3651,2897.5,S056,10,5,P4248,Medium,3050.0,3599.0
U03652,TXN103652,North,2025-01-04,Sports,988.8,Failed,Hyderabad,22,Premium,2025-01-04 13:44:00,user3652@example.com,user3652,494.4,S076,2,20,P4248,High,618.0,729.24
U03653,TXN103653,East,2026-03-07,Sports,8437.8,Pending,Bengaluru,49,Basic,2026-03-07 19:52:00,user3653@example.com,user3653,1406.3,S058,6,30,P1515,Medium,2009.0,2370.62
U03654,TXN103654,East,2025-07-11,Grocery,11138.4,Failed,Hyderabad,23,Premium,2025-07-11 08:34:00,user3654@example.com,user3654,1856.4,S025,6,30,P6718,Urgent,2652.0,3129.36
U03655,TXN103655,South,2025-08-31,Home,6996.75,Pending,Chennai,24,Premium,2025-08-31 02:39:00,user3655@example.com,user3655,2332.25,S021,3,5,P5321,High,2455.0,2896.9
U03656,TXN103656,South,2026-01-13,Fashion,1564.8,Refunded,Bengaluru,53,Premium,2026-01-13 21:05:00,user3656@example.com,user3656,260.8,S073,6,20,P8441,Urgent,326.0,384.68
U03657,TXN103657,East,2025-02-04,Sports,14310.8,Pending,Bengaluru,24,Basic,2025-02-04 15:36:00,user3657@example.com,user3657,3577.7,S005,4,5,P3135,Medium,3766.0,4443.88
U03658,TXN103658,West,2025-11-25,Grocery,4914.0,Failed,Pune,39,Premium,2025-11-25 20:18:00,user3658@example.com,user3658,819.0,S016,6,10,P8024,Urgent,910.0,1073.8
U03659,TXN103659,North,2026-05-01,Books,7898.4,Refunded,Kolkata,62,Basic,2026-05-01 13:23:00,user3659@example.com,user3659,1974.6,S058,4,10,P1902,High,2194.0,2588.92
U03660,TXN103660,South,2025-03-20,Electronics,11705.0,Refunded,Mumbai,35,Premium,2025-03-20 17:47:00,user3660@example.com,user3660,2341.0,S076,5,0,P7270,High,2341.0,2762.38
U03661,TXN103661,West,2025-05-20,Sports,24556.5,Refunded,Jaipur,43,Basic,2025-05-20 00:49:00,user3661@example.com,user3661,4092.75,S093,6,15,P5878,Medium,4815.0,5681.7
U03662,TXN103662,West,2026-01-25,Books,9925.6,Completed,Bengaluru,36,Free,2026-01-25 12:04:00,user3662@example.com,user3662,2481.4,S024,4,5,P6320,Urgent,2612.0,3082.16
U03663,TXN103663,North,2025-10-10,Home,13132.5,Failed,Kolkata,66,Premium,2025-10-10 18:54:00,user3663@example.com,user3663,2188.75,S095,6,15,P1519,Urgent,2575.0,3038.5
U03664,TXN103664,North,2025-01-21,Home,15588.0,Completed,Bengaluru,67,Premium,2025-01-21 12:14:00,user3664@example.com,user3664,1558.8,S032,10,10,P4948,High,1732.0,2043.76
U03665,TXN103665,West,2025-05-19,Grocery,15141.6,Failed,Bengaluru,23,Premium,2025-05-19 04:17:00,user3665@example.com,user3665,1892.7,S078,8,10,P8847,Medium,2103.0,2481.54
U03666,TXN103666,East,2025-09-23,Electronics,8611.2,Refunded,Bengaluru,48,Premium,2025-09-23 16:03:00,user3666@example.com,user3666,2152.8,S085,4,10,P9347,Urgent,2392.0,2822.56
U03667,TXN103667,South,2025-08-28,Books,1996.0,Failed,Chennai,63,Basic,2025-08-28 16:08:00,user3667@example.com,user3667,1996.0,S034,1,0,P2192,Low,1996.0,2355.28
U03668,TXN103668,West,2025-01-13,Sports,2791.1,Refunded,Pune,30,Free,2025-01-13 02:14:00,user3668@example.com,user3668,2791.1,S065,1,5,P1708,High,2938.0,3466.84
U03669,TXN103669,East,2025-07-09,Fashion,11431.7,Completed,Hyderabad,30,Basic,2025-07-09 23:33:00,user3669@example.com,user3669,1633.1,S065,7,30,P6742,Low,2333.0,2752.94
U03670,TXN103670,West,2025-02-14,Home,1102.5,Failed,Jaipur,65,Premium,2025-02-14 09:46:00,user3670@example.com,user3670,220.5,S049,5,10,P6651,Low,245.0,289.1
U03671,TXN103671,West,2025-11-26,Fashion,21504.0,Failed,Jaipur,55,Premium,2025-11-26 12:35:00,user3671@example.com,user3671,3584.0,S006,6,0,P4724,High,3584.0,4229.12
U03672,TXN103672,North,2025-04-16,Electronics,30294.0,Refunded,Kolkata,28,Basic,2025-04-16 21:02:00,user3672@example.com,user3672,3366.0,S064,9,25,P3807,High,4488.0,5295.84
U03673,TXN103673,South,2026-02-10,Books,2100.8,Completed,Hyderabad,24,Basic,2026-02-10 02:55:00,user3673@example.com,user3673,1050.4,S032,2,20,P3659,High,1313.0,1549.34
U03674,TXN103674,North,2026-03-02,Grocery,14875.2,Completed,Pune,64,Premium,2026-03-02 00:51:00,user3674@example.com,user3674,3718.8,S085,4,10,P6855,High,4132.0,4875.76
U03675,TXN103675,North,2025-11-16,Home,6568.8,Pending,Jaipur,33,Basic,2025-11-16 13:40:00,user3675@example.com,user3675,1094.8,S088,6,15,P8557,Urgent,1288.0,1519.84
U03676,TXN103676,West,2025-04-14,Home,26796.0,Pending,Hyderabad,64,Free,2025-04-14 10:01:00,user3676@example.com,user3676,3828.0,S038,7,0,P9191,Medium,3828.0,4517.04
U03677,TXN103677,North,2025-08-27,Fashion,13009.5,Refunded,Chennai,33,Free,2025-08-27 02:15:00,user3677@example.com,user3677,1858.5,S082,7,25,P5094,Urgent,2478.0,2924.04
U03678,TXN103678,North,2025-12-20,Grocery,2403.2,Pending,Hyderabad,29,Basic,2025-12-20 22:57:00,user3678@example.com,user3678,600.8,S048,4,20,P3263,Low,751.0,886.18
U03679,TXN103679,South,2026-04-18,Grocery,8784.65,Refunded,Hyderabad,26,Premium,2026-04-18 08:55:00,user3679@example.com,user3679,1254.95,S069,7,5,P2967,Medium,1321.0,1558.78
U03680,TXN103680,West,2026-03-05,Grocery,7821.9,Failed,Jaipur,54,Premium,2026-03-05 01:11:00,user3680@example.com,user3680,2607.3,S084,3,10,P2456,Medium,2897.0,3418.46
U03681,TXN103681,North,2025-04-22,Books,22521.6,Refunded,Jaipur,37,Basic,2025-04-22 16:08:00,user3681@example.com,user3681,3753.6,S039,6,15,P8564,Low,4416.0,5210.88
U03682,TXN103682,East,2025-05-10,Sports,21865.2,Refunded,Kolkata,32,Free,2025-05-10 22:22:00,user3682@example.com,user3682,3123.6,S025,7,5,P7148,Low,3288.0,3879.84
U03683,TXN103683,East,2025-02-07,Grocery,17284.75,Pending,Kolkata,25,Basic,2025-02-07 17:21:00,user3683@example.com,user3683,3456.95,S050,5,15,P6615,High,4067.0,4799.06
U03684,TXN103684,North,2025-06-14,Sports,7299.0,Completed,Pune,62,Basic,2025-06-14 20:14:00,user3684@example.com,user3684,3649.5,S050,2,25,P2745,Urgent,4866.0,5741.88
U03685,TXN103685,North,2026-02-19,Grocery,7324.5,Completed,Kolkata,23,Basic,2026-02-19 21:07:00,user3685@example.com,user3685,2441.5,S046,3,5,P9465,High,2570.0,3032.6
U03686,TXN103686,West,2026-03-26,Books,644.8,Refunded,Kolkata,63,Basic,2026-03-26 14:55:00,user3686@example.com,user3686,322.4,S081,2,20,P3414,Medium,403.0,475.54
U03687,TXN103687,West,2026-01-28,Grocery,19140.3,Pending,Pune,56,Basic,2026-01-28 08:38:00,user3687@example.com,user3687,2126.7,S088,9,10,P7490,Low,2363.0,2788.34
U03688,TXN103688,East,2025-02-22,Sports,8998.4,Refunded,Jaipur,31,Premium,2025-02-22 21:46:00,user3688@example.com,user3688,2249.6,S055,4,20,P6073,Low,2812.0,3318.16
U03689,TXN103689,East,2025-12-23,Fashion,5219.85,Completed,Hyderabad,47,Free,2025-12-23 01:41:00,user3689@example.com,user3689,1739.95,S005,3,15,P8549,Urgent,2047.0,2415.46
U03690,TXN103690,North,2025-06-01,Grocery,20621.25,Completed,Delhi,58,Basic,2025-06-01 13:13:00,user3690@example.com,user3690,2291.25,S003,9,25,P8709,Low,3055.0,3604.9
U03691,TXN103691,South,2025-09-27,Fashion,15356.1,Completed,Pune,34,Premium,2025-09-27 05:25:00,user3691@example.com,user3691,2559.35,S077,6,15,P6494,Urgent,3011.0,3552.98
U03692,TXN103692,East,2025-04-02,Grocery,9114.0,Refunded,Kolkata,39,Free,2025-04-02 07:38:00,user3692@example.com,user3692,1822.8,S046,5,30,P7816,Low,2604.0,3072.72
U03693,TXN103693,South,2025-04-03,Books,33170.4,Refunded,Pune,46,Basic,2025-04-03 17:55:00,user3693@example.com,user3693,3685.6,S057,9,20,P2234,Urgent,4607.0,5436.26
U03694,TXN103694,South,2025-03-24,Electronics,2823.0,Pending,Bengaluru,32,Free,2025-03-24 07:53:00,user3694@example.com,user3694,2823.0,S019,1,25,P8441,High,3764.0,4441.52
U03695,TXN103695,West,2025-05-15,Books,5341.0,Pending,Pune,26,Free,2025-05-15 11:55:00,user3695@example.com,user3695,534.1,S085,10,30,P9317,Medium,763.0,900.34
U03696,TXN103696,North,2025-01-20,Fashion,4890.6,Refunded,Pune,18,Premium,2025-01-20 20:10:00,user3696@example.com,user3696,815.1,S079,6,5,P6557,Urgent,858.0,1012.44
U03697,TXN103697,South,2025-06-14,Sports,6225.8,Completed,Kolkata,34,Free,2025-06-14 02:22:00,user3697@example.com,user3697,3112.9,S096,2,30,P1791,Urgent,4447.0,5247.46
U03698,TXN103698,East,2025-08-10,Sports,4882.0,Pending,Kolkata,66,Free,2025-08-10 02:44:00,user3698@example.com,user3698,4882.0,S054,1,0,P6324,High,4882.0,5760.76
U03699,TXN103699,West,2025-07-24,Books,15075.0,Refunded,Bengaluru,29,Free,2025-07-24 02:50:00,user3699@example.com,user3699,3015.0,S019,5,25,P2199,Medium,4020.0,4743.6
U03700,TXN103700,North,2026-01-30,Sports,5499.9,Refunded,Pune,46,Basic,2026-01-30 16:11:00,user3700@example.com,user3700,1833.3,S082,3,30,P2326,Low,2619.0,3090.42
U03701,TXN103701,South,2025-05-14,Sports,2196.0,Pending,Mumbai,48,Premium,2025-05-14 17:20:00,user3701@example.com,user3701,1098.0,S096,2,25,P5254,Low,1464.0,1727.52
U03702,TXN103702,South,2025-09-10,Sports,14000.0,Pending,Bengaluru,69,Basic,2025-09-10 11:16:00,user3702@example.com,user3702,2800.0,S075,5,0,P2026,High,2800.0,3304.0
U03703,TXN103703,North,2025-09-16,Grocery,3539.7,Failed,Pune,43,Basic,2025-09-16 02:05:00,user3703@example.com,user3703,1179.9,S018,3,5,P5503,Medium,1242.0,1465.56
U03704,TXN103704,South,2026-04-30,Electronics,6919.5,Refunded,Bengaluru,64,Basic,2026-04-30 19:26:00,user3704@example.com,user3704,988.5,S007,7,25,P2696,Medium,1318.0,1555.24
U03705,TXN103705,East,2025-08-14,Electronics,7009.1,Pending,Mumbai,52,Premium,2025-08-14 02:29:00,user3705@example.com,user3705,3504.55,S078,2,5,P8786,High,3689.0,4353.02
U03706,TXN103706,South,2025-09-03,Home,13560.0,Failed,Jaipur,68,Free,2025-09-03 06:26:00,user3706@example.com,user3706,2260.0,S074,6,20,P6313,Medium,2825.0,3333.5
U03707,TXN103707,East,2025-03-05,Books,24752.0,Refunded,Delhi,19,Basic,2025-03-05 21:09:00,user3707@example.com,user3707,3536.0,S087,7,0,P5661,High,3536.0,4172.48
U03708,TXN103708,North,2025-01-28,Sports,1348.95,Pending,Hyderabad,51,Basic,2025-01-28 11:27:00,user3708@example.com,user3708,1348.95,S024,1,15,P6845,Medium,1587.0,1872.66
U03709,TXN103709,North,2025-04-30,Grocery,9016.8,Refunded,Hyderabad,40,Free,2025-04-30 18:56:00,user3709@example.com,user3709,2254.2,S042,4,15,P7660,High,2652.0,3129.36
U03710,TXN103710,East,2026-03-30,Sports,17104.5,Failed,Chennai,28,Basic,2026-03-30 00:35:00,user3710@example.com,user3710,2443.5,S027,7,25,P7233,Medium,3258.0,3844.44
U03711,TXN103711,East,2025-12-28,Grocery,26796.8,Completed,Pune,70,Free,2025-12-28 11:00:00,user3711@example.com,user3711,3349.6,S075,8,20,P8587,High,4187.0,4940.66
U03712,TXN103712,East,2025-01-28,Books,15384.3,Pending,Kolkata,29,Free,2025-01-28 17:57:00,user3712@example.com,user3712,2564.05,S089,6,5,P9224,Low,2699.0,3184.82
U03713,TXN103713,North,2025-10-06,Grocery,24969.0,Refunded,Jaipur,26,Basic,2025-10-06 04:24:00,user3713@example.com,user3713,2496.9,S013,10,30,P5046,Low,3567.0,4209.06
U03714,TXN103714,South,2025-06-29,Home,12459.6,Failed,Chennai,38,Premium,2025-06-29 07:21:00,user3714@example.com,user3714,3114.9,S062,4,10,P4505,Medium,3461.0,4083.98
U03715,TXN103715,North,2026-02-05,Books,4758.75,Failed,Mumbai,28,Premium,2026-02-05 21:32:00,user3715@example.com,user3715,528.75,S072,9,25,P5117,High,705.0,831.9
U03716,TXN103716,East,2025-06-30,Books,9586.5,Refunded,Pune,32,Premium,2025-06-30 13:23:00,user3716@example.com,user3716,1369.5,S095,7,25,P6242,Medium,1826.0,2154.68
U03717,TXN103717,South,2026-04-23,Fashion,5931.0,Failed,Hyderabad,45,Premium,2026-04-23 06:02:00,user3717@example.com,user3717,1977.0,S074,3,0,P9925,Urgent,1977.0,2332.86
U03718,TXN103718,West,2026-03-24,Home,3790.15,Failed,Kolkata,67,Free,2026-03-24 02:24:00,user3718@example.com,user3718,541.45,S051,7,15,P4656,High,637.0,751.66
U03719,TXN103719,South,2025-08-21,Books,39261.6,Completed,Pune,26,Premium,2025-08-21 00:09:00,user3719@example.com,user3719,4362.4,S006,9,5,P7621,High,4592.0,5418.56
U03720,TXN103720,North,2025-01-12,Sports,4919.25,Refunded,Mumbai,55,Basic,2025-01-12 06:31:00,user3720@example.com,user3720,702.75,S069,7,25,P6246,Low,937.0,1105.66
U03721,TXN103721,North,2026-03-08,Books,12865.0,Pending,Chennai,68,Free,2026-03-08 20:02:00,user3721@example.com,user3721,2573.0,S024,5,0,P2082,Medium,2573.0,3036.14
U03722,TXN103722,West,2026-04-05,Electronics,9038.4,Failed,Hyderabad,53,Free,2026-04-05 10:48:00,user3722@example.com,user3722,3012.8,S001,3,20,P5454,Urgent,3766.0,4443.88
U03723,TXN103723,South,2025-02-25,Fashion,849.1,Pending,Pune,67,Free,2025-02-25 19:48:00,user3723@example.com,user3723,849.1,S056,1,30,P9854,Urgent,1213.0,1431.34
U03724,TXN103724,West,2025-12-31,Fashion,4870.8,Completed,Hyderabad,55,Basic,2025-12-31 07:47:00,user3724@example.com,user3724,1623.6,S097,3,10,P2560,Urgent,1804.0,2128.72
U03725,TXN103725,South,2025-03-02,Fashion,4225.0,Completed,Pune,47,Premium,2025-03-02 17:25:00,user3725@example.com,user3725,4225.0,S019,1,0,P9463,Urgent,4225.0,4985.5
U03726,TXN103726,East,2025-11-22,Fashion,14350.0,Pending,Hyderabad,69,Basic,2025-11-22 14:06:00,user3726@example.com,user3726,1435.0,S018,10,30,P3310,Low,2050.0,2419.0
U03727,TXN103727,East,2025-08-16,Electronics,9226.0,Refunded,Mumbai,23,Free,2025-08-16 23:21:00,user3727@example.com,user3727,4613.0,S034,2,0,P3051,Urgent,4613.0,5443.34
U03728,TXN103728,West,2025-04-20,Sports,10470.4,Failed,Jaipur,29,Free,2025-04-20 17:58:00,user3728@example.com,user3728,2617.6,S034,4,20,P7791,Low,3272.0,3860.96
U03729,TXN103729,West,2025-01-09,Sports,1547.1,Pending,Mumbai,33,Premium,2025-01-09 07:16:00,user3729@example.com,user3729,515.7,S025,3,10,P5760,Urgent,573.0,676.14
U03730,TXN103730,South,2025-06-26,Home,5575.5,Completed,Hyderabad,60,Premium,2025-06-26 13:41:00,user3730@example.com,user3730,619.5,S020,9,25,P6892,High,826.0,974.68
U03731,TXN103731,East,2025-02-21,Electronics,4230.0,Failed,Jaipur,50,Basic,2025-02-21 12:19:00,user3731@example.com,user3731,705.0,S052,6,0,P1662,Low,705.0,831.9
U03732,TXN103732,North,2026-04-05,Sports,17472.0,Completed,Bengaluru,42,Premium,2026-04-05 18:56:00,user3732@example.com,user3732,2184.0,S004,8,30,P1628,Urgent,3120.0,3681.6
U03733,TXN103733,West,2025-07-17,Electronics,12523.05,Refunded,Delhi,57,Basic,2025-07-17 10:14:00,user3733@example.com,user3733,4174.35,S015,3,15,P6963,High,4911.0,5794.98
U03734,TXN103734,East,2025-08-07,Home,4185.6,Failed,Hyderabad,42,Free,2025-08-07 03:45:00,user3734@example.com,user3734,697.6,S080,6,20,P3876,Medium,872.0,1028.96
U03735,TXN103735,West,2025-05-08,Sports,25394.6,Refunded,Hyderabad,50,Free,2025-05-08 22:25:00,user3735@example.com,user3735,3627.8,S050,7,15,P4562,Low,4268.0,5036.24
U03736,TXN103736,West,2026-02-08,Home,12429.8,Completed,Delhi,45,Free,2026-02-08 15:55:00,user3736@example.com,user3736,3107.45,S024,4,5,P3356,High,3271.0,3859.78
U03737,TXN103737,East,2026-02-25,Home,12537.5,Refunded,Pune,49,Free,2026-02-25 21:09:00,user3737@example.com,user3737,1253.75,S041,10,15,P8092,Urgent,1475.0,1740.5
U03738,TXN103738,West,2025-12-20,Grocery,368.9,Failed,Chennai,29,Basic,2025-12-20 18:28:00,user3738@example.com,user3738,184.45,S069,2,15,P1133,Medium,217.0,256.06
U03739,TXN103739,West,2025-08-20,Grocery,17656.2,Pending,Hyderabad,47,Free,2025-08-20 16:13:00,user3739@example.com,user3739,1961.8,S065,9,15,P9822,Low,2308.0,2723.44
U03740,TXN103740,North,2025-01-04,Fashion,13800.0,Pending,Bengaluru,25,Basic,2025-01-04 20:28:00,user3740@example.com,user3740,1380.0,S041,10,0,P9276,Medium,1380.0,1628.4
U03741,TXN103741,North,2025-05-07,Fashion,10963.2,Completed,Delhi,44,Premium,2025-05-07 05:25:00,user3741@example.com,user3741,3654.4,S002,3,20,P1477,High,4568.0,5390.24
U03742,TXN103742,West,2026-03-03,Books,12644.1,Refunded,Pune,61,Premium,2026-03-03 02:51:00,user3742@example.com,user3742,1404.9,S077,9,30,P9324,Low,2007.0,2368.26
U03743,TXN103743,West,2025-08-03,Books,14431.2,Pending,Mumbai,20,Basic,2025-08-03 01:13:00,user3743@example.com,user3743,2405.2,S094,6,30,P5388,Medium,3436.0,4054.48
U03744,TXN103744,North,2025-07-01,Grocery,6643.6,Refunded,Kolkata,63,Premium,2025-07-01 19:27:00,user3744@example.com,user3744,3321.8,S006,2,15,P3896,Urgent,3908.0,4611.44
U03745,TXN103745,South,2025-02-26,Electronics,2230.2,Pending,Mumbai,44,Free,2025-02-26 09:47:00,user3745@example.com,user3745,2230.2,S038,1,30,P3201,Urgent,3186.0,3759.48
U03746,TXN103746,West,2025-11-19,Electronics,4359.0,Failed,Mumbai,53,Free,2025-11-19 04:17:00,user3746@example.com,user3746,4359.0,S019,1,0,P4884,Low,4359.0,5143.62
U03747,TXN103747,South,2025-04-17,Books,13492.8,Refunded,Kolkata,61,Basic,2025-04-17 14:26:00,user3747@example.com,user3747,1686.6,S050,8,10,P8074,Urgent,1874.0,2211.32
U03748,TXN103748,North,2026-03-24,Grocery,8389.5,Completed,Pune,21,Basic,2026-03-24 14:06:00,user3748@example.com,user3748,1677.9,S054,5,30,P5499,Medium,2397.0,2828.46
U03749,TXN103749,East,2026-02-01,Books,14071.75,Failed,Mumbai,26,Free,2026-02-01 11:05:00,user3749@example.com,user3749,2814.35,S040,5,15,P8491,Low,3311.0,3906.98
U03750,TXN103750,South,2025-09-12,Home,4203.75,Completed,Mumbai,51,Basic,2025-09-12 20:20:00,user3750@example.com,user3750,4203.75,S080,1,5,P7921,Low,4425.0,5221.5
U03751,TXN103751,South,2025-03-19,Electronics,20050.0,Failed,Jaipur,34,Premium,2025-03-19 05:38:00,user3751@example.com,user3751,4010.0,S024,5,0,P7588,Medium,4010.0,4731.8
U03752,TXN103752,West,2025-06-26,Home,22355.2,Refunded,Kolkata,55,Free,2025-06-26 19:18:00,user3752@example.com,user3752,2794.4,S071,8,20,P4237,Medium,3493.0,4121.74
U03753,TXN103753,North,2025-10-30,Grocery,5004.0,Pending,Hyderabad,54,Basic,2025-10-30 10:15:00,user3753@example.com,user3753,1251.0,S045,4,10,P3815,Medium,1390.0,1640.2
U03754,TXN103754,North,2026-04-08,Grocery,15883.2,Completed,Kolkata,58,Basic,2026-04-08 07:40:00,user3754@example.com,user3754,3970.8,S051,4,10,P6945,Urgent,4412.0,5206.16
U03755,TXN103755,North,2025-01-24,Sports,23294.95,Completed,Jaipur,51,Free,2025-01-24 06:43:00,user3755@example.com,user3755,3327.85,S028,7,5,P7276,High,3503.0,4133.54
U03756,TXN103756,North,2025-09-26,Fashion,4825.05,Completed,Delhi,45,Premium,2025-09-26 14:39:00,user3756@example.com,user3756,1608.35,S100,3,5,P1507,High,1693.0,1997.74
U03757,TXN103757,North,2025-04-30,Sports,2356.95,Pending,Mumbai,23,Free,2025-04-30 09:09:00,user3757@example.com,user3757,2356.95,S009,1,5,P8557,Urgent,2481.0,2927.58
U03758,TXN103758,West,2025-05-24,Home,3419.5,Completed,Jaipur,33,Basic,2025-05-24 21:13:00,user3758@example.com,user3758,3419.5,S087,1,30,P2659,High,4885.0,5764.3
U03759,TXN103759,South,2025-06-23,Electronics,13095.0,Failed,Hyderabad,53,Premium,2025-06-23 11:12:00,user3759@example.com,user3759,2182.5,S080,6,10,P6850,High,2425.0,2861.5
U03760,TXN103760,North,2026-02-22,Electronics,30492.0,Failed,Delhi,64,Basic,2026-02-22 00:00:00,user3760@example.com,user3760,3811.5,S065,8,10,P5748,Medium,4235.0,4997.3
U03761,TXN103761,North,2025-08-07,Home,1132.4,Failed,Hyderabad,36,Premium,2025-08-07 01:15:00,user3761@example.com,user3761,141.55,S010,8,5,P5000,Medium,149.0,175.82
U03762,TXN103762,East,2025-02-12,Books,3594.8,Refunded,Hyderabad,46,Basic,2025-02-12 06:36:00,user3762@example.com,user3762,1797.4,S072,2,5,P3053,Medium,1892.0,2232.56
U03763,TXN103763,East,2025-01-27,Home,19497.1,Pending,Hyderabad,18,Premium,2025-01-27 17:58:00,user3763@example.com,user3763,2785.3,S078,7,30,P5745,Medium,3979.0,4695.22
U03764,TXN103764,East,2025-07-04,Fashion,4844.0,Pending,Jaipur,30,Premium,2025-07-04 18:45:00,user3764@example.com,user3764,968.8,S048,5,30,P8026,Urgent,1384.0,1633.12
U03765,TXN103765,East,2025-10-24,Fashion,10211.25,Refunded,Delhi,59,Basic,2025-10-24 18:08:00,user3765@example.com,user3765,2042.25,S031,5,25,P5241,Low,2723.0,3213.14
U03766,TXN103766,East,2025-09-05,Grocery,13007.25,Refunded,Chennai,56,Free,2025-09-05 03:57:00,user3766@example.com,user3766,1445.25,S010,9,25,P4911,High,1927.0,2273.86
U03767,TXN103767,East,2025-10-27,Books,6867.0,Failed,Mumbai,25,Premium,2025-10-27 03:58:00,user3767@example.com,user3767,763.0,S012,9,30,P7779,Medium,1090.0,1286.2
U03768,TXN103768,North,2025-09-04,Sports,6453.0,Pending,Bengaluru,25,Basic,2025-09-04 03:32:00,user3768@example.com,user3768,1613.25,S078,4,25,P7533,Low,2151.0,2538.18
U03769,TXN103769,East,2025-06-07,Grocery,8059.8,Refunded,Delhi,24,Basic,2025-06-07 20:24:00,user3769@example.com,user3769,2686.6,S084,3,5,P9393,High,2828.0,3337.04
U03770,TXN103770,North,2026-03-24,Electronics,31784.4,Completed,Mumbai,20,Free,2026-03-24 07:59:00,user3770@example.com,user3770,3531.6,S068,9,10,P2763,Medium,3924.0,4630.32
U03771,TXN103771,North,2025-01-09,Home,9196.0,Completed,Delhi,43,Free,2025-01-09 16:57:00,user3771@example.com,user3771,1149.5,S010,8,5,P1049,Low,1210.0,1427.8
U03772,TXN103772,East,2025-05-17,Fashion,22817.4,Pending,Bengaluru,19,Free,2025-05-17 15:05:00,user3772@example.com,user3772,3802.9,S017,6,15,P2900,Medium,4474.0,5279.32
U03773,TXN103773,North,2025-07-25,Grocery,1041.2,Failed,Delhi,48,Basic,2025-07-25 09:47:00,user3773@example.com,user3773,130.15,S064,8,5,P6372,Medium,137.0,161.66
U03774,TXN103774,West,2025-01-26,Home,9082.5,Refunded,Hyderabad,52,Free,2025-01-26 05:44:00,user3774@example.com,user3774,1297.5,S100,7,25,P9775,High,1730.0,2041.4
U03775,TXN103775,South,2025-05-25,Grocery,23597.0,Pending,Delhi,61,Basic,2025-05-25 15:20:00,user3775@example.com,user3775,2359.7,S099,10,30,P7117,Urgent,3371.0,3977.78
U03776,TXN103776,West,2025-11-26,Grocery,5811.0,Refunded,Hyderabad,62,Premium,2025-11-26 14:02:00,user3776@example.com,user3776,2905.5,S091,2,25,P7573,Low,3874.0,4571.32
U03777,TXN103777,West,2025-09-01,Home,2097.8,Pending,Delhi,46,Basic,2025-09-01 00:08:00,user3777@example.com,user3777,2097.8,S045,1,15,P9765,High,2468.0,2912.24
U03778,TXN103778,West,2026-04-15,Electronics,7412.0,Completed,Chennai,59,Free,2026-04-15 21:04:00,user3778@example.com,user3778,3706.0,S026,2,0,P9458,Low,3706.0,4373.08
U03779,TXN103779,North,2025-01-15,Sports,22207.5,Refunded,Mumbai,34,Free,2025-01-15 12:04:00,user3779@example.com,user3779,3172.5,S030,7,25,P9018,Medium,4230.0,4991.4
U03780,TXN103780,South,2026-03-25,Books,22245.3,Failed,Hyderabad,45,Premium,2026-03-25 05:07:00,user3780@example.com,user3780,3177.9,S008,7,10,P4087,High,3531.0,4166.58
U03781,TXN103781,South,2025-11-06,Sports,5474.25,Pending,Pune,60,Free,2025-11-06 08:59:00,user3781@example.com,user3781,608.25,S010,9,25,P3259,Medium,811.0,956.98
U03782,TXN103782,West,2026-03-30,Books,31344.0,Refunded,Pune,65,Free,2026-03-30 04:40:00,user3782@example.com,user3782,3918.0,S086,8,0,P8642,High,3918.0,4623.24
U03783,TXN103783,West,2025-09-27,Fashion,1749.6,Completed,Bengaluru,23,Free,2025-09-27 16:42:00,user3783@example.com,user3783,218.7,S045,8,10,P5524,Medium,243.0,286.74
U03784,TXN103784,East,2026-02-15,Home,10974.4,Refunded,Hyderabad,48,Premium,2026-02-15 23:14:00,user3784@example.com,user3784,2743.6,S051,4,5,P9403,Urgent,2888.0,3407.84
U03785,TXN103785,North,2025-01-12,Grocery,23529.6,Refunded,Bengaluru,62,Free,2025-01-12 19:19:00,user3785@example.com,user3785,2941.2,S073,8,10,P5763,Urgent,3268.0,3856.24
U03786,TXN103786,North,2025-03-15,Electronics,13232.7,Pending,Bengaluru,58,Basic,2025-03-15 02:04:00,user3786@example.com,user3786,4410.9,S001,3,10,P2318,Urgent,4901.0,5783.18
U03787,TXN103787,East,2025-12-10,Sports,1452.0,Refunded,Jaipur,67,Premium,2025-12-10 01:34:00,user3787@example.com,user3787,1452.0,S058,1,0,P5354,Medium,1452.0,1713.36
U03788,TXN103788,West,2025-05-03,Books,13491.0,Failed,Kolkata,43,Free,2025-05-03 19:43:00,user3788@example.com,user3788,2698.2,S082,5,10,P2691,Low,2998.0,3537.64
U03789,TXN103789,West,2025-02-18,Electronics,14004.0,Refunded,Pune,49,Basic,2025-02-18 23:49:00,user3789@example.com,user3789,1750.5,S014,8,10,P5869,Urgent,1945.0,2295.1
U03790,TXN103790,North,2025-04-17,Sports,7204.5,Completed,Chennai,35,Premium,2025-04-17 13:43:00,user3790@example.com,user3790,1440.9,S062,5,10,P3584,Medium,1601.0,1889.18
U03791,TXN103791,East,2025-09-16,Books,4814.6,Completed,Kolkata,51,Free,2025-09-16 03:58:00,user3791@example.com,user3791,2407.3,S087,2,30,P7603,Urgent,3439.0,4058.02
U03792,TXN103792,South,2025-12-01,Sports,4686.0,Failed,Mumbai,60,Premium,2025-12-01 19:37:00,user3792@example.com,user3792,1171.5,S049,4,25,P6487,Urgent,1562.0,1843.16
U03793,TXN103793,South,2025-09-04,Electronics,7073.6,Completed,Hyderabad,26,Basic,2025-09-04 18:59:00,user3793@example.com,user3793,3536.8,S095,2,20,P5291,Medium,4421.0,5216.78
U03794,TXN103794,East,2026-01-23,Electronics,21454.2,Refunded,Jaipur,58,Premium,2026-01-23 04:07:00,user3794@example.com,user3794,3575.7,S093,6,10,P4576,Urgent,3973.0,4688.14
U03795,TXN103795,South,2025-06-04,Fashion,21180.0,Refunded,Hyderabad,33,Free,2025-06-04 22:31:00,user3795@example.com,user3795,2647.5,S100,8,25,P4883,Low,3530.0,4165.4
U03796,TXN103796,West,2025-09-09,Home,855.0,Completed,Hyderabad,25,Premium,2025-09-09 20:05:00,user3796@example.com,user3796,171.0,S052,5,0,P7720,Urgent,171.0,201.78
U03797,TXN103797,East,2026-02-20,Electronics,18972.0,Completed,Pune,48,Basic,2026-02-20 08:27:00,user3797@example.com,user3797,3794.4,S087,5,10,P4856,High,4216.0,4974.88
U03798,TXN103798,East,2026-04-11,Sports,17670.0,Pending,Delhi,66,Basic,2026-04-11 08:35:00,user3798@example.com,user3798,2208.75,S045,8,25,P7010,Urgent,2945.0,3475.1
U03799,TXN103799,West,2025-01-22,Home,404.8,Refunded,Bengaluru,69,Premium,2025-01-22 13:52:00,user3799@example.com,user3799,202.4,S015,2,20,P6398,Low,253.0,298.54
U03800,TXN103800,North,2026-02-01,Grocery,2048.4,Failed,Chennai,52,Premium,2026-02-01 10:00:00,user3800@example.com,user3800,512.1,S095,4,10,P4908,Urgent,569.0,671.42
U03801,TXN103801,North,2026-04-29,Electronics,24808.0,Refunded,Bengaluru,25,Basic,2026-04-29 04:26:00,user3801@example.com,user3801,2480.8,S092,10,20,P2956,Low,3101.0,3659.18
U03802,TXN103802,South,2025-04-05,Sports,19496.0,Pending,Delhi,25,Premium,2025-04-05 07:35:00,user3802@example.com,user3802,2437.0,S020,8,0,P3863,High,2437.0,2875.66
U03803,TXN103803,East,2025-01-14,Sports,26756.8,Pending,Kolkata,18,Free,2025-01-14 07:21:00,user3803@example.com,user3803,3344.6,S091,8,30,P6936,High,4778.0,5638.04
U03804,TXN103804,East,2025-05-11,Grocery,6634.8,Completed,Hyderabad,67,Basic,2025-05-11 07:39:00,user3804@example.com,user3804,2211.6,S001,3,5,P8973,Medium,2328.0,2747.04
U03805,TXN103805,East,2025-07-01,Sports,2948.8,Completed,Hyderabad,27,Free,2025-07-01 18:26:00,user3805@example.com,user3805,1474.4,S032,2,5,P8764,Urgent,1552.0,1831.36
U03806,TXN103806,North,2026-04-13,Home,22470.0,Refunded,Jaipur,34,Basic,2026-04-13 18:11:00,user3806@example.com,user3806,2247.0,S094,10,25,P2022,Low,2996.0,3535.28
U03807,TXN103807,West,2025-06-22,Electronics,42092.0,Failed,Mumbai,53,Premium,2025-06-22 09:32:00,user3807@example.com,user3807,4209.2,S085,10,15,P6688,High,4952.0,5843.36
U03808,TXN103808,North,2025-12-26,Sports,4844.8,Failed,Kolkata,37,Free,2025-12-26 06:02:00,user3808@example.com,user3808,2422.4,S079,2,20,P1908,High,3028.0,3573.04
U03809,TXN103809,East,2025-03-25,Sports,4077.0,Pending,Chennai,45,Free,2025-03-25 18:25:00,user3809@example.com,user3809,453.0,S066,9,0,P3857,Low,453.0,534.54
U03810,TXN103810,South,2025-02-11,Sports,18841.6,Pending,Pune,32,Basic,2025-02-11 12:51:00,user3810@example.com,user3810,2355.2,S018,8,20,P6240,High,2944.0,3473.92
U03811,TXN103811,West,2025-06-26,Home,9446.4,Failed,Pune,27,Premium,2025-06-26 15:43:00,user3811@example.com,user3811,2361.6,S047,4,10,P5602,Urgent,2624.0,3096.32
U03812,TXN103812,East,2026-01-30,Fashion,23921.0,Failed,Kolkata,31,Basic,2026-01-30 19:50:00,user3812@example.com,user3812,2392.1,S007,10,5,P8811,Medium,2518.0,2971.24
U03813,TXN103813,East,2025-01-07,Grocery,26003.2,Failed,Jaipur,64,Basic,2025-01-07 19:37:00,user3813@example.com,user3813,3250.4,S007,8,15,P4899,Medium,3824.0,4512.32
U03814,TXN103814,North,2025-06-08,Electronics,22896.0,Refunded,Hyderabad,18,Basic,2025-06-08 09:24:00,user3814@example.com,user3814,2862.0,S035,8,0,P9337,Low,2862.0,3377.16
U03815,TXN103815,East,2025-05-18,Sports,10406.25,Failed,Bengaluru,22,Premium,2025-05-18 11:58:00,user3815@example.com,user3815,2081.25,S049,5,25,P3271,High,2775.0,3274.5
U03816,TXN103816,East,2026-04-24,Home,21070.8,Failed,Pune,55,Free,2026-04-24 12:21:00,user3816@example.com,user3816,3511.8,S061,6,10,P5713,Medium,3902.0,4604.36
U03817,TXN103817,North,2025-10-17,Sports,28051.2,Completed,Mumbai,68,Free,2025-10-17 02:10:00,user3817@example.com,user3817,3506.4,S086,8,10,P5761,High,3896.0,4597.28
U03818,TXN103818,North,2025-06-05,Home,1090.0,Failed,Bengaluru,61,Premium,2025-06-05 08:37:00,user3818@example.com,user3818,545.0,S020,2,0,P6461,Low,545.0,643.1
U03819,TXN103819,East,2026-04-03,Fashion,2263.5,Completed,Pune,58,Premium,2026-04-03 10:56:00,user3819@example.com,user3819,1131.75,S019,2,25,P2951,High,1509.0,1780.62
U03820,TXN103820,South,2025-06-13,Grocery,17340.0,Pending,Hyderabad,64,Premium,2025-06-13 00:28:00,user3820@example.com,user3820,2890.0,S037,6,15,P1632,Low,3400.0,4012.0
U03821,TXN103821,South,2025-07-23,Fashion,4978.0,Refunded,Mumbai,64,Premium,2025-07-23 05:14:00,user3821@example.com,user3821,2489.0,S092,2,5,P6595,High,2620.0,3091.6
U03822,TXN103822,North,2026-02-05,Home,1601.4,Pending,Kolkata,30,Basic,2026-02-05 21:55:00,user3822@example.com,user3822,1601.4,S088,1,15,P1410,Urgent,1884.0,2223.12
U03823,TXN103823,North,2025-09-26,Grocery,21232.8,Completed,Delhi,32,Free,2025-09-26 16:14:00,user3823@example.com,user3823,3538.8,S072,6,10,P5858,Low,3932.0,4639.76
U03824,TXN103824,South,2025-02-16,Electronics,1150.45,Completed,Hyderabad,46,Free,2025-02-16 16:24:00,user3824@example.com,user3824,1150.45,S070,1,5,P5953,Urgent,1211.0,1428.98
U03825,TXN103825,North,2025-02-26,Fashion,7423.3,Pending,Delhi,39,Free,2025-02-26 08:42:00,user3825@example.com,user3825,3711.65,S062,2,5,P9208,Low,3907.0,4610.26
U03826,TXN103826,South,2026-02-07,Sports,30496.5,Refunded,Pune,55,Premium,2026-02-07 07:51:00,user3826@example.com,user3826,3388.5,S041,9,25,P7069,Urgent,4518.0,5331.24
U03827,TXN103827,South,2026-01-01,Electronics,4448.25,Completed,Bengaluru,69,Free,2026-01-01 10:18:00,user3827@example.com,user3827,1482.75,S004,3,25,P5946,Low,1977.0,2332.86
U03828,TXN103828,East,2025-10-15,Fashion,1483.2,Failed,Bengaluru,45,Premium,2025-10-15 23:53:00,user3828@example.com,user3828,494.4,S090,3,20,P9438,Medium,618.0,729.24
U03829,TXN103829,East,2026-04-01,Home,26310.0,Refunded,Hyderabad,23,Basic,2026-04-01 17:56:00,user3829@example.com,user3829,2631.0,S080,10,25,P6457,High,3508.0,4139.44
U03830,TXN103830,West,2025-07-07,Sports,14620.5,Completed,Pune,28,Basic,2025-07-07 11:13:00,user3830@example.com,user3830,1624.5,S054,9,10,P4250,High,1805.0,2129.9
U03831,TXN103831,West,2025-08-29,Sports,10775.85,Failed,Bengaluru,29,Basic,2025-08-29 17:48:00,user3831@example.com,user3831,3591.95,S037,3,5,P1481,Urgent,3781.0,4461.58
U03832,TXN103832,East,2025-09-29,Electronics,3348.0,Pending,Delhi,19,Premium,2025-09-29 02:26:00,user3832@example.com,user3832,1116.0,S079,3,20,P2276,High,1395.0,1646.1
U03833,TXN103833,East,2026-03-29,Electronics,727.5,Pending,Bengaluru,68,Basic,2026-03-29 12:46:00,user3833@example.com,user3833,145.5,S041,5,25,P4948,High,194.0,228.92
U03834,TXN103834,South,2025-05-18,Electronics,6768.0,Refunded,Jaipur,60,Free,2025-05-18 01:28:00,user3834@example.com,user3834,1128.0,S060,6,25,P8363,High,1504.0,1774.72
U03835,TXN103835,East,2025-08-13,Sports,18779.6,Completed,Delhi,67,Premium,2025-08-13 21:48:00,user3835@example.com,user3835,4694.9,S051,4,5,P8026,Low,4942.0,5831.56
U03836,TXN103836,South,2026-03-08,Electronics,32389.0,Pending,Kolkata,27,Basic,2026-03-08 16:55:00,user3836@example.com,user3836,3238.9,S009,10,30,P3235,Medium,4627.0,5459.86
U03837,TXN103837,South,2026-03-29,Home,2638.3,Pending,Mumbai,52,Free,2026-03-29 18:01:00,user3837@example.com,user3837,2638.3,S088,1,30,P4832,Low,3769.0,4447.42
U03838,TXN103838,South,2025-04-23,Sports,8110.0,Completed,Chennai,46,Premium,2025-04-23 11:36:00,user3838@example.com,user3838,4055.0,S029,2,0,P8549,Medium,4055.0,4784.9
U03839,TXN103839,East,2025-04-05,Books,12420.3,Completed,Mumbai,18,Basic,2025-04-05 20:04:00,user3839@example.com,user3839,4140.1,S089,3,5,P7098,Medium,4358.0,5142.44
U03840,TXN103840,East,2025-08-02,Fashion,39330.0,Completed,Pune,21,Basic,2025-08-02 14:20:00,user3840@example.com,user3840,4370.0,S094,9,5,P7150,High,4600.0,5428.0
U03841,TXN103841,North,2026-04-29,Electronics,22374.4,Failed,Jaipur,69,Basic,2026-04-29 13:28:00,user3841@example.com,user3841,2796.8,S049,8,5,P2335,High,2944.0,3473.92
U03842,TXN103842,East,2026-03-27,Electronics,1355.4,Failed,Bengaluru,19,Free,2026-03-27 12:53:00,user3842@example.com,user3842,1355.4,S077,1,10,P7590,High,1506.0,1777.08
U03843,TXN103843,North,2025-04-25,Home,20692.8,Pending,Mumbai,31,Free,2025-04-25 12:47:00,user3843@example.com,user3843,3448.8,S002,6,20,P8737,High,4311.0,5086.98
U03844,TXN103844,North,2025-12-17,Books,8624.0,Refunded,Pune,68,Premium,2025-12-17 23:35:00,user3844@example.com,user3844,1724.8,S084,5,20,P5243,Low,2156.0,2544.08
U03845,TXN103845,West,2025-03-05,Grocery,20136.5,Completed,Chennai,23,Free,2025-03-05 03:49:00,user3845@example.com,user3845,2013.65,S096,10,15,P8843,Urgent,2369.0,2795.42
U03846,TXN103846,South,2025-08-16,Home,814.5,Completed,Mumbai,37,Basic,2025-08-16 18:23:00,user3846@example.com,user3846,814.5,S047,1,10,P7668,High,905.0,1067.9
U03847,TXN103847,East,2025-01-12,Home,44773.5,Failed,Chennai,66,Premium,2025-01-12 19:04:00,user3847@example.com,user3847,4477.35,S020,10,5,P3815,High,4713.0,5561.34
U03848,TXN103848,East,2025-10-17,Electronics,1758.4,Refunded,Delhi,24,Basic,2025-10-17 00:43:00,user3848@example.com,user3848,219.8,S082,8,30,P6381,Urgent,314.0,370.52
U03849,TXN103849,South,2026-03-04,Books,8344.0,Completed,Delhi,51,Premium,2026-03-04 08:55:00,user3849@example.com,user3849,834.4,S076,10,30,P4307,Low,1192.0,1406.56
U03850,TXN103850,North,2025-06-20,Sports,8413.2,Failed,Bengaluru,23,Basic,2025-06-20 10:50:00,user3850@example.com,user3850,2103.3,S036,4,10,P6463,Low,2337.0,2757.66
U03851,TXN103851,West,2025-10-23,Electronics,6762.0,Completed,Delhi,41,Premium,2025-10-23 14:16:00,user3851@example.com,user3851,3381.0,S057,2,25,P2943,Urgent,4508.0,5319.44
U03852,TXN103852,East,2026-03-29,Fashion,12096.0,Failed,Chennai,35,Free,2026-03-29 02:35:00,user3852@example.com,user3852,1209.6,S025,10,10,P6145,Medium,1344.0,1585.92
U03853,TXN103853,South,2025-03-18,Grocery,16325.75,Completed,Jaipur,33,Premium,2025-03-18 20:13:00,user3853@example.com,user3853,2332.25,S057,7,5,P8504,Medium,2455.0,2896.9
U03854,TXN103854,North,2025-10-08,Sports,4384.8,Failed,Delhi,60,Free,2025-10-08 04:07:00,user3854@example.com,user3854,1461.6,S039,3,30,P6409,Urgent,2088.0,2463.84
U03855,TXN103855,East,2025-10-08,Books,19563.6,Pending,Bengaluru,51,Basic,2025-10-08 18:34:00,user3855@example.com,user3855,3260.6,S030,6,30,P9854,Urgent,4658.0,5496.44
U03856,TXN103856,North,2026-02-22,Sports,8958.6,Refunded,Chennai,31,Premium,2026-02-22 17:43:00,user3856@example.com,user3856,1493.1,S056,6,30,P1148,Low,2133.0,2516.94
U03857,TXN103857,East,2025-08-04,Fashion,11927.2,Failed,Delhi,19,Premium,2025-08-04 21:42:00,user3857@example.com,user3857,1490.9,S094,8,15,P9023,Low,1754.0,2069.72
U03858,TXN103858,South,2026-01-23,Home,18283.5,Pending,Jaipur,38,Premium,2026-01-23 07:32:00,user3858@example.com,user3858,3656.7,S083,5,10,P5267,Low,4063.0,4794.34
U03859,TXN103859,West,2026-02-02,Books,1904.8,Failed,Kolkata,44,Free,2026-02-02 22:39:00,user3859@example.com,user3859,1904.8,S031,1,20,P5685,Low,2381.0,2809.58
U03860,TXN103860,West,2025-11-25,Electronics,13068.0,Completed,Kolkata,46,Premium,2025-11-25 16:47:00,user3860@example.com,user3860,2178.0,S001,6,0,P1836,High,2178.0,2570.04
U03861,TXN103861,North,2025-10-18,Grocery,27916.7,Failed,Bengaluru,63,Premium,2025-10-18 11:10:00,user3861@example.com,user3861,3988.1,S037,7,5,P7988,High,4198.0,4953.64
U03862,TXN103862,North,2025-05-16,Home,25737.6,Refunded,Kolkata,56,Premium,2025-05-16 08:33:00,user3862@example.com,user3862,3676.8,S079,7,20,P9939,Low,4596.0,5423.28
U03863,TXN103863,North,2025-08-06,Sports,25856.0,Failed,Mumbai,69,Free,2025-08-06 20:01:00,user3863@example.com,user3863,2585.6,S022,10,20,P9934,Urgent,3232.0,3813.76
U03864,TXN103864,South,2025-02-25,Fashion,1494.0,Completed,Mumbai,64,Basic,2025-02-25 16:32:00,user3864@example.com,user3864,373.5,S067,4,25,P8135,Low,498.0,587.64
U03865,TXN103865,West,2026-02-28,Sports,15086.0,Completed,Chennai,61,Free,2026-02-28 09:58:00,user3865@example.com,user3865,1885.75,S085,8,5,P9795,Medium,1985.0,2342.3
U03866,TXN103866,West,2025-05-23,Home,10680.75,Refunded,Bengaluru,46,Basic,2025-05-23 16:09:00,user3866@example.com,user3866,3560.25,S032,3,25,P1903,Low,4747.0,5601.46
U03867,TXN103867,South,2025-03-18,Electronics,14700.0,Refunded,Chennai,25,Basic,2025-03-18 02:10:00,user3867@example.com,user3867,3675.0,S038,4,0,P1739,Medium,3675.0,4336.5
U03868,TXN103868,South,2025-10-26,Electronics,2352.0,Pending,Hyderabad,59,Premium,2025-10-26 19:42:00,user3868@example.com,user3868,1176.0,S074,2,25,P5968,Medium,1568.0,1850.24
U03869,TXN103869,West,2025-10-31,Fashion,206.55,Completed,Kolkata,18,Free,2025-10-31 01:53:00,user3869@example.com,user3869,206.55,S076,1,15,P6699,Low,243.0,286.74
U03870,TXN103870,North,2025-08-17,Home,393.6,Completed,Kolkata,20,Free,2025-08-17 15:07:00,user3870@example.com,user3870,98.4,S081,4,20,P7588,High,123.0,145.14
U03871,TXN103871,West,2025-05-21,Home,4474.5,Pending,Delhi,46,Free,2025-05-21 17:43:00,user3871@example.com,user3871,894.9,S070,5,5,P8795,High,942.0,1111.56
U03872,TXN103872,East,2025-02-03,Sports,4168.8,Failed,Kolkata,60,Free,2025-02-03 14:45:00,user3872@example.com,user3872,1042.2,S034,4,10,P3979,Urgent,1158.0,1366.44
U03873,TXN103873,South,2025-03-16,Fashion,5722.0,Completed,Delhi,27,Basic,2025-03-16 18:21:00,user3873@example.com,user3873,2861.0,S044,2,0,P8668,Low,2861.0,3375.98
U03874,TXN103874,South,2026-03-25,Sports,6852.0,Pending,Pune,21,Basic,2026-03-25 15:23:00,user3874@example.com,user3874,856.5,S080,8,25,P1438,High,1142.0,1347.56
U03875,TXN103875,North,2025-12-08,Home,23233.0,Pending,Mumbai,41,Basic,2025-12-08 14:26:00,user3875@example.com,user3875,2323.3,S003,10,30,P7125,Low,3319.0,3916.42
U03876,TXN103876,East,2025-12-29,Home,25732.0,Completed,Mumbai,24,Basic,2025-12-29 06:55:00,user3876@example.com,user3876,3676.0,S040,7,20,P3979,Low,4595.0,5422.1
U03877,TXN103877,South,2026-03-13,Home,9886.8,Failed,Bengaluru,30,Premium,2026-03-13 14:02:00,user3877@example.com,user3877,3295.6,S057,3,30,P9441,Medium,4708.0,5555.44
U03878,TXN103878,South,2025-05-05,Books,8988.3,Refunded,Hyderabad,28,Premium,2025-05-05 17:36:00,user3878@example.com,user3878,2996.1,S005,3,10,P4179,Urgent,3329.0,3928.22
U03879,TXN103879,West,2025-09-24,Fashion,10430.35,Refunded,Kolkata,32,Premium,2025-09-24 06:58:00,user3879@example.com,user3879,1490.05,S081,7,15,P2891,Low,1753.0,2068.54
U03880,TXN103880,East,2025-02-12,Books,31995.0,Completed,Delhi,43,Free,2025-02-12 17:46:00,user3880@example.com,user3880,3555.0,S063,9,25,P8932,Low,4740.0,5593.2
U03881,TXN103881,East,2025-03-04,Grocery,7003.4,Completed,Chennai,44,Free,2025-03-04 07:30:00,user3881@example.com,user3881,1750.85,S023,4,5,P5053,Low,1843.0,2174.74
U03882,TXN103882,South,2025-11-09,Sports,1982.2,Pending,Chennai,41,Premium,2025-11-09 18:25:00,user3882@example.com,user3882,495.55,S071,4,15,P4468,Medium,583.0,687.94
U03883,TXN103883,West,2025-08-03,Grocery,3400.0,Completed,Hyderabad,24,Free,2025-08-03 09:40:00,user3883@example.com,user3883,3400.0,S096,1,20,P3009,High,4250.0,5015.0
U03884,TXN103884,South,2025-01-18,Fashion,2598.4,Failed,Jaipur,48,Free,2025-01-18 19:26:00,user3884@example.com,user3884,2598.4,S063,1,20,P9851,Medium,3248.0,3832.64
U03885,TXN103885,West,2025-09-05,Books,1253.7,Refunded,Jaipur,49,Premium,2025-09-05 03:36:00,user3885@example.com,user3885,417.9,S013,3,30,P9273,Urgent,597.0,704.46
U03886,TXN103886,South,2026-03-21,Electronics,10941.75,Pending,Delhi,37,Free,2026-03-21 07:10:00,user3886@example.com,user3886,1215.75,S068,9,25,P4265,Urgent,1621.0,1912.78
U03887,TXN103887,South,2025-12-30,Grocery,3080.85,Completed,Hyderabad,52,Premium,2025-12-30 08:17:00,user3887@example.com,user3887,3080.85,S053,1,5,P5094,High,3243.0,3826.74
U03888,TXN103888,West,2025-02-07,Home,15408.0,Failed,Kolkata,29,Basic,2025-02-07 14:47:00,user3888@example.com,user3888,1540.8,S030,10,10,P9715,Medium,1712.0,2020.16
U03889,TXN103889,East,2025-11-16,Home,534.0,Refunded,Pune,58,Free,2025-11-16 13:45:00,user3889@example.com,user3889,267.0,S057,2,0,P1946,Urgent,267.0,315.06
U03890,TXN103890,North,2025-05-19,Books,11116.8,Completed,Chennai,33,Basic,2025-05-19 04:25:00,user3890@example.com,user3890,1852.8,S084,6,20,P8645,Low,2316.0,2732.88
U03891,TXN103891,West,2026-01-10,Sports,21874.5,Failed,Bengaluru,63,Basic,2026-01-10 05:37:00,user3891@example.com,user3891,3645.75,S020,6,25,P9256,Low,4861.0,5735.98
U03892,TXN103892,West,2025-09-26,Fashion,12972.0,Completed,Bengaluru,30,Free,2025-09-26 04:48:00,user3892@example.com,user3892,4324.0,S018,3,0,P4482,Low,4324.0,5102.32
U03893,TXN103893,North,2025-09-18,Electronics,7505.0,Failed,Chennai,35,Basic,2025-09-18 20:31:00,user3893@example.com,user3893,3752.5,S013,2,5,P4258,High,3950.0,4661.0
U03894,TXN103894,West,2025-04-20,Fashion,39088.0,Completed,Mumbai,20,Basic,2025-04-20 10:00:00,user3894@example.com,user3894,3908.8,S099,10,20,P6722,Low,4886.0,5765.48
U03895,TXN103895,North,2025-02-05,Grocery,10209.6,Completed,Mumbai,36,Basic,2025-02-05 17:55:00,user3895@example.com,user3895,1701.6,S089,6,20,P6352,Medium,2127.0,2509.86
U03896,TXN103896,West,2025-12-21,Grocery,8048.4,Refunded,Kolkata,54,Premium,2025-12-21 06:58:00,user3896@example.com,user3896,2682.8,S097,3,5,P8257,Urgent,2824.0,3332.32
U03897,TXN103897,South,2026-04-17,Home,11280.0,Completed,Chennai,60,Basic,2026-04-17 14:12:00,user3897@example.com,user3897,1880.0,S015,6,20,P5462,Medium,2350.0,2773.0
U03898,TXN103898,South,2026-01-30,Fashion,2820.0,Completed,Chennai,25,Premium,2026-01-30 20:51:00,user3898@example.com,user3898,282.0,S025,10,25,P6781,Medium,376.0,443.68
U03899,TXN103899,South,2026-04-21,Electronics,1318.35,Completed,Mumbai,61,Basic,2026-04-21 01:46:00,user3899@example.com,user3899,439.45,S093,3,15,P1216,Low,517.0,610.06
U03900,TXN103900,East,2025-08-09,Electronics,2886.1,Pending,Bengaluru,56,Premium,2025-08-09 21:15:00,user3900@example.com,user3900,2886.1,S075,1,30,P4039,High,4123.0,4865.14
U03901,TXN103901,South,2025-03-02,Fashion,9379.75,Failed,Delhi,45,Basic,2025-03-02 22:28:00,user3901@example.com,user3901,1875.95,S061,5,15,P6122,Urgent,2207.0,2604.26
U03902,TXN103902,East,2025-03-29,Fashion,9784.35,Refunded,Bengaluru,55,Free,2025-03-29 04:21:00,user3902@example.com,user3902,1087.15,S079,9,15,P8322,Medium,1279.0,1509.22
U03903,TXN103903,West,2026-03-06,Sports,37462.05,Failed,Mumbai,37,Basic,2026-03-06 11:21:00,user3903@example.com,user3903,4162.45,S029,9,15,P6431,High,4897.0,5778.46
U03904,TXN103904,West,2026-03-12,Books,11723.0,Failed,Mumbai,53,Free,2026-03-12 10:58:00,user3904@example.com,user3904,1172.3,S049,10,5,P1723,Urgent,1234.0,1456.12
U03905,TXN103905,South,2026-03-22,Grocery,11584.3,Failed,Delhi,55,Free,2026-03-22 16:27:00,user3905@example.com,user3905,1654.9,S098,7,5,P4322,Low,1742.0,2055.56
U03906,TXN103906,South,2025-11-12,Books,20209.35,Pending,Mumbai,36,Premium,2025-11-12 16:44:00,user3906@example.com,user3906,2887.05,S067,7,5,P3196,Urgent,3039.0,3586.02
U03907,TXN103907,West,2025-04-29,Electronics,18873.0,Completed,Kolkata,20,Basic,2025-04-29 05:33:00,user3907@example.com,user3907,3145.5,S072,6,25,P6216,High,4194.0,4948.92
U03908,TXN103908,East,2025-12-24,Fashion,6624.0,Completed,Hyderabad,28,Basic,2025-12-24 17:45:00,user3908@example.com,user3908,828.0,S053,8,25,P6245,Medium,1104.0,1302.72
U03909,TXN103909,South,2025-04-18,Electronics,7061.6,Pending,Hyderabad,34,Premium,2025-04-18 07:32:00,user3909@example.com,user3909,1008.8,S030,7,20,P1775,High,1261.0,1487.98
U03910,TXN103910,West,2026-04-20,Fashion,32727.5,Failed,Pune,66,Basic,2026-04-20 15:27:00,user3910@example.com,user3910,3272.75,S029,10,5,P9326,Low,3445.0,4065.1
U03911,TXN103911,West,2025-06-15,Home,1598.4,Completed,Bengaluru,65,Free,2025-06-15 15:58:00,user3911@example.com,user3911,1598.4,S039,1,10,P3253,Urgent,1776.0,2095.68
U03912,TXN103912,West,2025-07-05,Home,6849.5,Completed,Bengaluru,27,Basic,2025-07-05 18:24:00,user3912@example.com,user3912,684.95,S026,10,5,P9637,High,721.0,850.78
U03913,TXN103913,North,2026-02-01,Home,14964.0,Refunded,Mumbai,59,Basic,2026-02-01 18:03:00,user3913@example.com,user3913,3741.0,S043,4,0,P3213,Low,3741.0,4414.38
U03914,TXN103914,East,2025-07-20,Fashion,20241.9,Refunded,Bengaluru,55,Premium,2025-07-20 11:20:00,user3914@example.com,user3914,2891.7,S087,7,15,P5471,Low,3402.0,4014.36
U03915,TXN103915,South,2025-09-11,Sports,16678.4,Completed,Delhi,66,Basic,2025-09-11 05:22:00,user3915@example.com,user3915,2084.8,S029,8,20,P2064,Medium,2606.0,3075.08
U03916,TXN103916,South,2025-12-26,Electronics,10806.75,Refunded,Chennai,21,Free,2025-12-26 21:41:00,user3916@example.com,user3916,1200.75,S074,9,25,P2631,Urgent,1601.0,1889.18
U03917,TXN103917,South,2025-07-30,Fashion,11637.0,Refunded,Hyderabad,42,Free,2025-07-30 10:58:00,user3917@example.com,user3917,2909.25,S038,4,25,P2283,Urgent,3879.0,4577.22
U03918,TXN103918,North,2025-01-31,Books,13053.6,Pending,Mumbai,21,Free,2025-01-31 04:36:00,user3918@example.com,user3918,1864.8,S056,7,30,P7572,Low,2664.0,3143.52
U03919,TXN103919,North,2026-03-26,Fashion,8661.6,Failed,Pune,53,Basic,2026-03-26 15:09:00,user3919@example.com,user3919,2887.2,S071,3,20,P1329,Low,3609.0,4258.62
U03920,TXN103920,West,2025-10-06,Books,9150.75,Pending,Delhi,25,Premium,2025-10-06 18:39:00,user3920@example.com,user3920,1307.25,S043,7,25,P3011,Medium,1743.0,2056.74
U03921,TXN103921,West,2026-02-19,Sports,18772.25,Completed,Hyderabad,63,Basic,2026-02-19 10:16:00,user3921@example.com,user3921,2681.75,S013,7,15,P7395,Low,3155.0,3722.9
U03922,TXN103922,West,2026-02-11,Books,20210.0,Completed,Bengaluru,26,Basic,2026-02-11 16:59:00,user3922@example.com,user3922,4042.0,S031,5,0,P6063,Urgent,4042.0,4769.56
U03923,TXN103923,West,2025-09-27,Electronics,9020.2,Completed,Hyderabad,43,Premium,2025-09-27 16:49:00,user3923@example.com,user3923,2255.05,S072,4,15,P7983,Medium,2653.0,3130.54
U03924,TXN103924,East,2025-12-17,Books,7315.2,Refunded,Hyderabad,55,Free,2025-12-17 07:48:00,user3924@example.com,user3924,914.4,S035,8,20,P7568,Low,1143.0,1348.74
U03925,TXN103925,South,2025-07-04,Home,796.1,Refunded,Kolkata,35,Premium,2025-07-04 10:57:00,user3925@example.com,user3925,398.05,S076,2,5,P4371,Low,419.0,494.42
U03926,TXN103926,East,2025-01-11,Sports,10480.5,Failed,Hyderabad,42,Basic,2025-01-11 04:11:00,user3926@example.com,user3926,3493.5,S042,3,25,P8944,Medium,4658.0,5496.44
U03927,TXN103927,South,2026-04-25,Books,7569.25,Pending,Jaipur,60,Premium,2026-04-25 10:35:00,user3927@example.com,user3927,1513.85,S059,5,15,P8230,High,1781.0,2101.58
U03928,TXN103928,North,2025-01-21,Books,6366.6,Pending,Chennai,53,Premium,2025-01-21 13:22:00,user3928@example.com,user3928,1061.1,S058,6,10,P7340,Medium,1179.0,1391.22
U03929,TXN103929,East,2025-06-10,Electronics,11011.2,Completed,Kolkata,40,Free,2025-06-10 15:23:00,user3929@example.com,user3929,1835.2,S051,6,20,P4624,Low,2294.0,2706.92
U03930,TXN103930,East,2025-06-16,Sports,20665.6,Failed,Pune,58,Premium,2025-06-16 20:44:00,user3930@example.com,user3930,2583.2,S098,8,20,P8649,Low,3229.0,3810.22
U03931,TXN103931,East,2025-03-12,Fashion,2496.0,Refunded,Hyderabad,31,Basic,2025-03-12 13:48:00,user3931@example.com,user3931,416.0,S023,6,0,P9094,Medium,416.0,490.88
U03932,TXN103932,North,2025-12-14,Home,2306.9,Refunded,Pune,33,Free,2025-12-14 17:37:00,user3932@example.com,user3932,2306.9,S086,1,15,P8058,High,2714.0,3202.52
U03933,TXN103933,South,2026-03-21,Home,3439.5,Pending,Bengaluru,41,Basic,2026-03-21 19:09:00,user3933@example.com,user3933,1719.75,S084,2,25,P5435,Medium,2293.0,2705.74
U03934,TXN103934,West,2025-05-22,Home,23825.0,Completed,Kolkata,38,Basic,2025-05-22 13:43:00,user3934@example.com,user3934,4765.0,S076,5,0,P3221,High,4765.0,5622.7
U03935,TXN103935,South,2026-04-04,Fashion,21911.4,Pending,Bengaluru,62,Premium,2026-04-04 14:34:00,user3935@example.com,user3935,3130.2,S082,7,10,P1630,Urgent,3478.0,4104.04
U03936,TXN103936,East,2026-03-29,Home,18175.5,Pending,Chennai,37,Free,2026-03-29 19:31:00,user3936@example.com,user3936,2019.5,S003,9,30,P3693,Low,2885.0,3404.3
U03937,TXN103937,West,2025-08-03,Home,14753.5,Pending,Kolkata,32,Basic,2025-08-03 15:14:00,user3937@example.com,user3937,1475.35,S002,10,5,P4753,Medium,1553.0,1832.54
U03938,TXN103938,North,2025-07-26,Electronics,6542.0,Pending,Delhi,57,Free,2025-07-26 22:40:00,user3938@example.com,user3938,3271.0,S006,2,0,P5121,High,3271.0,3859.78
U03939,TXN103939,North,2025-01-31,Sports,1361.7,Pending,Kolkata,38,Premium,2025-01-31 08:26:00,user3939@example.com,user3939,1361.7,S027,1,15,P9247,High,1602.0,1890.36
U03940,TXN103940,East,2025-08-13,Electronics,7851.2,Refunded,Delhi,28,Premium,2025-08-13 22:53:00,user3940@example.com,user3940,1962.8,S078,4,30,P4495,High,2804.0,3308.72
U03941,TXN103941,South,2025-09-30,Books,8752.5,Refunded,Mumbai,53,Premium,2025-09-30 15:52:00,user3941@example.com,user3941,2917.5,S024,3,25,P8252,High,3890.0,4590.2
U03942,TXN103942,West,2025-06-01,Home,1958.4,Completed,Jaipur,53,Free,2025-06-01 00:55:00,user3942@example.com,user3942,979.2,S006,2,15,P2177,Medium,1152.0,1359.36
U03943,TXN103943,South,2025-02-10,Home,2258.9,Completed,Mumbai,31,Basic,2025-02-10 15:46:00,user3943@example.com,user3943,2258.9,S094,1,30,P4771,Low,3227.0,3807.86
U03944,TXN103944,North,2025-09-04,Electronics,2860.2,Refunded,Chennai,54,Basic,2025-09-04 00:56:00,user3944@example.com,user3944,408.6,S021,7,10,P6120,Low,454.0,535.72
U03945,TXN103945,East,2025-05-24,Fashion,2837.1,Pending,Hyderabad,39,Free,2025-05-24 17:09:00,user3945@example.com,user3945,2837.1,S035,1,30,P9976,High,4053.0,4782.54
U03946,TXN103946,South,2025-10-02,Fashion,16178.4,Failed,Kolkata,44,Basic,2025-10-02 09:22:00,user3946@example.com,user3946,2696.4,S056,6,10,P6818,Urgent,2996.0,3535.28
U03947,TXN103947,North,2025-12-28,Home,8267.0,Refunded,Bengaluru,36,Basic,2025-12-28 07:07:00,user3947@example.com,user3947,826.7,S090,10,30,P8054,High,1181.0,1393.58
U03948,TXN103948,West,2025-06-19,Home,9194.1,Completed,Delhi,23,Basic,2025-06-19 04:09:00,user3948@example.com,user3948,3064.7,S043,3,5,P7251,Urgent,3226.0,3806.68
U03949,TXN103949,North,2025-01-16,Books,3845.1,Pending,Bengaluru,49,Premium,2025-01-16 05:04:00,user3949@example.com,user3949,1281.7,S084,3,30,P3490,Low,1831.0,2160.58
U03950,TXN103950,South,2025-12-23,Electronics,8082.9,Completed,Jaipur,55,Premium,2025-12-23 03:20:00,user3950@example.com,user3950,898.1,S009,9,30,P2258,Urgent,1283.0,1513.94
U03951,TXN103951,North,2025-02-16,Grocery,13763.25,Refunded,Jaipur,48,Premium,2025-02-16 01:53:00,user3951@example.com,user3951,1529.25,S033,9,25,P8593,Low,2039.0,2406.02
U03952,TXN103952,West,2026-02-05,Grocery,9295.2,Refunded,Chennai,50,Basic,2026-02-05 22:53:00,user3952@example.com,user3952,1161.9,S029,8,10,P7322,Urgent,1291.0,1523.38
U03953,TXN103953,West,2025-02-26,Books,18168.0,Failed,Hyderabad,43,Free,2025-02-26 23:00:00,user3953@example.com,user3953,1816.8,S068,10,20,P4822,High,2271.0,2679.78
U03954,TXN103954,North,2025-01-21,Fashion,4250.0,Failed,Delhi,37,Free,2025-01-21 10:32:00,user3954@example.com,user3954,2125.0,S050,2,0,P7937,Urgent,2125.0,2507.5
U03955,TXN103955,West,2025-12-09,Fashion,5557.5,Completed,Delhi,25,Premium,2025-12-09 22:44:00,user3955@example.com,user3955,555.75,S042,10,5,P6380,Medium,585.0,690.3
U03956,TXN103956,East,2025-01-16,Grocery,6841.8,Refunded,Chennai,26,Premium,2025-01-16 23:13:00,user3956@example.com,user3956,2280.6,S066,3,10,P2906,Urgent,2534.0,2990.12
U03957,TXN103957,West,2025-06-07,Electronics,11474.4,Refunded,Delhi,69,Free,2025-06-07 13:43:00,user3957@example.com,user3957,1434.3,S084,8,30,P7255,High,2049.0,2417.82
U03958,TXN103958,North,2025-10-15,Books,396.0,Failed,Hyderabad,42,Premium,2025-10-15 03:48:00,user3958@example.com,user3958,132.0,S076,3,25,P5512,Low,176.0,207.68
U03959,TXN103959,West,2026-03-23,Books,9558.25,Failed,Bengaluru,59,Basic,2026-03-23 23:27:00,user3959@example.com,user3959,1911.65,S097,5,15,P4345,Medium,2249.0,2653.82
U03960,TXN103960,East,2025-09-11,Electronics,3640.0,Failed,Mumbai,23,Free,2025-09-11 18:44:00,user3960@example.com,user3960,455.0,S031,8,30,P2769,Urgent,650.0,767.0
U03961,TXN103961,North,2025-12-22,Electronics,16365.9,Pending,Hyderabad,55,Premium,2025-12-22 12:55:00,user3961@example.com,user3961,2727.65,S019,6,15,P9374,Urgent,3209.0,3786.62
U03962,TXN103962,South,2025-10-08,Sports,6211.8,Pending,Jaipur,34,Free,2025-10-08 19:27:00,user3962@example.com,user3962,2070.6,S049,3,30,P4275,Low,2958.0,3490.44
U03963,TXN103963,West,2026-03-14,Home,9410.0,Completed,Hyderabad,32,Premium,2026-03-14 12:51:00,user3963@example.com,user3963,4705.0,S019,2,0,P1116,Medium,4705.0,5551.9
U03964,TXN103964,South,2025-09-25,Fashion,16085.4,Completed,Pune,48,Basic,2025-09-25 04:29:00,user3964@example.com,user3964,4021.35,S095,4,5,P2124,Medium,4233.0,4994.94
U03965,TXN103965,South,2025-04-12,Home,11392.0,Pending,Mumbai,24,Free,2025-04-12 04:16:00,user3965@example.com,user3965,1139.2,S037,10,20,P5314,Low,1424.0,1680.32
U03966,TXN103966,East,2026-03-09,Sports,25480.0,Refunded,Pune,40,Free,2026-03-09 02:39:00,user3966@example.com,user3966,2548.0,S061,10,30,P5930,Medium,3640.0,4295.2
U03967,TXN103967,East,2025-07-30,Home,7481.6,Pending,Hyderabad,49,Premium,2025-07-30 23:09:00,user3967@example.com,user3967,1870.4,S005,4,20,P3461,High,2338.0,2758.84
U03968,TXN103968,East,2025-02-05,Grocery,2063.4,Failed,Pune,64,Free,2025-02-05 20:43:00,user3968@example.com,user3968,2063.4,S046,1,5,P5483,High,2172.0,2562.96
U03969,TXN103969,North,2025-10-09,Books,17503.2,Pending,Mumbai,46,Premium,2025-10-09 13:42:00,user3969@example.com,user3969,2187.9,S092,8,15,P7842,High,2574.0,3037.32
U03970,TXN103970,East,2025-05-05,Books,3517.85,Completed,Hyderabad,35,Basic,2025-05-05 07:57:00,user3970@example.com,user3970,502.55,S071,7,5,P1049,Urgent,529.0,624.22
U03971,TXN103971,East,2025-05-05,Fashion,12066.0,Failed,Hyderabad,65,Premium,2025-05-05 00:49:00,user3971@example.com,user3971,4022.0,S038,3,0,P6502,High,4022.0,4745.96
U03972,TXN103972,East,2026-03-26,Grocery,3268.0,Pending,Hyderabad,69,Free,2026-03-26 10:46:00,user3972@example.com,user3972,653.6,S069,5,5,P2997,Low,688.0,811.84
U03973,TXN103973,East,2025-03-03,Grocery,17095.2,Refunded,Delhi,44,Premium,2025-03-03 16:35:00,user3973@example.com,user3973,2136.9,S090,8,15,P5823,Low,2514.0,2966.52
U03974,TXN103974,South,2025-10-19,Sports,14342.3,Completed,Mumbai,60,Basic,2025-10-19 17:01:00,user3974@example.com,user3974,2048.9,S071,7,30,P1554,Urgent,2927.0,3453.86
U03975,TXN103975,East,2026-02-24,Fashion,20249.55,Pending,Jaipur,54,Free,2026-02-24 13:34:00,user3975@example.com,user3975,2249.95,S047,9,15,P5396,Urgent,2647.0,3123.46
U03976,TXN103976,West,2026-01-10,Grocery,3929.6,Failed,Delhi,53,Premium,2026-01-10 16:56:00,user3976@example.com,user3976,3929.6,S058,1,20,P7645,Urgent,4912.0,5796.16
U03977,TXN103977,West,2025-10-20,Fashion,4811.75,Completed,Hyderabad,56,Premium,2025-10-20 19:58:00,user3977@example.com,user3977,962.35,S002,5,5,P5432,Medium,1013.0,1195.34
U03978,TXN103978,East,2025-11-14,Sports,3527.35,Refunded,Kolkata,47,Free,2025-11-14 22:08:00,user3978@example.com,user3978,3527.35,S069,1,5,P8653,Low,3713.0,4381.34
U03979,TXN103979,East,2026-03-06,Fashion,15108.75,Completed,Jaipur,25,Basic,2026-03-06 12:43:00,user3979@example.com,user3979,3021.75,S074,5,25,P9210,Urgent,4029.0,4754.22
U03980,TXN103980,South,2026-01-30,Grocery,8150.1,Refunded,Mumbai,51,Basic,2026-01-30 17:01:00,user3980@example.com,user3980,2716.7,S030,3,30,P1275,Urgent,3881.0,4579.58
U03981,TXN103981,West,2025-06-25,Fashion,4847.4,Refunded,Bengaluru,43,Premium,2025-06-25 01:26:00,user3981@example.com,user3981,2423.7,S032,2,10,P1615,High,2693.0,3177.74
U03982,TXN103982,West,2025-10-10,Sports,8897.8,Completed,Pune,52,Premium,2025-10-10 02:36:00,user3982@example.com,user3982,2224.45,S086,4,15,P9857,Urgent,2617.0,3088.06
U03983,TXN103983,East,2026-01-11,Grocery,3157.0,Pending,Bengaluru,23,Basic,2026-01-11 13:01:00,user3983@example.com,user3983,3157.0,S057,1,30,P9139,High,4510.0,5321.8
U03984,TXN103984,North,2025-10-07,Fashion,20580.0,Failed,Chennai,69,Premium,2025-10-07 20:42:00,user3984@example.com,user3984,3430.0,S089,6,30,P9552,High,4900.0,5782.0
U03985,TXN103985,South,2025-10-06,Books,2956.5,Refunded,Pune,20,Free,2025-10-06 00:00:00,user3985@example.com,user3985,328.5,S022,9,25,P6560,Medium,438.0,516.84
U03986,TXN103986,North,2025-12-31,Grocery,4214.4,Pending,Mumbai,30,Premium,2025-12-31 05:28:00,user3986@example.com,user3986,2107.2,S027,2,20,P1912,High,2634.0,3108.12
U03987,TXN103987,South,2025-01-21,Fashion,1454.6,Refunded,Bengaluru,66,Basic,2025-01-21 03:55:00,user3987@example.com,user3987,1454.6,S004,1,30,P6815,Low,2078.0,2452.04
U03988,TXN103988,South,2025-07-13,Books,42590.0,Completed,Bengaluru,36,Premium,2025-07-13 12:36:00,user3988@example.com,user3988,4259.0,S006,10,0,P8290,Urgent,4259.0,5025.62
U03989,TXN103989,South,2026-03-24,Home,5801.25,Pending,Bengaluru,70,Free,2026-03-24 18:04:00,user3989@example.com,user3989,828.75,S035,7,25,P6206,Medium,1105.0,1303.9
U03990,TXN103990,North,2026-04-14,Sports,13875.4,Refunded,Kolkata,49,Basic,2026-04-14 00:06:00,user3990@example.com,user3990,3468.85,S048,4,15,P2149,Low,4081.0,4815.58
U03991,TXN103991,West,2025-05-26,Grocery,691.5,Refunded,Chennai,47,Free,2025-05-26 18:36:00,user3991@example.com,user3991,691.5,S035,1,25,P8117,Medium,922.0,1087.96
U03992,TXN103992,North,2025-11-17,Sports,27369.5,Failed,Hyderabad,59,Free,2025-11-17 01:39:00,user3992@example.com,user3992,2736.95,S026,10,5,P6561,Medium,2881.0,3399.58
U03993,TXN103993,North,2025-05-10,Grocery,3372.8,Failed,Kolkata,24,Basic,2025-05-10 08:19:00,user3993@example.com,user3993,843.2,S004,4,15,P5472,Low,992.0,1170.56
U03994,TXN103994,South,2025-04-10,Fashion,14851.2,Pending,Kolkata,35,Free,2025-04-10 01:46:00,user3994@example.com,user3994,2121.6,S035,7,20,P2883,Low,2652.0,3129.36
U03995,TXN103995,West,2025-02-06,Electronics,13145.25,Completed,Pune,41,Free,2025-02-06 11:31:00,user3995@example.com,user3995,2629.05,S073,5,15,P2162,Low,3093.0,3649.74
U03996,TXN103996,West,2025-10-11,Sports,23657.2,Failed,Delhi,65,Basic,2025-10-11 06:17:00,user3996@example.com,user3996,3379.6,S070,7,30,P2490,Low,4828.0,5697.04
U03997,TXN103997,East,2026-02-28,Electronics,8790.0,Refunded,Kolkata,28,Free,2026-02-28 16:36:00,user3997@example.com,user3997,1758.0,S064,5,25,P4424,Urgent,2344.0,2765.92
U03998,TXN103998,South,2025-11-08,Fashion,12726.0,Failed,Chennai,56,Basic,2025-11-08 07:13:00,user3998@example.com,user3998,2545.2,S083,5,10,P7781,Low,2828.0,3337.04
U03999,TXN103999,East,2025-09-20,Fashion,29188.8,Refunded,Pune,43,Premium,2025-09-20 18:32:00,user3999@example.com,user3999,3648.6,S064,8,10,P4089,High,4054.0,4783.72
U04000,TXN104000,North,2026-04-30,Books,1899.75,Pending,Mumbai,70,Premium,2026-04-30 18:02:00,user4000@example.com,user4000,633.25,S059,3,15,P1673,High,745.0,879.1
U04001,TXN104001,South,2026-01-02,Electronics,15008.0,Pending,Chennai,43,Premium,2026-01-02 19:57:00,user4001@example.com,user4001,3752.0,S034,4,20,P2152,Urgent,4690.0,5534.2
U04002,TXN104002,North,2026-04-20,Grocery,1463.25,Completed,Pune,38,Basic,2026-04-20 23:26:00,user4002@example.com,user4002,1463.25,S008,1,25,P1928,Urgent,1951.0,2302.18
U04003,TXN104003,South,2025-06-06,Grocery,7207.2,Completed,Jaipur,50,Free,2025-06-06 06:49:00,user4003@example.com,user4003,1029.6,S066,7,20,P2224,Urgent,1287.0,1518.66
U04004,TXN104004,North,2026-03-31,Home,18791.5,Failed,Mumbai,52,Premium,2026-03-31 09:23:00,user4004@example.com,user4004,2684.5,S084,7,30,P5188,Low,3835.0,4525.3
U04005,TXN104005,East,2025-12-18,Grocery,1403.25,Pending,Kolkata,45,Premium,2025-12-18 10:05:00,user4005@example.com,user4005,1403.25,S099,1,25,P8744,Low,1871.0,2207.78
U04006,TXN104006,West,2025-09-26,Grocery,2526.0,Completed,Kolkata,55,Premium,2025-09-26 01:57:00,user4006@example.com,user4006,2526.0,S079,1,0,P5577,Low,2526.0,2980.68
U04007,TXN104007,West,2025-04-29,Sports,11926.35,Completed,Chennai,65,Free,2025-04-29 08:59:00,user4007@example.com,user4007,1325.15,S032,9,15,P2403,High,1559.0,1839.62
U04008,TXN104008,North,2025-06-14,Fashion,3002.4,Refunded,Pune,36,Free,2025-06-14 00:21:00,user4008@example.com,user4008,3002.4,S087,1,20,P8721,High,3753.0,4428.54
U04009,TXN104009,South,2025-01-05,Sports,26838.0,Pending,Bengaluru,49,Basic,2025-01-05 16:37:00,user4009@example.com,user4009,3834.0,S046,7,10,P9562,Low,4260.0,5026.8
U04010,TXN104010,South,2026-03-29,Books,13184.0,Refunded,Kolkata,40,Premium,2026-03-29 20:24:00,user4010@example.com,user4010,3296.0,S068,4,0,P4349,Low,3296.0,3889.28
U04011,TXN104011,North,2025-03-12,Books,9108.0,Pending,Delhi,30,Basic,2025-03-12 20:37:00,user4011@example.com,user4011,1012.0,S047,9,20,P9493,Urgent,1265.0,1492.7
U04012,TXN104012,South,2026-02-12,Sports,4759.5,Refunded,Pune,68,Basic,2026-02-12 16:37:00,user4012@example.com,user4012,793.25,S090,6,5,P3426,Urgent,835.0,985.3
U04013,TXN104013,North,2025-06-14,Home,867.2,Completed,Kolkata,43,Basic,2025-06-14 14:57:00,user4013@example.com,user4013,433.6,S091,2,20,P7810,Medium,542.0,639.56
U04014,TXN104014,South,2026-02-04,Electronics,5189.1,Refunded,Kolkata,18,Basic,2026-02-04 07:59:00,user4014@example.com,user4014,1729.7,S068,3,30,P1139,High,2471.0,2915.78
U04015,TXN104015,North,2025-03-19,Sports,3715.2,Pending,Chennai,41,Free,2025-03-19 10:04:00,user4015@example.com,user4015,928.8,S005,4,10,P4986,Medium,1032.0,1217.76
U04016,TXN104016,North,2026-02-16,Sports,4191.0,Pending,Mumbai,23,Premium,2026-02-16 20:47:00,user4016@example.com,user4016,1397.0,S026,3,0,P3179,Urgent,1397.0,1648.46
U04017,TXN104017,North,2026-01-14,Grocery,17381.2,Refunded,Mumbai,21,Free,2026-01-14 02:45:00,user4017@example.com,user4017,4345.3,S089,4,5,P5135,High,4574.0,5397.32
U04018,TXN104018,West,2026-04-22,Sports,5278.5,Pending,Delhi,46,Basic,2026-04-22 00:52:00,user4018@example.com,user4018,1759.5,S022,3,15,P6160,Medium,2070.0,2442.6
U04019,TXN104019,North,2026-03-09,Grocery,30822.75,Pending,Mumbai,43,Free,2026-03-09 20:17:00,user4019@example.com,user4019,4403.25,S073,7,5,P2038,Medium,4635.0,5469.3
U04020,TXN104020,North,2025-08-30,Home,16992.0,Failed,Kolkata,33,Premium,2025-08-30 09:48:00,user4020@example.com,user4020,1699.2,S058,10,20,P6402,Medium,2124.0,2506.32
U04021,TXN104021,West,2025-10-03,Grocery,9417.0,Refunded,Pune,49,Premium,2025-10-03 12:26:00,user4021@example.com,user4021,2354.25,S090,4,25,P5381,Medium,3139.0,3704.02
U04022,TXN104022,East,2026-04-29,Sports,32094.8,Failed,Jaipur,47,Free,2026-04-29 21:30:00,user4022@example.com,user4022,4011.85,S048,8,5,P1572,Urgent,4223.0,4983.14
U04023,TXN104023,East,2026-02-26,Grocery,15220.8,Completed,Pune,70,Premium,2026-02-26 07:06:00,user4023@example.com,user4023,2174.4,S037,7,20,P6613,Low,2718.0,3207.24
U04024,TXN104024,West,2026-02-16,Fashion,7616.7,Pending,Hyderabad,42,Basic,2026-02-16 08:13:00,user4024@example.com,user4024,2538.9,S088,3,10,P1755,High,2821.0,3328.78
U04025,TXN104025,West,2025-06-15,Books,9580.0,Refunded,Hyderabad,46,Premium,2025-06-15 18:53:00,user4025@example.com,user4025,1916.0,S068,5,20,P2569,Low,2395.0,2826.1
U04026,TXN104026,West,2025-03-05,Fashion,2016.7,Refunded,Jaipur,38,Free,2025-03-05 13:32:00,user4026@example.com,user4026,2016.7,S080,1,30,P5042,Urgent,2881.0,3399.58
U04027,TXN104027,West,2025-12-10,Sports,8534.4,Completed,Bengaluru,38,Premium,2025-12-10 20:17:00,user4027@example.com,user4027,2844.8,S069,3,30,P6057,Urgent,4064.0,4795.52
U04028,TXN104028,North,2025-07-25,Home,38256.5,Refunded,Chennai,43,Free,2025-07-25 15:23:00,user4028@example.com,user4028,3825.65,S016,10,5,P3494,Medium,4027.0,4751.86
U04029,TXN104029,West,2025-03-29,Grocery,14184.45,Refunded,Bengaluru,52,Basic,2025-03-29 16:33:00,user4029@example.com,user4029,4728.15,S070,3,5,P4229,Urgent,4977.0,5872.86
U04030,TXN104030,South,2026-03-28,Electronics,5086.8,Pending,Kolkata,65,Basic,2026-03-28 13:49:00,user4030@example.com,user4030,2543.4,S093,2,10,P4112,Medium,2826.0,3334.68
U04031,TXN104031,North,2026-01-13,Fashion,5808.3,Pending,Mumbai,24,Free,2026-01-13 16:08:00,user4031@example.com,user4031,2904.15,S003,2,5,P6967,High,3057.0,3607.26
U04032,TXN104032,North,2026-02-14,Electronics,13608.0,Refunded,Hyderabad,47,Basic,2026-02-14 21:23:00,user4032@example.com,user4032,1944.0,S090,7,10,P3030,High,2160.0,2548.8
U04033,TXN104033,West,2026-02-06,Electronics,3152.7,Failed,Bengaluru,55,Basic,2026-02-06 05:55:00,user4033@example.com,user4033,3152.7,S005,1,10,P4301,Low,3503.0,4133.54
U04034,TXN104034,South,2025-09-09,Home,675.2,Failed,Delhi,69,Basic,2025-09-09 05:37:00,user4034@example.com,user4034,675.2,S017,1,20,P7899,Low,844.0,995.92
U04035,TXN104035,South,2025-10-11,Books,1748.8,Failed,Pune,34,Basic,2025-10-11 10:56:00,user4035@example.com,user4035,874.4,S057,2,20,P7221,Medium,1093.0,1289.74
U04036,TXN104036,West,2026-01-01,Home,12782.4,Pending,Pune,35,Premium,2026-01-01 20:33:00,user4036@example.com,user4036,2130.4,S005,6,20,P2837,Medium,2663.0,3142.34
U04037,TXN104037,East,2025-10-17,Sports,16667.0,Completed,Hyderabad,63,Basic,2025-10-17 19:16:00,user4037@example.com,user4037,3333.4,S030,5,30,P3115,Urgent,4762.0,5619.16
U04038,TXN104038,West,2026-03-11,Fashion,7733.3,Pending,Chennai,64,Free,2026-03-11 17:12:00,user4038@example.com,user4038,3866.65,S058,2,15,P4281,High,4549.0,5367.82
U04039,TXN104039,South,2025-03-27,Sports,7004.0,Failed,Chennai,52,Free,2025-03-27 09:24:00,user4039@example.com,user4039,1400.8,S010,5,15,P7522,Medium,1648.0,1944.64
U04040,TXN104040,South,2025-01-23,Fashion,12608.4,Refunded,Delhi,37,Basic,2025-01-23 07:03:00,user4040@example.com,user4040,1576.05,S015,8,5,P4903,Urgent,1659.0,1957.62
U04041,TXN104041,South,2025-09-02,Books,3160.5,Pending,Pune,69,Basic,2025-09-02 12:26:00,user4041@example.com,user4041,3160.5,S037,1,25,P6348,Medium,4214.0,4972.52
U04042,TXN104042,North,2026-04-02,Home,721.0,Completed,Jaipur,32,Premium,2026-04-02 09:42:00,user4042@example.com,user4042,103.0,S087,7,0,P9574,Medium,103.0,121.54
U04043,TXN104043,North,2026-05-01,Home,4230.45,Completed,Jaipur,37,Basic,2026-05-01 13:32:00,user4043@example.com,user4043,4230.45,S078,1,15,P6654,Medium,4977.0,5872.86
U04044,TXN104044,West,2025-03-15,Home,8090.0,Pending,Pune,54,Free,2025-03-15 07:54:00,user4044@example.com,user4044,4045.0,S003,2,0,P9851,Medium,4045.0,4773.1
U04045,TXN104045,South,2025-01-04,Home,4021.2,Refunded,Kolkata,68,Basic,2025-01-04 03:00:00,user4045@example.com,user4045,2010.6,S090,2,10,P9502,High,2234.0,2636.12
U04046,TXN104046,South,2025-03-19,Grocery,480.0,Failed,Pune,55,Premium,2025-03-19 15:02:00,user4046@example.com,user4046,96.0,S061,5,20,P2660,High,120.0,141.6
U04047,TXN104047,North,2025-09-15,Grocery,27445.5,Failed,Delhi,20,Basic,2025-09-15 06:37:00,user4047@example.com,user4047,3049.5,S012,9,5,P9895,High,3210.0,3787.8
U04048,TXN104048,East,2025-07-26,Home,1306.8,Failed,Hyderabad,28,Free,2025-07-26 20:23:00,user4048@example.com,user4048,653.4,S061,2,10,P8801,Medium,726.0,856.68
U04049,TXN104049,East,2025-11-24,Books,2677.5,Failed,Bengaluru,69,Basic,2025-11-24 11:26:00,user4049@example.com,user4049,892.5,S046,3,30,P7179,High,1275.0,1504.5
U04050,TXN104050,South,2025-03-30,Electronics,3170.5,Completed,Kolkata,20,Premium,2025-03-30 07:25:00,user4050@example.com,user4050,1585.25,S010,2,15,P8802,High,1865.0,2200.7
U04051,TXN104051,South,2025-08-07,Fashion,2408.8,Completed,Kolkata,42,Premium,2025-08-07 09:39:00,user4051@example.com,user4051,2408.8,S088,1,20,P5131,Low,3011.0,3552.98
U04052,TXN104052,South,2025-05-04,Electronics,14842.8,Failed,Delhi,39,Free,2025-05-04 20:26:00,user4052@example.com,user4052,1855.35,S069,8,5,P5537,Urgent,1953.0,2304.54
U04053,TXN104053,North,2025-01-16,Electronics,825.0,Refunded,Chennai,19,Free,2025-01-16 13:15:00,user4053@example.com,user4053,82.5,S097,10,25,P3909,Low,110.0,129.8
U04054,TXN104054,West,2025-09-21,Sports,3223.8,Pending,Pune,50,Free,2025-09-21 07:50:00,user4054@example.com,user4054,1611.9,S037,2,10,P5564,Low,1791.0,2113.38
U04055,TXN104055,West,2026-01-09,Sports,4238.0,Pending,Jaipur,65,Premium,2026-01-09 17:44:00,user4055@example.com,user4055,2119.0,S011,2,0,P9336,High,2119.0,2500.42
U04056,TXN104056,West,2025-01-19,Electronics,10872.0,Pending,Kolkata,27,Free,2025-01-19 11:58:00,user4056@example.com,user4056,1208.0,S050,9,0,P4520,Medium,1208.0,1425.44
U04057,TXN104057,West,2026-02-19,Fashion,6045.75,Pending,Hyderabad,67,Free,2026-02-19 05:51:00,user4057@example.com,user4057,2015.25,S008,3,25,P1659,Urgent,2687.0,3170.66
U04058,TXN104058,South,2025-02-23,Books,11078.4,Refunded,Kolkata,33,Basic,2025-02-23 18:38:00,user4058@example.com,user4058,3692.8,S013,3,20,P1722,Low,4616.0,5446.88
U04059,TXN104059,West,2026-04-08,Books,1038.8,Refunded,Jaipur,54,Free,2026-04-08 01:14:00,user4059@example.com,user4059,148.4,S099,7,30,P5223,Medium,212.0,250.16
U04060,TXN104060,East,2025-07-27,Home,12180.0,Refunded,Bengaluru,60,Premium,2025-07-27 13:57:00,user4060@example.com,user4060,2436.0,S070,5,20,P1946,Low,3045.0,3593.1
U04061,TXN104061,East,2025-05-20,Home,3105.6,Failed,Jaipur,58,Free,2025-05-20 05:14:00,user4061@example.com,user4061,517.6,S010,6,20,P1348,High,647.0,763.46
U04062,TXN104062,South,2025-11-26,Home,30457.5,Failed,Chennai,60,Premium,2025-11-26 04:58:00,user4062@example.com,user4062,3045.75,S095,10,25,P8612,Urgent,4061.0,4791.98
U04063,TXN104063,North,2026-03-24,Grocery,24538.5,Refunded,Mumbai,22,Premium,2026-03-24 17:17:00,user4063@example.com,user4063,2726.5,S052,9,30,P1033,Low,3895.0,4596.1
U04064,TXN104064,West,2025-09-26,Books,20054.5,Pending,Bengaluru,25,Basic,2025-09-26 12:00:00,user4064@example.com,user4064,2005.45,S068,10,5,P9167,Medium,2111.0,2490.98
U04065,TXN104065,East,2025-12-03,Sports,10809.75,Completed,Chennai,51,Free,2025-12-03 13:35:00,user4065@example.com,user4065,1544.25,S069,7,25,P9308,Urgent,2059.0,2429.62
U04066,TXN104066,South,2025-12-06,Fashion,8208.45,Completed,Mumbai,39,Free,2025-12-06 17:14:00,user4066@example.com,user4066,912.05,S098,9,15,P5254,Medium,1073.0,1266.14
U04067,TXN104067,East,2025-06-11,Sports,29162.0,Completed,Jaipur,63,Basic,2025-06-11 20:01:00,user4067@example.com,user4067,2916.2,S086,10,30,P8252,High,4166.0,4915.88
U04068,TXN104068,West,2025-04-27,Sports,15817.2,Completed,Mumbai,37,Basic,2025-04-27 22:05:00,user4068@example.com,user4068,2636.2,S089,6,30,P7793,Urgent,3766.0,4443.88
U04069,TXN104069,West,2025-02-08,Books,4209.3,Completed,Mumbai,47,Free,2025-02-08 09:37:00,user4069@example.com,user4069,4209.3,S052,1,10,P1215,High,4677.0,5518.86
U04070,TXN104070,East,2025-07-07,Electronics,1654.8,Pending,Kolkata,53,Basic,2025-07-07 15:31:00,user4070@example.com,user4070,551.6,S027,3,30,P4730,Low,788.0,929.84
U04071,TXN104071,West,2026-03-29,Home,16279.2,Pending,Hyderabad,42,Free,2026-03-29 04:38:00,user4071@example.com,user4071,1808.8,S024,9,30,P1335,Medium,2584.0,3049.12
U04072,TXN104072,East,2025-02-05,Home,18207.0,Pending,Jaipur,61,Basic,2025-02-05 19:07:00,user4072@example.com,user4072,3034.5,S004,6,25,P2993,Low,4046.0,4774.28
U04073,TXN104073,North,2025-01-19,Home,29953.0,Completed,Bengaluru,34,Basic,2025-01-19 14:00:00,user4073@example.com,user4073,4279.0,S051,7,0,P3820,Urgent,4279.0,5049.22
U04074,TXN104074,South,2025-01-29,Books,12045.0,Completed,Bengaluru,68,Free,2025-01-29 05:02:00,user4074@example.com,user4074,4015.0,S002,3,0,P5633,Medium,4015.0,4737.7
U04075,TXN104075,South,2026-04-01,Home,5293.4,Failed,Mumbai,37,Premium,2026-04-01 00:43:00,user4075@example.com,user4075,756.2,S057,7,5,P6039,High,796.0,939.28
U04076,TXN104076,East,2025-04-06,Grocery,2428.2,Pending,Mumbai,68,Premium,2025-04-06 18:41:00,user4076@example.com,user4076,2428.2,S073,1,10,P7638,Low,2698.0,3183.64
U04077,TXN104077,West,2025-10-13,Sports,23257.5,Completed,Jaipur,28,Premium,2025-10-13 21:27:00,user4077@example.com,user4077,2325.75,S085,10,25,P7455,Urgent,3101.0,3659.18
U04078,TXN104078,South,2025-09-09,Electronics,733.5,Pending,Bengaluru,59,Premium,2025-09-09 12:11:00,user4078@example.com,user4078,146.7,S060,5,10,P2070,Urgent,163.0,192.34
U04079,TXN104079,West,2025-06-15,Home,8409.6,Pending,Pune,23,Basic,2025-06-15 18:32:00,user4079@example.com,user4079,1051.2,S056,8,20,P1021,Urgent,1314.0,1550.52
U04080,TXN104080,South,2026-03-21,Sports,2772.9,Failed,Kolkata,24,Basic,2026-03-21 12:34:00,user4080@example.com,user4080,2772.9,S042,1,10,P8245,Medium,3081.0,3635.58
U04081,TXN104081,East,2025-03-07,Books,5875.2,Completed,Pune,47,Basic,2025-03-07 03:54:00,user4081@example.com,user4081,734.4,S097,8,10,P8758,Low,816.0,962.88
U04082,TXN104082,East,2025-07-24,Books,5377.0,Refunded,Hyderabad,20,Basic,2025-07-24 16:57:00,user4082@example.com,user4082,1344.25,S006,4,5,P7071,High,1415.0,1669.7
U04083,TXN104083,South,2025-07-06,Home,17405.0,Failed,Chennai,29,Basic,2025-07-06 16:54:00,user4083@example.com,user4083,3481.0,S069,5,0,P2572,High,3481.0,4107.58
U04084,TXN104084,West,2026-04-17,Books,16601.2,Completed,Bengaluru,67,Basic,2026-04-17 08:24:00,user4084@example.com,user4084,2371.6,S099,7,30,P2761,Medium,3388.0,3997.84
U04085,TXN104085,South,2025-05-26,Fashion,875.0,Completed,Hyderabad,31,Basic,2025-05-26 12:08:00,user4085@example.com,user4085,875.0,S074,1,0,P3603,Low,875.0,1032.5
U04086,TXN104086,South,2025-08-23,Books,1134.0,Refunded,Hyderabad,64,Free,2025-08-23 06:55:00,user4086@example.com,user4086,141.75,S036,8,25,P1325,Urgent,189.0,223.02
U04087,TXN104087,North,2025-01-20,Home,6694.6,Pending,Kolkata,54,Free,2025-01-20 19:22:00,user4087@example.com,user4087,1673.65,S072,4,15,P4005,Low,1969.0,2323.42
U04088,TXN104088,East,2026-04-10,Books,4182.0,Refunded,Mumbai,68,Premium,2026-04-10 02:51:00,user4088@example.com,user4088,697.0,S098,6,0,P8722,Medium,697.0,822.46
U04089,TXN104089,South,2025-02-19,Home,9131.4,Failed,Delhi,69,Basic,2025-02-19 13:40:00,user4089@example.com,user4089,2282.85,S089,4,5,P3781,Urgent,2403.0,2835.54
U04090,TXN104090,North,2025-08-06,Grocery,4159.0,Failed,Mumbai,55,Basic,2025-08-06 10:40:00,user4090@example.com,user4090,4159.0,S007,1,0,P8776,Urgent,4159.0,4907.62
U04091,TXN104091,East,2025-12-13,Fashion,26195.4,Refunded,Bengaluru,33,Premium,2025-12-13 07:49:00,user4091@example.com,user4091,2910.6,S011,9,30,P1681,Medium,4158.0,4906.44
U04092,TXN104092,North,2025-11-12,Grocery,3924.0,Failed,Chennai,28,Free,2025-11-12 10:08:00,user4092@example.com,user4092,3924.0,S083,1,10,P4025,Low,4360.0,5144.8
U04093,TXN104093,South,2026-01-16,Fashion,22134.0,Pending,Delhi,27,Basic,2026-01-16 23:18:00,user4093@example.com,user4093,3162.0,S092,7,25,P7113,High,4216.0,4974.88
U04094,TXN104094,East,2025-07-21,Books,18659.2,Failed,Chennai,45,Premium,2025-07-21 06:55:00,user4094@example.com,user4094,2665.6,S052,7,20,P2502,Medium,3332.0,3931.76
U04095,TXN104095,East,2026-03-16,Grocery,8060.0,Pending,Delhi,69,Premium,2026-03-16 03:59:00,user4095@example.com,user4095,1612.0,S064,5,20,P1315,Urgent,2015.0,2377.7
U04096,TXN104096,East,2026-02-22,Electronics,25404.8,Refunded,Pune,38,Free,2026-02-22 05:11:00,user4096@example.com,user4096,3175.6,S041,8,15,P2850,High,3736.0,4408.48
U04097,TXN104097,West,2025-12-19,Electronics,3321.0,Completed,Delhi,28,Basic,2025-12-19 20:29:00,user4097@example.com,user4097,830.25,S024,4,25,P1691,Low,1107.0,1306.26
U04098,TXN104098,South,2025-05-02,Home,2050.2,Refunded,Pune,19,Basic,2025-05-02 19:40:00,user4098@example.com,user4098,227.8,S067,9,15,P6257,High,268.0,316.24
U04099,TXN104099,West,2025-03-10,Home,12033.9,Refunded,Delhi,41,Basic,2025-03-10 01:14:00,user4099@example.com,user4099,4011.3,S060,3,10,P3410,Medium,4457.0,5259.26
U04100,TXN104100,North,2026-04-27,Home,27587.0,Refunded,Kolkata,63,Free,2026-04-27 03:24:00,user4100@example.com,user4100,3941.0,S047,7,0,P5679,Low,3941.0,4650.38
U04101,TXN104101,East,2025-02-19,Home,12869.5,Refunded,Bengaluru,21,Free,2025-02-19 09:40:00,user4101@example.com,user4101,2573.9,S087,5,30,P4390,High,3677.0,4338.86
U04102,TXN104102,East,2025-10-18,Sports,18882.0,Completed,Kolkata,28,Free,2025-10-18 09:30:00,user4102@example.com,user4102,2360.25,S044,8,25,P3275,Medium,3147.0,3713.46
U04103,TXN104103,West,2025-07-01,Fashion,2443.5,Completed,Chennai,25,Premium,2025-07-01 05:01:00,user4103@example.com,user4103,2443.5,S016,1,10,P5329,Low,2715.0,3203.7
U04104,TXN104104,West,2025-05-24,Electronics,25860.0,Pending,Chennai,35,Premium,2025-05-24 19:11:00,user4104@example.com,user4104,2586.0,S067,10,0,P1577,Low,2586.0,3051.48
U04105,TXN104105,North,2025-02-03,Fashion,24624.0,Completed,Chennai,59,Free,2025-02-03 07:15:00,user4105@example.com,user4105,2736.0,S027,9,25,P5043,Low,3648.0,4304.64
U04106,TXN104106,East,2026-05-01,Home,2210.4,Pending,Delhi,45,Free,2026-05-01 00:04:00,user4106@example.com,user4106,245.6,S029,9,20,P7407,High,307.0,362.26
U04107,TXN104107,North,2026-04-09,Sports,6923.25,Completed,Hyderabad,39,Free,2026-04-09 09:15:00,user4107@example.com,user4107,769.25,S083,9,15,P8351,High,905.0,1067.9
U04108,TXN104108,South,2025-04-23,Electronics,8881.2,Completed,Bengaluru,60,Premium,2025-04-23 06:39:00,user4108@example.com,user4108,4440.6,S050,2,10,P7256,High,4934.0,5822.12
U04109,TXN104109,East,2025-12-04,Sports,4524.8,Failed,Jaipur,47,Basic,2025-12-04 15:53:00,user4109@example.com,user4109,565.6,S068,8,20,P4493,Low,707.0,834.26
U04110,TXN104110,North,2025-09-01,Grocery,7783.2,Pending,Bengaluru,66,Free,2025-09-01 09:45:00,user4110@example.com,user4110,972.9,S096,8,10,P3874,Low,1081.0,1275.58
U04111,TXN104111,North,2025-05-20,Electronics,17311.0,Completed,Pune,24,Basic,2025-05-20 03:02:00,user4111@example.com,user4111,2473.0,S029,7,0,P8789,High,2473.0,2918.14
U04112,TXN104112,East,2025-03-27,Sports,1156.5,Failed,Kolkata,70,Premium,2025-03-27 09:06:00,user4112@example.com,user4112,1156.5,S047,1,10,P2873,Medium,1285.0,1516.3
U04113,TXN104113,North,2026-01-31,Home,10509.0,Pending,Delhi,21,Basic,2026-01-31 21:01:00,user4113@example.com,user4113,3503.0,S079,3,0,P8420,Low,3503.0,4133.54
U04114,TXN104114,South,2025-03-11,Books,34299.0,Refunded,Delhi,48,Basic,2025-03-11 20:58:00,user4114@example.com,user4114,3811.0,S098,9,0,P9616,Low,3811.0,4496.98
U04115,TXN104115,West,2025-09-30,Home,943.5,Failed,Chennai,39,Basic,2025-09-30 15:50:00,user4115@example.com,user4115,943.5,S060,1,15,P8570,Low,1110.0,1309.8
U04116,TXN104116,North,2026-01-29,Grocery,9159.75,Failed,Mumbai,65,Free,2026-01-29 19:45:00,user4116@example.com,user4116,3053.25,S045,3,25,P7825,High,4071.0,4803.78
U04117,TXN104117,West,2026-02-05,Books,15310.0,Pending,Kolkata,48,Basic,2026-02-05 07:22:00,user4117@example.com,user4117,3062.0,S038,5,0,P2234,High,3062.0,3613.16
U04118,TXN104118,East,2025-10-06,Home,23202.0,Completed,Pune,42,Premium,2025-10-06 21:26:00,user4118@example.com,user4118,2900.25,S028,8,25,P7575,Medium,3867.0,4563.06
U04119,TXN104119,North,2025-04-12,Electronics,10179.0,Failed,Mumbai,52,Premium,2025-04-12 17:51:00,user4119@example.com,user4119,3393.0,S084,3,10,P1523,Urgent,3770.0,4448.6
U04120,TXN104120,North,2025-04-05,Grocery,12521.0,Pending,Mumbai,22,Basic,2025-04-05 18:12:00,user4120@example.com,user4120,1252.1,S032,10,5,P7493,Low,1318.0,1555.24
U04121,TXN104121,South,2025-09-26,Books,8139.6,Completed,Bengaluru,39,Premium,2025-09-26 21:52:00,user4121@example.com,user4121,1356.6,S043,6,15,P3603,Low,1596.0,1883.28
U04122,TXN104122,South,2025-09-30,Sports,7854.0,Completed,Chennai,38,Basic,2025-09-30 22:24:00,user4122@example.com,user4122,1963.5,S100,4,25,P4003,Medium,2618.0,3089.24
U04123,TXN104123,North,2025-02-12,Home,8557.5,Failed,Jaipur,67,Free,2025-02-12 23:42:00,user4123@example.com,user4123,1711.5,S038,5,25,P2364,Low,2282.0,2692.76
U04124,TXN104124,East,2025-01-11,Sports,5967.0,Pending,Hyderabad,61,Free,2025-01-11 01:09:00,user4124@example.com,user4124,2983.5,S004,2,25,P1415,Urgent,3978.0,4694.04
U04125,TXN104125,South,2025-11-08,Grocery,5936.0,Failed,Jaipur,32,Basic,2025-11-08 10:45:00,user4125@example.com,user4125,1187.2,S053,5,20,P5033,Medium,1484.0,1751.12
U04126,TXN104126,East,2026-01-31,Fashion,5868.0,Failed,Bengaluru,68,Premium,2026-01-31 17:49:00,user4126@example.com,user4126,2934.0,S046,2,25,P3809,Medium,3912.0,4616.16
U04127,TXN104127,North,2025-12-25,Books,32263.0,Failed,Delhi,55,Free,2025-12-25 17:27:00,user4127@example.com,user4127,4609.0,S012,7,0,P1290,Low,4609.0,5438.62
U04128,TXN104128,West,2025-12-04,Sports,3796.2,Refunded,Chennai,24,Premium,2025-12-04 11:21:00,user4128@example.com,user4128,632.7,S016,6,5,P7434,Urgent,666.0,785.88
U04129,TXN104129,North,2025-06-26,Home,13220.2,Pending,Chennai,44,Premium,2025-06-26 09:08:00,user4129@example.com,user4129,3305.05,S057,4,5,P7812,Urgent,3479.0,4105.22
U04130,TXN104130,East,2026-04-27,Grocery,2300.0,Pending,Kolkata,53,Basic,2026-04-27 00:31:00,user4130@example.com,user4130,460.0,S055,5,20,P8964,Urgent,575.0,678.5
U04131,TXN104131,North,2025-04-10,Sports,10850.25,Refunded,Hyderabad,62,Basic,2025-04-10 18:37:00,user4131@example.com,user4131,2170.05,S018,5,15,P4614,Urgent,2553.0,3012.54
U04132,TXN104132,West,2025-05-21,Fashion,5913.6,Failed,Bengaluru,55,Basic,2025-05-21 14:40:00,user4132@example.com,user4132,739.2,S079,8,30,P4281,High,1056.0,1246.08
U04133,TXN104133,West,2025-11-09,Grocery,1933.75,Pending,Bengaluru,29,Premium,2025-11-09 07:45:00,user4133@example.com,user4133,386.75,S037,5,15,P3076,Medium,455.0,536.9
U04134,TXN104134,West,2025-10-26,Books,8852.0,Pending,Chennai,34,Basic,2025-10-26 06:32:00,user4134@example.com,user4134,1770.4,S051,5,20,P9532,Urgent,2213.0,2611.34
U04135,TXN104135,South,2025-06-13,Home,27892.0,Pending,Chennai,43,Free,2025-06-13 23:21:00,user4135@example.com,user4135,2789.2,S070,10,5,P4590,Medium,2936.0,3464.48
U04136,TXN104136,North,2025-06-24,Fashion,7663.6,Completed,Jaipur,41,Basic,2025-06-24 05:36:00,user4136@example.com,user4136,1915.9,S058,4,15,P2083,Urgent,2254.0,2659.72
U04137,TXN104137,South,2025-10-14,Electronics,14064.0,Completed,Kolkata,30,Premium,2025-10-14 15:23:00,user4137@example.com,user4137,2812.8,S062,5,20,P6932,High,3516.0,4148.88
U04138,TXN104138,West,2025-12-17,Electronics,1604.8,Completed,Chennai,20,Free,2025-12-17 10:56:00,user4138@example.com,user4138,401.2,S072,4,15,P5959,Urgent,472.0,556.96
U04139,TXN104139,North,2026-01-16,Grocery,3659.25,Pending,Pune,57,Premium,2026-01-16 15:47:00,user4139@example.com,user4139,1219.75,S076,3,15,P4912,Low,1435.0,1693.3
U04140,TXN104140,West,2025-11-27,Sports,3308.0,Pending,Pune,44,Premium,2025-11-27 14:27:00,user4140@example.com,user4140,3308.0,S091,1,20,P9926,Urgent,4135.0,4879.3
U04141,TXN104141,East,2026-02-21,Grocery,19976.0,Failed,Jaipur,46,Basic,2026-02-21 07:49:00,user4141@example.com,user4141,1997.6,S095,10,20,P8432,Low,2497.0,2946.46
U04142,TXN104142,North,2026-01-16,Electronics,7977.6,Failed,Jaipur,23,Basic,2026-01-16 00:43:00,user4142@example.com,user4142,997.2,S036,8,10,P9709,Medium,1108.0,1307.44
U04143,TXN104143,South,2025-10-31,Books,1022.4,Pending,Hyderabad,66,Basic,2025-10-31 06:06:00,user4143@example.com,user4143,255.6,S033,4,10,P3594,High,284.0,335.12
U04144,TXN104144,West,2025-09-07,Fashion,10858.4,Refunded,Pune,57,Basic,2025-09-07 00:05:00,user4144@example.com,user4144,1357.3,S043,8,30,P2834,Low,1939.0,2288.02
U04145,TXN104145,West,2025-11-21,Books,288.9,Pending,Jaipur,20,Premium,2025-11-21 05:32:00,user4145@example.com,user4145,288.9,S079,1,10,P5373,High,321.0,378.78
U04146,TXN104146,South,2025-01-14,Electronics,4123.0,Refunded,Delhi,61,Basic,2025-01-14 22:42:00,user4146@example.com,user4146,2061.5,S037,2,5,P4874,Low,2170.0,2560.6
U04147,TXN104147,North,2025-04-05,Home,19989.0,Refunded,Hyderabad,62,Basic,2025-04-05 16:56:00,user4147@example.com,user4147,3331.5,S044,6,25,P7555,Medium,4442.0,5241.56
U04148,TXN104148,West,2025-02-01,Grocery,8725.5,Completed,Chennai,59,Premium,2025-02-01 07:30:00,user4148@example.com,user4148,1745.1,S047,5,10,P1833,Urgent,1939.0,2288.02
U04149,TXN104149,South,2025-03-20,Grocery,4522.0,Refunded,Bengaluru,29,Premium,2025-03-20 19:48:00,user4149@example.com,user4149,646.0,S078,7,15,P6647,Low,760.0,896.8
U04150,TXN104150,West,2025-01-12,Books,1980.0,Pending,Kolkata,61,Premium,2025-01-12 08:47:00,user4150@example.com,user4150,990.0,S007,2,25,P1640,Medium,1320.0,1557.6
U04151,TXN104151,West,2026-02-11,Sports,3251.0,Failed,Mumbai,40,Premium,2026-02-11 10:39:00,user4151@example.com,user4151,3251.0,S024,1,0,P2868,High,3251.0,3836.18
U04152,TXN104152,West,2025-01-12,Fashion,16832.0,Refunded,Pune,19,Basic,2025-01-12 01:00:00,user4152@example.com,user4152,1683.2,S061,10,20,P5508,Urgent,2104.0,2482.72
U04153,TXN104153,South,2025-04-09,Electronics,27412.0,Refunded,Jaipur,63,Free,2025-04-09 06:39:00,user4153@example.com,user4153,3426.5,S034,8,30,P3816,Low,4895.0,5776.1
U04154,TXN104154,South,2025-10-22,Grocery,6821.0,Completed,Mumbai,44,Basic,2025-10-22 21:14:00,user4154@example.com,user4154,682.1,S050,10,5,P8891,High,718.0,847.24
U04155,TXN104155,North,2025-12-06,Books,7859.95,Failed,Bengaluru,44,Free,2025-12-06 20:52:00,user4155@example.com,user4155,1122.85,S060,7,15,P3749,High,1321.0,1558.78
U04156,TXN104156,South,2025-12-17,Sports,12082.5,Completed,Jaipur,34,Basic,2025-12-17 11:34:00,user4156@example.com,user4156,2416.5,S046,5,25,P5796,High,3222.0,3801.96
U04157,TXN104157,East,2026-02-05,Home,1503.6,Refunded,Kolkata,23,Premium,2026-02-05 05:24:00,user4157@example.com,user4157,375.9,S043,4,30,P2972,Medium,537.0,633.66
U04158,TXN104158,South,2025-06-25,Fashion,11081.7,Pending,Pune,49,Free,2025-06-25 05:23:00,user4158@example.com,user4158,1583.1,S079,7,10,P1905,High,1759.0,2075.62
U04159,TXN104159,West,2025-08-03,Books,11970.0,Failed,Jaipur,20,Basic,2025-08-03 18:27:00,user4159@example.com,user4159,1995.0,S046,6,25,P4825,Urgent,2660.0,3138.8
U04160,TXN104160,East,2025-04-10,Home,25842.6,Failed,Delhi,67,Basic,2025-04-10 05:26:00,user4160@example.com,user4160,2871.4,S064,9,30,P1494,Low,4102.0,4840.36
U04161,TXN104161,North,2025-01-23,Books,19646.9,Completed,Hyderabad,63,Free,2025-01-23 01:25:00,user4161@example.com,user4161,2806.7,S003,7,15,P5790,Low,3302.0,3896.36
U04162,TXN104162,West,2025-03-25,Home,1280.0,Failed,Hyderabad,26,Basic,2025-03-25 11:40:00,user4162@example.com,user4162,640.0,S002,2,20,P5475,High,800.0,944.0
U04163,TXN104163,North,2025-11-03,Grocery,3661.5,Failed,Chennai,30,Free,2025-11-03 08:23:00,user4163@example.com,user4163,3661.5,S061,1,25,P9815,High,4882.0,5760.76
U04164,TXN104164,West,2025-04-05,Fashion,2541.0,Refunded,Chennai,50,Basic,2025-04-05 20:23:00,user4164@example.com,user4164,2541.0,S018,1,0,P7386,High,2541.0,2998.38
U04165,TXN104165,East,2025-07-28,Home,3427.2,Refunded,Bengaluru,34,Free,2025-07-28 08:54:00,user4165@example.com,user4165,1142.4,S009,3,15,P9948,Medium,1344.0,1585.92
U04166,TXN104166,East,2025-09-18,Home,5161.6,Pending,Chennai,42,Free,2025-09-18 17:46:00,user4166@example.com,user4166,1290.4,S095,4,20,P6596,Urgent,1613.0,1903.34
U04167,TXN104167,North,2025-07-15,Home,709.75,Pending,Chennai,40,Premium,2025-07-15 03:28:00,user4167@example.com,user4167,141.95,S024,5,15,P7336,Low,167.0,197.06
U04168,TXN104168,East,2025-02-23,Home,1716.3,Pending,Jaipur,44,Premium,2025-02-23 08:51:00,user4168@example.com,user4168,1716.3,S094,1,10,P2326,Low,1907.0,2250.26
U04169,TXN104169,South,2025-04-15,Home,16452.0,Refunded,Hyderabad,28,Premium,2025-04-15 18:16:00,user4169@example.com,user4169,4113.0,S006,4,0,P2983,Medium,4113.0,4853.34
U04170,TXN104170,West,2026-01-27,Home,2203.2,Completed,Kolkata,64,Premium,2026-01-27 09:41:00,user4170@example.com,user4170,734.4,S061,3,10,P7565,Urgent,816.0,962.88
U04171,TXN104171,North,2026-03-02,Books,12257.85,Completed,Jaipur,64,Basic,2026-03-02 22:01:00,user4171@example.com,user4171,4085.95,S090,3,15,P8189,High,4807.0,5672.26
U04172,TXN104172,North,2025-06-08,Fashion,10422.0,Refunded,Chennai,38,Premium,2025-06-08 07:25:00,user4172@example.com,user4172,1158.0,S070,9,0,P1912,Low,1158.0,1366.44
U04173,TXN104173,West,2025-08-26,Home,9795.0,Failed,Hyderabad,70,Free,2025-08-26 12:54:00,user4173@example.com,user4173,979.5,S006,10,25,P8839,Urgent,1306.0,1541.08
U04174,TXN104174,North,2025-07-29,Fashion,4804.5,Failed,Jaipur,20,Premium,2025-07-29 16:56:00,user4174@example.com,user4174,2402.25,S046,2,25,P3783,High,3203.0,3779.54
U04175,TXN104175,South,2025-01-02,Home,38368.0,Refunded,Jaipur,21,Free,2025-01-02 18:36:00,user4175@example.com,user4175,4796.0,S028,8,0,P8839,Low,4796.0,5659.28
U04176,TXN104176,East,2025-11-05,Sports,1954.8,Completed,Kolkata,63,Basic,2025-11-05 13:55:00,user4176@example.com,user4176,488.7,S040,4,10,P7829,High,543.0,640.74
U04177,TXN104177,North,2025-06-10,Electronics,4184.0,Refunded,Mumbai,20,Premium,2025-06-10 17:58:00,user4177@example.com,user4177,2092.0,S014,2,20,P8608,Low,2615.0,3085.7
U04178,TXN104178,West,2025-02-02,Electronics,20608.0,Refunded,Chennai,24,Basic,2025-02-02 19:16:00,user4178@example.com,user4178,2944.0,S024,7,0,P4668,Urgent,2944.0,3473.92
U04179,TXN104179,East,2025-02-15,Home,39540.0,Failed,Jaipur,56,Premium,2025-02-15 22:12:00,user4179@example.com,user4179,3954.0,S055,10,0,P2814,Medium,3954.0,4665.72
U04180,TXN104180,West,2025-07-23,Electronics,31334.4,Pending,Chennai,46,Premium,2025-07-23 11:57:00,user4180@example.com,user4180,3916.8,S088,8,15,P8011,High,4608.0,5437.44
U04181,TXN104181,East,2025-04-18,Books,12402.25,Completed,Chennai,18,Premium,2025-04-18 18:38:00,user4181@example.com,user4181,1771.75,S032,7,5,P9169,Urgent,1865.0,2200.7
U04182,TXN104182,North,2026-03-23,Home,18104.8,Completed,Mumbai,37,Basic,2026-03-23 09:53:00,user4182@example.com,user4182,2586.4,S001,7,20,P1707,High,3233.0,3814.94
U04183,TXN104183,West,2025-03-13,Home,20853.0,Pending,Mumbai,51,Premium,2025-03-13 22:21:00,user4183@example.com,user4183,2085.3,S082,10,10,P2592,Medium,2317.0,2734.06
U04184,TXN104184,North,2025-07-13,Grocery,2030.4,Refunded,Bengaluru,38,Premium,2025-07-13 11:04:00,user4184@example.com,user4184,253.8,S016,8,10,P2375,Urgent,282.0,332.76
U04185,TXN104185,South,2026-01-11,Home,11520.0,Pending,Mumbai,33,Premium,2026-01-11 23:16:00,user4185@example.com,user4185,1440.0,S069,8,10,P2662,Low,1600.0,1888.0
U04186,TXN104186,West,2025-03-18,Grocery,9373.5,Failed,Chennai,27,Free,2025-03-18 21:16:00,user4186@example.com,user4186,1874.7,S018,5,10,P4976,High,2083.0,2457.94
U04187,TXN104187,North,2026-03-31,Books,16309.6,Pending,Delhi,40,Premium,2026-03-31 20:16:00,user4187@example.com,user4187,2038.7,S061,8,5,P7162,Medium,2146.0,2532.28
U04188,TXN104188,North,2025-09-15,Home,12517.2,Refunded,Delhi,63,Free,2025-09-15 18:23:00,user4188@example.com,user4188,3129.3,S008,4,10,P6836,Low,3477.0,4102.86
U04189,TXN104189,North,2025-02-07,Electronics,17556.0,Pending,Kolkata,50,Basic,2025-02-07 23:27:00,user4189@example.com,user4189,3511.2,S078,5,5,P3264,Medium,3696.0,4361.28
U04190,TXN104190,West,2025-04-12,Sports,22608.6,Failed,Jaipur,44,Basic,2025-04-12 11:59:00,user4190@example.com,user4190,3229.8,S028,7,30,P5493,Medium,4614.0,5444.52
U04191,TXN104191,South,2025-06-22,Electronics,46113.0,Refunded,Pune,34,Premium,2025-06-22 02:55:00,user4191@example.com,user4191,4611.3,S049,10,5,P8249,High,4854.0,5727.72
U04192,TXN104192,West,2025-09-16,Home,23306.4,Completed,Pune,41,Basic,2025-09-16 19:10:00,user4192@example.com,user4192,2589.6,S006,9,20,P7157,Low,3237.0,3819.66
U04193,TXN104193,East,2025-10-10,Sports,17267.2,Failed,Hyderabad,58,Basic,2025-10-10 23:26:00,user4193@example.com,user4193,2158.4,S059,8,5,P7199,Urgent,2272.0,2680.96
U04194,TXN104194,West,2026-04-18,Sports,8976.8,Refunded,Mumbai,18,Basic,2026-04-18 08:52:00,user4194@example.com,user4194,2244.2,S008,4,30,P9295,Low,3206.0,3783.08
U04195,TXN104195,South,2025-02-10,Grocery,14779.8,Refunded,Jaipur,68,Premium,2025-02-10 07:51:00,user4195@example.com,user4195,1642.2,S086,9,15,P9020,Urgent,1932.0,2279.76
U04196,TXN104196,West,2026-03-11,Books,10319.85,Pending,Kolkata,38,Basic,2026-03-11 12:21:00,user4196@example.com,user4196,1146.65,S052,9,5,P4640,Urgent,1207.0,1424.26
U04197,TXN104197,East,2025-08-29,Books,756.9,Pending,Bengaluru,43,Free,2025-08-29 18:37:00,user4197@example.com,user4197,756.9,S073,1,10,P8893,High,841.0,992.38
U04198,TXN104198,West,2025-10-05,Books,3447.2,Failed,Kolkata,69,Free,2025-10-05 01:52:00,user4198@example.com,user4198,3447.2,S046,1,20,P5726,Low,4309.0,5084.62
U04199,TXN104199,West,2025-06-08,Books,14848.0,Completed,Mumbai,19,Basic,2025-06-08 22:27:00,user4199@example.com,user4199,1856.0,S008,8,0,P3801,Medium,1856.0,2190.08
U04200,TXN104200,North,2025-07-11,Books,12524.8,Completed,Pune,55,Basic,2025-07-11 01:05:00,user4200@example.com,user4200,3131.2,S027,4,20,P4426,Urgent,3914.0,4618.52
U04201,TXN104201,North,2025-04-10,Sports,15840.0,Failed,Kolkata,62,Basic,2025-04-10 21:40:00,user4201@example.com,user4201,3168.0,S023,5,25,P3055,Medium,4224.0,4984.32
U04202,TXN104202,East,2025-01-06,Fashion,9870.0,Failed,Mumbai,42,Premium,2025-01-06 09:22:00,user4202@example.com,user4202,2467.5,S035,4,25,P2875,Low,3290.0,3882.2
U04203,TXN104203,East,2025-03-29,Books,24270.4,Pending,Hyderabad,51,Basic,2025-03-29 17:11:00,user4203@example.com,user4203,3033.8,S051,8,30,P2593,Urgent,4334.0,5114.12
U04204,TXN104204,South,2025-12-12,Fashion,40298.5,Completed,Chennai,50,Premium,2025-12-12 00:41:00,user4204@example.com,user4204,4029.85,S016,10,15,P1020,Medium,4741.0,5594.38
U04205,TXN104205,East,2025-03-28,Grocery,8641.2,Failed,Bengaluru,64,Basic,2025-03-28 15:35:00,user4205@example.com,user4205,1080.15,S034,8,5,P4331,Medium,1137.0,1341.66
U04206,TXN104206,West,2026-02-02,Grocery,1351.5,Pending,Chennai,47,Premium,2026-02-02 17:05:00,user4206@example.com,user4206,1351.5,S086,1,15,P6867,Medium,1590.0,1876.2
U04207,TXN104207,South,2026-01-08,Home,2072.25,Failed,Mumbai,49,Premium,2026-01-08 02:47:00,user4207@example.com,user4207,690.75,S093,3,25,P4499,Urgent,921.0,1086.78
U04208,TXN104208,North,2025-02-23,Grocery,17165.75,Pending,Pune,54,Premium,2025-02-23 08:35:00,user4208@example.com,user4208,3433.15,S046,5,15,P6745,Low,4039.0,4766.02
U04209,TXN104209,North,2026-04-29,Fashion,2785.5,Pending,Delhi,21,Basic,2026-04-29 14:42:00,user4209@example.com,user4209,464.25,S037,6,25,P3675,Urgent,619.0,730.42
U04210,TXN104210,North,2025-11-01,Books,6533.8,Completed,Hyderabad,66,Free,2025-11-01 20:23:00,user4210@example.com,user4210,3266.9,S080,2,30,P9097,Low,4667.0,5507.06
U04211,TXN104211,North,2025-03-24,Fashion,6626.25,Failed,Pune,25,Basic,2025-03-24 01:09:00,user4211@example.com,user4211,1325.25,S091,5,25,P4891,Urgent,1767.0,2085.06
U04212,TXN104212,West,2025-11-25,Home,6764.4,Completed,Chennai,48,Basic,2025-11-25 11:10:00,user4212@example.com,user4212,1691.1,S024,4,10,P3798,Medium,1879.0,2217.22
U04213,TXN104213,East,2025-11-25,Sports,12930.0,Completed,Hyderabad,37,Premium,2025-11-25 10:14:00,user4213@example.com,user4213,1293.0,S069,10,25,P4779,High,1724.0,2034.32
U04214,TXN104214,South,2026-04-29,Grocery,4120.8,Failed,Chennai,37,Free,2026-04-29 14:19:00,user4214@example.com,user4214,515.1,S081,8,15,P2078,Urgent,606.0,715.08
U04215,TXN104215,West,2026-03-25,Home,7340.0,Refunded,Pune,30,Basic,2026-03-25 11:17:00,user4215@example.com,user4215,1835.0,S036,4,0,P5633,High,1835.0,2165.3
U04216,TXN104216,South,2025-06-19,Grocery,17658.6,Refunded,Pune,29,Premium,2025-06-19 01:10:00,user4216@example.com,user4216,2943.1,S071,6,5,P7551,Low,3098.0,3655.64
U04217,TXN104217,North,2025-05-01,Books,18414.0,Pending,Pune,59,Free,2025-05-01 14:32:00,user4217@example.com,user4217,3682.8,S032,5,10,P1664,Medium,4092.0,4828.56
U04218,TXN104218,North,2025-08-26,Home,2394.0,Failed,Pune,59,Premium,2025-08-26 12:17:00,user4218@example.com,user4218,1197.0,S093,2,25,P7773,Medium,1596.0,1883.28
U04219,TXN104219,East,2025-10-20,Sports,4519.0,Refunded,Delhi,26,Free,2025-10-20 08:05:00,user4219@example.com,user4219,4519.0,S057,1,0,P6669,Urgent,4519.0,5332.42
U04220,TXN104220,East,2025-05-18,Books,13584.0,Completed,Kolkata,28,Free,2025-05-18 02:04:00,user4220@example.com,user4220,3396.0,S022,4,0,P1259,Urgent,3396.0,4007.28
U04221,TXN104221,West,2025-10-11,Fashion,20314.8,Completed,Kolkata,21,Premium,2025-10-11 17:22:00,user4221@example.com,user4221,2257.2,S041,9,10,P9207,Urgent,2508.0,2959.44
U04222,TXN104222,West,2026-01-07,Books,7560.0,Refunded,Pune,24,Basic,2026-01-07 17:27:00,user4222@example.com,user4222,1080.0,S024,7,0,P9311,High,1080.0,1274.4
U04223,TXN104223,North,2025-12-07,Books,26294.4,Pending,Jaipur,47,Premium,2025-12-07 11:00:00,user4223@example.com,user4223,3286.8,S039,8,10,P5061,Urgent,3652.0,4309.36
U04224,TXN104224,West,2025-03-28,Books,11169.0,Completed,Kolkata,33,Premium,2025-03-28 01:44:00,user4224@example.com,user4224,1116.9,S034,10,10,P3606,Low,1241.0,1464.38
U04225,TXN104225,North,2026-02-11,Electronics,14518.0,Failed,Delhi,54,Free,2026-02-11 03:08:00,user4225@example.com,user4225,2074.0,S052,7,15,P4512,Medium,2440.0,2879.2
U04226,TXN104226,South,2025-07-28,Sports,11726.4,Refunded,Mumbai,33,Free,2025-07-28 03:41:00,user4226@example.com,user4226,3908.8,S061,3,20,P6120,Low,4886.0,5765.48
U04227,TXN104227,South,2026-01-13,Books,14222.25,Refunded,Pune,64,Free,2026-01-13 03:49:00,user4227@example.com,user4227,1580.25,S014,9,25,P5310,Low,2107.0,2486.26
U04228,TXN104228,West,2026-01-26,Grocery,14181.3,Pending,Chennai,63,Basic,2026-01-26 06:22:00,user4228@example.com,user4228,2025.9,S057,7,10,P8599,Medium,2251.0,2656.18
U04229,TXN104229,South,2025-07-06,Sports,13460.3,Failed,Kolkata,43,Free,2025-07-06 18:43:00,user4229@example.com,user4229,1922.9,S003,7,30,P1534,High,2747.0,3241.46
U04230,TXN104230,West,2025-09-12,Grocery,28063.6,Failed,Jaipur,19,Premium,2025-09-12 12:20:00,user4230@example.com,user4230,3507.95,S013,8,15,P5847,Urgent,4127.0,4869.86
U04231,TXN104231,North,2025-04-22,Electronics,20475.0,Refunded,Bengaluru,52,Basic,2025-04-22 22:09:00,user4231@example.com,user4231,2925.0,S088,7,0,P6897,Urgent,2925.0,3451.5
U04232,TXN104232,West,2025-05-20,Fashion,11056.0,Completed,Chennai,57,Basic,2025-05-20 12:53:00,user4232@example.com,user4232,1382.0,S004,8,0,P8870,Low,1382.0,1630.76
U04233,TXN104233,East,2025-05-20,Electronics,4571.4,Completed,Kolkata,22,Free,2025-05-20 06:10:00,user4233@example.com,user4233,1142.85,S093,4,5,P1100,Urgent,1203.0,1419.54
U04234,TXN104234,East,2025-02-02,Grocery,7578.0,Failed,Chennai,25,Free,2025-02-02 13:31:00,user4234@example.com,user4234,3789.0,S072,2,0,P8401,High,3789.0,4471.02
U04235,TXN104235,East,2025-02-15,Electronics,2066.4,Failed,Mumbai,35,Free,2025-02-15 07:25:00,user4235@example.com,user4235,2066.4,S015,1,10,P9581,Low,2296.0,2709.28
U04236,TXN104236,West,2026-01-02,Home,1720.4,Failed,Jaipur,32,Premium,2026-01-02 11:33:00,user4236@example.com,user4236,215.05,S033,8,15,P9695,Urgent,253.0,298.54
U04237,TXN104237,East,2025-04-20,Fashion,11214.75,Failed,Mumbai,44,Free,2025-04-20 19:39:00,user4237@example.com,user4237,3738.25,S001,3,5,P4973,Low,3935.0,4643.3
U04238,TXN104238,North,2025-01-11,Books,216.8,Pending,Bengaluru,36,Basic,2025-01-11 02:03:00,user4238@example.com,user4238,216.8,S089,1,20,P7249,Medium,271.0,319.78
U04239,TXN104239,North,2025-04-19,Electronics,15880.55,Completed,Mumbai,61,Premium,2025-04-19 01:28:00,user4239@example.com,user4239,2268.65,S008,7,15,P2220,Medium,2669.0,3149.42
U04240,TXN104240,West,2025-07-31,Sports,11907.0,Failed,Kolkata,56,Premium,2025-07-31 06:57:00,user4240@example.com,user4240,2381.4,S032,5,30,P1651,Medium,3402.0,4014.36
U04241,TXN104241,West,2026-02-17,Books,7053.0,Pending,Bengaluru,55,Premium,2026-02-17 21:24:00,user4241@example.com,user4241,2351.0,S100,3,0,P6479,High,2351.0,2774.18
U04242,TXN104242,West,2025-02-24,Electronics,915.2,Refunded,Chennai,55,Premium,2025-02-24 17:32:00,user4242@example.com,user4242,457.6,S099,2,20,P5450,Urgent,572.0,674.96
U04243,TXN104243,North,2025-02-03,Fashion,23457.6,Pending,Delhi,65,Free,2025-02-03 07:50:00,user4243@example.com,user4243,2606.4,S014,9,20,P4387,Medium,3258.0,3844.44
U04244,TXN104244,North,2025-02-08,Sports,3724.8,Completed,Hyderabad,60,Basic,2025-02-08 10:37:00,user4244@example.com,user4244,1241.6,S082,3,20,P8855,Urgent,1552.0,1831.36
U04245,TXN104245,West,2025-11-15,Home,2296.7,Refunded,Jaipur,67,Premium,2025-11-15 06:45:00,user4245@example.com,user4245,328.1,S064,7,15,P3835,Urgent,386.0,455.48
U04246,TXN104246,South,2025-06-26,Books,3227.25,Completed,Kolkata,69,Premium,2025-06-26 14:02:00,user4246@example.com,user4246,3227.25,S097,1,25,P2377,High,4303.0,5077.54
U04247,TXN104247,East,2026-03-07,Fashion,7191.5,Refunded,Chennai,53,Basic,2026-03-07 04:09:00,user4247@example.com,user4247,1438.3,S047,5,5,P3357,Urgent,1514.0,1786.52
U04248,TXN104248,North,2025-06-13,Home,19516.0,Refunded,Chennai,43,Basic,2025-06-13 06:33:00,user4248@example.com,user4248,4879.0,S068,4,0,P1678,Low,4879.0,5757.22
U04249,TXN104249,North,2026-01-23,Books,33816.0,Pending,Kolkata,36,Free,2026-01-23 15:21:00,user4249@example.com,user4249,3381.6,S053,10,20,P1457,Medium,4227.0,4987.86
U04250,TXN104250,South,2025-05-24,Home,12941.6,Completed,Jaipur,34,Free,2025-05-24 09:00:00,user4250@example.com,user4250,3235.4,S058,4,30,P4163,Medium,4622.0,5453.96
U04251,TXN104251,East,2025-09-15,Electronics,11263.0,Completed,Jaipur,63,Free,2025-09-15 20:29:00,user4251@example.com,user4251,2252.6,S028,5,30,P8340,High,3218.0,3797.24
U04252,TXN104252,North,2026-03-06,Sports,1580.8,Completed,Jaipur,36,Basic,2026-03-06 14:04:00,user4252@example.com,user4252,1580.8,S001,1,5,P7422,Low,1664.0,1963.52
U04253,TXN104253,North,2026-03-06,Sports,18060.8,Failed,Delhi,38,Basic,2026-03-06 11:32:00,user4253@example.com,user4253,2257.6,S009,8,15,P1443,High,2656.0,3134.08
U04254,TXN104254,South,2025-08-24,Home,7578.0,Completed,Bengaluru,66,Basic,2025-08-24 07:07:00,user4254@example.com,user4254,3789.0,S029,2,10,P7672,Low,4210.0,4967.8
U04255,TXN104255,North,2025-07-12,Books,559.8,Refunded,Kolkata,34,Premium,2025-07-12 08:43:00,user4255@example.com,user4255,279.9,S068,2,10,P5905,Low,311.0,366.98
U04256,TXN104256,South,2026-02-26,Home,19060.0,Pending,Chennai,21,Basic,2026-02-26 16:20:00,user4256@example.com,user4256,3812.0,S058,5,0,P7244,High,3812.0,4498.16
U04257,TXN104257,North,2025-06-16,Books,9373.7,Refunded,Pune,29,Free,2025-06-16 02:54:00,user4257@example.com,user4257,1339.1,S071,7,30,P1865,Medium,1913.0,2257.34
U04258,TXN104258,North,2025-05-29,Books,19455.0,Refunded,Delhi,47,Premium,2025-05-29 03:48:00,user4258@example.com,user4258,1945.5,S089,10,25,P1273,Urgent,2594.0,3060.92
U04259,TXN104259,East,2025-12-23,Home,6492.3,Completed,Hyderabad,39,Basic,2025-12-23 15:05:00,user4259@example.com,user4259,3246.15,S032,2,15,P5162,High,3819.0,4506.42
U04260,TXN104260,South,2025-10-08,Electronics,14714.0,Failed,Jaipur,53,Premium,2025-10-08 18:27:00,user4260@example.com,user4260,2942.8,S012,5,30,P8297,Low,4204.0,4960.72
U04261,TXN104261,South,2025-12-16,Home,10746.0,Failed,Hyderabad,62,Free,2025-12-16 18:07:00,user4261@example.com,user4261,3582.0,S053,3,0,P2270,Urgent,3582.0,4226.76
U04262,TXN104262,West,2025-12-15,Home,8164.8,Refunded,Kolkata,39,Basic,2025-12-15 01:41:00,user4262@example.com,user4262,1360.8,S040,6,30,P6193,Medium,1944.0,2293.92
U04263,TXN104263,North,2025-10-20,Electronics,2138.6,Pending,Pune,68,Premium,2025-10-20 05:08:00,user4263@example.com,user4263,534.65,S026,4,15,P8116,High,629.0,742.22
U04264,TXN104264,East,2025-08-09,Grocery,15652.75,Pending,Kolkata,49,Free,2025-08-09 04:16:00,user4264@example.com,user4264,3130.55,S088,5,15,P4521,High,3683.0,4345.94
U04265,TXN104265,North,2025-03-13,Grocery,12729.6,Pending,Bengaluru,39,Basic,2025-03-13 19:20:00,user4265@example.com,user4265,4243.2,S074,3,15,P2993,Medium,4992.0,5890.56
U04266,TXN104266,North,2025-07-21,Electronics,4200.0,Refunded,Mumbai,39,Free,2025-07-21 01:30:00,user4266@example.com,user4266,525.0,S057,8,25,P5885,High,700.0,826.0
U04267,TXN104267,South,2025-08-15,Books,39906.0,Refunded,Kolkata,31,Premium,2025-08-15 11:29:00,user4267@example.com,user4267,3990.6,S032,10,10,P5340,Medium,4434.0,5232.12
U04268,TXN104268,East,2025-11-26,Fashion,9920.4,Failed,Delhi,35,Free,2025-11-26 11:04:00,user4268@example.com,user4268,1653.4,S005,6,30,P7872,High,2362.0,2787.16
U04269,TXN104269,East,2026-04-12,Fashion,3454.4,Completed,Hyderabad,31,Premium,2026-04-12 00:09:00,user4269@example.com,user4269,3454.4,S085,1,15,P5259,High,4064.0,4795.52
U04270,TXN104270,West,2025-05-25,Grocery,5841.6,Failed,Mumbai,36,Premium,2025-05-25 19:11:00,user4270@example.com,user4270,973.6,S095,6,20,P4595,Urgent,1217.0,1436.06
U04271,TXN104271,North,2026-04-23,Electronics,4534.4,Completed,Delhi,39,Premium,2026-04-23 06:44:00,user4271@example.com,user4271,1133.6,S077,4,20,P4407,Urgent,1417.0,1672.06
U04272,TXN104272,North,2025-05-08,Electronics,1756.8,Completed,Kolkata,25,Free,2025-05-08 01:37:00,user4272@example.com,user4272,292.8,S098,6,20,P8672,High,366.0,431.88
U04273,TXN104273,South,2025-05-20,Books,25880.0,Completed,Pune,42,Premium,2025-05-20 19:27:00,user4273@example.com,user4273,3235.0,S051,8,0,P6562,High,3235.0,3817.3
U04274,TXN104274,North,2026-03-26,Sports,43956.0,Pending,Kolkata,34,Premium,2026-03-26 07:01:00,user4274@example.com,user4274,4395.6,S079,10,10,P2522,Low,4884.0,5763.12
U04275,TXN104275,North,2026-04-04,Sports,9841.05,Pending,Pune,60,Basic,2026-04-04 15:07:00,user4275@example.com,user4275,1093.45,S085,9,5,P6283,High,1151.0,1358.18
U04276,TXN104276,North,2025-07-20,Sports,2736.0,Failed,Bengaluru,70,Premium,2025-07-20 23:23:00,user4276@example.com,user4276,342.0,S055,8,10,P5903,Urgent,380.0,448.4
U04277,TXN104277,North,2026-04-21,Home,1698.0,Failed,Mumbai,19,Basic,2026-04-21 16:33:00,user4277@example.com,user4277,566.0,S003,3,0,P4499,High,566.0,667.88
U04278,TXN104278,South,2025-04-11,Sports,4165.0,Refunded,Chennai,18,Basic,2025-04-11 09:10:00,user4278@example.com,user4278,1041.25,S088,4,15,P3098,Medium,1225.0,1445.5
U04279,TXN104279,South,2025-08-15,Fashion,957.6,Refunded,Jaipur,18,Free,2025-08-15 02:59:00,user4279@example.com,user4279,478.8,S070,2,10,P7600,Low,532.0,627.76
U04280,TXN104280,East,2025-12-30,Electronics,6606.0,Pending,Hyderabad,36,Basic,2025-12-30 22:51:00,user4280@example.com,user4280,3303.0,S031,2,25,P5944,Low,4404.0,5196.72
U04281,TXN104281,West,2025-01-28,Sports,5692.5,Completed,Pune,48,Basic,2025-01-28 04:49:00,user4281@example.com,user4281,948.75,S038,6,25,P4125,Urgent,1265.0,1492.7
U04282,TXN104282,East,2025-02-27,Fashion,7267.5,Completed,Pune,32,Free,2025-02-27 12:16:00,user4282@example.com,user4282,1211.25,S041,6,15,P1198,Urgent,1425.0,1681.5
U04283,TXN104283,North,2025-05-22,Sports,28449.0,Failed,Kolkata,42,Free,2025-05-22 11:48:00,user4283@example.com,user4283,2844.9,S024,10,10,P8746,High,3161.0,3729.98
U04284,TXN104284,North,2025-09-28,Home,19741.0,Failed,Kolkata,51,Basic,2025-09-28 08:51:00,user4284@example.com,user4284,1974.1,S052,10,5,P7757,Medium,2078.0,2452.04
U04285,TXN104285,North,2025-05-27,Electronics,4216.0,Refunded,Chennai,60,Free,2025-05-27 10:21:00,user4285@example.com,user4285,421.6,S057,10,15,P4904,Low,496.0,585.28
U04286,TXN104286,North,2025-12-30,Electronics,954.0,Completed,Mumbai,64,Basic,2025-12-30 19:11:00,user4286@example.com,user4286,318.0,S065,3,25,P1068,High,424.0,500.32
U04287,TXN104287,West,2026-03-28,Home,13339.2,Failed,Chennai,50,Free,2026-03-28 04:20:00,user4287@example.com,user4287,2223.2,S032,6,30,P7692,Medium,3176.0,3747.68
U04288,TXN104288,East,2025-12-30,Sports,3232.0,Failed,Pune,24,Free,2025-12-30 12:57:00,user4288@example.com,user4288,323.2,S006,10,20,P9833,Low,404.0,476.72
U04289,TXN104289,South,2025-04-08,Home,26220.0,Refunded,Chennai,24,Premium,2025-04-08 21:31:00,user4289@example.com,user4289,4370.0,S061,6,0,P3184,Medium,4370.0,5156.6
U04290,TXN104290,South,2026-01-16,Books,42279.75,Failed,Hyderabad,32,Premium,2026-01-16 08:36:00,user4290@example.com,user4290,4697.75,S014,9,5,P7035,Urgent,4945.0,5835.1
U04291,TXN104291,North,2026-01-06,Home,7356.0,Failed,Kolkata,64,Free,2026-01-06 04:01:00,user4291@example.com,user4291,2452.0,S078,3,0,P3616,High,2452.0,2893.36
U04292,TXN104292,South,2025-04-20,Electronics,6494.85,Refunded,Kolkata,22,Premium,2025-04-20 03:12:00,user4292@example.com,user4292,721.65,S004,9,15,P2648,Low,849.0,1001.82
U04293,TXN104293,North,2026-02-05,Grocery,11898.0,Refunded,Pune,67,Free,2026-02-05 01:30:00,user4293@example.com,user4293,1983.0,S072,6,0,P8134,Low,1983.0,2339.94
U04294,TXN104294,West,2025-10-29,Sports,1593.0,Refunded,Mumbai,37,Premium,2025-10-29 21:08:00,user4294@example.com,user4294,318.6,S043,5,10,P7661,High,354.0,417.72
U04295,TXN104295,East,2025-02-05,Grocery,20039.6,Failed,Chennai,19,Free,2025-02-05 08:43:00,user4295@example.com,user4295,2504.95,S039,8,15,P3508,High,2947.0,3477.46
U04296,TXN104296,West,2025-08-30,Home,37794.8,Refunded,Bengaluru,64,Basic,2025-08-30 01:08:00,user4296@example.com,user4296,4724.35,S013,8,5,P5066,High,4973.0,5868.14
U04297,TXN104297,South,2025-10-01,Fashion,24133.2,Refunded,Jaipur,59,Premium,2025-10-01 15:44:00,user4297@example.com,user4297,3447.6,S031,7,15,P3479,Medium,4056.0,4786.08
U04298,TXN104298,North,2025-01-19,Books,9973.6,Pending,Kolkata,52,Premium,2025-01-19 14:11:00,user4298@example.com,user4298,1246.7,S100,8,30,P9534,Medium,1781.0,2101.58
U04299,TXN104299,North,2025-05-27,Sports,1143.8,Pending,Bengaluru,29,Basic,2025-05-27 20:04:00,user4299@example.com,user4299,1143.8,S017,1,30,P1754,Medium,1634.0,1928.12
U04300,TXN104300,West,2025-01-15,Sports,11592.0,Pending,Chennai,33,Free,2025-01-15 20:02:00,user4300@example.com,user4300,1932.0,S068,6,25,P7182,Urgent,2576.0,3039.68
U04301,TXN104301,West,2025-02-16,Books,4824.6,Completed,Jaipur,24,Free,2025-02-16 19:58:00,user4301@example.com,user4301,804.1,S013,6,15,P7181,Medium,946.0,1116.28
U04302,TXN104302,North,2025-08-30,Books,1011.0,Failed,Mumbai,67,Free,2025-08-30 15:00:00,user4302@example.com,user4302,1011.0,S031,1,0,P4542,Medium,1011.0,1192.98
U04303,TXN104303,North,2025-05-11,Sports,16003.8,Pending,Pune,34,Basic,2025-05-11 09:01:00,user4303@example.com,user4303,4000.95,S085,4,15,P6837,High,4707.0,5554.26
U04304,TXN104304,South,2025-02-18,Electronics,24675.0,Refunded,Hyderabad,42,Basic,2025-02-18 00:29:00,user4304@example.com,user4304,2467.5,S038,10,30,P8150,Urgent,3525.0,4159.5
U04305,TXN104305,West,2025-04-21,Electronics,5738.4,Failed,Bengaluru,51,Premium,2025-04-21 03:26:00,user4305@example.com,user4305,2869.2,S032,2,10,P3316,Urgent,3188.0,3761.84
U04306,TXN104306,South,2025-12-05,Home,1830.9,Failed,Hyderabad,37,Free,2025-12-05 04:32:00,user4306@example.com,user4306,915.45,S008,2,15,P6807,Low,1077.0,1270.86
U04307,TXN104307,South,2025-10-06,Sports,5613.3,Failed,Hyderabad,44,Premium,2025-10-06 23:16:00,user4307@example.com,user4307,1871.1,S072,3,10,P9232,Medium,2079.0,2453.22
U04308,TXN104308,West,2025-02-23,Home,3735.9,Failed,Mumbai,48,Basic,2025-02-23 12:06:00,user4308@example.com,user4308,1245.3,S072,3,30,P6079,High,1779.0,2099.22
U04309,TXN104309,West,2025-03-31,Sports,14549.5,Pending,Jaipur,20,Basic,2025-03-31 17:42:00,user4309@example.com,user4309,2909.9,S018,5,30,P5516,High,4157.0,4905.26
U04310,TXN104310,South,2025-01-10,Fashion,23990.4,Completed,Jaipur,19,Basic,2025-01-10 05:45:00,user4310@example.com,user4310,3998.4,S094,6,20,P6227,Medium,4998.0,5897.64
U04311,TXN104311,East,2025-10-06,Books,28336.0,Failed,Jaipur,41,Premium,2025-10-06 22:35:00,user4311@example.com,user4311,3542.0,S023,8,0,P1802,Urgent,3542.0,4179.56
U04312,TXN104312,South,2025-06-10,Fashion,12424.0,Refunded,Delhi,63,Basic,2025-06-10 19:52:00,user4312@example.com,user4312,1553.0,S082,8,0,P6140,Low,1553.0,1832.54
U04313,TXN104313,West,2025-06-14,Books,9491.25,Completed,Pune,57,Basic,2025-06-14 05:36:00,user4313@example.com,user4313,1898.25,S028,5,25,P7565,High,2531.0,2986.58
U04314,TXN104314,West,2026-04-14,Grocery,29573.5,Failed,Bengaluru,32,Free,2026-04-14 07:22:00,user4314@example.com,user4314,2957.35,S035,10,5,P5050,Low,3113.0,3673.34
U04315,TXN104315,South,2025-08-13,Sports,4315.2,Refunded,Delhi,59,Basic,2025-08-13 20:23:00,user4315@example.com,user4315,1438.4,S010,3,20,P4882,Medium,1798.0,2121.64
U04316,TXN104316,South,2025-12-06,Grocery,11618.25,Failed,Pune,25,Basic,2025-12-06 21:43:00,user4316@example.com,user4316,1659.75,S006,7,25,P7143,Low,2213.0,2611.34
U04317,TXN104317,East,2025-04-04,Sports,5156.6,Refunded,Mumbai,63,Premium,2025-04-04 22:49:00,user4317@example.com,user4317,2578.3,S096,2,5,P6637,Low,2714.0,3202.52
U04318,TXN104318,North,2025-09-30,Sports,12440.25,Failed,Bengaluru,46,Free,2025-09-30 01:51:00,user4318@example.com,user4318,2488.05,S073,5,5,P1870,Medium,2619.0,3090.42
U04319,TXN104319,East,2025-04-21,Grocery,9464.7,Refunded,Jaipur,32,Free,2025-04-21 15:17:00,user4319@example.com,user4319,3154.9,S063,3,30,P5897,Low,4507.0,5318.26
U04320,TXN104320,West,2026-03-31,Home,6826.5,Completed,Mumbai,65,Free,2026-03-31 19:38:00,user4320@example.com,user4320,2275.5,S036,3,25,P4500,High,3034.0,3580.12
U04321,TXN104321,West,2025-02-02,Home,307.8,Pending,Jaipur,66,Free,2025-02-02 22:48:00,user4321@example.com,user4321,153.9,S036,2,10,P5249,Urgent,171.0,201.78
U04322,TXN104322,South,2026-03-08,Books,766.65,Completed,Kolkata,37,Basic,2026-03-08 11:33:00,user4322@example.com,user4322,766.65,S063,1,5,P2392,Urgent,807.0,952.26
U04323,TXN104323,North,2025-05-26,Electronics,12295.8,Pending,Bengaluru,32,Basic,2025-05-26 12:22:00,user4323@example.com,user4323,2049.3,S050,6,10,P4232,Low,2277.0,2686.86
U04324,TXN104324,East,2025-03-26,Grocery,12905.2,Pending,Chennai,37,Basic,2025-03-26 20:37:00,user4324@example.com,user4324,3226.3,S076,4,30,P7097,Low,4609.0,5438.62
U04325,TXN104325,South,2025-05-18,Sports,31283.0,Pending,Hyderabad,51,Basic,2025-05-18 17:30:00,user4325@example.com,user4325,4469.0,S068,7,0,P7256,Urgent,4469.0,5273.42
U04326,TXN104326,South,2025-06-06,Fashion,8310.0,Failed,Bengaluru,41,Free,2025-06-06 00:22:00,user4326@example.com,user4326,831.0,S010,10,25,P3819,Urgent,1108.0,1307.44
U04327,TXN104327,West,2025-07-28,Fashion,538.2,Refunded,Jaipur,32,Premium,2025-07-28 19:25:00,user4327@example.com,user4327,538.2,S011,1,10,P7614,Medium,598.0,705.64
U04328,TXN104328,East,2025-06-04,Grocery,2445.0,Completed,Bengaluru,28,Free,2025-06-04 22:40:00,user4328@example.com,user4328,244.5,S084,10,25,P8352,Medium,326.0,384.68
U04329,TXN104329,West,2025-06-24,Grocery,16594.55,Pending,Hyderabad,38,Premium,2025-06-24 11:31:00,user4329@example.com,user4329,2370.65,S050,7,15,P8601,Urgent,2789.0,3291.02
U04330,TXN104330,West,2025-01-07,Grocery,34486.2,Failed,Hyderabad,47,Premium,2025-01-07 05:55:00,user4330@example.com,user4330,3831.8,S074,9,15,P4895,Low,4508.0,5319.44
U04331,TXN104331,West,2025-07-17,Fashion,5125.5,Failed,Chennai,30,Free,2025-07-17 13:17:00,user4331@example.com,user4331,854.25,S095,6,25,P2576,Low,1139.0,1344.02
U04332,TXN104332,West,2026-02-14,Books,27333.0,Failed,Mumbai,18,Premium,2026-02-14 05:11:00,user4332@example.com,user4332,3037.0,S054,9,0,P1696,Medium,3037.0,3583.66
U04333,TXN104333,East,2026-01-21,Books,4700.8,Failed,Pune,54,Free,2026-01-21 21:12:00,user4333@example.com,user4333,2350.4,S044,2,20,P2708,Low,2938.0,3466.84
U04334,TXN104334,South,2025-08-29,Fashion,8535.0,Pending,Bengaluru,36,Premium,2025-08-29 23:54:00,user4334@example.com,user4334,1707.0,S065,5,25,P9447,Low,2276.0,2685.68
U04335,TXN104335,East,2026-01-10,Sports,11056.5,Refunded,Mumbai,24,Premium,2026-01-10 02:34:00,user4335@example.com,user4335,2211.3,S066,5,30,P2981,Medium,3159.0,3727.62
U04336,TXN104336,North,2026-02-01,Electronics,16695.7,Failed,Hyderabad,62,Basic,2026-02-01 19:41:00,user4336@example.com,user4336,2385.1,S099,7,15,P2874,Low,2806.0,3311.08
U04337,TXN104337,North,2025-01-13,Fashion,11466.0,Pending,Jaipur,38,Premium,2025-01-13 22:31:00,user4337@example.com,user4337,2866.5,S087,4,25,P1823,Medium,3822.0,4509.96
U04338,TXN104338,South,2025-08-25,Grocery,6549.0,Completed,Bengaluru,62,Free,2025-08-25 06:12:00,user4338@example.com,user4338,1637.25,S062,4,25,P3407,High,2183.0,2575.94
U04339,TXN104339,East,2025-04-11,Sports,1558.05,Refunded,Mumbai,27,Free,2025-04-11 03:52:00,user4339@example.com,user4339,1558.05,S030,1,15,P5378,High,1833.0,2162.94
U04340,TXN104340,North,2025-11-12,Sports,5924.8,Refunded,Chennai,19,Basic,2025-11-12 19:17:00,user4340@example.com,user4340,740.6,S070,8,30,P2064,Medium,1058.0,1248.44
U04341,TXN104341,East,2025-02-06,Sports,17432.0,Refunded,Pune,68,Free,2025-02-06 17:51:00,user4341@example.com,user4341,3486.4,S064,5,20,P6295,Urgent,4358.0,5142.44
U04342,TXN104342,South,2025-01-05,Home,6377.0,Failed,Bengaluru,30,Basic,2025-01-05 14:33:00,user4342@example.com,user4342,3188.5,S059,2,30,P4468,Low,4555.0,5374.9
U04343,TXN104343,West,2026-02-12,Grocery,14728.0,Pending,Kolkata,50,Premium,2026-02-12 19:48:00,user4343@example.com,user4343,2104.0,S017,7,20,P4929,Low,2630.0,3103.4
U04344,TXN104344,North,2025-06-23,Books,13117.2,Failed,Delhi,38,Free,2025-06-23 19:08:00,user4344@example.com,user4344,1639.65,S086,8,15,P2317,Urgent,1929.0,2276.22
U04345,TXN104345,East,2025-09-21,Grocery,1811.2,Pending,Bengaluru,21,Basic,2025-09-21 00:17:00,user4345@example.com,user4345,226.4,S033,8,20,P3044,High,283.0,333.94
U04346,TXN104346,West,2025-03-30,Fashion,16027.6,Refunded,Kolkata,20,Free,2025-03-30 19:38:00,user4346@example.com,user4346,2003.45,S039,8,15,P9695,High,2357.0,2781.26
U04347,TXN104347,West,2025-04-19,Electronics,12573.4,Refunded,Mumbai,19,Basic,2025-04-19 12:23:00,user4347@example.com,user4347,1796.2,S061,7,30,P2666,Medium,2566.0,3027.88
U04348,TXN104348,South,2025-04-08,Fashion,9819.0,Pending,Bengaluru,68,Premium,2025-04-08 15:04:00,user4348@example.com,user4348,1091.0,S061,9,0,P1256,High,1091.0,1287.38
U04349,TXN104349,West,2026-01-11,Books,18397.4,Refunded,Kolkata,63,Premium,2026-01-11 09:25:00,user4349@example.com,user4349,2628.2,S072,7,15,P5770,High,3092.0,3648.56
U04350,TXN104350,East,2025-08-04,Electronics,5669.6,Failed,Delhi,44,Basic,2025-08-04 19:57:00,user4350@example.com,user4350,1417.4,S005,4,5,P6239,High,1492.0,1760.56
U04351,TXN104351,West,2025-10-22,Electronics,3474.0,Failed,Delhi,69,Free,2025-10-22 11:33:00,user4351@example.com,user4351,1158.0,S091,3,0,P3036,Low,1158.0,1366.44
U04352,TXN104352,South,2025-12-24,Electronics,19296.0,Failed,Bengaluru,66,Free,2025-12-24 18:57:00,user4352@example.com,user4352,2412.0,S082,8,25,P2775,Low,3216.0,3794.88
U04353,TXN104353,South,2025-10-20,Grocery,880.0,Completed,Delhi,57,Basic,2025-10-20 08:44:00,user4353@example.com,user4353,176.0,S041,5,20,P7959,Urgent,220.0,259.6
U04354,TXN104354,West,2026-03-21,Home,4018.8,Failed,Mumbai,51,Free,2026-03-21 14:03:00,user4354@example.com,user4354,4018.8,S090,1,15,P8083,High,4728.0,5579.04
U04355,TXN104355,South,2025-02-07,Books,13161.3,Failed,Hyderabad,24,Free,2025-02-07 11:26:00,user4355@example.com,user4355,2193.55,S044,6,5,P7393,High,2309.0,2724.62
U04356,TXN104356,North,2026-01-08,Home,5783.4,Pending,Delhi,47,Free,2026-01-08 01:54:00,user4356@example.com,user4356,963.9,S054,6,10,P7431,High,1071.0,1263.78
U04357,TXN104357,South,2025-06-23,Fashion,2060.1,Completed,Hyderabad,45,Basic,2025-06-23 04:06:00,user4357@example.com,user4357,294.3,S071,7,10,P5707,Low,327.0,385.86
U04358,TXN104358,South,2026-01-25,Sports,1812.0,Failed,Kolkata,54,Basic,2026-01-25 07:55:00,user4358@example.com,user4358,453.0,S045,4,0,P7126,Medium,453.0,534.54
U04359,TXN104359,South,2025-09-12,Home,822.6,Pending,Pune,47,Free,2025-09-12 02:54:00,user4359@example.com,user4359,822.6,S032,1,10,P8907,Low,914.0,1078.52
U04360,TXN104360,West,2025-08-31,Home,14200.0,Refunded,Kolkata,22,Premium,2025-08-31 20:18:00,user4360@example.com,user4360,2840.0,S071,5,0,P4544,Low,2840.0,3351.2
U04361,TXN104361,North,2025-03-16,Books,390.0,Completed,Kolkata,47,Basic,2025-03-16 17:10:00,user4361@example.com,user4361,130.0,S050,3,0,P5593,High,130.0,153.4
U04362,TXN104362,East,2026-01-04,Sports,13462.4,Failed,Pune,49,Basic,2026-01-04 01:00:00,user4362@example.com,user4362,3365.6,S044,4,30,P2994,High,4808.0,5673.44
U04363,TXN104363,North,2025-08-01,Electronics,5739.9,Pending,Mumbai,43,Basic,2025-08-01 01:35:00,user4363@example.com,user4363,2869.95,S021,2,5,P3507,Urgent,3021.0,3564.78
U04364,TXN104364,West,2025-11-02,Electronics,6098.4,Pending,Mumbai,43,Basic,2025-11-02 11:47:00,user4364@example.com,user4364,3049.2,S006,2,30,P4987,High,4356.0,5140.08
U04365,TXN104365,North,2025-11-18,Books,13377.0,Failed,Delhi,67,Premium,2025-11-18 17:00:00,user4365@example.com,user4365,1911.0,S056,7,25,P9998,Low,2548.0,3006.64
U04366,TXN104366,West,2025-01-11,Sports,30080.0,Refunded,Pune,22,Basic,2025-01-11 16:58:00,user4366@example.com,user4366,3760.0,S100,8,0,P3489,Medium,3760.0,4436.8
U04367,TXN104367,West,2025-06-03,Books,9873.6,Pending,Kolkata,68,Premium,2025-06-03 05:51:00,user4367@example.com,user4367,2468.4,S025,4,15,P3941,Medium,2904.0,3426.72
U04368,TXN104368,South,2025-05-05,Electronics,31038.0,Completed,Kolkata,39,Premium,2025-05-05 14:18:00,user4368@example.com,user4368,3103.8,S068,10,30,P8085,Medium,4434.0,5232.12
U04369,TXN104369,North,2026-04-07,Electronics,29152.8,Refunded,Kolkata,69,Premium,2026-04-07 05:52:00,user4369@example.com,user4369,3239.2,S039,9,20,P9606,High,4049.0,4777.82
U04370,TXN104370,West,2025-09-21,Home,9028.8,Refunded,Pune,52,Free,2025-09-21 10:45:00,user4370@example.com,user4370,1504.8,S077,6,5,P7691,Urgent,1584.0,1869.12
U04371,TXN104371,South,2025-01-15,Fashion,29922.0,Failed,Jaipur,56,Basic,2025-01-15 11:01:00,user4371@example.com,user4371,3740.25,S089,8,25,P2557,Low,4987.0,5884.66
U04372,TXN104372,East,2025-06-20,Fashion,29196.0,Completed,Kolkata,37,Premium,2025-06-20 11:51:00,user4372@example.com,user4372,2919.6,S049,10,10,P8103,High,3244.0,3827.92
U04373,TXN104373,West,2025-09-11,Electronics,3508.5,Refunded,Mumbai,44,Basic,2025-09-11 00:35:00,user4373@example.com,user4373,3508.5,S026,1,25,P8626,Urgent,4678.0,5520.04
U04374,TXN104374,West,2025-05-01,Books,16118.55,Pending,Kolkata,22,Free,2025-05-01 02:08:00,user4374@example.com,user4374,2302.65,S039,7,15,P8853,Urgent,2709.0,3196.62
U04375,TXN104375,East,2026-03-09,Fashion,27784.0,Failed,Hyderabad,33,Basic,2026-03-09 05:47:00,user4375@example.com,user4375,3473.0,S058,8,0,P5543,High,3473.0,4098.14
U04376,TXN104376,East,2025-07-04,Fashion,18346.5,Pending,Kolkata,55,Free,2025-07-04 04:18:00,user4376@example.com,user4376,3669.3,S017,5,10,P6295,High,4077.0,4810.86
U04377,TXN104377,North,2025-01-10,Books,807.3,Refunded,Kolkata,32,Basic,2025-01-10 08:06:00,user4377@example.com,user4377,807.3,S073,1,10,P9657,Low,897.0,1058.46
U04378,TXN104378,South,2026-01-17,Electronics,18984.0,Failed,Jaipur,47,Basic,2026-01-17 07:23:00,user4378@example.com,user4378,2712.0,S006,7,20,P3785,Medium,3390.0,4000.2
U04379,TXN104379,North,2026-03-06,Sports,5184.0,Pending,Pune,35,Basic,2026-03-06 03:49:00,user4379@example.com,user4379,576.0,S064,9,10,P7695,Low,640.0,755.2
U04380,TXN104380,East,2025-01-20,Fashion,21413.0,Refunded,Jaipur,26,Premium,2025-01-20 10:12:00,user4380@example.com,user4380,3059.0,S050,7,30,P4977,Urgent,4370.0,5156.6
U04381,TXN104381,North,2025-04-14,Sports,3551.25,Failed,Pune,68,Premium,2025-04-14 18:31:00,user4381@example.com,user4381,3551.25,S007,1,25,P9934,Low,4735.0,5587.3
U04382,TXN104382,West,2025-08-21,Fashion,4515.75,Completed,Hyderabad,25,Premium,2025-08-21 15:21:00,user4382@example.com,user4382,501.75,S079,9,25,P1295,Low,669.0,789.42
U04383,TXN104383,West,2025-08-06,Grocery,10744.5,Completed,Bengaluru,47,Premium,2025-08-06 08:44:00,user4383@example.com,user4383,1074.45,S008,10,5,P7698,Medium,1131.0,1334.58
U04384,TXN104384,East,2025-01-16,Grocery,9877.0,Pending,Chennai,54,Basic,2025-01-16 12:39:00,user4384@example.com,user4384,1411.0,S065,7,15,P6452,Medium,1660.0,1958.8
U04385,TXN104385,West,2025-06-28,Electronics,1882.8,Completed,Delhi,29,Free,2025-06-28 18:10:00,user4385@example.com,user4385,470.7,S084,4,10,P9524,Medium,523.0,617.14
U04386,TXN104386,East,2025-01-27,Fashion,2340.8,Completed,Chennai,23,Free,2025-01-27 10:00:00,user4386@example.com,user4386,292.6,S024,8,5,P9542,Urgent,308.0,363.44
U04387,TXN104387,West,2025-10-22,Home,30087.0,Pending,Delhi,37,Free,2025-10-22 09:05:00,user4387@example.com,user4387,3008.7,S042,10,10,P6589,Urgent,3343.0,3944.74
U04388,TXN104388,East,2025-04-30,Sports,10605.0,Completed,Kolkata,29,Basic,2025-04-30 18:10:00,user4388@example.com,user4388,1060.5,S058,10,25,P6891,Low,1414.0,1668.52
U04389,TXN104389,East,2025-01-21,Home,16408.8,Failed,Chennai,28,Free,2025-01-21 13:29:00,user4389@example.com,user4389,4102.2,S063,4,10,P5844,Urgent,4558.0,5378.44
U04390,TXN104390,South,2025-02-02,Electronics,4374.4,Refunded,Mumbai,48,Premium,2025-02-02 13:52:00,user4390@example.com,user4390,2187.2,S081,2,20,P7173,Urgent,2734.0,3226.12
U04391,TXN104391,East,2026-02-26,Electronics,9170.0,Completed,Pune,70,Free,2026-02-26 13:42:00,user4391@example.com,user4391,917.0,S093,10,0,P7578,Medium,917.0,1082.06
U04392,TXN104392,North,2025-05-04,Electronics,18264.75,Failed,Hyderabad,27,Free,2025-05-04 23:07:00,user4392@example.com,user4392,2609.25,S077,7,25,P4518,Low,3479.0,4105.22
U04393,TXN104393,South,2025-05-12,Fashion,6295.1,Pending,Kolkata,25,Free,2025-05-12 18:33:00,user4393@example.com,user4393,899.3,S070,7,15,P6907,Urgent,1058.0,1248.44
U04394,TXN104394,South,2026-02-11,Home,1029.6,Refunded,Chennai,32,Premium,2026-02-11 11:01:00,user4394@example.com,user4394,1029.6,S078,1,20,P1932,Low,1287.0,1518.66
U04395,TXN104395,North,2025-02-04,Books,2550.4,Failed,Jaipur,59,Premium,2025-02-04 01:47:00,user4395@example.com,user4395,1275.2,S097,2,20,P3782,Low,1594.0,1880.92
U04396,TXN104396,West,2025-06-03,Fashion,5678.4,Refunded,Bengaluru,52,Free,2025-06-03 18:10:00,user4396@example.com,user4396,1892.8,S085,3,20,P5628,Medium,2366.0,2791.88
U04397,TXN104397,East,2025-10-26,Fashion,49070.0,Completed,Bengaluru,53,Premium,2025-10-26 13:53:00,user4397@example.com,user4397,4907.0,S097,10,0,P4637,Medium,4907.0,5790.26
U04398,TXN104398,North,2025-02-25,Books,1904.7,Failed,Delhi,42,Free,2025-02-25 17:31:00,user4398@example.com,user4398,1904.7,S075,1,30,P2982,Urgent,2721.0,3210.78
U04399,TXN104399,West,2025-05-25,Electronics,20550.0,Failed,Delhi,53,Premium,2025-05-25 12:52:00,user4399@example.com,user4399,3425.0,S053,6,0,P7079,Low,3425.0,4041.5
U04400,TXN104400,East,2025-08-04,Fashion,16243.5,Completed,Hyderabad,61,Premium,2025-08-04 23:12:00,user4400@example.com,user4400,1624.35,S056,10,15,P5631,Medium,1911.0,2254.98
U04401,TXN104401,West,2025-01-17,Home,7516.0,Refunded,Pune,27,Basic,2025-01-17 15:08:00,user4401@example.com,user4401,1879.0,S014,4,0,P5105,Urgent,1879.0,2217.22
U04402,TXN104402,East,2025-07-07,Electronics,26670.3,Pending,Kolkata,34,Free,2025-07-07 21:54:00,user4402@example.com,user4402,4445.05,S065,6,5,P9681,High,4679.0,5521.22
U04403,TXN104403,West,2025-08-03,Grocery,6217.75,Pending,Hyderabad,22,Free,2025-08-03 00:18:00,user4403@example.com,user4403,888.25,S087,7,15,P4592,Urgent,1045.0,1233.1
U04404,TXN104404,South,2025-10-03,Books,20601.0,Pending,Bengaluru,38,Basic,2025-10-03 08:32:00,user4404@example.com,user4404,3433.5,S023,6,30,P3813,High,4905.0,5787.9
U04405,TXN104405,East,2025-07-30,Fashion,1230.25,Completed,Mumbai,29,Basic,2025-07-30 20:57:00,user4405@example.com,user4405,246.05,S033,5,5,P5668,Medium,259.0,305.62
U04406,TXN104406,West,2026-04-24,Fashion,5166.0,Refunded,Chennai,38,Free,2026-04-24 20:13:00,user4406@example.com,user4406,1722.0,S004,3,30,P5294,Urgent,2460.0,2902.8
U04407,TXN104407,South,2025-12-08,Sports,20781.6,Failed,Mumbai,50,Basic,2025-12-08 21:19:00,user4407@example.com,user4407,2968.8,S059,7,20,P1579,Medium,3711.0,4378.98
U04408,TXN104408,South,2025-07-19,Grocery,17962.6,Pending,Chennai,34,Basic,2025-07-19 12:07:00,user4408@example.com,user4408,4490.65,S030,4,5,P9188,Low,4727.0,5577.86
U04409,TXN104409,West,2025-12-05,Grocery,13946.8,Pending,Chennai,33,Basic,2025-12-05 07:22:00,user4409@example.com,user4409,1743.35,S014,8,15,P5163,Urgent,2051.0,2420.18
U04410,TXN104410,West,2025-08-14,Books,34312.0,Pending,Jaipur,49,Basic,2025-08-14 04:11:00,user4410@example.com,user4410,4289.0,S047,8,0,P7258,High,4289.0,5061.02
U04411,TXN104411,West,2026-02-09,Fashion,930.0,Pending,Bengaluru,51,Free,2026-02-09 05:07:00,user4411@example.com,user4411,930.0,S073,1,25,P2431,Low,1240.0,1463.2
U04412,TXN104412,South,2025-10-27,Home,21501.6,Pending,Hyderabad,27,Free,2025-10-27 11:44:00,user4412@example.com,user4412,3583.6,S001,6,15,P2352,Urgent,4216.0,4974.88
U04413,TXN104413,North,2025-12-15,Books,12800.0,Refunded,Delhi,26,Premium,2025-12-15 04:49:00,user4413@example.com,user4413,2560.0,S011,5,0,P4718,Low,2560.0,3020.8
U04414,TXN104414,East,2025-07-24,Fashion,16195.5,Completed,Delhi,40,Free,2025-07-24 03:58:00,user4414@example.com,user4414,3239.1,S015,5,10,P4137,High,3599.0,4246.82
U04415,TXN104415,South,2026-04-17,Home,19818.9,Completed,Pune,70,Premium,2026-04-17 21:49:00,user4415@example.com,user4415,2202.1,S056,9,5,P2751,Low,2318.0,2735.24
U04416,TXN104416,East,2025-12-12,Sports,2958.0,Failed,Mumbai,57,Free,2025-12-12 16:41:00,user4416@example.com,user4416,493.0,S005,6,0,P5594,High,493.0,581.74
U04417,TXN104417,North,2026-04-27,Grocery,2847.0,Completed,Pune,40,Premium,2026-04-27 12:36:00,user4417@example.com,user4417,2847.0,S089,1,25,P2226,Low,3796.0,4479.28
U04418,TXN104418,South,2025-04-27,Sports,2310.0,Refunded,Pune,19,Free,2025-04-27 10:00:00,user4418@example.com,user4418,231.0,S083,10,25,P6621,Medium,308.0,363.44
U04419,TXN104419,North,2025-07-18,Fashion,4107.6,Failed,Mumbai,59,Basic,2025-07-18 18:39:00,user4419@example.com,user4419,4107.6,S089,1,10,P2553,High,4564.0,5385.52
U04420,TXN104420,East,2026-03-09,Electronics,6410.7,Failed,Kolkata,55,Free,2026-03-09 00:40:00,user4420@example.com,user4420,2136.9,S069,3,15,P1235,Low,2514.0,2966.52
U04421,TXN104421,West,2026-02-21,Grocery,17723.3,Completed,Bengaluru,64,Premium,2026-02-21 15:31:00,user4421@example.com,user4421,2531.9,S025,7,30,P2177,Medium,3617.0,4268.06
U04422,TXN104422,West,2025-10-09,Fashion,14161.5,Failed,Mumbai,21,Basic,2025-10-09 13:19:00,user4422@example.com,user4422,2360.25,S051,6,25,P1323,Urgent,3147.0,3713.46
U04423,TXN104423,South,2025-05-13,Sports,3510.5,Completed,Jaipur,21,Free,2025-05-13 23:20:00,user4423@example.com,user4423,3510.5,S006,1,15,P4764,High,4130.0,4873.4
U04424,TXN104424,North,2025-08-31,Home,4550.0,Pending,Kolkata,19,Free,2025-08-31 02:49:00,user4424@example.com,user4424,2275.0,S043,2,0,P4732,Medium,2275.0,2684.5
U04425,TXN104425,South,2025-10-18,Fashion,4061.25,Failed,Bengaluru,45,Free,2025-10-18 07:02:00,user4425@example.com,user4425,1353.75,S099,3,25,P5454,Low,1805.0,2129.9
U04426,TXN104426,East,2026-04-29,Fashion,2851.2,Completed,Chennai,34,Free,2026-04-29 07:54:00,user4426@example.com,user4426,1425.6,S070,2,20,P8848,Medium,1782.0,2102.76
U04427,TXN104427,East,2025-01-05,Grocery,16281.0,Refunded,Hyderabad,39,Free,2025-01-05 20:01:00,user4427@example.com,user4427,1809.0,S046,9,25,P3193,Urgent,2412.0,2846.16
U04428,TXN104428,East,2025-10-29,Books,3230.85,Completed,Hyderabad,23,Basic,2025-10-29 03:36:00,user4428@example.com,user4428,1076.95,S030,3,15,P4895,Low,1267.0,1495.06
U04429,TXN104429,West,2026-01-05,Fashion,2506.5,Pending,Chennai,64,Basic,2026-01-05 19:18:00,user4429@example.com,user4429,2506.5,S007,1,25,P2281,Urgent,3342.0,3943.56
U04430,TXN104430,East,2026-03-07,Sports,17669.05,Completed,Bengaluru,47,Premium,2026-03-07 02:50:00,user4430@example.com,user4430,2524.15,S047,7,5,P1895,Medium,2657.0,3135.26
U04431,TXN104431,South,2025-06-09,Books,1683.4,Refunded,Bengaluru,66,Premium,2025-06-09 09:27:00,user4431@example.com,user4431,1683.4,S036,1,5,P6755,High,1772.0,2090.96
U04432,TXN104432,West,2025-10-07,Home,1437.75,Failed,Hyderabad,52,Basic,2025-10-07 10:25:00,user4432@example.com,user4432,1437.75,S068,1,25,P9995,Urgent,1917.0,2262.06
U04433,TXN104433,East,2026-02-14,Books,19246.5,Completed,Delhi,18,Premium,2026-02-14 08:02:00,user4433@example.com,user4433,2138.5,S001,9,30,P3375,High,3055.0,3604.9
U04434,TXN104434,East,2025-06-21,Grocery,22953.0,Completed,Kolkata,47,Basic,2025-06-21 08:36:00,user4434@example.com,user4434,2295.3,S021,10,30,P5654,Medium,3279.0,3869.22
U04435,TXN104435,West,2026-01-10,Fashion,17016.0,Failed,Bengaluru,62,Premium,2026-01-10 08:36:00,user4435@example.com,user4435,2127.0,S060,8,25,P6444,High,2836.0,3346.48
U04436,TXN104436,South,2025-03-02,Sports,6909.6,Completed,Jaipur,64,Premium,2025-03-02 11:05:00,user4436@example.com,user4436,2303.2,S093,3,20,P2065,Urgent,2879.0,3397.22
U04437,TXN104437,North,2025-06-07,Home,31960.0,Failed,Bengaluru,53,Basic,2025-06-07 07:39:00,user4437@example.com,user4437,3196.0,S099,10,15,P1510,Medium,3760.0,4436.8
U04438,TXN104438,South,2025-05-18,Books,11452.0,Pending,Delhi,46,Free,2025-05-18 05:17:00,user4438@example.com,user4438,2290.4,S073,5,20,P6671,Medium,2863.0,3378.34
U04439,TXN104439,North,2026-03-16,Sports,19639.2,Pending,Mumbai,28,Free,2026-03-16 01:48:00,user4439@example.com,user4439,2805.6,S072,7,20,P5738,Low,3507.0,4138.26
U04440,TXN104440,East,2025-11-14,Home,44208.0,Refunded,Pune,45,Basic,2025-11-14 04:10:00,user4440@example.com,user4440,4912.0,S090,9,0,P1971,Medium,4912.0,5796.16
U04441,TXN104441,North,2025-03-03,Electronics,11570.0,Completed,Pune,29,Premium,2025-03-03 07:07:00,user4441@example.com,user4441,2314.0,S048,5,0,P8984,High,2314.0,2730.52
U04442,TXN104442,East,2025-10-22,Grocery,28693.0,Completed,Bengaluru,53,Premium,2025-10-22 20:16:00,user4442@example.com,user4442,4099.0,S038,7,0,P2940,Urgent,4099.0,4836.82
U04443,TXN104443,North,2025-09-19,Grocery,42057.45,Failed,Pune,68,Free,2025-09-19 17:18:00,user4443@example.com,user4443,4673.05,S048,9,5,P8332,Urgent,4919.0,5804.42
U04444,TXN104444,North,2025-02-06,Grocery,1297.8,Refunded,Delhi,48,Premium,2025-02-06 04:29:00,user4444@example.com,user4444,185.4,S085,7,10,P3890,High,206.0,243.08
U04445,TXN104445,West,2026-03-23,Electronics,32732.1,Completed,Pune,44,Free,2026-03-23 04:41:00,user4445@example.com,user4445,3636.9,S013,9,10,P4455,Low,4041.0,4768.38
U04446,TXN104446,North,2025-06-15,Books,17252.0,Pending,Pune,67,Premium,2025-06-15 20:04:00,user4446@example.com,user4446,4313.0,S026,4,0,P9178,Urgent,4313.0,5089.34
U04447,TXN104447,South,2025-06-15,Home,2736.3,Failed,Chennai,29,Premium,2025-06-15 08:46:00,user4447@example.com,user4447,912.1,S045,3,30,P8458,Low,1303.0,1537.54
U04448,TXN104448,North,2026-01-25,Grocery,3568.0,Failed,Kolkata,69,Free,2026-01-25 06:13:00,user4448@example.com,user4448,3568.0,S009,1,20,P6749,Urgent,4460.0,5262.8
U04449,TXN104449,West,2025-01-14,Fashion,3750.2,Completed,Chennai,59,Premium,2025-01-14 03:28:00,user4449@example.com,user4449,3750.2,S030,1,15,P2540,Urgent,4412.0,5206.16
U04450,TXN104450,West,2025-12-18,Books,37304.0,Pending,Jaipur,27,Free,2025-12-18 16:49:00,user4450@example.com,user4450,4663.0,S038,8,0,P6167,Medium,4663.0,5502.34
U04451,TXN104451,East,2026-02-15,Books,26006.4,Failed,Hyderabad,20,Premium,2026-02-15 03:05:00,user4451@example.com,user4451,4334.4,S083,6,10,P6733,High,4816.0,5682.88
U04452,TXN104452,West,2025-11-16,Grocery,15635.1,Completed,Delhi,31,Free,2025-11-16 18:49:00,user4452@example.com,user4452,2605.85,S012,6,5,P6537,Medium,2743.0,3236.74
U04453,TXN104453,West,2025-08-21,Electronics,14049.0,Refunded,Chennai,66,Free,2025-08-21 06:08:00,user4453@example.com,user4453,2809.8,S073,5,10,P1817,High,3122.0,3683.96
U04454,TXN104454,East,2025-10-24,Home,18192.0,Pending,Delhi,40,Free,2025-10-24 20:56:00,user4454@example.com,user4454,4548.0,S071,4,0,P3583,Urgent,4548.0,5366.64
U04455,TXN104455,North,2025-01-07,Fashion,20121.75,Completed,Chennai,44,Basic,2025-01-07 14:48:00,user4455@example.com,user4455,2235.75,S044,9,25,P8644,High,2981.0,3517.58
U04456,TXN104456,South,2025-09-11,Electronics,33448.0,Completed,Chennai,61,Basic,2025-09-11 06:19:00,user4456@example.com,user4456,3344.8,S074,10,20,P3731,Low,4181.0,4933.58
U04457,TXN104457,East,2025-06-12,Fashion,309.0,Completed,Delhi,21,Premium,2025-06-12 18:34:00,user4457@example.com,user4457,154.5,S036,2,25,P9908,Urgent,206.0,243.08
U04458,TXN104458,South,2025-01-26,Home,20361.6,Completed,Kolkata,30,Free,2025-01-26 02:06:00,user4458@example.com,user4458,2545.2,S091,8,10,P8396,High,2828.0,3337.04
U04459,TXN104459,West,2025-04-11,Fashion,10846.0,Failed,Bengaluru,55,Free,2025-04-11 10:39:00,user4459@example.com,user4459,1084.6,S029,10,15,P7404,High,1276.0,1505.68
U04460,TXN104460,West,2025-02-08,Home,4204.2,Pending,Bengaluru,25,Free,2025-02-08 17:32:00,user4460@example.com,user4460,600.6,S044,7,30,P9802,Medium,858.0,1012.44
U04461,TXN104461,West,2025-09-27,Home,35847.0,Refunded,Kolkata,35,Free,2025-09-27 01:11:00,user4461@example.com,user4461,3584.7,S099,10,10,P5216,Urgent,3983.0,4699.94
U04462,TXN104462,South,2025-04-28,Grocery,17293.5,Pending,Pune,39,Premium,2025-04-28 18:49:00,user4462@example.com,user4462,1921.5,S081,9,30,P2486,Low,2745.0,3239.1
U04463,TXN104463,West,2025-01-06,Home,6422.6,Failed,Kolkata,44,Basic,2025-01-06 06:57:00,user4463@example.com,user4463,3211.3,S045,2,15,P8358,Medium,3778.0,4458.04
U04464,TXN104464,South,2025-02-09,Books,17855.95,Pending,Hyderabad,42,Free,2025-02-09 16:34:00,user4464@example.com,user4464,2550.85,S066,7,15,P7704,Urgent,3001.0,3541.18
U04465,TXN104465,East,2025-07-15,Fashion,22120.0,Completed,Mumbai,59,Basic,2025-07-15 20:52:00,user4465@example.com,user4465,3160.0,S083,7,20,P1998,Low,3950.0,4661.0
U04466,TXN104466,West,2026-04-01,Grocery,8229.6,Refunded,Chennai,24,Basic,2026-04-01 04:08:00,user4466@example.com,user4466,2743.2,S031,3,20,P5705,Low,3429.0,4046.22
U04467,TXN104467,South,2025-06-07,Sports,5959.8,Refunded,Jaipur,69,Premium,2025-06-07 12:40:00,user4467@example.com,user4467,993.3,S089,6,30,P4190,Low,1419.0,1674.42
U04468,TXN104468,West,2025-02-10,Electronics,492.0,Failed,Chennai,59,Premium,2025-02-10 23:12:00,user4468@example.com,user4468,246.0,S083,2,25,P1994,High,328.0,387.04
U04469,TXN104469,North,2025-01-20,Books,6339.3,Completed,Bengaluru,39,Basic,2025-01-20 15:19:00,user4469@example.com,user4469,3169.65,S037,2,15,P6630,Low,3729.0,4400.22
U04470,TXN104470,West,2025-11-19,Sports,3375.0,Pending,Pune,50,Free,2025-11-19 12:22:00,user4470@example.com,user4470,562.5,S050,6,25,P4191,Medium,750.0,885.0
U04471,TXN104471,West,2025-05-31,Sports,8235.0,Failed,Jaipur,38,Free,2025-05-31 12:24:00,user4471@example.com,user4471,823.5,S100,10,25,P5686,Low,1098.0,1295.64
U04472,TXN104472,North,2025-12-20,Books,24790.5,Failed,Hyderabad,51,Premium,2025-12-20 23:20:00,user4472@example.com,user4472,3541.5,S075,7,10,P3910,Low,3935.0,4643.3
U04473,TXN104473,West,2026-04-24,Sports,3208.0,Completed,Pune,68,Free,2026-04-24 20:34:00,user4473@example.com,user4473,1604.0,S020,2,0,P4554,High,1604.0,1892.72
U04474,TXN104474,North,2025-02-06,Electronics,15678.8,Failed,Chennai,30,Free,2025-02-06 08:16:00,user4474@example.com,user4474,3919.7,S051,4,5,P8346,Low,4126.0,4868.68
U04475,TXN104475,South,2025-04-10,Books,6280.8,Completed,Delhi,42,Premium,2025-04-10 14:24:00,user4475@example.com,user4475,2093.6,S077,3,20,P6225,Medium,2617.0,3088.06
U04476,TXN104476,East,2025-07-08,Books,2199.25,Completed,Bengaluru,40,Premium,2025-07-08 04:10:00,user4476@example.com,user4476,2199.25,S008,1,5,P8331,Low,2315.0,2731.7
U04477,TXN104477,South,2025-05-30,Home,9228.0,Refunded,Jaipur,19,Premium,2025-05-30 10:30:00,user4477@example.com,user4477,2307.0,S096,4,25,P3635,Medium,3076.0,3629.68
U04478,TXN104478,South,2026-03-22,Grocery,4945.5,Refunded,Jaipur,56,Premium,2026-03-22 22:57:00,user4478@example.com,user4478,989.1,S022,5,10,P1602,Medium,1099.0,1296.82
U04479,TXN104479,West,2025-02-12,Fashion,14250.0,Completed,Jaipur,54,Premium,2025-02-12 23:32:00,user4479@example.com,user4479,1425.0,S032,10,0,P1480,Medium,1425.0,1681.5
U04480,TXN104480,West,2026-02-02,Grocery,1583.4,Pending,Kolkata,70,Premium,2026-02-02 22:49:00,user4480@example.com,user4480,263.9,S091,6,30,P1531,Urgent,377.0,444.86
U04481,TXN104481,East,2025-10-01,Home,17409.0,Refunded,Jaipur,49,Free,2025-10-01 23:08:00,user4481@example.com,user4481,1740.9,S045,10,30,P3532,High,2487.0,2934.66
U04482,TXN104482,North,2025-08-19,Fashion,23791.8,Refunded,Chennai,25,Basic,2025-08-19 22:54:00,user4482@example.com,user4482,3965.3,S087,6,5,P1015,High,4174.0,4925.32
U04483,TXN104483,West,2025-06-07,Books,18079.2,Completed,Mumbai,45,Premium,2025-06-07 02:37:00,user4483@example.com,user4483,3013.2,S016,6,10,P1158,Medium,3348.0,3950.64
U04484,TXN104484,West,2026-04-30,Grocery,21303.75,Completed,Delhi,44,Free,2026-04-30 20:27:00,user4484@example.com,user4484,4260.75,S093,5,5,P9960,Low,4485.0,5292.3
U04485,TXN104485,East,2025-11-28,Grocery,5149.0,Refunded,Jaipur,58,Free,2025-11-28 11:12:00,user4485@example.com,user4485,2574.5,S084,2,5,P3054,Low,2710.0,3197.8
U04486,TXN104486,West,2026-01-08,Fashion,16686.0,Failed,Kolkata,62,Free,2026-01-08 02:22:00,user4486@example.com,user4486,2781.0,S092,6,25,P7804,Low,3708.0,4375.44
U04487,TXN104487,North,2025-08-06,Electronics,8048.0,Pending,Bengaluru,29,Free,2025-08-06 06:05:00,user4487@example.com,user4487,1006.0,S082,8,0,P7598,Urgent,1006.0,1187.08
U04488,TXN104488,East,2025-12-11,Books,1577.7,Pending,Bengaluru,41,Free,2025-12-11 17:38:00,user4488@example.com,user4488,1577.7,S014,1,10,P6676,Urgent,1753.0,2068.54
U04489,TXN104489,South,2025-11-14,Electronics,18904.2,Pending,Kolkata,57,Basic,2025-11-14 07:25:00,user4489@example.com,user4489,3150.7,S079,6,30,P5017,Medium,4501.0,5311.18
U04490,TXN104490,South,2025-12-29,Home,9088.8,Failed,Delhi,60,Premium,2025-12-29 18:31:00,user4490@example.com,user4490,1298.4,S072,7,20,P6060,High,1623.0,1915.14
U04491,TXN104491,North,2026-01-26,Electronics,32487.75,Failed,Bengaluru,68,Premium,2026-01-26 13:21:00,user4491@example.com,user4491,3609.75,S091,9,25,P9554,High,4813.0,5679.34
U04492,TXN104492,East,2025-08-14,Books,4760.0,Failed,Mumbai,23,Basic,2025-08-14 04:46:00,user4492@example.com,user4492,476.0,S058,10,15,P8814,Medium,560.0,660.8
U04493,TXN104493,East,2025-04-16,Electronics,33728.85,Completed,Mumbai,40,Premium,2025-04-16 11:44:00,user4493@example.com,user4493,3747.65,S006,9,15,P5063,Urgent,4409.0,5202.62
U04494,TXN104494,South,2025-05-16,Fashion,26393.85,Completed,Jaipur,45,Basic,2025-05-16 23:14:00,user4494@example.com,user4494,2932.65,S033,9,5,P9781,Urgent,3087.0,3642.66
U04495,TXN104495,West,2025-09-09,Grocery,38985.3,Completed,Mumbai,68,Premium,2025-09-09 11:39:00,user4495@example.com,user4495,4331.7,S070,9,10,P7829,Urgent,4813.0,5679.34
U04496,TXN104496,East,2025-04-14,Grocery,20083.0,Refunded,Mumbai,34,Premium,2025-04-14 22:40:00,user4496@example.com,user4496,2869.0,S022,7,0,P3145,Low,2869.0,3385.42
U04497,TXN104497,North,2025-12-27,Grocery,778.5,Refunded,Bengaluru,57,Premium,2025-12-27 06:27:00,user4497@example.com,user4497,778.5,S076,1,25,P6546,Medium,1038.0,1224.84
U04498,TXN104498,North,2026-02-28,Electronics,8179.5,Pending,Pune,29,Free,2026-02-28 22:30:00,user4498@example.com,user4498,1168.5,S023,7,5,P6882,Urgent,1230.0,1451.4
U04499,TXN104499,North,2025-06-15,Sports,28475.3,Failed,Chennai,49,Basic,2025-06-15 04:28:00,user4499@example.com,user4499,4067.9,S048,7,5,P3354,Medium,4282.0,5052.76
U04500,TXN104500,West,2025-08-27,Fashion,5908.05,Failed,Delhi,23,Free,2025-08-27 04:35:00,user4500@example.com,user4500,656.45,S012,9,5,P8903,High,691.0,815.38
U04501,TXN104501,South,2025-11-02,Home,1826.25,Failed,Bengaluru,39,Premium,2025-11-02 01:36:00,user4501@example.com,user4501,365.25,S064,5,25,P3703,High,487.0,574.66
U04502,TXN104502,East,2026-04-17,Home,25659.9,Pending,Kolkata,52,Free,2026-04-17 21:09:00,user4502@example.com,user4502,3665.7,S098,7,10,P1976,Urgent,4073.0,4806.14
U04503,TXN104503,South,2025-11-13,Fashion,2860.25,Completed,Hyderabad,60,Basic,2025-11-13 17:38:00,user4503@example.com,user4503,572.05,S050,5,15,P6414,Medium,673.0,794.14
U04504,TXN104504,North,2026-03-08,Electronics,2672.4,Refunded,Mumbai,40,Free,2026-03-08 19:37:00,user4504@example.com,user4504,2672.4,S081,1,15,P8440,Medium,3144.0,3709.92
U04505,TXN104505,West,2025-01-14,Fashion,1486.4,Failed,Hyderabad,25,Free,2025-01-14 19:12:00,user4505@example.com,user4505,1486.4,S024,1,20,P4189,Low,1858.0,2192.44
U04506,TXN104506,South,2025-11-03,Grocery,12156.2,Completed,Pune,31,Premium,2025-11-03 07:19:00,user4506@example.com,user4506,3039.05,S003,4,5,P5121,High,3199.0,3774.82
U04507,TXN104507,East,2026-01-06,Books,15876.3,Pending,Jaipur,58,Free,2026-01-06 23:43:00,user4507@example.com,user4507,2646.05,S081,6,15,P4364,Low,3113.0,3673.34
U04508,TXN104508,South,2025-12-15,Sports,14695.1,Refunded,Chennai,30,Basic,2025-12-15 05:33:00,user4508@example.com,user4508,2099.3,S079,7,30,P9873,High,2999.0,3538.82
U04509,TXN104509,East,2025-10-01,Sports,19303.2,Pending,Delhi,39,Premium,2025-10-01 12:18:00,user4509@example.com,user4509,2144.8,S055,9,30,P7006,Low,3064.0,3615.52
U04510,TXN104510,North,2025-12-13,Fashion,10662.4,Pending,Kolkata,29,Basic,2025-12-13 03:19:00,user4510@example.com,user4510,2665.6,S064,4,15,P9997,Medium,3136.0,3700.48
U04511,TXN104511,East,2025-01-05,Grocery,13002.0,Failed,Kolkata,51,Premium,2025-01-05 21:30:00,user4511@example.com,user4511,1625.25,S015,8,25,P9958,Low,2167.0,2557.06
U04512,TXN104512,North,2026-03-09,Fashion,36776.0,Failed,Bengaluru,57,Free,2026-03-09 21:04:00,user4512@example.com,user4512,4597.0,S075,8,0,P5427,High,4597.0,5424.46
U04513,TXN104513,West,2026-03-05,Sports,4480.0,Completed,Pune,70,Basic,2026-03-05 15:36:00,user4513@example.com,user4513,448.0,S074,10,0,P7895,Low,448.0,528.64
U04514,TXN104514,South,2025-02-24,Home,2304.0,Failed,Bengaluru,67,Premium,2025-02-24 11:09:00,user4514@example.com,user4514,288.0,S062,8,25,P6152,Medium,384.0,453.12
U04515,TXN104515,South,2025-05-16,Grocery,5448.5,Failed,Chennai,46,Free,2025-05-16 20:41:00,user4515@example.com,user4515,1089.7,S031,5,15,P1737,High,1282.0,1512.76
U04516,TXN104516,East,2025-04-27,Sports,7078.8,Completed,Kolkata,33,Free,2025-04-27 05:10:00,user4516@example.com,user4516,1179.8,S059,6,15,P3812,High,1388.0,1637.84
U04517,TXN104517,South,2026-02-18,Fashion,4390.2,Completed,Pune,55,Basic,2026-02-18 14:43:00,user4517@example.com,user4517,4390.2,S040,1,10,P4678,Medium,4878.0,5756.04
U04518,TXN104518,South,2025-08-04,Books,974.4,Refunded,Delhi,26,Basic,2025-08-04 00:08:00,user4518@example.com,user4518,139.2,S082,7,20,P1883,High,174.0,205.32
U04519,TXN104519,North,2026-02-26,Fashion,7098.75,Completed,Delhi,30,Free,2026-02-26 11:22:00,user4519@example.com,user4519,1419.75,S025,5,25,P6439,Low,1893.0,2233.74
U04520,TXN104520,East,2025-09-01,Sports,13722.8,Failed,Jaipur,60,Basic,2025-09-01 12:32:00,user4520@example.com,user4520,3430.7,S054,4,30,P1013,Medium,4901.0,5783.18
U04521,TXN104521,East,2025-03-04,Home,17512.5,Pending,Kolkata,22,Premium,2025-03-04 04:09:00,user4521@example.com,user4521,3502.5,S034,5,25,P4507,Medium,4670.0,5510.6
U04522,TXN104522,North,2025-07-03,Home,14850.0,Failed,Pune,24,Premium,2025-07-03 16:11:00,user4522@example.com,user4522,4950.0,S033,3,0,P7983,High,4950.0,5841.0
U04523,TXN104523,North,2025-01-31,Sports,2555.1,Completed,Kolkata,61,Basic,2025-01-31 05:03:00,user4523@example.com,user4523,851.7,S082,3,15,P6315,Urgent,1002.0,1182.36
U04524,TXN104524,West,2026-02-07,Sports,28503.0,Refunded,Pune,46,Premium,2026-02-07 20:23:00,user4524@example.com,user4524,3167.0,S022,9,0,P9343,Low,3167.0,3737.06
U04525,TXN104525,South,2025-06-03,Sports,3295.45,Pending,Chennai,30,Premium,2025-06-03 09:00:00,user4525@example.com,user4525,3295.45,S016,1,15,P2188,Urgent,3877.0,4574.86
U04526,TXN104526,West,2025-11-05,Books,40806.0,Completed,Mumbai,27,Premium,2025-11-05 11:19:00,user4526@example.com,user4526,4080.6,S023,10,10,P3558,Medium,4534.0,5350.12
U04527,TXN104527,North,2025-01-31,Sports,24464.4,Refunded,Kolkata,20,Free,2025-01-31 14:31:00,user4527@example.com,user4527,4077.4,S037,6,5,P7448,High,4292.0,5064.56
U04528,TXN104528,North,2025-08-13,Fashion,3691.8,Completed,Hyderabad,61,Premium,2025-08-13 01:52:00,user4528@example.com,user4528,1845.9,S055,2,30,P5403,Medium,2637.0,3111.66
U04529,TXN104529,South,2025-08-21,Electronics,15601.5,Refunded,Bengaluru,56,Basic,2025-08-21 04:56:00,user4529@example.com,user4529,2600.25,S098,6,25,P2278,Low,3467.0,4091.06
U04530,TXN104530,North,2025-09-29,Electronics,2154.6,Pending,Mumbai,39,Basic,2025-09-29 08:54:00,user4530@example.com,user4530,359.1,S001,6,5,P5122,Urgent,378.0,446.04
U04531,TXN104531,West,2025-11-22,Fashion,877.5,Completed,Hyderabad,39,Basic,2025-11-22 05:32:00,user4531@example.com,user4531,146.25,S092,6,25,P4234,Medium,195.0,230.1
U04532,TXN104532,North,2025-09-11,Fashion,8310.75,Failed,Pune,50,Free,2025-09-11 08:01:00,user4532@example.com,user4532,1187.25,S005,7,25,P8650,Low,1583.0,1867.94
U04533,TXN104533,West,2025-10-24,Sports,4392.0,Pending,Kolkata,32,Premium,2025-10-24 14:10:00,user4533@example.com,user4533,2196.0,S058,2,0,P4374,Medium,2196.0,2591.28
U04534,TXN104534,South,2025-10-12,Electronics,10413.9,Pending,Kolkata,53,Free,2025-10-12 08:18:00,user4534@example.com,user4534,1487.7,S039,7,10,P8341,Medium,1653.0,1950.54
U04535,TXN104535,West,2025-07-17,Books,17433.0,Refunded,Kolkata,22,Premium,2025-07-17 03:21:00,user4535@example.com,user4535,3486.6,S057,5,10,P9397,Medium,3874.0,4571.32
U04536,TXN104536,South,2025-04-24,Sports,688.1,Pending,Mumbai,32,Basic,2025-04-24 09:39:00,user4536@example.com,user4536,688.1,S020,1,30,P4790,Urgent,983.0,1159.94
U04537,TXN104537,West,2025-11-27,Sports,8324.05,Pending,Pune,65,Basic,2025-11-27 06:33:00,user4537@example.com,user4537,1189.15,S007,7,15,P8161,Urgent,1399.0,1650.82
U04538,TXN104538,West,2025-08-15,Electronics,9576.0,Pending,Pune,50,Premium,2025-08-15 09:25:00,user4538@example.com,user4538,1596.0,S094,6,25,P6909,Medium,2128.0,2511.04
U04539,TXN104539,North,2025-11-04,Grocery,1562.4,Completed,Pune,57,Free,2025-11-04 23:40:00,user4539@example.com,user4539,173.6,S060,9,20,P4911,Urgent,217.0,256.06
U04540,TXN104540,West,2026-03-03,Home,3414.3,Failed,Kolkata,39,Free,2026-03-03 16:59:00,user4540@example.com,user4540,1707.15,S040,2,5,P5832,Low,1797.0,2120.46
U04541,TXN104541,East,2026-04-19,Sports,2968.5,Completed,Chennai,24,Basic,2026-04-19 12:50:00,user4541@example.com,user4541,1484.25,S075,2,25,P2888,Low,1979.0,2335.22
U04542,TXN104542,South,2025-08-01,Fashion,952.0,Completed,Mumbai,24,Free,2025-08-01 12:00:00,user4542@example.com,user4542,136.0,S062,7,15,P7393,Urgent,160.0,188.8
U04543,TXN104543,South,2025-08-12,Sports,399.0,Pending,Hyderabad,26,Premium,2025-08-12 13:50:00,user4543@example.com,user4543,99.75,S012,4,5,P9021,Low,105.0,123.9
U04544,TXN104544,South,2025-02-19,Books,8147.2,Completed,Kolkata,39,Premium,2025-02-19 10:52:00,user4544@example.com,user4544,2036.8,S081,4,20,P5807,High,2546.0,3004.28
U04545,TXN104545,North,2025-11-11,Electronics,23673.6,Pending,Mumbai,42,Premium,2025-11-11 22:48:00,user4545@example.com,user4545,3945.6,S007,6,10,P6227,Low,4384.0,5173.12
U04546,TXN104546,East,2025-05-21,Grocery,2816.0,Completed,Hyderabad,55,Premium,2025-05-21 17:22:00,user4546@example.com,user4546,563.2,S021,5,20,P6449,Low,704.0,830.72
U04547,TXN104547,South,2025-08-23,Home,33027.75,Completed,Mumbai,20,Premium,2025-08-23 00:20:00,user4547@example.com,user4547,3669.75,S011,9,25,P7133,Low,4893.0,5773.74
U04548,TXN104548,South,2025-02-18,Grocery,3575.1,Completed,Kolkata,24,Basic,2025-02-18 19:41:00,user4548@example.com,user4548,1787.55,S040,2,15,P2499,Low,2103.0,2481.54
U04549,TXN104549,West,2026-03-08,Books,26121.6,Refunded,Hyderabad,18,Basic,2026-03-08 05:13:00,user4549@example.com,user4549,3265.2,S035,8,10,P5187,High,3628.0,4281.04
U04550,TXN104550,North,2026-01-30,Fashion,9590.0,Refunded,Hyderabad,22,Premium,2026-01-30 12:30:00,user4550@example.com,user4550,1918.0,S069,5,0,P4254,Urgent,1918.0,2263.24
U04551,TXN104551,West,2025-03-29,Electronics,16372.5,Failed,Pune,37,Free,2025-03-29 06:12:00,user4551@example.com,user4551,1637.25,S058,10,25,P2657,High,2183.0,2575.94
U04552,TXN104552,East,2025-03-24,Home,722.5,Failed,Pune,20,Free,2025-03-24 02:08:00,user4552@example.com,user4552,361.25,S055,2,15,P1260,High,425.0,501.5
U04553,TXN104553,North,2025-02-16,Books,10153.6,Pending,Mumbai,32,Free,2025-02-16 16:03:00,user4553@example.com,user4553,2538.4,S068,4,20,P7815,High,3173.0,3744.14
U04554,TXN104554,East,2025-04-20,Sports,2788.8,Refunded,Hyderabad,29,Premium,2025-04-20 10:10:00,user4554@example.com,user4554,2788.8,S004,1,30,P3799,Urgent,3984.0,4701.12
U04555,TXN104555,West,2026-01-08,Books,2794.5,Completed,Jaipur,44,Free,2026-01-08 01:55:00,user4555@example.com,user4555,558.9,S016,5,10,P5219,Urgent,621.0,732.78
U04556,TXN104556,East,2025-08-04,Books,4273.5,Refunded,Mumbai,34,Free,2025-08-04 10:00:00,user4556@example.com,user4556,854.7,S002,5,30,P4649,Urgent,1221.0,1440.78
U04557,TXN104557,North,2025-07-25,Home,25776.0,Refunded,Kolkata,41,Basic,2025-07-25 05:58:00,user4557@example.com,user4557,3222.0,S084,8,0,P4984,Urgent,3222.0,3801.96
U04558,TXN104558,East,2025-01-22,Sports,13545.0,Refunded,Delhi,36,Premium,2025-01-22 17:14:00,user4558@example.com,user4558,2257.5,S097,6,25,P2065,High,3010.0,3551.8
U04559,TXN104559,West,2025-12-06,Fashion,2186.25,Completed,Kolkata,25,Basic,2025-12-06 10:38:00,user4559@example.com,user4559,437.25,S022,5,25,P2209,Low,583.0,687.94
U04560,TXN104560,North,2026-03-16,Home,20173.5,Pending,Jaipur,65,Premium,2026-03-16 19:56:00,user4560@example.com,user4560,4034.7,S032,5,10,P2585,Low,4483.0,5289.94
U04561,TXN104561,East,2025-06-11,Grocery,18706.8,Failed,Jaipur,54,Free,2025-06-11 23:31:00,user4561@example.com,user4561,3117.8,S007,6,30,P4615,Medium,4454.0,5255.72
U04562,TXN104562,South,2025-11-28,Books,8331.7,Pending,Delhi,35,Basic,2025-11-28 01:37:00,user4562@example.com,user4562,4165.85,S076,2,15,P5001,Low,4901.0,5783.18
U04563,TXN104563,North,2025-06-05,Sports,22230.9,Refunded,Chennai,21,Premium,2025-06-05 12:51:00,user4563@example.com,user4563,3705.15,S051,6,15,P3265,High,4359.0,5143.62
U04564,TXN104564,North,2025-06-09,Home,585.0,Pending,Kolkata,22,Basic,2025-06-09 18:57:00,user4564@example.com,user4564,292.5,S080,2,25,P8452,Urgent,390.0,460.2
U04565,TXN104565,West,2025-09-25,Fashion,18088.0,Pending,Delhi,52,Premium,2025-09-25 07:23:00,user4565@example.com,user4565,2261.0,S016,8,0,P6730,Urgent,2261.0,2667.98
U04566,TXN104566,West,2026-03-03,Grocery,2426.0,Refunded,Kolkata,52,Free,2026-03-03 08:15:00,user4566@example.com,user4566,1213.0,S074,2,0,P5792,Medium,1213.0,1431.34
U04567,TXN104567,South,2025-01-01,Home,4852.8,Failed,Chennai,44,Basic,2025-01-01 04:48:00,user4567@example.com,user4567,606.6,S074,8,10,P4156,Low,674.0,795.32
U04568,TXN104568,East,2025-07-13,Sports,40420.0,Pending,Pune,65,Premium,2025-07-13 18:24:00,user4568@example.com,user4568,4042.0,S006,10,0,P8831,Medium,4042.0,4769.56
U04569,TXN104569,South,2025-01-24,Grocery,4413.6,Pending,Hyderabad,23,Free,2025-01-24 23:41:00,user4569@example.com,user4569,551.7,S016,8,10,P3357,Low,613.0,723.34
U04570,TXN104570,West,2025-06-05,Home,9122.85,Refunded,Chennai,31,Premium,2025-06-05 20:09:00,user4570@example.com,user4570,3040.95,S070,3,5,P2886,Urgent,3201.0,3777.18
U04571,TXN104571,West,2025-04-04,Fashion,9058.0,Refunded,Delhi,62,Free,2025-04-04 21:56:00,user4571@example.com,user4571,1811.6,S012,5,30,P4421,Medium,2588.0,3053.84
U04572,TXN104572,South,2026-02-09,Grocery,688.5,Completed,Pune,49,Premium,2026-02-09 21:22:00,user4572@example.com,user4572,688.5,S071,1,25,P8599,Low,918.0,1083.24
U04573,TXN104573,North,2025-10-15,Home,5353.6,Pending,Chennai,69,Free,2025-10-15 03:52:00,user4573@example.com,user4573,1338.4,S064,4,30,P8694,Medium,1912.0,2256.16
U04574,TXN104574,West,2025-01-12,Home,21157.2,Completed,Hyderabad,67,Free,2025-01-12 05:58:00,user4574@example.com,user4574,2350.8,S076,9,10,P2144,High,2612.0,3082.16
U04575,TXN104575,West,2025-01-03,Electronics,3791.2,Pending,Mumbai,24,Free,2025-01-03 06:04:00,user4575@example.com,user4575,473.9,S069,8,30,P6242,Low,677.0,798.86
U04576,TXN104576,East,2026-04-02,Fashion,3935.5,Completed,Delhi,25,Premium,2026-04-02 19:04:00,user4576@example.com,user4576,787.1,S033,5,15,P7384,Urgent,926.0,1092.68
U04577,TXN104577,North,2025-04-08,Home,3404.8,Failed,Chennai,60,Free,2025-04-08 09:22:00,user4577@example.com,user4577,425.6,S071,8,20,P5788,Low,532.0,627.76
U04578,TXN104578,North,2026-02-13,Books,3586.4,Completed,Hyderabad,58,Free,2026-02-13 07:32:00,user4578@example.com,user4578,3586.4,S005,1,20,P4679,Medium,4483.0,5289.94
U04579,TXN104579,South,2025-09-29,Grocery,4282.6,Completed,Hyderabad,64,Basic,2025-09-29 12:56:00,user4579@example.com,user4579,1070.65,S093,4,5,P3778,Low,1127.0,1329.86
U04580,TXN104580,North,2025-07-06,Grocery,7345.5,Refunded,Bengaluru,28,Free,2025-07-06 22:24:00,user4580@example.com,user4580,3672.75,S016,2,25,P3981,Urgent,4897.0,5778.46
U04581,TXN104581,West,2025-02-24,Electronics,39400.0,Failed,Chennai,38,Premium,2025-02-24 00:15:00,user4581@example.com,user4581,3940.0,S020,10,0,P7692,Urgent,3940.0,4649.2
U04582,TXN104582,East,2025-09-28,Home,24206.0,Failed,Delhi,35,Free,2025-09-28 15:25:00,user4582@example.com,user4582,3458.0,S020,7,5,P8545,Low,3640.0,4295.2
U04583,TXN104583,East,2026-03-07,Fashion,20083.0,Refunded,Chennai,64,Basic,2026-03-07 04:49:00,user4583@example.com,user4583,4016.6,S016,5,5,P3675,Urgent,4228.0,4989.04
U04584,TXN104584,West,2026-01-26,Electronics,4572.0,Pending,Pune,38,Premium,2026-01-26 02:35:00,user4584@example.com,user4584,762.0,S029,6,25,P8467,Low,1016.0,1198.88
U04585,TXN104585,South,2025-05-12,Home,8272.8,Pending,Hyderabad,32,Free,2025-05-12 07:14:00,user4585@example.com,user4585,2757.6,S097,3,10,P2874,Urgent,3064.0,3615.52
U04586,TXN104586,North,2026-03-19,Sports,4070.0,Refunded,Mumbai,27,Basic,2026-03-19 11:52:00,user4586@example.com,user4586,4070.0,S050,1,0,P3044,High,4070.0,4802.6
U04587,TXN104587,East,2026-04-13,Fashion,27219.2,Completed,Delhi,42,Premium,2026-04-13 06:51:00,user4587@example.com,user4587,3402.4,S097,8,20,P3507,Urgent,4253.0,5018.54
U04588,TXN104588,South,2025-04-08,Fashion,450.75,Pending,Hyderabad,54,Basic,2025-04-08 10:35:00,user4588@example.com,user4588,450.75,S043,1,25,P3332,High,601.0,709.18
U04589,TXN104589,West,2026-01-14,Sports,1322.6,Completed,Pune,41,Free,2026-01-14 06:00:00,user4589@example.com,user4589,330.65,S052,4,15,P9344,High,389.0,459.02
U04590,TXN104590,South,2025-04-07,Sports,14630.0,Completed,Mumbai,34,Basic,2025-04-07 22:29:00,user4590@example.com,user4590,3657.5,S012,4,5,P6946,Urgent,3850.0,4543.0
U04591,TXN104591,East,2025-04-04,Grocery,33677.0,Failed,Bengaluru,19,Premium,2025-04-04 20:35:00,user4591@example.com,user4591,3367.7,S046,10,15,P8149,Medium,3962.0,4675.16
U04592,TXN104592,North,2025-07-18,Electronics,32392.5,Completed,Jaipur,65,Premium,2025-07-18 12:01:00,user4592@example.com,user4592,3239.25,S020,10,25,P4048,Medium,4319.0,5096.42
U04593,TXN104593,West,2025-12-09,Sports,15205.5,Completed,Kolkata,54,Premium,2025-12-09 05:04:00,user4593@example.com,user4593,2534.25,S020,6,25,P7793,High,3379.0,3987.22
U04594,TXN104594,North,2025-06-28,Home,3382.0,Failed,Kolkata,19,Basic,2025-06-28 03:26:00,user4594@example.com,user4594,3382.0,S072,1,5,P2315,Low,3560.0,4200.8
U04595,TXN104595,South,2026-02-21,Books,14557.5,Completed,Bengaluru,59,Basic,2026-02-21 00:02:00,user4595@example.com,user4595,2426.25,S093,6,25,P4569,Low,3235.0,3817.3
U04596,TXN104596,North,2025-12-22,Sports,917.7,Failed,Kolkata,40,Free,2025-12-22 02:34:00,user4596@example.com,user4596,305.9,S047,3,30,P2511,Low,437.0,515.66
U04597,TXN104597,East,2025-02-15,Fashion,4601.1,Failed,Pune,32,Basic,2025-02-15 06:31:00,user4597@example.com,user4597,657.3,S048,7,30,P4816,High,939.0,1108.02
U04598,TXN104598,West,2026-01-18,Home,5714.0,Completed,Kolkata,34,Basic,2026-01-18 05:51:00,user4598@example.com,user4598,2857.0,S098,2,0,P9167,Low,2857.0,3371.26
U04599,TXN104599,West,2025-05-08,Books,10775.0,Completed,Delhi,43,Basic,2025-05-08 02:27:00,user4599@example.com,user4599,2155.0,S024,5,0,P9947,Urgent,2155.0,2542.9
U04600,TXN104600,East,2025-03-22,Home,29529.0,Completed,Pune,25,Basic,2025-03-22 19:57:00,user4600@example.com,user4600,2952.9,S032,10,15,P6874,High,3474.0,4099.32
U04601,TXN104601,East,2025-08-04,Sports,17992.8,Pending,Mumbai,41,Premium,2025-08-04 05:07:00,user4601@example.com,user4601,2998.8,S021,6,10,P2745,Low,3332.0,3931.76
U04602,TXN104602,East,2025-08-04,Home,3649.9,Completed,Kolkata,56,Free,2025-08-04 03:22:00,user4602@example.com,user4602,1824.95,S035,2,5,P5763,Medium,1921.0,2266.78
U04603,TXN104603,South,2025-10-10,Grocery,4425.0,Failed,Chennai,44,Premium,2025-10-10 14:51:00,user4603@example.com,user4603,1106.25,S093,4,25,P3001,Medium,1475.0,1740.5
U04604,TXN104604,North,2025-09-22,Sports,11791.2,Pending,Hyderabad,56,Basic,2025-09-22 07:03:00,user4604@example.com,user4604,2947.8,S007,4,15,P9386,Medium,3468.0,4092.24
U04605,TXN104605,West,2025-09-30,Home,6076.8,Completed,Chennai,32,Free,2025-09-30 10:45:00,user4605@example.com,user4605,1012.8,S097,6,20,P3408,Urgent,1266.0,1493.88
U04606,TXN104606,North,2025-12-10,Home,4107.8,Failed,Jaipur,22,Free,2025-12-10 19:18:00,user4606@example.com,user4606,2053.9,S065,2,5,P1141,Medium,2162.0,2551.16
U04607,TXN104607,West,2025-12-23,Home,652.8,Failed,Jaipur,47,Basic,2025-12-23 17:45:00,user4607@example.com,user4607,326.4,S030,2,15,P7401,Urgent,384.0,453.12
U04608,TXN104608,South,2025-05-16,Books,8517.6,Completed,Bengaluru,68,Free,2025-05-16 16:01:00,user4608@example.com,user4608,2839.2,S071,3,20,P6093,Medium,3549.0,4187.82
U04609,TXN104609,East,2025-05-25,Books,18230.4,Completed,Pune,25,Basic,2025-05-25 06:56:00,user4609@example.com,user4609,2025.6,S016,9,20,P5954,High,2532.0,2987.76
U04610,TXN104610,North,2025-11-13,Home,1516.4,Pending,Jaipur,46,Basic,2025-11-13 11:38:00,user4610@example.com,user4610,758.2,S097,2,15,P4157,Medium,892.0,1052.56
U04611,TXN104611,South,2025-04-25,Sports,18292.8,Completed,Kolkata,55,Premium,2025-04-25 18:11:00,user4611@example.com,user4611,3048.8,S087,6,20,P3237,High,3811.0,4496.98
U04612,TXN104612,North,2026-02-01,Sports,9152.0,Pending,Hyderabad,45,Basic,2026-02-01 04:49:00,user4612@example.com,user4612,4576.0,S051,2,0,P9369,Medium,4576.0,5399.68
U04613,TXN104613,West,2026-02-08,Electronics,9390.0,Refunded,Jaipur,55,Free,2026-02-08 15:02:00,user4613@example.com,user4613,1173.75,S045,8,25,P1561,Medium,1565.0,1846.7
U04614,TXN104614,West,2025-11-20,Home,27234.0,Failed,Mumbai,48,Free,2025-11-20 02:44:00,user4614@example.com,user4614,3026.0,S047,9,0,P1879,Urgent,3026.0,3570.68
U04615,TXN104615,South,2025-12-25,Grocery,21378.0,Completed,Mumbai,42,Premium,2025-12-25 20:47:00,user4615@example.com,user4615,3054.0,S036,7,0,P4710,High,3054.0,3603.72
U04616,TXN104616,South,2025-01-17,Fashion,12492.9,Pending,Pune,51,Basic,2025-01-17 12:36:00,user4616@example.com,user4616,4164.3,S082,3,10,P2981,Urgent,4627.0,5459.86
U04617,TXN104617,South,2025-08-10,Sports,8370.0,Pending,Jaipur,52,Free,2025-08-10 13:34:00,user4617@example.com,user4617,1674.0,S010,5,25,P7440,Medium,2232.0,2633.76
U04618,TXN104618,South,2026-02-04,Books,19947.9,Completed,Mumbai,42,Basic,2026-02-04 06:01:00,user4618@example.com,user4618,2849.7,S042,7,30,P4718,Urgent,4071.0,4803.78
U04619,TXN104619,North,2025-09-25,Grocery,1963.5,Refunded,Delhi,41,Basic,2025-09-25 10:16:00,user4619@example.com,user4619,981.75,S024,2,15,P4781,High,1155.0,1362.9
U04620,TXN104620,East,2026-04-15,Electronics,5147.8,Pending,Pune,54,Premium,2026-04-15 21:04:00,user4620@example.com,user4620,2573.9,S036,2,30,P1196,Low,3677.0,4338.86
U04621,TXN104621,East,2025-09-18,Sports,16622.4,Pending,Hyderabad,22,Premium,2025-09-18 02:24:00,user4621@example.com,user4621,2770.4,S094,6,20,P5495,Medium,3463.0,4086.34
U04622,TXN104622,North,2025-02-23,Home,20264.0,Pending,Hyderabad,55,Premium,2025-02-23 18:35:00,user4622@example.com,user4622,4052.8,S051,5,15,P3260,Urgent,4768.0,5626.24
U04623,TXN104623,South,2026-02-14,Grocery,8834.4,Pending,Pune,47,Premium,2026-02-14 19:09:00,user4623@example.com,user4623,1472.4,S077,6,10,P4665,Urgent,1636.0,1930.48
U04624,TXN104624,South,2025-10-17,Electronics,8038.8,Pending,Chennai,27,Basic,2025-10-17 01:13:00,user4624@example.com,user4624,1148.4,S024,7,10,P4874,Medium,1276.0,1505.68
U04625,TXN104625,North,2025-05-28,Home,29512.0,Failed,Bengaluru,59,Free,2025-05-28 18:52:00,user4625@example.com,user4625,2951.2,S062,10,20,P3732,High,3689.0,4353.02
U04626,TXN104626,North,2025-12-12,Sports,1062.0,Refunded,Bengaluru,54,Free,2025-12-12 11:33:00,user4626@example.com,user4626,177.0,S023,6,0,P8332,Medium,177.0,208.86
U04627,TXN104627,East,2025-04-17,Sports,10951.4,Refunded,Kolkata,46,Free,2025-04-17 01:34:00,user4627@example.com,user4627,2737.85,S059,4,15,P9942,Low,3221.0,3800.78
U04628,TXN104628,North,2025-12-05,Books,4890.0,Pending,Bengaluru,47,Premium,2025-12-05 19:37:00,user4628@example.com,user4628,1630.0,S063,3,0,P9851,Medium,1630.0,1923.4
U04629,TXN104629,North,2026-03-11,Books,4505.6,Refunded,Chennai,50,Free,2026-03-11 23:53:00,user4629@example.com,user4629,1126.4,S085,4,20,P8401,Medium,1408.0,1661.44
U04630,TXN104630,North,2025-06-18,Home,17059.5,Failed,Bengaluru,23,Free,2025-06-18 20:04:00,user4630@example.com,user4630,3411.9,S066,5,15,P6369,Urgent,4014.0,4736.52
U04631,TXN104631,North,2026-03-31,Sports,1489.6,Failed,Delhi,60,Premium,2026-03-31 09:01:00,user4631@example.com,user4631,186.2,S005,8,30,P4421,Medium,266.0,313.88
U04632,TXN104632,South,2026-02-12,Home,8997.45,Failed,Kolkata,35,Premium,2026-02-12 06:40:00,user4632@example.com,user4632,1285.35,S024,7,5,P1239,High,1353.0,1596.54
U04633,TXN104633,North,2025-07-17,Home,16887.8,Completed,Delhi,41,Premium,2025-07-17 17:53:00,user4633@example.com,user4633,4221.95,S082,4,15,P9285,Medium,4967.0,5861.06
U04634,TXN104634,West,2025-05-05,Electronics,10227.0,Completed,Bengaluru,48,Basic,2025-05-05 11:52:00,user4634@example.com,user4634,1461.0,S069,7,0,P5559,High,1461.0,1723.98
U04635,TXN104635,South,2026-03-07,Books,3262.3,Refunded,Bengaluru,57,Basic,2026-03-07 04:24:00,user4635@example.com,user4635,1631.15,S037,2,15,P8455,Medium,1919.0,2264.42
U04636,TXN104636,North,2025-10-22,Grocery,29976.0,Failed,Pune,53,Free,2025-10-22 04:44:00,user4636@example.com,user4636,2997.6,S084,10,20,P4592,Low,3747.0,4421.46
U04637,TXN104637,East,2026-02-23,Grocery,30707.2,Completed,Chennai,67,Free,2026-02-23 01:58:00,user4637@example.com,user4637,3838.4,S021,8,20,P3713,Urgent,4798.0,5661.64
U04638,TXN104638,South,2026-04-02,Books,28447.2,Completed,Bengaluru,27,Premium,2026-04-02 17:01:00,user4638@example.com,user4638,3160.8,S029,9,10,P9458,Urgent,3512.0,4144.16
U04639,TXN104639,South,2025-11-06,Sports,14896.0,Refunded,Hyderabad,59,Premium,2025-11-06 05:58:00,user4639@example.com,user4639,1489.6,S011,10,20,P7115,High,1862.0,2197.16
U04640,TXN104640,South,2025-05-11,Electronics,19704.0,Pending,Chennai,68,Premium,2025-05-11 02:59:00,user4640@example.com,user4640,3940.8,S034,5,20,P5636,Low,4926.0,5812.68
U04641,TXN104641,West,2025-07-13,Home,36999.0,Refunded,Hyderabad,27,Free,2025-07-13 14:05:00,user4641@example.com,user4641,4111.0,S043,9,0,P2231,High,4111.0,4850.98
U04642,TXN104642,North,2025-07-15,Electronics,14756.0,Pending,Chennai,36,Free,2025-07-15 09:39:00,user4642@example.com,user4642,2951.2,S023,5,30,P3078,Urgent,4216.0,4974.88
U04643,TXN104643,East,2025-06-19,Fashion,3891.3,Failed,Bengaluru,26,Premium,2025-06-19 16:23:00,user4643@example.com,user4643,555.9,S002,7,15,P8074,Urgent,654.0,771.72
U04644,TXN104644,North,2026-03-22,Fashion,34852.5,Refunded,Chennai,63,Free,2026-03-22 22:21:00,user4644@example.com,user4644,3485.25,S056,10,25,P7628,Urgent,4647.0,5483.46
U04645,TXN104645,North,2025-07-03,Electronics,24057.6,Refunded,Delhi,53,Free,2025-07-03 09:10:00,user4645@example.com,user4645,3436.8,S058,7,20,P3632,Medium,4296.0,5069.28
U04646,TXN104646,East,2025-08-16,Books,26624.7,Pending,Hyderabad,34,Basic,2025-08-16 23:33:00,user4646@example.com,user4646,2958.3,S058,9,5,P5101,Medium,3114.0,3674.52
U04647,TXN104647,South,2025-03-21,Fashion,688.0,Completed,Chennai,64,Basic,2025-03-21 04:57:00,user4647@example.com,user4647,137.6,S041,5,20,P6457,Low,172.0,202.96
U04648,TXN104648,West,2025-05-23,Electronics,5538.6,Pending,Jaipur,65,Basic,2025-05-23 19:13:00,user4648@example.com,user4648,1384.65,S073,4,15,P3979,High,1629.0,1922.22
U04649,TXN104649,North,2025-10-28,Electronics,11228.0,Completed,Mumbai,60,Basic,2025-10-28 11:12:00,user4649@example.com,user4649,2245.6,S073,5,30,P1118,Medium,3208.0,3785.44
U04650,TXN104650,South,2025-08-26,Electronics,18310.4,Refunded,Chennai,27,Free,2025-08-26 07:27:00,user4650@example.com,user4650,2288.8,S013,8,20,P6256,Low,2861.0,3375.98
U04651,TXN104651,West,2025-02-11,Fashion,14708.4,Completed,Hyderabad,67,Premium,2025-02-11 03:56:00,user4651@example.com,user4651,2451.4,S020,6,30,P4201,Urgent,3502.0,4132.36
U04652,TXN104652,North,2025-03-08,Fashion,24721.2,Refunded,Kolkata,27,Basic,2025-03-08 11:41:00,user4652@example.com,user4652,4120.2,S060,6,10,P1884,Medium,4578.0,5402.04
U04653,TXN104653,West,2026-02-15,Books,2238.6,Failed,Kolkata,33,Premium,2026-02-15 02:09:00,user4653@example.com,user4653,746.2,S021,3,30,P3688,High,1066.0,1257.88
U04654,TXN104654,West,2026-01-02,Grocery,423.3,Completed,Bengaluru,25,Premium,2026-01-02 06:02:00,user4654@example.com,user4654,211.65,S044,2,15,P6892,High,249.0,293.82
U04655,TXN104655,West,2025-07-19,Electronics,24242.4,Refunded,Pune,25,Free,2025-07-19 10:40:00,user4655@example.com,user4655,3030.3,S010,8,30,P6196,Low,4329.0,5108.22
U04656,TXN104656,South,2025-07-03,Fashion,4147.2,Pending,Pune,62,Basic,2025-07-03 15:03:00,user4656@example.com,user4656,460.8,S021,9,10,P7352,High,512.0,604.16
U04657,TXN104657,West,2025-06-21,Books,7964.8,Completed,Bengaluru,69,Premium,2025-06-21 07:45:00,user4657@example.com,user4657,1991.2,S047,4,5,P4291,Low,2096.0,2473.28
U04658,TXN104658,East,2025-08-29,Books,4048.8,Refunded,Kolkata,63,Free,2025-08-29 10:48:00,user4658@example.com,user4658,1012.2,S086,4,30,P9691,Urgent,1446.0,1706.28
U04659,TXN104659,West,2026-04-19,Books,16478.1,Pending,Bengaluru,45,Basic,2026-04-19 09:37:00,user4659@example.com,user4659,1830.9,S078,9,15,P1698,Medium,2154.0,2541.72
U04660,TXN104660,West,2025-04-09,Home,6672.8,Pending,Jaipur,24,Premium,2025-04-09 01:20:00,user4660@example.com,user4660,1668.2,S037,4,5,P8791,Medium,1756.0,2072.08
U04661,TXN104661,North,2026-02-22,Grocery,4680.0,Pending,Chennai,54,Free,2026-02-22 08:04:00,user4661@example.com,user4661,2340.0,S083,2,25,P6472,High,3120.0,3681.6
U04662,TXN104662,North,2025-06-25,Home,7245.6,Pending,Jaipur,30,Premium,2025-06-25 10:19:00,user4662@example.com,user4662,2415.2,S066,3,20,P7206,Urgent,3019.0,3562.42
U04663,TXN104663,East,2025-04-20,Fashion,31800.0,Failed,Chennai,70,Free,2025-04-20 09:40:00,user4663@example.com,user4663,3180.0,S096,10,25,P3506,Low,4240.0,5003.2
U04664,TXN104664,West,2025-02-03,Sports,11918.7,Pending,Chennai,53,Basic,2025-02-03 01:12:00,user4664@example.com,user4664,1324.3,S051,9,5,P7736,Low,1394.0,1644.92
U04665,TXN104665,East,2026-01-11,Fashion,10662.4,Completed,Hyderabad,61,Free,2026-01-11 11:44:00,user4665@example.com,user4665,2665.6,S037,4,20,P3455,High,3332.0,3931.76
U04666,TXN104666,North,2025-02-04,Fashion,21326.4,Failed,Mumbai,44,Premium,2025-02-04 02:36:00,user4666@example.com,user4666,2369.6,S054,9,20,P5067,High,2962.0,3495.16
U04667,TXN104667,East,2026-01-17,Electronics,6880.0,Failed,Kolkata,23,Premium,2026-01-17 08:37:00,user4667@example.com,user4667,1720.0,S009,4,0,P1999,Low,1720.0,2029.6
U04668,TXN104668,West,2025-08-16,Sports,10347.4,Completed,Mumbai,68,Basic,2025-08-16 07:53:00,user4668@example.com,user4668,2586.85,S038,4,5,P2780,Medium,2723.0,3213.14
U04669,TXN104669,North,2025-01-06,Sports,7492.75,Completed,Bengaluru,65,Free,2025-01-06 15:51:00,user4669@example.com,user4669,1498.55,S036,5,15,P9646,High,1763.0,2080.34
U04670,TXN104670,North,2025-04-02,Books,4491.2,Refunded,Mumbai,46,Free,2025-04-02 05:20:00,user4670@example.com,user4670,561.4,S100,8,30,P9423,Urgent,802.0,946.36
U04671,TXN104671,West,2025-12-30,Electronics,708.0,Failed,Hyderabad,59,Premium,2025-12-30 23:57:00,user4671@example.com,user4671,177.0,S061,4,0,P3678,Urgent,177.0,208.86
U04672,TXN104672,East,2025-10-19,Electronics,46650.0,Refunded,Jaipur,35,Premium,2025-10-19 23:37:00,user4672@example.com,user4672,4665.0,S011,10,0,P4101,Low,4665.0,5504.7
U04673,TXN104673,West,2025-07-10,Sports,13740.0,Completed,Hyderabad,48,Premium,2025-07-10 05:51:00,user4673@example.com,user4673,1374.0,S018,10,0,P8648,Urgent,1374.0,1621.32
U04674,TXN104674,South,2025-06-11,Books,10982.85,Refunded,Delhi,55,Basic,2025-06-11 03:46:00,user4674@example.com,user4674,3660.95,S056,3,15,P9270,Medium,4307.0,5082.26
U04675,TXN104675,South,2026-01-22,Electronics,6518.4,Pending,Bengaluru,40,Free,2026-01-22 23:43:00,user4675@example.com,user4675,931.2,S058,7,20,P3805,High,1164.0,1373.52
U04676,TXN104676,East,2025-07-19,Home,15622.5,Failed,Kolkata,62,Free,2025-07-19 13:17:00,user4676@example.com,user4676,1562.25,S095,10,25,P6249,High,2083.0,2457.94
U04677,TXN104677,West,2025-03-22,Home,2815.2,Refunded,Hyderabad,48,Free,2025-03-22 22:31:00,user4677@example.com,user4677,703.8,S025,4,15,P7996,Low,828.0,977.04
U04678,TXN104678,West,2025-02-11,Electronics,25400.25,Refunded,Chennai,49,Premium,2025-02-11 12:01:00,user4678@example.com,user4678,2822.25,S064,9,25,P7307,Low,3763.0,4440.34
U04679,TXN104679,South,2026-01-02,Home,21854.7,Pending,Hyderabad,47,Basic,2026-01-02 07:08:00,user4679@example.com,user4679,2428.3,S100,9,30,P8302,Low,3469.0,4093.42
U04680,TXN104680,South,2026-03-17,Books,9603.9,Failed,Delhi,44,Premium,2026-03-17 06:34:00,user4680@example.com,user4680,3201.3,S056,3,10,P1186,Medium,3557.0,4197.26
U04681,TXN104681,South,2025-04-13,Sports,19644.0,Pending,Bengaluru,44,Free,2025-04-13 01:29:00,user4681@example.com,user4681,4911.0,S071,4,0,P9140,High,4911.0,5794.98
U04682,TXN104682,South,2026-04-13,Books,30998.5,Refunded,Delhi,20,Premium,2026-04-13 13:53:00,user4682@example.com,user4682,3099.85,S069,10,5,P6159,High,3263.0,3850.34
U04683,TXN104683,South,2025-04-27,Books,2585.6,Failed,Chennai,19,Basic,2025-04-27 13:22:00,user4683@example.com,user4683,1292.8,S049,2,20,P5007,High,1616.0,1906.88
U04684,TXN104684,North,2026-04-12,Home,22040.0,Failed,Chennai,41,Free,2026-04-12 22:06:00,user4684@example.com,user4684,4408.0,S040,5,0,P6553,Urgent,4408.0,5201.44
U04685,TXN104685,West,2026-02-25,Fashion,3709.8,Pending,Hyderabad,23,Free,2026-02-25 23:39:00,user4685@example.com,user4685,412.2,S049,9,10,P3950,Urgent,458.0,540.44
U04686,TXN104686,West,2025-12-31,Fashion,6471.9,Completed,Bengaluru,31,Free,2025-12-31 07:37:00,user4686@example.com,user4686,2157.3,S096,3,10,P4456,Urgent,2397.0,2828.46
U04687,TXN104687,East,2025-11-26,Electronics,22410.0,Completed,Jaipur,41,Free,2025-11-26 09:56:00,user4687@example.com,user4687,4482.0,S063,5,10,P7694,Urgent,4980.0,5876.4
U04688,TXN104688,South,2026-01-21,Fashion,442.0,Pending,Chennai,43,Free,2026-01-21 08:25:00,user4688@example.com,user4688,110.5,S081,4,15,P6446,High,130.0,153.4
U04689,TXN104689,West,2025-08-10,Sports,11394.25,Failed,Pune,34,Basic,2025-08-10 07:35:00,user4689@example.com,user4689,2278.85,S099,5,15,P6067,Medium,2681.0,3163.58
U04690,TXN104690,West,2025-01-10,Grocery,37867.5,Refunded,Hyderabad,58,Premium,2025-01-10 19:01:00,user4690@example.com,user4690,4207.5,S054,9,15,P1053,High,4950.0,5841.0
U04691,TXN104691,West,2026-03-29,Grocery,4340.0,Refunded,Jaipur,40,Premium,2026-03-29 22:29:00,user4691@example.com,user4691,2170.0,S038,2,0,P5342,Low,2170.0,2560.6
U04692,TXN104692,North,2025-01-16,Home,950.0,Refunded,Delhi,58,Free,2025-01-16 21:35:00,user4692@example.com,user4692,950.0,S016,1,0,P5775,Low,950.0,1121.0
U04693,TXN104693,West,2025-06-25,Electronics,11376.0,Pending,Bengaluru,70,Basic,2025-06-25 05:58:00,user4693@example.com,user4693,1137.6,S008,10,10,P1090,Medium,1264.0,1491.52
U04694,TXN104694,East,2026-04-07,Grocery,6469.2,Pending,Mumbai,68,Basic,2026-04-07 11:46:00,user4694@example.com,user4694,1617.3,S075,4,10,P2812,Low,1797.0,2120.46
U04695,TXN104695,South,2025-06-02,Electronics,19677.5,Failed,Kolkata,36,Basic,2025-06-02 02:26:00,user4695@example.com,user4695,1967.75,S052,10,15,P8756,Low,2315.0,2731.7
U04696,TXN104696,West,2025-11-22,Books,23342.4,Pending,Mumbai,27,Premium,2025-11-22 21:18:00,user4696@example.com,user4696,2593.6,S069,9,20,P3000,High,3242.0,3825.56
U04697,TXN104697,East,2025-02-23,Fashion,28110.0,Failed,Chennai,69,Premium,2025-02-23 11:52:00,user4697@example.com,user4697,4685.0,S091,6,0,P1170,Urgent,4685.0,5528.3
U04698,TXN104698,East,2025-07-14,Books,4773.6,Completed,Pune,54,Basic,2025-07-14 06:25:00,user4698@example.com,user4698,530.4,S004,9,20,P7631,High,663.0,782.34
U04699,TXN104699,South,2025-06-13,Home,22092.0,Failed,Bengaluru,49,Basic,2025-06-13 04:27:00,user4699@example.com,user4699,2761.5,S095,8,30,P8285,Urgent,3945.0,4655.1
U04700,TXN104700,West,2025-06-26,Electronics,8145.3,Refunded,Kolkata,36,Basic,2025-06-26 20:38:00,user4700@example.com,user4700,1357.55,S097,6,5,P7901,Low,1429.0,1686.22
U04701,TXN104701,North,2025-01-24,Sports,4462.5,Completed,Kolkata,26,Free,2025-01-24 18:55:00,user4701@example.com,user4701,892.5,S032,5,30,P6652,High,1275.0,1504.5
U04702,TXN104702,East,2025-09-03,Home,11306.7,Refunded,Delhi,41,Basic,2025-09-03 18:14:00,user4702@example.com,user4702,1884.45,S017,6,15,P9585,Medium,2217.0,2616.06
U04703,TXN104703,East,2025-11-11,Electronics,8256.5,Pending,Delhi,61,Basic,2025-11-11 09:30:00,user4703@example.com,user4703,1651.3,S086,5,30,P4675,Low,2359.0,2783.62
U04704,TXN104704,West,2025-09-24,Sports,4399.2,Failed,Bengaluru,28,Premium,2025-09-24 09:35:00,user4704@example.com,user4704,4399.2,S066,1,10,P4170,Medium,4888.0,5767.84
U04705,TXN104705,West,2026-04-01,Fashion,1869.6,Completed,Bengaluru,44,Premium,2026-04-01 00:34:00,user4705@example.com,user4705,934.8,S044,2,5,P6355,Medium,984.0,1161.12
U04706,TXN104706,West,2025-06-26,Books,2082.5,Failed,Bengaluru,54,Premium,2025-06-26 21:28:00,user4706@example.com,user4706,208.25,S032,10,15,P5655,High,245.0,289.1
U04707,TXN104707,South,2025-03-03,Home,4896.0,Failed,Chennai,44,Free,2025-03-03 23:08:00,user4707@example.com,user4707,1224.0,S035,4,20,P7558,High,1530.0,1805.4
U04708,TXN104708,South,2025-08-08,Grocery,16787.4,Failed,Chennai,59,Basic,2025-08-08 12:42:00,user4708@example.com,user4708,2797.9,S080,6,30,P1821,Urgent,3997.0,4716.46
U04709,TXN104709,South,2025-05-10,Fashion,9430.65,Completed,Pune,49,Free,2025-05-10 06:57:00,user4709@example.com,user4709,1047.85,S006,9,5,P3953,Low,1103.0,1301.54
U04710,TXN104710,East,2025-06-18,Books,16144.0,Completed,Pune,51,Free,2025-06-18 00:32:00,user4710@example.com,user4710,1614.4,S028,10,20,P5260,Low,2018.0,2381.24
U04711,TXN104711,East,2025-06-22,Home,5316.75,Failed,Jaipur,26,Free,2025-06-22 05:38:00,user4711@example.com,user4711,1772.25,S087,3,25,P6258,Medium,2363.0,2788.34
U04712,TXN104712,West,2025-12-25,Home,1711.0,Failed,Bengaluru,64,Premium,2025-12-25 13:27:00,user4712@example.com,user4712,1711.0,S073,1,0,P5240,Low,1711.0,2018.98
U04713,TXN104713,North,2025-09-26,Fashion,4229.4,Completed,Mumbai,20,Premium,2025-09-26 02:24:00,user4713@example.com,user4713,704.9,S064,6,5,P4067,Low,742.0,875.56
U04714,TXN104714,South,2025-02-08,Electronics,23225.6,Failed,Pune,21,Premium,2025-02-08 09:34:00,user4714@example.com,user4714,2903.2,S011,8,5,P5043,Urgent,3056.0,3606.08
U04715,TXN104715,South,2025-09-22,Sports,23306.15,Completed,Hyderabad,67,Premium,2025-09-22 19:22:00,user4715@example.com,user4715,3329.45,S029,7,15,P4817,Low,3917.0,4622.06
U04716,TXN104716,East,2026-01-31,Home,37608.3,Failed,Pune,37,Free,2026-01-31 17:02:00,user4716@example.com,user4716,4178.7,S038,9,10,P3187,Urgent,4643.0,5478.74
U04717,TXN104717,West,2025-06-07,Grocery,36792.0,Completed,Bengaluru,32,Free,2025-06-07 08:34:00,user4717@example.com,user4717,4088.0,S001,9,0,P7556,Medium,4088.0,4823.84
U04718,TXN104718,East,2025-03-17,Fashion,13365.0,Completed,Mumbai,58,Free,2025-03-17 20:35:00,user4718@example.com,user4718,2673.0,S086,5,25,P7172,Urgent,3564.0,4205.52
U04719,TXN104719,West,2025-11-25,Books,29713.5,Failed,Kolkata,23,Basic,2025-11-25 14:16:00,user4719@example.com,user4719,3301.5,S036,9,25,P9039,Low,4402.0,5194.36
U04720,TXN104720,West,2025-03-30,Electronics,6579.0,Failed,Bengaluru,38,Premium,2025-03-30 23:37:00,user4720@example.com,user4720,731.0,S092,9,0,P1489,Low,731.0,862.58
U04721,TXN104721,North,2025-08-26,Home,2320.0,Pending,Delhi,59,Free,2025-08-26 07:20:00,user4721@example.com,user4721,232.0,S089,10,20,P5530,Urgent,290.0,342.2
U04722,TXN104722,South,2025-07-01,Electronics,4856.4,Completed,Jaipur,22,Premium,2025-07-01 13:49:00,user4722@example.com,user4722,809.4,S025,6,5,P4513,Medium,852.0,1005.36
U04723,TXN104723,West,2025-09-26,Fashion,12084.45,Completed,Bengaluru,53,Premium,2025-09-26 03:34:00,user4723@example.com,user4723,1726.35,S022,7,15,P9824,Medium,2031.0,2396.58
U04724,TXN104724,North,2025-11-26,Electronics,16358.4,Completed,Mumbai,47,Free,2025-11-26 18:20:00,user4724@example.com,user4724,2726.4,S007,6,20,P2217,Low,3408.0,4021.44
U04725,TXN104725,South,2025-10-26,Grocery,22144.5,Pending,Pune,70,Basic,2025-10-26 11:35:00,user4725@example.com,user4725,3163.5,S006,7,25,P6270,Medium,4218.0,4977.24
U04726,TXN104726,North,2025-03-31,Electronics,18183.75,Refunded,Pune,41,Free,2025-03-31 17:55:00,user4726@example.com,user4726,3636.75,S085,5,25,P4289,Medium,4849.0,5721.82
U04727,TXN104727,South,2025-02-04,Home,18943.2,Pending,Delhi,56,Free,2025-02-04 06:00:00,user4727@example.com,user4727,3157.2,S053,6,10,P4208,High,3508.0,4139.44
U04728,TXN104728,East,2026-01-22,Home,216.0,Failed,Kolkata,32,Free,2026-01-22 21:29:00,user4728@example.com,user4728,108.0,S051,2,10,P7965,Medium,120.0,141.6
U04729,TXN104729,West,2026-03-16,Electronics,11856.0,Completed,Pune,66,Basic,2026-03-16 15:18:00,user4729@example.com,user4729,2371.2,S058,5,20,P6542,High,2964.0,3497.52
U04730,TXN104730,South,2025-07-29,Grocery,3672.0,Failed,Jaipur,22,Free,2025-07-29 05:05:00,user4730@example.com,user4730,1836.0,S005,2,25,P4947,Urgent,2448.0,2888.64
U04731,TXN104731,East,2025-06-21,Electronics,6965.0,Refunded,Bengaluru,30,Premium,2025-06-21 01:43:00,user4731@example.com,user4731,696.5,S050,10,30,P9990,Low,995.0,1174.1
U04732,TXN104732,South,2025-10-13,Sports,11102.4,Pending,Kolkata,29,Free,2025-10-13 11:29:00,user4732@example.com,user4732,3700.8,S019,3,10,P8843,Urgent,4112.0,4852.16
U04733,TXN104733,East,2026-02-12,Grocery,2806.3,Pending,Hyderabad,44,Premium,2026-02-12 15:18:00,user4733@example.com,user4733,2806.3,S007,1,30,P5397,Medium,4009.0,4730.62
U04734,TXN104734,East,2025-10-21,Books,7332.0,Failed,Chennai,18,Premium,2025-10-21 19:07:00,user4734@example.com,user4734,3666.0,S076,2,0,P1487,Urgent,3666.0,4325.88
U04735,TXN104735,West,2025-08-03,Sports,37662.75,Pending,Bengaluru,44,Premium,2025-08-03 14:51:00,user4735@example.com,user4735,4184.75,S097,9,5,P6552,High,4405.0,5197.9
U04736,TXN104736,South,2025-03-28,Fashion,25953.75,Pending,Bengaluru,70,Free,2025-03-28 02:19:00,user4736@example.com,user4736,2883.75,S063,9,25,P5156,High,3845.0,4537.1
U04737,TXN104737,West,2025-07-10,Fashion,10784.4,Failed,Pune,25,Premium,2025-07-10 17:18:00,user4737@example.com,user4737,3594.8,S086,3,5,P3461,Low,3784.0,4465.12
U04738,TXN104738,East,2025-02-18,Home,27265.0,Pending,Mumbai,60,Basic,2025-02-18 18:35:00,user4738@example.com,user4738,3895.0,S045,7,5,P5477,High,4100.0,4838.0
U04739,TXN104739,South,2025-08-12,Fashion,24217.2,Refunded,Kolkata,25,Premium,2025-08-12 09:11:00,user4739@example.com,user4739,3459.6,S048,7,10,P4082,Urgent,3844.0,4535.92
U04740,TXN104740,South,2026-04-10,Books,6153.75,Pending,Hyderabad,60,Free,2026-04-10 21:41:00,user4740@example.com,user4740,1230.75,S010,5,25,P3642,Medium,1641.0,1936.38
U04741,TXN104741,West,2025-11-17,Electronics,30783.6,Refunded,Bengaluru,43,Basic,2025-11-17 18:27:00,user4741@example.com,user4741,3420.4,S041,9,15,P6495,High,4024.0,4748.32
U04742,TXN104742,West,2026-03-04,Electronics,15432.75,Failed,Hyderabad,23,Premium,2026-03-04 14:44:00,user4742@example.com,user4742,1714.75,S074,9,5,P9475,Low,1805.0,2129.9
U04743,TXN104743,West,2025-07-25,Electronics,20064.0,Pending,Hyderabad,22,Basic,2025-07-25 10:12:00,user4743@example.com,user4743,2508.0,S060,8,25,P7833,Urgent,3344.0,3945.92
U04744,TXN104744,West,2025-11-30,Grocery,19188.4,Pending,Kolkata,38,Free,2025-11-30 06:24:00,user4744@example.com,user4744,2741.2,S071,7,30,P5924,Low,3916.0,4620.88
U04745,TXN104745,East,2026-03-06,Grocery,11816.25,Pending,Hyderabad,40,Basic,2026-03-06 18:11:00,user4745@example.com,user4745,2363.25,S030,5,25,P9531,Urgent,3151.0,3718.18
U04746,TXN104746,South,2026-04-20,Electronics,19842.0,Refunded,Pune,21,Premium,2026-04-20 17:38:00,user4746@example.com,user4746,3307.0,S045,6,0,P2949,High,3307.0,3902.26
U04747,TXN104747,West,2025-11-28,Sports,4446.0,Completed,Chennai,45,Free,2025-11-28 20:32:00,user4747@example.com,user4747,4446.0,S070,1,5,P5412,Medium,4680.0,5522.4
U04748,TXN104748,South,2025-04-11,Electronics,23442.0,Pending,Chennai,25,Premium,2025-04-11 13:28:00,user4748@example.com,user4748,2930.25,S100,8,25,P4823,Low,3907.0,4610.26
U04749,TXN104749,South,2025-06-05,Grocery,882.0,Refunded,Hyderabad,66,Basic,2025-06-05 18:28:00,user4749@example.com,user4749,147.0,S099,6,30,P7060,High,210.0,247.8
U04750,TXN104750,North,2026-02-05,Home,11808.0,Completed,Chennai,69,Basic,2026-02-05 00:55:00,user4750@example.com,user4750,1312.0,S035,9,20,P6702,Low,1640.0,1935.2
U04751,TXN104751,South,2026-01-01,Fashion,609.0,Refunded,Jaipur,37,Premium,2026-01-01 00:34:00,user4751@example.com,user4751,203.0,S007,3,30,P1708,Low,290.0,342.2
U04752,TXN104752,West,2025-12-16,Sports,4169.2,Completed,Mumbai,44,Basic,2025-12-16 01:07:00,user4752@example.com,user4752,1042.3,S086,4,30,P1249,Urgent,1489.0,1757.02
U04753,TXN104753,South,2025-10-31,Fashion,21578.4,Refunded,Pune,52,Premium,2025-10-31 11:34:00,user4753@example.com,user4753,2397.6,S077,9,10,P4234,Low,2664.0,3143.52
U04754,TXN104754,West,2026-04-26,Sports,30606.8,Failed,Chennai,36,Premium,2026-04-26 12:18:00,user4754@example.com,user4754,3825.85,S006,8,15,P8468,High,4501.0,5311.18
U04755,TXN104755,East,2025-04-20,Books,11132.8,Refunded,Delhi,32,Basic,2025-04-20 18:10:00,user4755@example.com,user4755,1590.4,S019,7,30,P6553,High,2272.0,2680.96
U04756,TXN104756,South,2026-01-25,Home,32976.0,Failed,Hyderabad,28,Free,2026-01-25 23:43:00,user4756@example.com,user4756,4122.0,S030,8,10,P8970,High,4580.0,5404.4
U04757,TXN104757,West,2025-04-22,Home,19229.0,Pending,Jaipur,30,Free,2025-04-22 18:01:00,user4757@example.com,user4757,2747.0,S058,7,0,P6672,Medium,2747.0,3241.46
U04758,TXN104758,West,2025-09-29,Fashion,5328.0,Completed,Bengaluru,30,Premium,2025-09-29 05:20:00,user4758@example.com,user4758,1332.0,S047,4,0,P7934,High,1332.0,1571.76
U04759,TXN104759,North,2026-03-18,Sports,43164.0,Pending,Jaipur,43,Premium,2026-03-18 16:03:00,user4759@example.com,user4759,4796.0,S078,9,0,P5037,Low,4796.0,5659.28
U04760,TXN104760,South,2025-01-27,Books,10773.0,Failed,Hyderabad,26,Basic,2025-01-27 04:54:00,user4760@example.com,user4760,3591.0,S002,3,5,P1253,High,3780.0,4460.4
U04761,TXN104761,West,2025-11-22,Electronics,3162.0,Failed,Kolkata,26,Basic,2025-11-22 06:17:00,user4761@example.com,user4761,3162.0,S041,1,0,P2954,High,3162.0,3731.16
U04762,TXN104762,East,2025-10-23,Fashion,882.4,Completed,Chennai,51,Premium,2025-10-23 19:55:00,user4762@example.com,user4762,882.4,S023,1,20,P8417,Urgent,1103.0,1301.54
U04763,TXN104763,North,2025-08-22,Books,10880.0,Refunded,Delhi,25,Free,2025-08-22 09:17:00,user4763@example.com,user4763,2720.0,S035,4,0,P1131,Low,2720.0,3209.6
U04764,TXN104764,West,2025-02-25,Books,2539.35,Failed,Chennai,55,Free,2025-02-25 17:15:00,user4764@example.com,user4764,282.15,S057,9,5,P4444,Urgent,297.0,350.46
U04765,TXN104765,South,2025-05-16,Books,39463.0,Refunded,Hyderabad,57,Premium,2025-05-16 13:33:00,user4765@example.com,user4765,3946.3,S085,10,5,P6174,Low,4154.0,4901.72
U04766,TXN104766,South,2025-03-03,Sports,10305.6,Pending,Bengaluru,61,Premium,2025-03-03 19:38:00,user4766@example.com,user4766,3435.2,S007,3,20,P3814,Urgent,4294.0,5066.92
U04767,TXN104767,East,2025-05-11,Fashion,1494.0,Refunded,Delhi,28,Premium,2025-05-11 22:26:00,user4767@example.com,user4767,498.0,S081,3,25,P9847,High,664.0,783.52
U04768,TXN104768,South,2026-04-27,Grocery,20664.0,Pending,Jaipur,46,Basic,2026-04-27 21:24:00,user4768@example.com,user4768,3444.0,S080,6,25,P7265,Urgent,4592.0,5418.56
U04769,TXN104769,North,2025-02-28,Fashion,24700.0,Completed,Pune,27,Basic,2025-02-28 14:04:00,user4769@example.com,user4769,4940.0,S057,5,0,P9831,Urgent,4940.0,5829.2
U04770,TXN104770,West,2025-06-25,Electronics,8736.0,Refunded,Delhi,57,Free,2025-06-25 03:45:00,user4770@example.com,user4770,1456.0,S029,6,20,P4909,Medium,1820.0,2147.6
U04771,TXN104771,South,2025-11-25,Grocery,7809.0,Completed,Pune,44,Free,2025-11-25 12:54:00,user4771@example.com,user4771,1952.25,S067,4,5,P8444,High,2055.0,2424.9
U04772,TXN104772,West,2025-04-08,Electronics,9985.5,Completed,Bengaluru,43,Basic,2025-04-08 07:09:00,user4772@example.com,user4772,3328.5,S015,3,30,P5001,High,4755.0,5610.9
U04773,TXN104773,South,2025-02-04,Electronics,12919.2,Failed,Mumbai,19,Free,2025-02-04 14:57:00,user4773@example.com,user4773,1845.6,S009,7,20,P6857,Medium,2307.0,2722.26
U04774,TXN104774,West,2025-05-20,Grocery,10914.0,Failed,Bengaluru,30,Free,2025-05-20 06:50:00,user4774@example.com,user4774,3638.0,S010,3,15,P7506,Low,4280.0,5050.4
U04775,TXN104775,West,2025-03-27,Home,30158.0,Failed,Jaipur,52,Free,2025-03-27 21:41:00,user4775@example.com,user4775,3769.75,S081,8,15,P9090,High,4435.0,5233.3
U04776,TXN104776,West,2025-01-07,Home,631.5,Failed,Delhi,57,Free,2025-01-07 14:10:00,user4776@example.com,user4776,631.5,S077,1,25,P5350,High,842.0,993.56
U04777,TXN104777,West,2026-04-17,Grocery,16235.0,Failed,Hyderabad,44,Premium,2026-04-17 10:24:00,user4777@example.com,user4777,1623.5,S016,10,15,P6628,Medium,1910.0,2253.8
U04778,TXN104778,West,2025-02-24,Books,804.0,Pending,Hyderabad,55,Basic,2025-02-24 22:00:00,user4778@example.com,user4778,201.0,S060,4,25,P8793,Low,268.0,316.24
U04779,TXN104779,West,2025-02-28,Home,2053.8,Failed,Pune,55,Free,2025-02-28 07:18:00,user4779@example.com,user4779,2053.8,S036,1,10,P1718,Low,2282.0,2692.76
U04780,TXN104780,West,2025-11-25,Sports,8408.0,Completed,Jaipur,55,Basic,2025-11-25 18:48:00,user4780@example.com,user4780,840.8,S032,10,20,P4929,High,1051.0,1240.18
U04781,TXN104781,North,2026-02-12,Electronics,5092.35,Pending,Bengaluru,38,Free,2026-02-12 04:58:00,user4781@example.com,user4781,1697.45,S045,3,15,P7151,Urgent,1997.0,2356.46
U04782,TXN104782,East,2025-03-24,Home,5413.1,Completed,Pune,66,Basic,2025-03-24 09:51:00,user4782@example.com,user4782,2706.55,S080,2,5,P8972,Urgent,2849.0,3361.82
U04783,TXN104783,North,2026-03-20,Books,6606.0,Failed,Pune,52,Free,2026-03-20 13:30:00,user4783@example.com,user4783,1321.2,S060,5,10,P4612,Urgent,1468.0,1732.24
U04784,TXN104784,North,2025-05-17,Grocery,2331.0,Failed,Delhi,43,Free,2025-05-17 06:43:00,user4784@example.com,user4784,777.0,S043,3,0,P4738,Low,777.0,916.86
U04785,TXN104785,West,2025-10-16,Electronics,21866.4,Failed,Chennai,19,Basic,2025-10-16 00:46:00,user4785@example.com,user4785,2429.6,S073,9,20,P4667,Medium,3037.0,3583.66
U04786,TXN104786,North,2025-12-10,Fashion,3568.5,Completed,Hyderabad,44,Basic,2025-12-10 03:36:00,user4786@example.com,user4786,713.7,S098,5,10,P1865,High,793.0,935.74
U04787,TXN104787,North,2025-12-06,Grocery,29070.0,Refunded,Delhi,18,Free,2025-12-06 01:00:00,user4787@example.com,user4787,2907.0,S012,10,5,P4055,High,3060.0,3610.8
U04788,TXN104788,West,2025-09-14,Home,10785.6,Failed,Mumbai,46,Free,2025-09-14 18:14:00,user4788@example.com,user4788,1540.8,S026,7,10,P4408,Urgent,1712.0,2020.16
U04789,TXN104789,North,2025-05-18,Electronics,39784.0,Completed,Mumbai,59,Basic,2025-05-18 11:02:00,user4789@example.com,user4789,4973.0,S007,8,0,P2068,Low,4973.0,5868.14
U04790,TXN104790,West,2025-03-11,Fashion,3831.3,Pending,Delhi,25,Premium,2025-03-11 16:47:00,user4790@example.com,user4790,3831.3,S099,1,10,P7966,Urgent,4257.0,5023.26
U04791,TXN104791,North,2025-02-28,Books,3729.6,Refunded,Jaipur,62,Free,2025-02-28 09:09:00,user4791@example.com,user4791,1864.8,S016,2,30,P1801,Urgent,2664.0,3143.52
U04792,TXN104792,South,2025-01-14,Sports,4476.0,Pending,Mumbai,41,Basic,2025-01-14 13:05:00,user4792@example.com,user4792,1492.0,S100,3,20,P1957,Medium,1865.0,2200.7
U04793,TXN104793,East,2026-03-30,Books,18810.0,Refunded,Bengaluru,29,Free,2026-03-30 07:37:00,user4793@example.com,user4793,4702.5,S085,4,5,P7435,High,4950.0,5841.0
U04794,TXN104794,North,2025-12-15,Home,23447.9,Refunded,Chennai,42,Basic,2025-12-15 07:03:00,user4794@example.com,user4794,3349.7,S057,7,5,P5085,Medium,3526.0,4160.68
U04795,TXN104795,West,2025-08-28,Sports,3439.0,Refunded,Mumbai,44,Premium,2025-08-28 16:20:00,user4795@example.com,user4795,3439.0,S096,1,5,P9882,Urgent,3620.0,4271.6
U04796,TXN104796,South,2025-07-30,Fashion,14448.0,Pending,Pune,40,Basic,2025-07-30 01:43:00,user4796@example.com,user4796,2408.0,S004,6,30,P6970,High,3440.0,4059.2
U04797,TXN104797,South,2025-10-18,Electronics,26928.0,Pending,Delhi,68,Free,2025-10-18 07:04:00,user4797@example.com,user4797,2692.8,S013,10,20,P9824,Urgent,3366.0,3971.88
U04798,TXN104798,South,2025-02-18,Fashion,4797.0,Pending,Pune,37,Premium,2025-02-18 04:31:00,user4798@example.com,user4798,1199.25,S020,4,25,P1527,High,1599.0,1886.82
U04799,TXN104799,South,2025-10-07,Books,7773.5,Pending,Delhi,29,Premium,2025-10-07 23:17:00,user4799@example.com,user4799,1554.7,S019,5,30,P1167,Urgent,2221.0,2620.78
U04800,TXN104800,West,2025-03-21,Grocery,13446.0,Completed,Hyderabad,48,Free,2025-03-21 20:26:00,user4800@example.com,user4800,1680.75,S051,8,25,P1595,Low,2241.0,2644.38
U04801,TXN104801,West,2025-12-26,Home,1262.25,Completed,Chennai,34,Basic,2025-12-26 17:57:00,user4801@example.com,user4801,1262.25,S029,1,15,P8434,Medium,1485.0,1752.3
U04802,TXN104802,East,2026-04-08,Electronics,12290.4,Refunded,Chennai,61,Basic,2026-04-08 07:06:00,user4802@example.com,user4802,1365.6,S079,9,20,P7104,High,1707.0,2014.26
U04803,TXN104803,West,2025-12-29,Sports,7805.2,Completed,Chennai,64,Premium,2025-12-29 22:36:00,user4803@example.com,user4803,1951.3,S097,4,5,P4840,Urgent,2054.0,2423.72
U04804,TXN104804,North,2025-07-11,Home,2870.1,Completed,Mumbai,41,Free,2025-07-11 00:24:00,user4804@example.com,user4804,956.7,S031,3,10,P6965,Urgent,1063.0,1254.34
U04805,TXN104805,South,2025-08-21,Grocery,2967.2,Failed,Kolkata,19,Premium,2025-08-21 21:47:00,user4805@example.com,user4805,2967.2,S032,1,20,P5090,Low,3709.0,4376.62
U04806,TXN104806,South,2026-01-26,Electronics,17829.0,Completed,Hyderabad,32,Premium,2026-01-26 05:47:00,user4806@example.com,user4806,1981.0,S045,9,0,P9206,Medium,1981.0,2337.58
U04807,TXN104807,North,2025-07-29,Books,4856.4,Failed,Delhi,48,Premium,2025-07-29 16:46:00,user4807@example.com,user4807,607.05,S083,8,5,P2407,Low,639.0,754.02
U04808,TXN104808,South,2025-01-22,Electronics,14936.4,Failed,Mumbai,27,Premium,2025-01-22 04:22:00,user4808@example.com,user4808,1659.6,S010,9,10,P5897,Medium,1844.0,2175.92
U04809,TXN104809,North,2025-08-07,Home,3216.6,Pending,Mumbai,60,Premium,2025-08-07 17:17:00,user4809@example.com,user4809,3216.6,S050,1,10,P6507,Low,3574.0,4217.32
U04810,TXN104810,North,2025-11-03,Electronics,4395.3,Completed,Hyderabad,28,Free,2025-11-03 15:31:00,user4810@example.com,user4810,627.9,S005,7,30,P1424,Low,897.0,1058.46
U04811,TXN104811,South,2026-04-11,Electronics,9996.0,Completed,Hyderabad,59,Premium,2026-04-11 17:53:00,user4811@example.com,user4811,1666.0,S086,6,30,P3683,Urgent,2380.0,2808.4
U04812,TXN104812,West,2026-01-12,Home,2114.8,Pending,Bengaluru,50,Free,2026-01-12 22:43:00,user4812@example.com,user4812,2114.8,S006,1,15,P7923,Urgent,2488.0,2935.84
U04813,TXN104813,South,2025-08-24,Grocery,16797.2,Refunded,Kolkata,23,Premium,2025-08-24 00:47:00,user4813@example.com,user4813,2399.6,S041,7,30,P4786,Low,3428.0,4045.04
U04814,TXN104814,North,2025-04-10,Sports,847.8,Completed,Bengaluru,41,Premium,2025-04-10 11:35:00,user4814@example.com,user4814,423.9,S002,2,10,P5471,Urgent,471.0,555.78
U04815,TXN104815,North,2026-03-20,Electronics,9720.4,Completed,Pune,56,Premium,2026-03-20 04:35:00,user4815@example.com,user4815,1215.05,S027,8,5,P2032,Medium,1279.0,1509.22
U04816,TXN104816,East,2026-01-17,Books,2707.6,Completed,Delhi,27,Basic,2026-01-17 21:57:00,user4816@example.com,user4816,2707.6,S046,1,30,P7538,Urgent,3868.0,4564.24
U04817,TXN104817,North,2025-05-20,Grocery,7335.9,Pending,Chennai,48,Free,2025-05-20 09:32:00,user4817@example.com,user4817,3667.95,S034,2,5,P4864,Urgent,3861.0,4555.98
U04818,TXN104818,South,2026-01-16,Home,5846.4,Pending,Pune,64,Free,2026-01-16 10:40:00,user4818@example.com,user4818,2923.2,S064,2,10,P4006,Medium,3248.0,3832.64
U04819,TXN104819,West,2025-01-27,Electronics,7064.0,Pending,Pune,53,Basic,2025-01-27 06:59:00,user4819@example.com,user4819,1412.8,S017,5,20,P4830,Medium,1766.0,2083.88
U04820,TXN104820,West,2025-12-24,Grocery,22185.0,Completed,Mumbai,65,Free,2025-12-24 00:23:00,user4820@example.com,user4820,3697.5,S017,6,25,P8019,High,4930.0,5817.4
U04821,TXN104821,West,2025-09-05,Sports,20293.0,Pending,Kolkata,66,Basic,2025-09-05 07:17:00,user4821@example.com,user4821,2899.0,S028,7,0,P5695,Urgent,2899.0,3420.82
U04822,TXN104822,South,2025-12-02,Books,20070.0,Failed,Mumbai,18,Free,2025-12-02 23:13:00,user4822@example.com,user4822,3345.0,S028,6,25,P5249,Urgent,4460.0,5262.8
U04823,TXN104823,South,2025-03-31,Sports,2124.0,Refunded,Kolkata,65,Free,2025-03-31 14:27:00,user4823@example.com,user4823,424.8,S092,5,10,P4096,Urgent,472.0,556.96
U04824,TXN104824,West,2026-02-13,Electronics,4428.0,Completed,Kolkata,45,Premium,2026-02-13 09:14:00,user4824@example.com,user4824,1476.0,S075,3,25,P5380,Medium,1968.0,2322.24
U04825,TXN104825,East,2025-06-13,Books,7392.9,Pending,Kolkata,34,Premium,2025-06-13 05:00:00,user4825@example.com,user4825,2464.3,S036,3,5,P5411,Urgent,2594.0,3060.92
U04826,TXN104826,West,2026-02-10,Fashion,29044.5,Failed,Delhi,45,Free,2026-02-10 07:43:00,user4826@example.com,user4826,2904.45,S019,10,15,P5397,High,3417.0,4032.06
U04827,TXN104827,East,2025-06-19,Home,24504.3,Completed,Kolkata,63,Basic,2025-06-19 13:54:00,user4827@example.com,user4827,2722.7,S042,9,5,P1169,Medium,2866.0,3381.88
U04828,TXN104828,North,2025-09-06,Electronics,1188.6,Pending,Chennai,31,Premium,2025-09-06 01:13:00,user4828@example.com,user4828,594.3,S021,2,30,P3363,Medium,849.0,1001.82
U04829,TXN104829,West,2026-03-17,Electronics,3144.5,Failed,Delhi,46,Free,2026-03-17 13:28:00,user4829@example.com,user4829,628.9,S025,5,5,P8763,Medium,662.0,781.16
U04830,TXN104830,North,2025-02-07,Grocery,20613.6,Refunded,Chennai,44,Premium,2025-02-07 13:56:00,user4830@example.com,user4830,2944.8,S005,7,10,P4584,High,3272.0,3860.96
U04831,TXN104831,East,2025-04-04,Grocery,287.0,Refunded,Hyderabad,66,Basic,2025-04-04 13:11:00,user4831@example.com,user4831,143.5,S086,2,30,P8475,Medium,205.0,241.9
U04832,TXN104832,South,2025-12-21,Electronics,30304.0,Pending,Delhi,62,Basic,2025-12-21 16:20:00,user4832@example.com,user4832,3788.0,S085,8,0,P7417,Urgent,3788.0,4469.84
U04833,TXN104833,East,2025-04-27,Grocery,20520.0,Completed,Mumbai,67,Basic,2025-04-27 17:44:00,user4833@example.com,user4833,2565.0,S021,8,25,P8290,Urgent,3420.0,4035.6
U04834,TXN104834,North,2025-08-15,Home,13998.75,Completed,Kolkata,56,Basic,2025-08-15 03:14:00,user4834@example.com,user4834,2799.75,S024,5,25,P1806,Urgent,3733.0,4404.94
U04835,TXN104835,East,2025-01-24,Books,10070.8,Completed,Mumbai,29,Basic,2025-01-24 21:25:00,user4835@example.com,user4835,2517.7,S089,4,15,P2424,Medium,2962.0,3495.16
U04836,TXN104836,East,2025-04-09,Books,6399.75,Failed,Bengaluru,31,Premium,2025-04-09 09:30:00,user4836@example.com,user4836,914.25,S002,7,25,P1329,Medium,1219.0,1438.42
U04837,TXN104837,North,2025-12-14,Grocery,7786.1,Completed,Mumbai,60,Premium,2025-12-14 19:52:00,user4837@example.com,user4837,1112.3,S079,7,30,P2013,Urgent,1589.0,1875.02
U04838,TXN104838,South,2026-03-18,Home,2686.5,Completed,Mumbai,61,Basic,2026-03-18 14:31:00,user4838@example.com,user4838,2686.5,S002,1,10,P7629,Urgent,2985.0,3522.3
U04839,TXN104839,East,2025-03-26,Home,1196.8,Completed,Delhi,55,Premium,2025-03-26 04:03:00,user4839@example.com,user4839,598.4,S100,2,20,P2896,Urgent,748.0,882.64
U04840,TXN104840,East,2025-07-01,Sports,2975.0,Failed,Kolkata,67,Premium,2025-07-01 22:26:00,user4840@example.com,user4840,425.0,S077,7,0,P1872,Medium,425.0,501.5
U04841,TXN104841,West,2026-01-11,Grocery,3138.0,Failed,Pune,27,Premium,2026-01-11 03:39:00,user4841@example.com,user4841,523.0,S090,6,0,P1567,Medium,523.0,617.14
U04842,TXN104842,North,2025-01-19,Grocery,1281.6,Pending,Hyderabad,28,Free,2025-01-19 01:16:00,user4842@example.com,user4842,640.8,S032,2,20,P4310,Medium,801.0,945.18
U04843,TXN104843,South,2026-01-20,Books,38896.0,Completed,Hyderabad,37,Free,2026-01-20 12:49:00,user4843@example.com,user4843,3889.6,S033,10,20,P1842,High,4862.0,5737.16
U04844,TXN104844,North,2025-09-16,Books,17220.0,Failed,Jaipur,57,Basic,2025-09-16 21:24:00,user4844@example.com,user4844,3444.0,S072,5,30,P6108,Low,4920.0,5805.6
U04845,TXN104845,West,2026-02-03,Home,16520.0,Completed,Bengaluru,28,Basic,2026-02-03 10:13:00,user4845@example.com,user4845,3304.0,S052,5,0,P6170,Low,3304.0,3898.72
U04846,TXN104846,West,2026-02-01,Grocery,2558.25,Refunded,Pune,36,Premium,2026-02-01 01:10:00,user4846@example.com,user4846,852.75,S083,3,25,P2609,High,1137.0,1341.66
U04847,TXN104847,North,2025-09-03,Books,14664.0,Failed,Mumbai,45,Basic,2025-09-03 16:46:00,user4847@example.com,user4847,1833.0,S005,8,0,P6062,Urgent,1833.0,2162.94
U04848,TXN104848,West,2025-06-22,Sports,3614.75,Failed,Delhi,21,Premium,2025-06-22 03:39:00,user4848@example.com,user4848,722.95,S068,5,5,P6266,Urgent,761.0,897.98
U04849,TXN104849,West,2025-11-09,Grocery,3204.0,Completed,Chennai,62,Basic,2025-11-09 11:38:00,user4849@example.com,user4849,3204.0,S067,1,0,P8255,Urgent,3204.0,3780.72
U04850,TXN104850,West,2025-08-28,Electronics,14554.0,Failed,Pune,57,Premium,2025-08-28 05:19:00,user4850@example.com,user4850,1455.4,S099,10,5,P4197,High,1532.0,1807.76
U04851,TXN104851,South,2026-04-23,Fashion,16200.8,Refunded,Hyderabad,55,Free,2026-04-23 19:47:00,user4851@example.com,user4851,2025.1,S001,8,30,P6943,High,2893.0,3413.74
U04852,TXN104852,East,2025-07-17,Sports,6770.25,Pending,Kolkata,70,Free,2025-07-17 14:23:00,user4852@example.com,user4852,2256.75,S075,3,15,P6014,Medium,2655.0,3132.9
U04853,TXN104853,North,2025-07-14,Books,19978.0,Failed,Kolkata,57,Premium,2025-07-14 08:20:00,user4853@example.com,user4853,1997.8,S079,10,30,P6225,Medium,2854.0,3367.72
U04854,TXN104854,West,2025-04-27,Home,2779.7,Completed,Bengaluru,70,Premium,2025-04-27 08:18:00,user4854@example.com,user4854,2779.7,S017,1,30,P7104,Medium,3971.0,4685.78
U04855,TXN104855,South,2026-03-14,Fashion,17935.2,Completed,Jaipur,50,Basic,2026-03-14 20:23:00,user4855@example.com,user4855,2241.9,S084,8,10,P2314,High,2491.0,2939.38
U04856,TXN104856,East,2025-12-03,Grocery,24510.0,Completed,Mumbai,43,Basic,2025-12-03 19:11:00,user4856@example.com,user4856,3063.75,S040,8,5,P5060,Low,3225.0,3805.5
U04857,TXN104857,West,2025-03-03,Electronics,6270.6,Refunded,Jaipur,67,Premium,2025-03-03 05:30:00,user4857@example.com,user4857,2090.2,S050,3,30,P4647,Low,2986.0,3523.48
U04858,TXN104858,East,2026-03-30,Fashion,23038.4,Pending,Pune,36,Premium,2026-03-30 03:09:00,user4858@example.com,user4858,2879.8,S039,8,30,P3998,Urgent,4114.0,4854.52
U04859,TXN104859,West,2026-04-19,Electronics,202.3,Completed,Kolkata,65,Basic,2026-04-19 15:57:00,user4859@example.com,user4859,202.3,S001,1,30,P9836,Medium,289.0,341.02
U04860,TXN104860,East,2026-04-30,Electronics,21181.5,Refunded,Jaipur,50,Premium,2026-04-30 22:46:00,user4860@example.com,user4860,2353.5,S058,9,25,P5458,Urgent,3138.0,3702.84
U04861,TXN104861,South,2026-01-18,Fashion,15565.75,Failed,Jaipur,27,Premium,2026-01-18 07:34:00,user4861@example.com,user4861,3113.15,S063,5,5,P2712,Low,3277.0,3866.86
U04862,TXN104862,West,2026-01-30,Home,22081.5,Refunded,Chennai,64,Free,2026-01-30 04:56:00,user4862@example.com,user4862,2453.5,S034,9,30,P4571,Low,3505.0,4135.9
U04863,TXN104863,West,2026-01-27,Sports,5781.0,Failed,Chennai,40,Basic,2026-01-27 00:49:00,user4863@example.com,user4863,1445.25,S070,4,25,P4368,Low,1927.0,2273.86
U04864,TXN104864,South,2025-03-11,Sports,14860.0,Completed,Delhi,39,Free,2025-03-11 03:33:00,user4864@example.com,user4864,1486.0,S018,10,0,P3373,Urgent,1486.0,1753.48
U04865,TXN104865,South,2025-08-12,Fashion,216.6,Completed,Mumbai,23,Premium,2025-08-12 13:07:00,user4865@example.com,user4865,216.6,S055,1,5,P9435,Low,228.0,269.04
U04866,TXN104866,South,2025-02-03,Fashion,15400.0,Pending,Hyderabad,66,Free,2025-02-03 10:56:00,user4866@example.com,user4866,1925.0,S087,8,0,P7714,High,1925.0,2271.5
U04867,TXN104867,South,2025-12-26,Grocery,3520.8,Failed,Kolkata,54,Basic,2025-12-26 18:27:00,user4867@example.com,user4867,3520.8,S017,1,20,P3449,Medium,4401.0,5193.18
U04868,TXN104868,East,2025-08-08,Grocery,7712.0,Completed,Mumbai,50,Basic,2025-08-08 22:01:00,user4868@example.com,user4868,964.0,S069,8,20,P6888,Low,1205.0,1421.9
U04869,TXN104869,South,2025-03-21,Home,25676.8,Pending,Bengaluru,61,Basic,2025-03-21 13:03:00,user4869@example.com,user4869,3209.6,S067,8,20,P9505,Low,4012.0,4734.16
U04870,TXN104870,South,2026-05-01,Electronics,6330.8,Completed,Delhi,47,Free,2026-05-01 23:14:00,user4870@example.com,user4870,3165.4,S020,2,5,P9250,High,3332.0,3931.76
U04871,TXN104871,East,2025-03-24,Electronics,825.0,Completed,Chennai,60,Premium,2025-03-24 21:10:00,user4871@example.com,user4871,165.0,S038,5,0,P2289,Medium,165.0,194.7
U04872,TXN104872,North,2025-06-10,Books,9799.2,Pending,Delhi,18,Premium,2025-06-10 20:31:00,user4872@example.com,user4872,1224.9,S068,8,10,P3576,Low,1361.0,1605.98
U04873,TXN104873,North,2025-05-18,Fashion,3602.0,Failed,Chennai,40,Basic,2025-05-18 14:41:00,user4873@example.com,user4873,1801.0,S050,2,0,P3328,Medium,1801.0,2125.18
U04874,TXN104874,South,2025-05-18,Sports,16290.0,Completed,Jaipur,25,Premium,2025-05-18 17:15:00,user4874@example.com,user4874,1629.0,S029,10,0,P7197,Urgent,1629.0,1922.22
U04875,TXN104875,North,2025-01-28,Books,1792.0,Pending,Hyderabad,63,Basic,2025-01-28 04:12:00,user4875@example.com,user4875,358.4,S040,5,30,P9951,Medium,512.0,604.16
U04876,TXN104876,North,2025-01-30,Fashion,7996.8,Completed,Hyderabad,27,Free,2025-01-30 21:36:00,user4876@example.com,user4876,1142.4,S015,7,30,P4984,Medium,1632.0,1925.76
U04877,TXN104877,East,2025-09-29,Books,11677.5,Refunded,Bengaluru,37,Basic,2025-09-29 03:09:00,user4877@example.com,user4877,1297.5,S054,9,25,P4755,High,1730.0,2041.4
U04878,TXN104878,West,2025-04-22,Grocery,10689.0,Failed,Pune,40,Basic,2025-04-22 06:47:00,user4878@example.com,user4878,1527.0,S083,7,25,P2882,Low,2036.0,2402.48
U04879,TXN104879,South,2025-03-18,Sports,13302.0,Refunded,Hyderabad,59,Free,2025-03-18 09:03:00,user4879@example.com,user4879,3325.5,S026,4,25,P9399,Medium,4434.0,5232.12
U04880,TXN104880,East,2025-11-09,Home,21200.0,Pending,Mumbai,47,Basic,2025-11-09 15:13:00,user4880@example.com,user4880,2120.0,S028,10,0,P6811,Low,2120.0,2501.6
U04881,TXN104881,West,2025-11-14,Home,13338.0,Pending,Bengaluru,42,Free,2025-11-14 10:26:00,user4881@example.com,user4881,1482.0,S076,9,5,P6481,Low,1560.0,1840.8
U04882,TXN104882,West,2025-04-24,Books,3672.0,Completed,Bengaluru,33,Premium,2025-04-24 05:23:00,user4882@example.com,user4882,367.2,S051,10,20,P8690,Medium,459.0,541.62
U04883,TXN104883,East,2025-12-01,Sports,11268.0,Failed,Pune,63,Premium,2025-12-01 04:27:00,user4883@example.com,user4883,2253.6,S031,5,10,P8406,Low,2504.0,2954.72
U04884,TXN104884,South,2025-01-08,Sports,26187.0,Refunded,Kolkata,67,Free,2025-01-08 21:44:00,user4884@example.com,user4884,2618.7,S011,10,30,P3091,High,3741.0,4414.38
U04885,TXN104885,East,2025-12-02,Grocery,27792.45,Failed,Bengaluru,35,Free,2025-12-02 20:57:00,user4885@example.com,user4885,3970.35,S013,7,15,P2540,High,4671.0,5511.78
U04886,TXN104886,East,2025-07-10,Grocery,1796.9,Failed,Bengaluru,24,Premium,2025-07-10 18:18:00,user4886@example.com,user4886,256.7,S066,7,15,P4343,Urgent,302.0,356.36
U04887,TXN104887,East,2026-01-26,Fashion,7560.0,Pending,Delhi,63,Premium,2026-01-26 17:39:00,user4887@example.com,user4887,1080.0,S019,7,0,P8792,Low,1080.0,1274.4
U04888,TXN104888,West,2025-03-26,Electronics,1262.25,Refunded,Delhi,44,Basic,2025-03-26 06:37:00,user4888@example.com,user4888,140.25,S096,9,15,P4491,Low,165.0,194.7
U04889,TXN104889,North,2025-07-02,Sports,18449.25,Completed,Kolkata,52,Premium,2025-07-02 13:01:00,user4889@example.com,user4889,3689.85,S002,5,15,P8851,Medium,4341.0,5122.38
U04890,TXN104890,West,2026-03-03,Sports,17760.0,Failed,Bengaluru,42,Free,2026-03-03 04:26:00,user4890@example.com,user4890,2220.0,S020,8,25,P9170,Urgent,2960.0,3492.8
U04891,TXN104891,South,2025-12-03,Books,19468.8,Failed,Bengaluru,21,Free,2025-12-03 02:03:00,user4891@example.com,user4891,2433.6,S020,8,10,P3959,Low,2704.0,3190.72
U04892,TXN104892,South,2026-01-21,Books,18273.3,Pending,Chennai,62,Basic,2026-01-21 23:56:00,user4892@example.com,user4892,3045.55,S061,6,15,P4937,High,3583.0,4227.94
U04893,TXN104893,West,2025-11-11,Electronics,17757.6,Pending,Delhi,51,Free,2025-11-11 14:55:00,user4893@example.com,user4893,2959.6,S025,6,30,P5058,Medium,4228.0,4989.04
U04894,TXN104894,South,2025-10-21,Home,8589.25,Failed,Pune,28,Free,2025-10-21 06:38:00,user4894@example.com,user4894,1717.85,S094,5,15,P9951,Low,2021.0,2384.78
U04895,TXN104895,West,2025-11-17,Books,22614.75,Completed,Pune,26,Basic,2025-11-17 08:44:00,user4895@example.com,user4895,4522.95,S096,5,5,P8570,Low,4761.0,5617.98
U04896,TXN104896,North,2025-11-22,Electronics,12776.0,Pending,Jaipur,63,Premium,2025-11-22 18:46:00,user4896@example.com,user4896,1597.0,S084,8,0,P6982,High,1597.0,1884.46
U04897,TXN104897,North,2025-01-25,Grocery,21217.5,Failed,Chennai,34,Basic,2025-01-25 12:57:00,user4897@example.com,user4897,4243.5,S028,5,10,P7099,High,4715.0,5563.7
U04898,TXN104898,South,2026-02-12,Sports,3542.4,Refunded,Delhi,52,Free,2026-02-12 05:35:00,user4898@example.com,user4898,1180.8,S049,3,10,P8652,Urgent,1312.0,1548.16
U04899,TXN104899,North,2026-01-28,Grocery,1519.2,Failed,Mumbai,18,Free,2026-01-28 13:41:00,user4899@example.com,user4899,168.8,S033,9,20,P5070,Medium,211.0,248.98
U04900,TXN104900,East,2026-03-31,Sports,1584.4,Pending,Pune,54,Free,2026-03-31 18:49:00,user4900@example.com,user4900,396.1,S019,4,15,P8061,Urgent,466.0,549.88
U04901,TXN104901,North,2025-01-06,Books,27229.5,Pending,Mumbai,47,Basic,2025-01-06 15:08:00,user4901@example.com,user4901,3025.5,S073,9,25,P1478,Medium,4034.0,4760.12
U04902,TXN104902,North,2025-03-19,Electronics,7106.0,Pending,Kolkata,24,Premium,2025-03-19 18:28:00,user4902@example.com,user4902,3553.0,S081,2,0,P4997,Low,3553.0,4192.54
U04903,TXN104903,North,2025-01-07,Electronics,14804.8,Refunded,Pune,25,Basic,2025-01-07 13:04:00,user4903@example.com,user4903,1850.6,S086,8,5,P1560,Urgent,1948.0,2298.64
U04904,TXN104904,West,2026-04-19,Books,12461.85,Failed,Delhi,50,Free,2026-04-19 19:08:00,user4904@example.com,user4904,4153.95,S057,3,15,P7941,Low,4887.0,5766.66
U04905,TXN104905,South,2026-01-18,Sports,6300.0,Failed,Pune,31,Basic,2026-01-18 06:45:00,user4905@example.com,user4905,700.0,S035,9,30,P8672,Low,1000.0,1180.0
U04906,TXN104906,South,2025-04-08,Fashion,5618.3,Refunded,Bengaluru,25,Premium,2025-04-08 02:25:00,user4906@example.com,user4906,2809.15,S079,2,5,P5708,Urgent,2957.0,3489.26
U04907,TXN104907,South,2025-02-16,Sports,5001.75,Pending,Delhi,59,Premium,2025-02-16 14:29:00,user4907@example.com,user4907,1667.25,S003,3,25,P7527,Low,2223.0,2623.14
U04908,TXN104908,West,2025-01-31,Fashion,26838.0,Refunded,Bengaluru,45,Premium,2025-01-31 23:50:00,user4908@example.com,user4908,4473.0,S036,6,10,P8789,Low,4970.0,5864.6
U04909,TXN104909,East,2025-08-05,Home,4348.8,Failed,Jaipur,59,Basic,2025-08-05 21:43:00,user4909@example.com,user4909,1087.2,S078,4,10,P9633,Urgent,1208.0,1425.44
U04910,TXN104910,South,2026-03-13,Electronics,1527.6,Completed,Kolkata,51,Basic,2026-03-13 21:05:00,user4910@example.com,user4910,509.2,S035,3,5,P4723,High,536.0,632.48
U04911,TXN104911,East,2025-05-11,Fashion,8063.6,Completed,Jaipur,31,Free,2025-05-11 01:53:00,user4911@example.com,user4911,1007.95,S072,8,5,P7901,High,1061.0,1251.98
U04912,TXN104912,North,2025-11-16,Sports,8754.25,Failed,Bengaluru,62,Basic,2025-11-16 20:13:00,user4912@example.com,user4912,1750.85,S061,5,5,P2399,High,1843.0,2174.74
U04913,TXN104913,North,2025-08-01,Grocery,4745.25,Refunded,Chennai,51,Free,2025-08-01 17:25:00,user4913@example.com,user4913,949.05,S052,5,5,P4030,Low,999.0,1178.82
U04914,TXN104914,West,2025-04-08,Grocery,5454.9,Refunded,Mumbai,34,Free,2025-04-08 14:12:00,user4914@example.com,user4914,2727.45,S050,2,5,P9882,Urgent,2871.0,3387.78
U04915,TXN104915,South,2025-11-29,Electronics,8176.0,Completed,Pune,36,Basic,2025-11-29 09:38:00,user4915@example.com,user4915,1022.0,S030,8,0,P4750,High,1022.0,1205.96
U04916,TXN104916,South,2025-11-29,Books,20844.0,Pending,Mumbai,58,Free,2025-11-29 13:52:00,user4916@example.com,user4916,2316.0,S072,9,20,P5549,Low,2895.0,3416.1
U04917,TXN104917,North,2025-09-25,Home,20174.75,Pending,Mumbai,59,Premium,2025-09-25 12:12:00,user4917@example.com,user4917,4034.95,S029,5,15,P3194,Urgent,4747.0,5601.46
U04918,TXN104918,East,2025-01-10,Fashion,19830.0,Completed,Bengaluru,40,Premium,2025-01-10 13:58:00,user4918@example.com,user4918,1983.0,S046,10,0,P4404,Urgent,1983.0,2339.94
U04919,TXN104919,West,2026-03-10,Sports,30249.0,Pending,Pune,64,Basic,2026-03-10 12:46:00,user4919@example.com,user4919,3361.0,S052,9,0,P2193,Urgent,3361.0,3965.98
U04920,TXN104920,South,2025-02-06,Home,5163.0,Completed,Delhi,59,Premium,2025-02-06 01:41:00,user4920@example.com,user4920,1721.0,S029,3,0,P1292,Low,1721.0,2030.78
U04921,TXN104921,South,2026-04-10,Electronics,19142.4,Refunded,Hyderabad,20,Free,2026-04-10 10:11:00,user4921@example.com,user4921,3190.4,S073,6,20,P8203,Medium,3988.0,4705.84
U04922,TXN104922,North,2025-05-24,Fashion,4344.0,Failed,Kolkata,40,Premium,2025-05-24 21:12:00,user4922@example.com,user4922,724.0,S038,6,0,P2003,Low,724.0,854.32
U04923,TXN104923,North,2026-04-03,Electronics,20196.0,Completed,Kolkata,53,Basic,2026-04-03 13:40:00,user4923@example.com,user4923,4039.2,S098,5,10,P9531,Low,4488.0,5295.84
U04924,TXN104924,West,2025-10-02,Fashion,953.4,Completed,Mumbai,64,Basic,2025-10-02 19:51:00,user4924@example.com,user4924,953.4,S045,1,30,P6663,Urgent,1362.0,1607.16
U04925,TXN104925,East,2025-10-03,Books,11910.15,Completed,Kolkata,51,Free,2025-10-03 11:40:00,user4925@example.com,user4925,1701.45,S015,7,5,P4811,Medium,1791.0,2113.38
U04926,TXN104926,West,2025-02-28,Books,3641.4,Completed,Mumbai,56,Premium,2025-02-28 23:35:00,user4926@example.com,user4926,606.9,S069,6,15,P6068,Medium,714.0,842.52
U04927,TXN104927,East,2026-02-06,Fashion,13174.4,Refunded,Hyderabad,65,Basic,2026-02-06 10:50:00,user4927@example.com,user4927,3293.6,S087,4,20,P9690,Low,4117.0,4858.06
U04928,TXN104928,South,2025-01-31,Fashion,9416.0,Failed,Delhi,65,Free,2025-01-31 19:26:00,user4928@example.com,user4928,1177.0,S006,8,0,P3466,Low,1177.0,1388.86
U04929,TXN104929,North,2025-01-16,Fashion,7745.2,Pending,Delhi,31,Basic,2025-01-16 11:56:00,user4929@example.com,user4929,968.15,S089,8,15,P5368,Low,1139.0,1344.02
U04930,TXN104930,North,2026-01-25,Sports,3685.5,Pending,Kolkata,43,Free,2026-01-25 17:48:00,user4930@example.com,user4930,526.5,S021,7,25,P7936,Medium,702.0,828.36
U04931,TXN104931,North,2025-07-05,Home,5798.25,Failed,Delhi,48,Free,2025-07-05 17:25:00,user4931@example.com,user4931,1932.75,S100,3,25,P9191,Medium,2577.0,3040.86
U04932,TXN104932,East,2025-03-06,Grocery,7733.6,Refunded,Chennai,52,Premium,2025-03-06 11:20:00,user4932@example.com,user4932,1104.8,S014,7,20,P4053,High,1381.0,1629.58
U04933,TXN104933,East,2026-04-14,Sports,15147.0,Completed,Hyderabad,53,Free,2026-04-14 15:39:00,user4933@example.com,user4933,3029.4,S078,5,15,P3117,High,3564.0,4205.52
U04934,TXN104934,South,2026-04-08,Books,4333.5,Refunded,Chennai,54,Basic,2026-04-08 08:26:00,user4934@example.com,user4934,866.7,S086,5,10,P4817,Medium,963.0,1136.34
U04935,TXN104935,North,2025-05-16,Electronics,14175.7,Failed,Pune,21,Free,2025-05-16 08:37:00,user4935@example.com,user4935,2025.1,S095,7,30,P1230,Medium,2893.0,3413.74
U04936,TXN104936,West,2026-04-28,Grocery,2022.3,Refunded,Pune,68,Basic,2026-04-28 23:30:00,user4936@example.com,user4936,288.9,S024,7,10,P4563,High,321.0,378.78
U04937,TXN104937,West,2025-12-02,Books,6360.0,Completed,Hyderabad,39,Basic,2025-12-02 01:59:00,user4937@example.com,user4937,3180.0,S040,2,0,P9216,Low,3180.0,3752.4
U04938,TXN104938,West,2026-03-24,Books,25498.8,Completed,Bengaluru,45,Basic,2026-03-24 19:17:00,user4938@example.com,user4938,4249.8,S065,6,10,P9864,High,4722.0,5571.96
U04939,TXN104939,West,2025-05-05,Fashion,22071.0,Completed,Bengaluru,33,Free,2025-05-05 07:47:00,user4939@example.com,user4939,3153.0,S022,7,0,P8435,Low,3153.0,3720.54
U04940,TXN104940,East,2026-02-01,Fashion,4354.8,Pending,Pune,37,Premium,2026-02-01 04:09:00,user4940@example.com,user4940,1088.7,S059,4,5,P1416,Medium,1146.0,1352.28
U04941,TXN104941,North,2025-06-17,Home,3339.9,Completed,Mumbai,62,Free,2025-06-17 17:40:00,user4941@example.com,user4941,3339.9,S038,1,10,P8685,High,3711.0,4378.98
U04942,TXN104942,West,2025-05-30,Electronics,11723.25,Completed,Pune,47,Premium,2025-05-30 03:13:00,user4942@example.com,user4942,1674.75,S042,7,25,P3084,Medium,2233.0,2634.94
U04943,TXN104943,North,2025-06-28,Books,30150.0,Failed,Delhi,67,Basic,2025-06-28 14:24:00,user4943@example.com,user4943,3015.0,S012,10,0,P9494,High,3015.0,3557.7
U04944,TXN104944,North,2026-02-02,Fashion,3499.2,Pending,Hyderabad,39,Basic,2026-02-02 10:38:00,user4944@example.com,user4944,437.4,S014,8,10,P2823,High,486.0,573.48
U04945,TXN104945,East,2025-09-06,Fashion,5621.4,Failed,Pune,70,Free,2025-09-06 01:36:00,user4945@example.com,user4945,2810.7,S097,2,10,P9803,Low,3123.0,3685.14
U04946,TXN104946,South,2025-09-09,Sports,805.8,Completed,Pune,56,Basic,2025-09-09 02:43:00,user4946@example.com,user4946,268.6,S029,3,15,P8242,Medium,316.0,372.88
U04947,TXN104947,East,2025-07-09,Fashion,16383.75,Failed,Bengaluru,44,Free,2025-07-09 16:47:00,user4947@example.com,user4947,3276.75,S033,5,25,P5968,High,4369.0,5155.42
U04948,TXN104948,South,2025-11-30,Fashion,8092.8,Pending,Mumbai,60,Basic,2025-11-30 21:17:00,user4948@example.com,user4948,1348.8,S095,6,20,P5226,High,1686.0,1989.48
U04949,TXN104949,West,2026-01-19,Electronics,17214.75,Refunded,Jaipur,44,Free,2026-01-19 05:37:00,user4949@example.com,user4949,2459.25,S008,7,25,P5260,Medium,3279.0,3869.22
U04950,TXN104950,South,2025-01-01,Books,4990.5,Failed,Kolkata,23,Premium,2025-01-01 23:22:00,user4950@example.com,user4950,2495.25,S074,2,25,P6802,High,3327.0,3925.86
U04951,TXN104951,North,2025-11-14,Sports,12545.7,Pending,Hyderabad,29,Free,2025-11-14 13:49:00,user4951@example.com,user4951,4181.9,S035,3,5,P3989,Medium,4402.0,5194.36
U04952,TXN104952,North,2025-11-15,Home,15171.5,Refunded,Chennai,51,Free,2025-11-15 15:35:00,user4952@example.com,user4952,1517.15,S044,10,5,P7914,High,1597.0,1884.46
U04953,TXN104953,South,2025-10-29,Fashion,2851.2,Failed,Bengaluru,30,Free,2025-10-29 07:40:00,user4953@example.com,user4953,475.2,S041,6,10,P7071,High,528.0,623.04
U04954,TXN104954,West,2025-05-23,Sports,4082.4,Refunded,Hyderabad,36,Basic,2025-05-23 18:49:00,user4954@example.com,user4954,453.6,S014,9,20,P6518,Urgent,567.0,669.06
U04955,TXN104955,North,2026-04-13,Fashion,4241.6,Pending,Mumbai,31,Basic,2026-04-13 20:03:00,user4955@example.com,user4955,2120.8,S007,2,20,P7996,Urgent,2651.0,3128.18
U04956,TXN104956,West,2025-05-12,Books,16620.0,Pending,Jaipur,44,Premium,2025-05-12 00:29:00,user4956@example.com,user4956,4155.0,S080,4,0,P9067,Medium,4155.0,4902.9
U04957,TXN104957,West,2025-12-09,Books,26608.0,Refunded,Bengaluru,59,Basic,2025-12-09 05:23:00,user4957@example.com,user4957,3326.0,S073,8,0,P5568,Urgent,3326.0,3924.68
U04958,TXN104958,North,2025-11-30,Grocery,11355.0,Failed,Chennai,24,Basic,2025-11-30 02:54:00,user4958@example.com,user4958,2271.0,S079,5,25,P6550,High,3028.0,3573.04
U04959,TXN104959,North,2026-02-10,Home,46480.0,Pending,Bengaluru,55,Premium,2026-02-10 05:18:00,user4959@example.com,user4959,4648.0,S032,10,0,P2899,Urgent,4648.0,5484.64
U04960,TXN104960,North,2025-05-22,Electronics,14847.0,Completed,Mumbai,62,Premium,2025-05-22 07:16:00,user4960@example.com,user4960,1484.7,S061,10,30,P8509,Low,2121.0,2502.78
U04961,TXN104961,South,2025-02-22,Home,7673.4,Refunded,Hyderabad,48,Basic,2025-02-22 04:09:00,user4961@example.com,user4961,852.6,S075,9,30,P8187,Low,1218.0,1437.24
U04962,TXN104962,South,2025-05-29,Sports,1878.5,Pending,Chennai,38,Basic,2025-05-29 14:47:00,user4962@example.com,user4962,1878.5,S046,1,15,P9199,Urgent,2210.0,2607.8
U04963,TXN104963,West,2025-09-10,Electronics,20935.0,Completed,Bengaluru,58,Free,2025-09-10 06:16:00,user4963@example.com,user4963,4187.0,S059,5,0,P9857,Medium,4187.0,4940.66
U04964,TXN104964,North,2025-02-06,Books,2832.2,Refunded,Delhi,53,Free,2025-02-06 22:53:00,user4964@example.com,user4964,404.6,S094,7,15,P5967,Medium,476.0,561.68
U04965,TXN104965,North,2025-05-09,Grocery,6097.0,Refunded,Pune,33,Free,2025-05-09 14:57:00,user4965@example.com,user4965,3048.5,S071,2,30,P1119,Urgent,4355.0,5138.9
U04966,TXN104966,East,2025-03-25,Electronics,17136.0,Pending,Jaipur,66,Basic,2025-03-25 17:03:00,user4966@example.com,user4966,1904.0,S050,9,20,P6833,Low,2380.0,2808.4
U04967,TXN104967,North,2026-01-03,Home,1797.6,Completed,Jaipur,33,Premium,2026-01-03 03:21:00,user4967@example.com,user4967,256.8,S024,7,20,P5767,Low,321.0,378.78
U04968,TXN104968,South,2025-10-28,Sports,7138.3,Failed,Chennai,21,Premium,2025-10-28 11:43:00,user4968@example.com,user4968,3569.15,S027,2,5,P1424,Urgent,3757.0,4433.26
U04969,TXN104969,North,2025-03-26,Books,5957.0,Completed,Delhi,34,Basic,2025-03-26 08:07:00,user4969@example.com,user4969,851.0,S099,7,0,P4960,Medium,851.0,1004.18
U04970,TXN104970,East,2025-02-22,Fashion,21113.75,Completed,Chennai,23,Free,2025-02-22 06:54:00,user4970@example.com,user4970,4222.75,S079,5,5,P6925,Urgent,4445.0,5245.1
U04971,TXN104971,North,2025-05-12,Books,363.8,Pending,Kolkata,61,Free,2025-05-12 08:39:00,user4971@example.com,user4971,363.8,S028,1,15,P1962,Medium,428.0,505.04
U04972,TXN104972,West,2025-08-15,Books,22323.0,Completed,Kolkata,55,Premium,2025-08-15 17:21:00,user4972@example.com,user4972,2232.3,S073,10,30,P9881,Medium,3189.0,3763.02
U04973,TXN104973,East,2025-08-03,Electronics,7438.5,Pending,Jaipur,38,Premium,2025-08-03 04:10:00,user4973@example.com,user4973,3719.25,S035,2,25,P6216,Urgent,4959.0,5851.62
U04974,TXN104974,North,2025-12-28,Grocery,28728.0,Failed,Pune,36,Basic,2025-12-28 21:14:00,user4974@example.com,user4974,3192.0,S001,9,5,P7361,High,3360.0,3964.8
U04975,TXN104975,North,2025-04-26,Fashion,24097.5,Pending,Chennai,27,Free,2025-04-26 11:00:00,user4975@example.com,user4975,2677.5,S088,9,15,P8947,Medium,3150.0,3717.0
U04976,TXN104976,East,2025-06-28,Sports,1629.0,Refunded,Jaipur,29,Premium,2025-06-28 17:21:00,user4976@example.com,user4976,181.0,S025,9,0,P3031,Low,181.0,213.58
U04977,TXN104977,West,2025-02-03,Sports,10008.75,Pending,Chennai,62,Basic,2025-02-03 01:10:00,user4977@example.com,user4977,2001.75,S006,5,25,P8878,Low,2669.0,3149.42
U04978,TXN104978,South,2025-04-14,Books,1094.1,Pending,Bengaluru,53,Basic,2025-04-14 17:11:00,user4978@example.com,user4978,364.7,S023,3,30,P9713,Low,521.0,614.78
U04979,TXN104979,South,2026-01-21,Grocery,13927.2,Completed,Hyderabad,34,Basic,2026-01-21 20:18:00,user4979@example.com,user4979,3481.8,S058,4,30,P8751,High,4974.0,5869.32
U04980,TXN104980,West,2025-01-29,Sports,32310.0,Completed,Kolkata,32,Basic,2025-01-29 10:30:00,user4980@example.com,user4980,3231.0,S005,10,0,P6292,Urgent,3231.0,3812.58
U04981,TXN104981,West,2025-05-31,Fashion,24930.0,Pending,Bengaluru,20,Basic,2025-05-31 17:16:00,user4981@example.com,user4981,2493.0,S042,10,25,P3463,Medium,3324.0,3922.32
U04982,TXN104982,South,2025-09-29,Electronics,16270.8,Pending,Pune,59,Premium,2025-09-29 13:42:00,user4982@example.com,user4982,2711.8,S090,6,30,P7955,High,3874.0,4571.32
U04983,TXN104983,South,2025-04-09,Home,9970.8,Refunded,Mumbai,41,Basic,2025-04-09 16:25:00,user4983@example.com,user4983,3323.6,S037,3,30,P7589,Urgent,4748.0,5602.64
U04984,TXN104984,West,2025-11-05,Sports,27126.0,Refunded,Mumbai,59,Free,2025-11-05 09:33:00,user4984@example.com,user4984,3014.0,S064,9,0,P1798,Urgent,3014.0,3556.52
U04985,TXN104985,North,2025-06-14,Sports,2278.5,Completed,Mumbai,38,Free,2025-06-14 16:34:00,user4985@example.com,user4985,325.5,S007,7,25,P8851,High,434.0,512.12
U04986,TXN104986,East,2025-08-30,Grocery,6628.5,Pending,Delhi,21,Free,2025-08-30 20:46:00,user4986@example.com,user4986,3314.25,S021,2,25,P4653,Urgent,4419.0,5214.42
U04987,TXN104987,West,2026-03-25,Home,5662.5,Completed,Hyderabad,55,Basic,2026-03-25 03:23:00,user4987@example.com,user4987,1132.5,S084,5,25,P1471,Urgent,1510.0,1781.8
U04988,TXN104988,East,2026-02-03,Electronics,2126.4,Failed,Bengaluru,55,Basic,2026-02-03 01:27:00,user4988@example.com,user4988,2126.4,S034,1,20,P2655,Low,2658.0,3136.44
U04989,TXN104989,North,2025-10-01,Sports,16321.9,Refunded,Pune,48,Premium,2025-10-01 05:43:00,user4989@example.com,user4989,2331.7,S037,7,30,P5016,Low,3331.0,3930.58
U04990,TXN104990,West,2025-07-04,Books,1181.8,Pending,Jaipur,54,Basic,2025-07-04 13:52:00,user4990@example.com,user4990,295.45,S052,4,5,P9687,Medium,311.0,366.98
U04991,TXN104991,North,2025-09-23,Fashion,11472.0,Completed,Pune,50,Premium,2025-09-23 11:53:00,user4991@example.com,user4991,3824.0,S100,3,20,P5156,Low,4780.0,5640.4
U04992,TXN104992,South,2025-04-24,Books,8044.0,Pending,Hyderabad,51,Basic,2025-04-24 18:02:00,user4992@example.com,user4992,1608.8,S078,5,20,P4782,Medium,2011.0,2372.98
U04993,TXN104993,North,2025-03-22,Books,2509.5,Refunded,Mumbai,59,Free,2025-03-22 10:17:00,user4993@example.com,user4993,2509.5,S041,1,25,P5084,High,3346.0,3948.28
U04994,TXN104994,West,2025-03-01,Fashion,37506.0,Completed,Delhi,57,Basic,2025-03-01 14:35:00,user4994@example.com,user4994,3750.6,S050,10,5,P2700,High,3948.0,4658.64
U04995,TXN104995,South,2025-06-20,Books,24441.75,Completed,Jaipur,33,Premium,2025-06-20 10:11:00,user4995@example.com,user4995,2715.75,S096,9,15,P1492,Low,3195.0,3770.1
U04996,TXN104996,West,2025-06-27,Home,22801.5,Pending,Hyderabad,21,Premium,2025-06-27 14:25:00,user4996@example.com,user4996,2533.5,S038,9,10,P7313,Medium,2815.0,3321.7
U04997,TXN104997,East,2025-03-20,Sports,7405.2,Refunded,Pune,23,Basic,2025-03-20 12:48:00,user4997@example.com,user4997,925.65,S080,8,15,P7169,Medium,1089.0,1285.02
U04998,TXN104998,East,2025-02-24,Home,3744.0,Completed,Delhi,26,Premium,2025-02-24 17:10:00,user4998@example.com,user4998,3744.0,S010,1,10,P9566,High,4160.0,4908.8
U04999,TXN104999,West,2025-06-23,Books,1568.7,Pending,Jaipur,21,Basic,2025-06-23 21:49:00,user4999@example.com,user4999,1568.7,S069,1,30,P6961,Medium,2241.0,2644.38
U05000,TXN105000,West,2026-01-31,Fashion,18337.05,Pending,Hyderabad,50,Premium,2026-01-31 19:48:00,user5000@example.com,user5000,2037.45,S042,9,15,P3000,High,2397.0,2828.46
