item_id,order_id,product_id,quantity,unit_price
1,1,283,5,3016.18
2,1,246,2,3525.08
3,2,108,2,4247.77
4,2,156,4,1668.01
5,2,130,2,2865.93
6,2,215,1,4810.41
7,2,3,1,1522.86
8,3,36,5,4927.12
9,3,299,3,2934.44
10,3,121,3,1251.8
11,3,138,5,2130.43
12,3,96,1,3005.77
13,4,167,5,4749.53
14,4,82,1,3709.6
15,4,292,5,755.69
16,4,1,2,1481.64
17,4,141,5,3675.4
18,5,229,3,2059.33
19,5,11,1,3827.99
20,5,148,2,2487.42
21,6,227,1,2621.6
22,6,77,5,2109.87
23,6,44,3,1430.35
24,6,291,2,2231.01
25,6,248,5,3982.46
26,7,300,4,4157.68
27,8,187,5,3860.16
28,8,175,3,1767.78
29,8,31,3,482.94
30,9,16,5,1475.93
31,9,263,1,154.78
32,9,246,3,3756.49
33,9,38,1,3256.31
34,10,89,5,880.16
35,10,160,5,3972.29
36,10,245,3,3520.5
37,10,105,4,3258.87
38,10,142,1,3073.4
39,11,71,2,2776.77
40,12,223,2,2394.14
41,12,13,3,3966.15
42,13,46,2,1709.67
43,14,148,4,4805.16
44,14,107,4,1823.11
45,14,75,3,3910.05
46,14,140,5,3134.74
47,15,84,4,3055.37
48,15,60,2,2108.85
49,15,82,3,2346.06
50,15,230,4,4707.84
51,16,213,1,4989.35
52,16,104,3,3687.62
53,17,267,2,1688.31
54,17,143,3,2032.67
55,17,10,5,3811.59
56,17,161,2,4982.28
57,17,53,5,601.39
58,18,164,5,3206.7
59,18,255,3,2654.54
60,19,63,2,2612.03
61,19,110,4,701.05
62,20,50,4,845.45
63,20,30,3,1363.27
64,20,207,5,625.37
65,20,101,2,4438.61
66,20,185,2,3512.77
67,21,207,5,3985.89
68,22,1,1,4710.53
69,22,147,3,4615.07
70,22,279,1,3670.18
71,22,92,4,4185.49
72,22,83,5,1714.01
73,23,208,2,2660.57
74,23,67,1,2832.83
75,23,149,3,3297.17
76,24,73,5,3585.66
77,24,26,3,3493.94
78,24,31,4,3499.45
79,25,225,1,745.58
80,25,208,1,747.15
81,26,208,4,473.23
82,26,206,4,1104.34
83,26,284,3,4372.78
84,26,85,2,4824.1
85,26,97,1,4099.57
86,27,29,4,2542.59
87,28,71,3,4736.16
88,28,26,4,2837.83
89,29,66,2,4107.55
90,29,132,3,4381.91
91,30,105,1,321.47
92,30,249,2,3959.01
93,31,127,4,3174.85
94,31,180,3,1534.89
95,31,38,5,4345.81
96,31,178,2,764.66
97,32,33,1,1176.22
98,33,8,2,2597.5
99,33,187,5,1140.05
100,33,232,3,2118.61
101,34,74,2,3106.64
102,34,196,4,3097.77
103,35,157,5,3372.91
104,35,34,3,4756.89
105,35,9,4,3854.88
106,35,295,5,4085.53
107,35,89,5,2926.25
108,36,130,3,241.04
109,36,123,2,1821.78
110,36,151,4,4290.71
111,36,125,5,1381.11
112,37,153,3,793.65
113,37,77,1,1107.62
114,38,94,4,422.13
115,38,299,4,3432.9
116,39,262,2,3630.79
117,40,40,4,1037.78
118,40,104,1,3900.09
119,41,254,2,3830.51
120,41,16,2,2576.1
121,41,100,2,1880.15
122,41,143,5,1676.35
123,42,152,5,2657.68
124,42,242,4,2457.68
125,43,248,5,2885.31
126,44,263,1,4234.0
127,44,275,1,4394.98
128,44,235,5,3168.47
129,45,99,2,4288.89
130,46,286,1,1659.76
131,46,228,1,852.12
132,46,173,3,2796.54
133,46,195,1,4452.19
134,46,149,2,1503.82
135,47,59,5,600.27
136,47,225,4,997.7
137,47,289,2,2430.1
138,47,203,5,3939.33
139,48,77,5,4059.82
140,49,252,3,1331.87
141,50,201,1,930.57
142,50,250,4,3452.0
143,50,169,2,4298.82
144,50,202,5,1023.02
145,50,96,4,4501.98
146,51,190,4,2053.02
147,51,214,1,1265.06
148,51,22,4,2759.52
149,51,112,4,1152.86
150,51,34,1,649.29
151,52,40,3,2675.81
152,52,75,3,3146.2
153,52,127,1,3352.23
154,52,247,3,3909.14
155,53,69,3,1966.23
156,53,39,1,1263.5
157,53,163,2,4822.48
158,53,68,5,475.48
159,53,242,2,4120.52
160,54,253,2,1666.28
161,54,231,4,3180.96
162,54,242,2,2175.21
163,54,298,1,932.49
164,54,52,1,3689.24
165,55,19,2,3825.21
166,56,243,1,1303.62
167,56,108,4,3915.9
168,56,141,2,2778.15
169,56,42,4,2047.98
170,57,231,3,835.5
171,57,171,5,1595.26
172,57,87,2,4210.22
173,58,285,5,2206.53
174,58,153,2,1640.58
175,58,28,4,2057.39
176,59,271,1,4181.47
177,59,206,4,3628.62
178,60,114,3,2288.26
179,60,125,3,2707.56
180,60,20,4,135.96
181,60,202,4,1811.66
182,61,144,1,2712.3
183,61,191,3,4317.99
184,61,31,5,2602.52
185,61,264,4,776.87
186,61,261,4,778.74
187,62,137,2,1600.61
188,62,297,4,4275.82
189,62,224,5,1567.06
190,63,204,2,3563.64
191,63,281,2,1249.76
192,63,152,4,1255.32
193,63,290,5,2113.7
194,63,92,1,2503.18
195,64,267,4,1976.9
196,64,300,5,1489.23
197,65,279,5,3677.18
198,66,107,1,469.17
199,67,57,2,1517.86
200,67,238,3,4280.7
201,67,47,3,3157.54
202,67,89,1,4985.37
203,67,297,4,725.2
204,68,300,1,3869.4
205,68,149,2,2518.13
206,68,41,4,1752.0
207,68,202,1,1719.56
208,69,59,4,2791.69
209,69,238,3,1616.15
210,69,174,4,2484.66
211,70,82,1,3979.07
212,70,90,2,4925.2
213,71,280,1,262.97
214,71,186,1,3344.42
215,71,2,3,4676.12
216,71,65,1,1363.08
217,71,131,2,1115.84
218,72,18,2,4197.35
219,72,51,4,4510.69
220,72,76,3,4752.77
221,72,24,3,2024.93
222,73,36,2,1641.34
223,73,246,1,2982.85
224,74,54,3,2596.99
225,75,24,1,2595.85
226,75,86,3,4681.8
227,76,91,2,4748.35
228,76,50,3,3762.93
229,76,203,1,2359.18
230,76,117,3,1934.2
231,77,218,5,3673.02
232,78,271,2,2046.57
233,78,66,2,3045.91
234,78,164,3,812.37
235,79,193,4,4991.78
236,79,213,5,2270.99
237,79,248,1,144.33
238,79,121,3,4011.63
239,79,89,3,4191.19
240,80,138,1,3382.58
241,80,209,2,766.44
242,80,173,4,3969.86
243,80,252,5,809.65
244,80,161,5,2939.05
245,81,126,2,4501.74
246,81,222,2,110.56
247,81,22,2,2382.97
248,82,63,5,3777.01
249,82,230,3,4663.81
250,82,73,1,2854.82
251,83,291,2,915.6
252,84,155,5,1712.77
253,84,169,2,1189.76
254,84,64,2,1995.94
255,85,137,4,1242.59
256,85,44,3,641.92
257,85,178,1,4172.69
258,85,134,4,845.64
259,85,261,5,3187.69
260,86,162,2,1982.46
261,86,161,4,1981.03
262,86,289,5,668.57
263,87,11,3,1145.72
264,87,60,2,4361.22
265,87,282,2,3017.12
266,88,14,4,4484.56
267,88,186,1,1445.5
268,88,57,4,3829.68
269,89,218,2,507.69
270,89,159,3,4703.17
271,89,213,1,2380.55
272,89,172,4,4169.22
273,89,228,5,4946.93
274,90,89,2,136.29
275,90,154,3,3492.35
276,90,16,2,2429.37
277,90,157,3,1447.85
278,91,239,3,1687.77
279,91,24,4,1858.12
280,91,46,5,3248.49
281,91,10,4,4590.33
282,91,9,5,1229.03
283,92,74,2,4634.22
284,92,25,2,2151.61
285,92,101,4,1849.34
286,93,44,1,4934.22
287,93,135,2,482.92
288,93,51,3,1613.12
289,94,135,5,857.44
290,95,250,2,2439.38
291,95,260,1,3258.16
292,96,139,2,3511.91
293,96,117,3,2143.04
294,96,299,1,4407.29
295,96,104,3,4961.01
296,96,130,4,2182.02
297,97,117,2,2185.4
298,97,41,1,4638.78
299,97,165,4,1314.32
300,98,288,3,4979.86
301,98,283,4,3152.56
302,98,81,1,3572.24
303,98,211,5,2114.31
304,99,110,4,3221.47
305,100,110,5,4863.81
306,100,296,4,2994.27
307,100,131,3,3956.35
308,101,178,2,3594.1
309,101,134,3,3248.72
310,101,271,5,3152.07
311,101,24,4,1447.95
312,101,146,5,1821.73
313,102,153,1,1431.22
314,102,112,3,2370.37
315,102,211,3,3182.48
316,102,116,5,1511.08
317,102,132,2,3156.4
318,103,25,2,850.54
319,103,231,4,4958.66
320,103,223,5,2884.48
321,103,246,2,1654.88
322,103,95,4,2797.71
323,104,203,4,2434.23
324,104,34,1,3562.02
325,104,253,2,3535.4
326,104,249,5,2185.05
327,104,2,4,3137.75
328,105,251,2,4944.68
329,105,214,2,2806.33
330,105,143,4,253.55
331,106,213,2,1474.42
332,106,87,3,1179.99
333,106,178,1,1342.12
334,107,147,4,4786.0
335,107,1,3,1436.25
336,107,175,4,4460.47
337,107,255,1,2377.12
338,108,276,3,1207.59
339,108,241,3,2690.75
340,108,40,4,3282.85
341,108,79,1,956.41
342,109,280,1,3261.5
343,109,3,4,3539.5
344,110,101,4,612.89
345,110,103,1,4713.73
346,110,215,4,4634.83
347,110,132,2,3740.97
348,111,114,3,2922.08
349,111,161,1,1956.34
350,111,68,5,2996.97
351,112,90,3,4931.88
352,113,277,4,3409.59
353,113,262,5,2088.58
354,113,101,4,3371.7
355,113,200,4,4262.2
356,113,166,4,928.0
357,114,281,5,3379.36
358,114,235,5,1092.68
359,114,97,4,2401.93
360,115,200,1,3808.11
361,116,62,2,785.09
362,116,14,5,4834.98
363,116,3,1,1223.6
364,116,247,4,4348.5
365,117,182,4,1647.13
366,118,114,3,2075.14
367,118,131,1,739.75
368,118,278,3,2603.96
369,118,291,3,1052.41
370,118,145,2,3616.73
371,119,276,1,2819.76
372,120,43,2,1419.06
373,120,262,2,1125.29
374,120,209,4,575.73
375,121,174,2,3224.28
376,121,135,2,1997.15
377,121,67,2,1400.01
378,122,219,2,1993.7
379,122,256,4,2084.46
380,122,9,2,638.52
381,122,65,2,3424.87
382,122,203,4,931.3
383,123,158,5,623.89
384,123,212,4,485.47
385,124,96,3,1457.73
386,124,100,1,419.63
387,124,125,3,3908.25
388,125,237,2,3163.86
389,125,151,4,1160.09
390,126,147,4,2597.03
391,126,64,4,1739.15
392,126,215,5,4276.85
393,127,106,3,2810.88
394,127,192,4,3033.14
395,127,28,1,219.62
396,128,102,2,4020.59
397,128,43,5,1078.05
398,128,47,1,2487.48
399,128,270,3,1163.97
400,128,279,2,462.72
401,129,261,1,3150.47
402,130,179,4,2145.88
403,130,194,1,672.0
404,130,186,3,1402.96
405,130,32,3,3679.16
406,130,99,5,138.81
407,131,286,2,2150.37
408,131,143,1,1897.44
409,131,230,3,402.06
410,131,13,2,4116.2
411,131,137,2,3968.93
412,132,99,1,3314.71
413,132,175,1,3187.35
414,132,191,5,2829.5
415,132,23,5,2110.79
416,133,138,4,4931.82
417,134,108,5,1122.36
418,134,299,4,4636.15
419,135,144,2,3900.59
420,136,192,1,1085.79
421,137,179,5,3885.0
422,137,263,5,1422.54
423,137,154,1,2262.01
424,138,262,3,2813.35
425,139,62,5,3865.01
426,139,151,1,2777.08
427,139,58,3,497.28
428,140,91,4,2774.97
429,140,155,3,2259.62
430,140,141,5,2838.61
431,140,14,3,585.13
432,141,21,3,2178.96
433,141,14,3,1318.63
434,141,100,4,3559.98
435,142,142,2,2793.53
436,143,210,2,958.32
437,144,266,3,3790.58
438,144,9,1,2599.63
439,144,67,4,722.87
440,144,276,2,2088.51
441,145,30,4,1202.47
442,145,98,4,4951.67
443,145,29,2,4716.49
444,146,130,3,1613.46
445,146,28,5,2859.05
446,146,33,5,2985.98
447,146,50,2,1017.84
448,147,293,3,1622.58
449,147,126,1,3092.48
450,147,205,1,4083.46
451,147,209,2,1299.51
452,147,22,2,2931.5
453,148,219,3,2353.71
454,148,185,2,3030.49
455,149,253,4,3027.13
456,149,237,3,4176.62
457,149,116,2,4371.99
458,149,208,4,730.55
459,149,73,1,4243.97
460,150,238,1,3180.54
461,151,174,1,3696.17
462,151,226,4,3583.91
463,151,37,2,1189.74
464,151,8,2,615.68
465,151,60,5,1816.81
466,152,56,1,1257.11
467,152,251,1,1992.05
468,153,22,3,152.78
469,153,160,5,4214.27
470,153,234,2,906.84
471,153,253,1,384.52
472,154,247,4,368.74
473,154,139,5,2897.99
474,154,42,3,2647.18
475,154,165,1,1485.01
476,154,187,3,965.42
477,155,92,5,1630.72
478,155,205,1,677.09
479,155,109,1,1077.32
480,155,86,1,768.92
481,156,68,1,319.07
482,156,74,2,2708.12
483,157,148,2,4634.59
484,157,276,2,369.53
485,157,107,1,1339.52
486,158,143,1,1651.76
487,159,130,1,1930.13
488,159,223,3,300.12
489,160,19,1,2354.28
490,160,34,1,1710.3
491,160,136,5,1891.81
492,161,210,4,3360.77
493,162,284,4,2718.22
494,162,212,4,3023.75
495,163,36,2,3613.01
496,163,269,2,2216.37
497,163,18,5,4970.85
498,163,16,3,921.42
499,164,270,5,4952.61
500,164,54,3,2856.89
501,164,72,1,2020.94
502,165,240,2,1165.83
503,165,215,2,3574.2
504,165,239,4,2684.43
505,166,237,1,2187.67
506,166,135,3,351.03
507,167,197,3,3846.88
508,167,119,2,2704.85
509,167,178,2,4105.52
510,167,242,1,2468.85
511,167,180,3,4711.16
512,168,237,1,4000.48
513,168,269,2,1397.88
514,168,72,4,126.88
515,168,2,4,2312.59
516,169,262,5,4130.31
517,169,72,3,1837.71
518,169,59,3,3763.2
519,170,171,2,2895.86
520,170,237,1,914.18
521,170,73,5,167.36
522,171,273,4,538.48
523,172,204,5,4968.65
524,173,194,2,2806.1
525,173,16,3,2766.58
526,174,66,3,1167.25
527,174,68,1,2916.18
528,175,5,3,2552.73
529,175,154,4,2027.44
530,175,30,2,1174.25
531,176,72,5,3482.13
532,176,77,4,943.39
533,176,272,2,460.96
534,176,160,1,4921.23
535,176,147,2,4035.77
536,177,251,4,4123.46
537,177,126,3,4559.1
538,177,42,3,4138.25
539,177,238,5,4908.91
540,177,53,2,4470.18
541,178,74,3,1130.84
542,178,226,5,1935.28
543,178,41,1,2903.49
544,178,269,2,2052.25
545,179,43,5,3376.09
546,179,97,3,2493.77
547,179,206,1,2959.13
548,179,98,5,3077.53
549,179,178,1,2823.76
550,180,200,2,3929.17
551,180,203,1,997.15
552,180,265,3,2658.99
553,180,106,5,989.37
554,181,156,2,3780.93
555,182,213,3,4169.12
556,183,81,1,4816.96
557,184,267,2,454.85
558,184,210,1,3115.32
559,184,30,1,180.69
560,184,254,5,2149.35
561,185,132,3,984.59
562,186,212,1,2546.93
563,186,285,3,257.56
564,187,162,3,3577.25
565,187,167,2,4337.39
566,188,191,5,3860.09
567,188,193,3,2358.41
568,188,54,4,1076.61
569,188,144,4,3816.45
570,188,207,5,1940.04
571,189,243,5,4473.34
572,189,109,1,4096.74
573,190,126,4,1060.06
574,190,49,1,3407.96
575,191,181,4,450.84
576,192,289,4,1600.28
577,192,183,2,1998.93
578,192,226,3,1922.05
579,193,39,2,1131.74
580,193,180,1,273.66
581,194,257,3,868.02
582,194,41,5,1465.68
583,194,279,1,446.83
584,194,115,4,4819.64
585,195,118,3,2368.01
586,196,294,5,1440.91
587,196,136,1,4761.48
588,196,58,3,2749.35
589,196,1,4,2059.57
590,196,289,3,1697.15
591,197,5,5,2385.08
592,197,59,1,3940.9
593,197,13,4,1209.12
594,198,66,1,3390.68
595,199,220,2,4958.24
596,200,248,5,3075.56
597,200,135,1,1333.56
598,200,187,5,4674.63
599,200,12,2,4559.47
600,200,65,4,4604.62
601,201,36,5,4973.22
602,201,183,1,2849.01
603,201,4,1,2911.95
604,202,225,4,3333.83
605,202,63,4,2673.78
606,202,82,1,143.78
607,202,162,5,4165.65
608,203,113,5,3210.33
609,203,281,3,563.28
610,203,150,1,3115.38
611,203,120,1,729.77
612,204,52,2,4998.11
613,205,271,2,1244.78
614,205,195,2,3782.78
615,205,119,4,816.74
616,206,142,3,3757.06
617,206,167,2,853.23
618,207,269,3,1703.73
619,207,252,4,3770.23
620,207,277,5,882.25
621,207,247,1,4142.95
622,208,268,5,2560.36
623,208,7,4,239.38
624,209,163,1,2514.3
625,209,154,4,3760.59
626,210,290,1,4518.69
627,210,114,5,4281.59
628,210,90,5,3266.94
629,210,286,3,646.38
630,210,53,2,2157.91
631,211,110,5,4930.53
632,212,298,1,927.77
633,212,91,1,4834.12
634,212,74,1,2126.43
635,213,140,4,2972.52
636,213,256,2,888.09
637,213,280,1,4266.77
638,213,135,5,3839.59
639,213,1,5,4316.65
640,214,257,3,4248.02
641,215,208,3,2028.62
642,215,81,3,480.34
643,215,93,1,1471.24
644,215,260,4,1570.84
645,216,251,3,3990.21
646,216,25,1,2410.09
647,216,205,1,4155.85
648,217,64,5,2915.65
649,217,176,4,3594.01
650,218,83,1,4196.14
651,218,192,5,2759.43
652,218,70,3,3676.54
653,218,201,2,315.01
654,219,261,4,517.22
655,219,219,1,974.52
656,220,24,1,3203.64
657,220,220,3,4042.89
658,220,202,3,4518.41
659,221,59,3,928.59
660,222,165,4,960.42
661,222,104,1,3291.33
662,223,76,1,3004.3
663,223,180,4,525.27
664,223,226,2,2606.23
665,223,107,3,2098.26
666,223,142,3,1680.89
667,224,76,4,2812.39
668,224,149,3,3078.61
669,224,176,5,2653.91
670,225,217,5,3125.38
671,225,102,3,879.83
672,225,57,4,4829.76
673,225,51,4,829.16
674,226,43,3,682.16
675,226,176,2,1438.04
676,226,235,4,4210.46
677,226,26,1,2970.36
678,227,198,3,2201.59
679,227,162,4,3311.62
680,227,97,4,4318.09
681,228,207,4,349.28
682,228,196,4,3388.07
683,228,171,3,987.05
684,229,27,2,4087.45
685,230,123,2,4152.37
686,230,28,1,2521.16
687,230,31,1,1759.32
688,230,203,5,4518.23
689,231,257,3,2132.94
690,231,254,1,4483.77
691,231,298,5,2199.9
692,232,161,5,3179.71
693,232,65,3,2552.89
694,233,175,1,1006.32
695,233,172,1,812.66
696,233,53,3,549.45
697,233,96,3,2383.19
698,233,41,1,2848.11
699,234,157,3,3876.14
700,234,146,1,336.85
701,234,122,2,1295.31
702,234,182,2,2935.57
703,235,54,4,2738.28
704,235,115,5,1475.25
705,236,289,1,2464.55
706,236,114,5,1097.66
707,237,231,4,2372.49
708,237,88,4,1358.4
709,237,87,2,931.95
710,237,198,2,3865.05
711,237,48,2,2276.44
712,238,68,2,3881.17
713,238,120,4,933.27
714,238,187,3,661.52
715,238,141,4,1977.92
716,238,285,1,689.43
717,239,9,1,1841.31
718,240,112,4,1578.11
719,240,295,5,634.81
720,241,171,1,3978.45
721,241,238,4,1943.56
722,241,182,4,1209.14
723,242,39,1,4288.29
724,242,236,2,2178.17
725,242,260,1,765.99
726,242,228,4,2503.41
727,243,296,3,2085.17
728,243,98,2,4550.08
729,244,46,3,775.88
730,244,239,5,3136.8
731,244,241,1,1149.02
732,244,26,1,2722.2
733,245,191,2,3956.56
734,246,55,3,1545.61
735,246,120,5,3928.63
736,246,224,2,293.72
737,247,227,2,424.74
738,247,36,1,3832.59
739,247,216,5,4283.07
740,247,237,2,494.91
741,247,134,4,310.03
742,248,22,3,1313.77
743,248,80,5,1240.45
744,248,234,1,2178.31
745,248,130,5,4831.3
746,248,114,4,2641.6
747,249,245,1,2254.49
748,249,269,2,2279.45
749,249,275,3,541.13
750,249,52,3,4915.07
751,249,128,3,182.83
752,250,173,4,2019.1
753,250,273,5,2479.69
754,250,247,1,1527.07
755,250,77,3,3971.0
756,251,231,2,4917.57
757,251,131,5,4244.08
758,252,146,5,1087.26
759,252,162,1,998.91
760,252,145,3,3163.43
761,252,151,3,1004.33
762,253,28,3,4069.61
763,253,95,4,1710.25
764,253,61,4,2530.01
765,253,258,4,3465.38
766,253,203,1,1156.15
767,254,257,4,2676.02
768,254,204,4,513.6
769,255,6,2,1256.57
770,255,269,2,3465.53
771,255,276,1,2104.77
772,255,33,2,747.54
773,256,45,3,434.73
774,257,295,1,3777.98
775,258,141,5,322.78
776,258,279,4,4390.07
777,258,270,1,3233.93
778,259,7,1,3779.28
779,259,99,3,3333.55
780,259,261,1,1241.34
781,260,18,4,520.49
782,260,199,4,2409.74
783,260,244,2,311.22
784,261,50,2,2077.4
785,262,271,3,1537.17
786,262,223,2,3987.11
787,262,197,2,4428.71
788,262,257,4,1740.9
789,262,86,4,3503.65
790,263,74,1,1944.5
791,263,102,1,1073.71
792,263,114,1,4075.88
793,263,124,5,133.23
794,263,85,1,4188.1
795,264,103,3,4698.4
796,265,20,4,4541.26
797,265,75,1,2528.34
798,265,129,5,4824.3
799,266,96,1,1221.46
800,266,179,3,2371.68
801,266,245,4,954.62
802,266,155,5,3259.73
803,266,72,2,3842.99
804,267,232,2,581.72
805,267,120,2,4372.41
806,267,7,4,257.29
807,267,281,1,763.04
808,267,85,3,1181.33
809,268,227,3,4760.55
810,268,31,3,1890.31
811,268,62,1,2785.18
812,268,123,3,3906.46
813,268,40,4,2203.93
814,269,161,4,2067.13
815,269,36,1,3208.1
816,269,144,3,2973.73
817,270,278,3,2099.71
818,271,54,4,3070.91
819,271,194,1,918.28
820,271,174,2,1623.44
821,272,136,3,3098.35
822,272,152,5,851.35
823,272,295,3,255.8
824,273,152,3,4276.5
825,273,244,4,4477.81
826,273,39,4,2272.33
827,273,241,2,729.01
828,274,73,1,4775.98
829,274,93,3,419.14
830,274,227,2,1229.02
831,274,236,4,1225.85
832,274,224,3,941.98
833,275,49,2,921.15
834,275,288,1,1336.72
835,275,281,3,1191.43
836,275,99,1,4384.41
837,276,214,2,3119.22
838,276,191,2,518.32
839,276,248,4,200.75
840,277,182,5,4323.54
841,278,199,3,2603.68
842,278,257,5,900.85
843,278,124,3,1258.19
844,278,188,2,3363.16
845,279,118,4,2582.9
846,279,126,4,813.51
847,280,120,2,4005.26
848,280,152,3,2698.38
849,280,156,5,2384.7
850,280,140,2,2283.24
851,281,29,3,3288.84
852,281,12,4,2342.52
853,281,96,5,1405.83
854,282,205,5,4064.99
855,283,111,2,1566.4
856,283,95,4,2920.84
857,283,36,3,1295.56
858,283,254,5,1711.03
859,284,20,3,2618.73
860,284,281,1,1309.89
861,284,87,3,2139.31
862,284,129,1,1078.74
863,285,290,5,4494.5
864,285,234,2,2954.59
865,286,216,3,4230.52
866,287,219,5,470.86
867,287,15,4,1380.84
868,287,173,1,3137.41
869,288,111,1,3847.02
870,288,256,5,868.14
871,288,85,3,2753.82
872,288,281,5,385.55
873,289,150,3,414.02
874,290,101,1,3450.1
875,290,162,3,1760.44
876,290,253,4,3706.7
877,290,178,5,4451.49
878,291,259,1,2472.76
879,291,275,1,2496.72
880,291,172,4,4531.02
881,291,154,2,2185.38
882,292,33,4,945.08
883,292,180,4,2546.36
884,292,60,5,634.45
885,292,256,2,2692.86
886,293,106,2,3513.86
887,293,180,3,365.19
888,293,228,1,1715.15
889,293,275,3,1084.64
890,294,266,1,4550.82
891,294,149,4,942.59
892,295,25,3,2978.52
893,296,32,4,3191.58
894,296,142,5,4190.86
895,296,165,5,4224.51
896,297,53,3,3426.27
897,297,130,3,4770.85
898,297,258,5,3548.92
899,297,91,4,1696.03
900,298,207,1,2427.67
901,298,6,3,4315.71
902,298,152,5,4164.46
903,298,181,3,3100.59
904,299,143,5,3275.61
905,300,193,4,4203.97
906,300,37,4,233.73
907,300,179,2,804.69
908,301,138,3,2404.51
909,301,300,2,3956.04
910,301,93,1,2981.68
911,301,52,3,3259.45
912,301,269,3,3387.32
913,302,199,2,4055.64
914,303,44,1,760.45
915,303,180,3,1976.71
916,304,59,4,994.63
917,304,49,2,1506.21
918,304,224,1,1306.55
919,305,115,5,1482.33
920,305,276,2,715.14
921,306,116,2,1307.34
922,306,64,2,3684.25
923,306,114,5,4387.61
924,306,235,4,932.35
925,306,232,3,1266.59
926,307,249,3,970.24
927,308,12,1,1321.37
928,308,39,3,3767.59
929,309,97,1,296.74
930,309,8,1,386.25
931,309,149,5,1145.51
932,309,160,4,334.42
933,310,35,4,4133.23
934,311,180,4,3074.29
935,311,144,3,921.11
936,311,131,5,3896.65
937,312,287,2,4806.37
938,312,136,5,4735.64
939,312,291,1,4871.53
940,313,45,5,1469.83
941,313,232,5,4215.96
942,313,130,5,3160.47
943,314,91,4,791.47
944,314,88,5,2859.73
945,315,225,2,2642.22
946,315,95,4,2939.35
947,316,205,3,2526.6
948,316,120,1,3816.1
949,316,43,1,1569.8
950,317,299,5,1222.85
951,317,286,4,1284.26
952,317,118,4,4746.25
953,318,150,3,2010.91
954,318,152,4,702.52
955,318,269,2,1437.25
956,318,40,1,1921.52
957,319,186,5,1649.01
958,319,132,3,4705.47
959,319,99,1,4581.7
960,320,189,1,4584.71
961,320,107,2,2735.75
962,320,122,5,1442.06
963,320,154,4,4678.14
964,320,231,5,1640.61
965,321,143,4,262.27
966,321,74,1,3832.01
967,321,177,4,3546.37
968,322,142,4,1374.46
969,322,190,4,1736.74
970,322,105,3,3004.07
971,323,101,4,4507.21
972,323,88,5,3265.95
973,323,208,1,4508.79
974,323,137,4,999.43
975,324,212,2,237.42
976,324,192,2,1876.56
977,324,147,3,3432.35
978,324,183,5,1800.9
979,325,295,5,150.87
980,325,150,4,2975.11
981,325,159,2,4522.48
982,325,100,4,2968.08
983,326,53,4,1225.53
984,327,153,1,548.04
985,327,298,5,863.37
986,327,297,2,4311.84
987,328,167,5,2413.29
988,328,185,1,1741.48
989,328,191,4,4666.97
990,328,113,3,2948.29
991,329,185,3,4490.19
992,329,187,3,3502.23
993,329,86,5,684.07
994,329,171,5,171.97
995,330,145,2,3736.6
996,331,280,5,4193.95
997,332,103,1,762.52
998,332,200,4,2834.71
999,332,145,2,3384.45
1000,332,207,3,2378.7
1001,333,257,2,1728.18
1002,334,291,3,3802.68
1003,334,159,4,3611.69
1004,335,211,5,623.68
1005,335,65,2,2899.59
1006,335,218,4,1465.13
1007,335,13,3,3514.25
1008,336,260,3,2543.99
1009,337,124,2,3981.97
1010,338,268,1,312.02
1011,338,53,2,3169.48
1012,338,243,2,1688.26
1013,339,296,3,1743.91
1014,339,89,1,534.59
1015,339,52,2,2219.89
1016,340,53,4,1618.37
1017,340,300,3,3633.31
1018,341,218,1,4660.44
1019,341,42,3,1916.56
1020,341,234,3,2557.93
1021,341,67,5,2304.44
1022,341,29,4,1891.36
1023,342,115,1,4900.42
1024,343,50,5,211.29
1025,343,276,3,908.86
1026,343,260,4,3082.55
1027,343,219,1,897.3
1028,343,123,1,3817.89
1029,344,288,3,2964.55
1030,344,63,4,3688.93
1031,344,61,4,2836.4
1032,345,244,4,2539.33
1033,345,105,1,4787.18
1034,346,255,1,941.77
1035,346,196,5,3220.18
1036,346,161,5,1895.63
1037,347,282,3,4855.53
1038,347,130,5,651.73
1039,347,242,3,1403.79
1040,348,203,2,947.46
1041,349,269,1,4607.51
1042,349,100,4,2368.87
1043,349,84,1,4550.05
1044,349,202,3,2959.68
1045,350,87,4,1150.19
1046,351,99,5,2729.18
1047,351,281,4,985.4
1048,352,205,1,1491.49
1049,352,197,1,153.46
1050,353,156,5,1310.54
1051,353,6,1,1959.89
1052,353,264,1,109.82
1053,354,63,4,357.24
1054,354,153,3,671.77
1055,354,262,5,840.19
1056,354,210,5,842.77
1057,354,190,3,1420.7
1058,355,54,1,1975.9
1059,355,106,1,2834.27
1060,355,23,3,4612.3
1061,356,19,5,4651.76
1062,356,238,2,3865.54
1063,356,33,4,924.86
1064,356,148,3,1473.97
1065,356,10,2,3736.01
1066,357,131,5,4526.35
1067,357,125,2,1805.98
1068,358,100,3,2192.61
1069,358,286,1,147.92
1070,358,155,5,353.53
1071,358,109,4,4816.58
1072,358,213,2,1659.98
1073,359,245,3,1318.94
1074,360,287,2,1149.79
1075,360,188,3,4043.6
1076,361,19,1,1810.21
1077,361,285,4,152.55
1078,361,186,3,3647.97
1079,361,44,5,4752.41
1080,361,137,1,3536.04
1081,362,226,5,170.69
1082,362,104,3,1206.47
1083,362,129,2,4827.07
1084,363,109,1,2031.41
1085,363,197,2,3120.98
1086,363,164,2,4501.1
1087,363,131,3,385.1
1088,363,287,5,1050.1
1089,364,62,1,236.22
1090,364,257,2,722.54
1091,364,33,2,2235.89
1092,364,187,1,3957.67
1093,365,228,5,1881.65
1094,365,188,4,4387.77
1095,365,120,2,4224.27
1096,365,46,2,1531.73
1097,365,2,4,577.98
1098,366,166,3,3017.51
1099,367,225,4,292.51
1100,367,23,1,2583.59
1101,368,270,1,4289.97
1102,368,164,3,1517.73
1103,368,274,4,4352.94
1104,369,61,5,3690.01
1105,369,237,2,2584.04
1106,369,53,5,1595.16
1107,370,213,2,3189.01
1108,371,105,5,1122.77
1109,371,201,2,117.8
1110,371,192,4,1625.65
1111,372,75,3,3319.96
1112,373,4,2,3383.23
1113,373,140,3,1337.3
1114,374,190,1,3247.1
1115,374,165,3,2160.38
1116,375,50,5,368.48
1117,375,282,2,1332.33
1118,376,82,1,3646.16
1119,377,81,4,450.07
1120,377,271,3,482.99
1121,377,28,5,2905.34
1122,378,226,3,3002.91
1123,378,294,4,371.56
1124,378,219,4,2130.11
1125,379,73,5,2553.73
1126,380,14,1,1305.41
1127,380,27,2,2758.89
1128,380,189,4,2244.41
1129,380,121,1,586.44
1130,380,184,3,2458.25
1131,381,236,5,4754.17
1132,382,239,4,137.54
1133,382,289,2,2027.52
1134,382,246,4,3176.94
1135,382,55,4,357.67
1136,383,221,3,4654.23
1137,383,256,3,4975.17
1138,383,282,1,3710.54
1139,384,96,2,683.33
1140,384,240,4,3715.37
1141,385,52,5,3451.11
1142,385,194,4,414.41
1143,385,248,1,2944.4
1144,386,129,3,2733.71
1145,386,114,2,3840.83
1146,386,40,5,255.12
1147,386,169,5,1226.27
1148,387,273,1,4051.26
1149,387,91,5,2863.65
1150,387,296,5,2550.94
1151,387,87,5,1388.19
1152,387,148,3,3435.64
1153,388,5,5,3678.17
1154,388,36,1,3703.76
1155,388,58,5,2154.29
1156,388,82,3,1462.35
1157,388,30,4,1360.84
1158,389,292,4,1264.43
1159,389,240,3,1834.34
1160,389,24,2,648.14
1161,390,38,4,2211.93
1162,390,194,1,1258.41
1163,391,213,1,1675.04
1164,392,204,3,2588.7
1165,392,17,1,1451.85
1166,392,131,5,1122.31
1167,392,90,4,2432.66
1168,392,98,3,489.75
1169,393,149,3,1882.13
1170,393,209,4,4886.24
1171,393,119,2,3104.09
1172,393,287,2,4174.46
1173,394,110,5,2922.66
1174,394,139,3,3784.07
1175,394,251,2,4258.14
1176,394,154,4,4507.89
1177,394,195,2,3739.97
1178,395,70,3,1194.38
1179,395,213,5,2900.18
1180,395,56,3,789.88
1181,395,69,2,2331.05
1182,396,142,2,3989.05
1183,396,274,4,3008.88
1184,396,30,2,3596.59
1185,397,299,1,442.79
1186,398,46,4,4776.35
1187,398,173,1,1750.7
1188,398,100,1,573.29
1189,398,57,2,4293.47
1190,399,91,4,4102.2
1191,399,274,2,4902.78
1192,399,241,5,4520.02
1193,399,280,3,4988.3
1194,400,294,1,2944.18
1195,400,49,5,2834.37
1196,400,83,4,4777.8
1197,400,260,3,3755.01
1198,401,111,4,3476.48
1199,402,242,5,4697.96
1200,402,52,4,3572.94
1201,403,9,2,1007.46
1202,403,184,4,1444.61
1203,404,284,3,3055.13
1204,405,220,2,1565.46
1205,405,268,2,4071.71
1206,406,162,4,4217.54
1207,406,50,3,262.82
1208,406,67,5,3637.53
1209,406,191,4,642.71
1210,407,288,4,1628.62
1211,407,178,5,2353.96
1212,407,154,1,4596.92
1213,407,299,1,491.73
1214,408,48,5,1251.31
1215,408,119,3,3083.51
1216,408,37,5,2434.24
1217,408,62,1,4448.22
1218,409,235,2,2566.87
1219,410,296,2,3945.73
1220,410,92,2,1622.17
1221,410,115,2,4472.71
1222,410,9,1,3606.43
1223,411,267,3,153.44
1224,411,29,3,3829.84
1225,412,96,5,3334.77
1226,412,255,5,2681.66
1227,412,5,5,431.88
1228,412,241,4,2270.69
1229,413,104,4,3123.39
1230,413,199,4,1175.14
1231,413,208,2,2015.85
1232,413,235,2,863.02
1233,414,105,1,4970.51
1234,414,110,3,3175.61
1235,414,118,3,786.89
1236,415,272,2,1265.25
1237,415,128,2,3919.54
1238,415,64,1,2594.97
1239,415,260,4,3789.22
1240,416,93,4,2950.79
1241,416,277,4,3990.96
1242,417,267,2,1718.85
1243,417,112,5,1010.74
1244,417,118,3,1293.27
1245,417,68,5,2242.49
1246,417,243,3,1648.03
1247,418,272,5,4293.48
1248,418,262,3,3812.9
1249,418,300,3,2120.92
1250,418,157,1,1768.61
1251,418,247,5,2991.73
1252,419,62,4,2604.24
1253,419,233,5,2680.07
1254,419,82,2,726.47
1255,419,228,4,3177.94
1256,420,273,2,2444.33
1257,420,57,3,864.64
1258,420,221,5,4760.75
1259,420,40,2,2363.59
1260,420,138,1,3261.61
1261,421,290,4,1031.94
1262,421,235,1,3597.87
1263,421,163,5,4870.81
1264,422,88,1,4362.45
1265,422,249,4,463.69
1266,422,192,1,4398.81
1267,422,138,4,3054.27
1268,423,84,3,1633.13
1269,423,255,4,1704.08
1270,424,59,3,4381.6
1271,425,241,4,2979.46
1272,425,71,3,2461.96
1273,425,93,3,3228.8
1274,425,268,3,2804.97
1275,426,20,1,319.43
1276,426,276,2,4035.53
1277,426,202,1,2430.68
1278,426,57,5,3209.65
1279,426,273,5,4693.73
1280,427,232,3,1603.62
1281,428,227,5,3862.14
1282,428,97,1,4979.9
1283,428,203,2,2671.17
1284,429,138,4,4678.85
1285,429,115,2,850.38
1286,429,179,1,2555.07
1287,429,10,5,3155.42
1288,429,130,2,4476.98
1289,430,206,1,106.84
1290,431,53,3,1156.47
1291,432,60,4,3467.45
1292,433,84,5,960.55
1293,434,269,5,3271.14
1294,434,17,4,179.22
1295,434,70,4,4385.78
1296,434,163,1,3368.26
1297,435,253,2,3472.38
1298,435,269,5,4216.75
1299,436,168,3,265.93
1300,436,180,2,4335.02
1301,436,44,1,814.01
1302,436,205,5,2876.52
1303,436,216,1,1706.43
1304,437,35,2,2596.54
1305,437,291,1,4894.2
1306,438,162,5,2412.51
1307,438,187,2,1170.12
1308,438,200,4,1477.24
1309,438,73,4,4275.23
1310,438,69,4,3465.23
1311,439,135,2,2944.3
1312,439,38,3,629.53
1313,440,50,4,2737.37
1314,440,200,2,2397.75
1315,441,192,4,1085.45
1316,442,290,3,1874.23
1317,442,278,5,448.17
1318,442,226,4,2678.5
1319,443,95,5,4528.24
1320,443,56,2,4962.07
1321,444,257,4,3899.37
1322,444,174,4,275.0
1323,444,13,2,518.34
1324,445,198,1,4273.64
1325,446,204,5,2399.29
1326,446,232,2,2912.71
1327,446,112,2,2920.03
1328,446,198,3,4744.21
1329,447,90,2,1552.17
1330,447,87,2,264.67
1331,447,252,3,2252.16
1332,447,34,4,3055.93
1333,447,58,3,1821.69
1334,448,107,1,2325.58
1335,448,100,2,2447.8
1336,448,196,2,2460.15
1337,449,90,1,2792.32
1338,449,70,5,4523.07
1339,449,183,4,2190.46
1340,449,148,2,2288.94
1341,450,40,5,4464.94
1342,450,23,3,1214.53
1343,451,190,2,1187.12
1344,451,65,2,174.84
1345,451,170,4,4616.07
1346,452,165,4,3994.21
1347,452,149,3,656.26
1348,452,65,4,1179.24
1349,453,237,3,190.67
1350,453,136,5,3382.99
1351,454,175,2,4689.95
1352,454,105,3,879.51
1353,454,55,2,141.16
1354,454,170,2,2743.18
1355,454,232,1,4316.9
1356,455,49,4,2180.64
1357,455,152,4,1789.81
1358,456,155,4,3836.16
1359,456,217,5,1538.69
1360,456,161,3,4113.62
1361,456,47,3,899.33
1362,457,227,3,171.27
1363,458,142,1,1299.8
1364,458,265,3,1111.75
1365,458,148,3,3567.96
1366,459,238,5,1538.3
1367,459,85,4,735.85
1368,459,226,5,651.85
1369,459,206,1,4047.9
1370,460,197,3,1797.82
1371,461,165,3,4183.16
1372,461,190,4,1446.59
1373,461,139,5,3292.39
1374,461,197,5,595.09
1375,461,127,5,2767.74
1376,462,135,2,1381.4
1377,462,89,4,389.35
1378,462,65,4,4954.28
1379,462,153,5,1670.42
1380,463,89,1,1938.54
1381,463,239,5,977.44
1382,463,66,3,4397.14
1383,463,281,2,2402.97
1384,464,98,5,452.38
1385,464,103,1,1464.18
1386,464,205,1,110.81
1387,464,295,5,3693.96
1388,465,50,5,1861.2
1389,465,102,2,3267.46
1390,465,81,3,4525.61
1391,465,178,5,3706.29
1392,465,33,2,3453.86
1393,466,26,3,2956.39
1394,466,226,1,2056.28
1395,466,265,1,4948.44
1396,466,217,5,4139.28
1397,467,229,4,2005.9
1398,467,217,1,1816.51
1399,467,147,5,2017.02
1400,467,259,2,101.28
1401,468,78,2,2049.56
1402,468,99,2,763.58
1403,469,234,4,1230.27
1404,470,248,5,2518.75
1405,471,206,4,4300.52
1406,471,153,1,3340.67
1407,471,239,2,1371.2
1408,471,218,4,2837.13
1409,472,3,1,4145.22
1410,473,202,5,1222.19
1411,474,224,4,1273.71
1412,475,57,5,826.75
1413,475,9,5,4543.51
1414,475,136,4,3151.41
1415,475,102,5,2740.29
1416,476,84,5,4826.81
1417,477,84,2,759.33
1418,477,216,3,4147.65
1419,477,17,1,2226.97
1420,477,114,4,4197.83
1421,477,167,5,1223.55
1422,478,41,5,300.15
1423,478,207,2,750.24
1424,478,235,1,153.82
1425,478,127,2,3373.67
1426,479,230,1,680.0
1427,479,268,5,779.29
1428,479,224,5,1509.37
1429,479,155,3,2655.14
1430,480,169,5,4352.56
1431,480,147,5,4537.41
1432,480,131,4,153.32
1433,480,278,1,393.38
1434,480,232,1,627.16
1435,481,205,3,406.74
1436,481,238,2,3100.78
1437,482,91,3,4104.12
1438,482,43,3,255.94
1439,482,115,5,3506.16
1440,482,133,5,117.07
1441,483,167,3,3413.48
1442,483,116,4,1602.06
1443,483,65,2,1894.27
1444,483,158,5,1927.86
1445,483,146,5,4788.33
1446,484,2,4,3806.86
1447,484,168,3,560.15
1448,484,192,1,1021.92
1449,484,257,3,4446.42
1450,484,12,1,4371.99
1451,485,120,2,2504.96
1452,485,252,1,3360.03
1453,486,114,3,2067.01
1454,486,10,4,1718.57
1455,487,181,1,570.58
1456,487,236,2,3054.19
1457,487,100,4,2580.69
1458,488,224,5,2800.68
1459,488,274,3,2497.16
1460,489,143,4,4139.57
1461,489,75,1,3815.87
1462,490,59,2,2418.35
1463,490,141,3,4381.22
1464,490,215,5,3295.5
1465,490,183,2,2033.11
1466,491,29,2,4900.33
1467,491,216,1,1917.24
1468,491,136,4,2767.21
1469,492,37,3,1011.78
1470,492,232,4,2904.86
1471,493,287,3,369.23
1472,493,290,1,449.87
1473,493,139,4,2674.24
1474,494,125,5,3596.47
1475,494,234,4,2592.1
1476,495,152,5,912.24
1477,495,210,3,4413.47
1478,495,137,1,1061.67
1479,496,162,2,2223.57
1480,496,20,3,1613.1
1481,496,52,5,2576.67
1482,496,38,3,435.71
1483,496,189,5,4852.61
1484,497,14,3,3574.43
1485,497,271,1,1734.03
1486,498,28,2,1098.14
1487,498,168,2,2027.54
1488,498,288,2,2466.44
1489,499,31,2,3839.97
1490,499,246,1,3116.84
1491,500,277,4,2087.75
1492,501,81,5,3284.59
1493,501,250,3,2856.96
1494,502,50,2,1254.57
1495,502,27,5,3344.13
1496,502,91,1,3066.77
1497,502,209,5,2668.03
1498,502,289,5,2882.02
1499,503,292,2,3250.71
1500,503,136,3,1076.01
1501,504,57,4,3174.8
1502,505,149,5,3804.71
1503,506,248,3,2064.26
1504,507,257,1,1691.19
1505,507,169,2,1485.83
1506,507,211,4,864.24
1507,507,36,3,3008.17
1508,507,56,3,3588.85
1509,508,287,1,2894.81
1510,508,213,4,4445.42
1511,509,76,4,3880.75
1512,509,203,4,3508.13
1513,510,171,2,3747.73
1514,511,48,5,415.92
1515,511,189,5,3368.2
1516,512,181,3,1308.86
1517,512,25,4,1959.01
1518,512,252,4,4560.93
1519,513,269,4,3551.37
1520,513,68,4,659.42
1521,514,134,5,3745.98
1522,514,240,5,819.27
1523,514,154,3,539.12
1524,514,41,2,709.22
1525,514,214,4,4818.09
1526,515,286,1,2235.56
1527,515,35,2,4264.77
1528,516,201,3,3771.8
1529,516,106,5,4094.61
1530,517,49,2,1343.86
1531,517,244,4,1686.6
1532,517,54,3,2764.91
1533,517,91,1,3361.14
1534,517,108,4,2414.0
1535,518,281,2,965.9
1536,518,142,1,804.81
1537,518,13,3,4890.42
1538,518,16,3,119.13
1539,519,233,2,754.59
1540,519,248,1,1515.42
1541,519,241,4,4234.11
1542,519,297,3,4808.46
1543,520,194,1,4705.16
1544,520,199,1,945.8
1545,520,9,2,631.17
1546,520,62,5,4097.33
1547,521,127,5,3853.18
1548,521,259,3,4575.52
1549,521,27,1,305.86
1550,522,212,4,969.37
1551,522,213,5,2982.43
1552,523,101,4,2954.31
1553,523,160,3,3371.18
1554,523,3,4,1612.36
1555,523,38,4,2976.92
1556,524,162,3,4780.37
1557,524,68,2,2512.22
1558,525,147,3,947.41
1559,525,64,1,1775.7
1560,525,70,2,4547.07
1561,525,19,2,4087.16
1562,526,192,5,2246.53
1563,526,278,5,4912.44
1564,526,290,4,3239.05
1565,526,276,2,4377.73
1566,526,130,5,977.22
1567,527,270,3,4992.86
1568,527,123,2,4205.74
1569,528,197,2,320.52
1570,528,185,5,2613.81
1571,529,168,3,3990.44
1572,529,254,2,3385.97
1573,529,184,1,4936.98
1574,530,130,4,2048.72
1575,530,57,1,2161.39
1576,530,257,2,4831.93
1577,530,248,1,2373.57
1578,531,88,4,166.9
1579,531,152,5,2847.58
1580,531,258,3,3017.05
1581,531,118,3,1509.11
1582,531,149,5,2531.22
1583,532,270,5,1203.79
1584,532,288,2,1008.62
1585,532,174,2,732.64
1586,532,108,1,3296.16
1587,532,5,4,4976.6
1588,533,178,3,4707.96
1589,533,135,3,4832.78
1590,533,222,2,4607.51
1591,534,211,5,2824.55
1592,534,236,3,3219.66
1593,534,130,3,2925.89
1594,534,102,2,863.92
1595,535,124,4,4801.51
1596,535,221,3,3430.98
1597,535,160,5,2246.41
1598,535,120,3,4086.51
1599,535,229,5,4609.02
1600,536,11,5,2952.28
1601,536,189,1,2544.65
1602,537,160,3,4388.64
1603,537,287,3,177.27
1604,537,138,2,4631.52
1605,537,115,1,262.82
1606,538,92,5,3889.9
1607,539,157,2,4995.59
1608,539,249,5,4548.53
1609,539,85,2,766.08
1610,539,113,1,3364.49
1611,539,246,2,601.42
1612,540,91,5,4845.18
1613,540,149,4,2967.54
1614,541,82,5,3639.23
1615,541,252,3,3801.39
1616,541,179,5,1327.5
1617,542,256,4,1631.14
1618,542,140,2,3448.15
1619,542,134,4,1181.31
1620,542,293,3,1023.29
1621,543,267,2,3173.44
1622,543,59,4,2772.18
1623,543,66,1,1019.4
1624,544,18,1,941.7
1625,544,268,2,4754.14
1626,544,295,2,1233.44
1627,544,123,3,3289.65
1628,544,151,1,1462.51
1629,545,114,3,1541.3
1630,545,38,1,4627.92
1631,545,295,2,4337.41
1632,546,72,3,788.22
1633,546,257,5,3814.2
1634,546,261,5,178.65
1635,546,34,1,796.17
1636,547,266,5,2235.58
1637,547,155,5,901.51
1638,547,118,4,3837.45
1639,547,263,4,4602.62
1640,548,130,5,3560.35
1641,548,67,3,4217.5
1642,548,276,5,2989.18
1643,549,279,4,1050.38
1644,550,4,4,2748.41
1645,550,73,5,359.73
1646,551,260,3,319.09
1647,551,33,4,2071.02
1648,552,29,2,309.51
1649,552,6,2,3304.53
1650,553,125,2,3960.14
1651,553,106,5,3647.59
1652,553,119,1,1457.71
1653,554,192,4,1492.48
1654,554,49,3,3697.4
1655,555,185,3,1639.96
1656,555,286,4,3119.06
1657,555,36,1,812.61
1658,556,47,3,1052.96
1659,556,138,5,4175.48
1660,557,126,4,4987.21
1661,557,204,2,4157.11
1662,557,296,2,884.53
1663,558,108,4,3754.27
1664,558,228,1,505.63
1665,558,299,5,2372.17
1666,558,242,4,4193.66
1667,559,40,4,2784.57
1668,559,195,5,4678.45
1669,560,156,2,3804.3
1670,560,174,4,2798.22
1671,560,80,5,2455.58
1672,560,165,3,4769.15
1673,561,154,4,4663.02
1674,561,258,3,2051.19
1675,561,295,3,4052.69
1676,562,123,3,196.31
1677,562,14,1,2379.01
1678,563,60,3,3954.14
1679,563,263,3,1701.7
1680,563,13,5,4382.6
1681,563,277,2,3643.84
1682,564,171,1,1716.33
1683,564,251,5,1577.94
1684,564,32,4,4785.03
1685,565,96,5,282.2
1686,565,69,2,1860.87
1687,565,2,1,4848.82
1688,566,259,5,3803.09
1689,566,131,4,2742.73
1690,566,120,5,1045.98
1691,566,266,5,907.53
1692,566,91,1,4121.32
1693,567,222,3,3016.5
1694,567,217,1,4957.42
1695,568,117,5,2154.04
1696,569,102,4,1998.13
1697,569,229,5,2904.8
1698,569,140,3,1922.14
1699,569,133,1,389.59
1700,569,105,2,225.8
1701,570,128,1,1320.61
1702,570,110,4,2304.53
1703,570,173,2,1331.06
1704,570,43,2,4004.41
1705,571,276,3,3072.81
1706,571,214,4,4539.33
1707,572,151,1,4260.85
1708,572,24,5,4048.12
1709,572,97,1,172.03
1710,572,271,3,1115.44
1711,572,198,2,4303.46
1712,573,95,5,151.72
1713,573,154,2,4579.33
1714,573,2,2,831.64
1715,573,17,3,2401.37
1716,574,69,1,3347.49
1717,575,217,3,796.69
1718,575,141,3,3187.11
1719,575,10,5,176.96
1720,575,19,3,3850.43
1721,575,36,2,1911.85
1722,576,45,3,3531.13
1723,576,92,1,3125.94
1724,576,9,5,3118.11
1725,576,106,3,2487.71
1726,576,127,4,3555.91
1727,577,223,3,3119.95
1728,578,150,1,2958.04
1729,578,123,4,969.44
1730,579,196,5,2998.48
1731,579,160,3,265.65
1732,579,260,1,2022.7
1733,579,110,1,1175.52
1734,580,241,4,899.46
1735,581,238,3,1432.94
1736,581,247,5,4823.57
1737,581,212,5,177.02
1738,581,93,4,2118.41
1739,582,66,2,4458.37
1740,583,182,5,4708.58
1741,584,242,5,3167.21
1742,584,281,4,4053.6
1743,584,3,4,4801.9
1744,584,275,1,1821.34
1745,585,19,4,3882.59
1746,585,44,1,4879.56
1747,585,231,1,3871.16
1748,586,178,1,2640.98
1749,586,123,5,4991.61
1750,586,130,2,4097.58
1751,587,143,3,2306.86
1752,587,224,1,3357.78
1753,588,235,3,4969.07
1754,588,109,3,3596.02
1755,588,29,2,2963.83
1756,588,97,5,2207.28
1757,588,115,2,936.68
1758,589,151,4,2209.72
1759,590,164,3,2711.49
1760,590,285,1,987.0
1761,590,21,1,2332.99
1762,591,108,3,2187.37
1763,591,20,1,4122.99
1764,591,50,4,4581.09
1765,592,70,5,831.77
1766,592,34,2,3534.93
1767,592,300,2,4947.08
1768,593,53,5,4768.74
1769,593,15,4,308.57
1770,593,106,3,4883.37
1771,594,187,1,1931.2
1772,594,289,1,1855.77
1773,594,229,2,962.49
1774,594,227,5,2631.83
1775,594,277,4,2006.49
1776,595,63,1,187.07
1777,595,259,3,2574.5
1778,595,209,3,1662.29
1779,596,249,4,1854.4
1780,596,107,4,3441.71
1781,597,21,3,2478.45
1782,597,35,5,3421.9
1783,597,59,3,4846.95
1784,597,131,4,2964.42
1785,598,210,1,926.78
1786,598,221,5,2722.21
1787,598,166,5,3935.96
1788,599,215,1,1234.28
1789,599,277,4,1828.81
1790,600,290,1,2857.57
1791,600,260,4,3170.86
1792,600,168,2,3092.18
1793,600,62,3,3841.26
1794,600,41,5,2009.17
1795,601,170,3,344.98
1796,601,83,3,806.13
1797,602,222,2,4288.59
1798,602,192,1,4208.62
1799,602,138,3,3310.27
1800,603,93,5,3385.16
1801,603,216,5,3956.53
1802,603,170,1,3064.82
1803,603,246,1,1865.62
1804,603,18,5,3520.84
1805,604,271,4,677.31
1806,604,249,1,1043.5
1807,604,7,1,3749.61
1808,604,5,5,3420.31
1809,604,259,2,2686.7
1810,605,267,2,4445.84
1811,605,26,4,1896.22
1812,606,214,4,3787.4
1813,606,198,1,114.95
1814,606,103,1,2797.74
1815,606,208,3,1126.46
1816,607,285,5,2529.06
1817,607,173,2,3000.8
1818,607,163,2,3453.32
1819,608,95,3,1875.68
1820,609,146,4,1520.71
1821,609,276,2,4721.82
1822,610,127,2,1403.56
1823,610,245,3,3437.91
1824,610,46,2,3534.18
1825,610,132,4,1476.09
1826,611,66,1,3170.9
1827,611,295,3,4944.77
1828,611,173,1,3796.72
1829,611,82,4,1614.32
1830,611,216,2,217.77
1831,612,5,3,2019.23
1832,612,294,1,1825.22
1833,612,299,1,4401.95
1834,612,125,3,4713.7
1835,613,190,4,846.38
1836,613,34,5,1920.26
1837,613,151,2,3625.82
1838,613,38,5,3862.52
1839,613,20,4,2856.73
1840,614,223,1,2460.13
1841,614,298,2,684.88
1842,615,90,2,3188.95
1843,615,69,3,2961.81
1844,615,283,4,4908.63
1845,616,275,4,969.55
1846,616,128,5,1476.24
1847,617,225,1,4044.71
1848,617,14,3,1319.9
1849,617,137,1,2572.79
1850,618,142,3,4227.97
1851,618,251,4,3115.96
1852,618,138,2,4276.25
1853,619,68,4,4467.54
1854,619,57,2,366.28
1855,620,72,1,1038.61
1856,620,191,3,4582.97
1857,620,80,4,4848.54
1858,620,296,2,1263.53
1859,621,187,5,624.9
1860,621,246,3,3443.12
1861,621,26,1,127.97
1862,622,54,3,4225.37
1863,622,182,4,1804.41
1864,623,59,4,4160.63
1865,623,172,1,4417.01
1866,623,43,5,537.57
1867,623,278,1,4351.74
1868,623,176,4,1082.22
1869,624,289,2,3244.23
1870,624,233,5,1970.24
1871,624,280,4,273.68
1872,624,285,2,1626.37
1873,625,30,1,1770.46
1874,625,10,1,2771.57
1875,625,68,3,3383.89
1876,625,274,1,1461.87
1877,625,166,1,2141.64
1878,626,273,5,875.23
1879,626,227,4,4863.26
1880,626,22,1,848.0
1881,626,250,2,4774.91
1882,626,252,5,364.34
1883,627,236,2,3302.29
1884,627,240,5,1144.28
1885,627,102,2,2260.12
1886,627,158,4,4769.45
1887,627,258,2,3470.47
1888,628,71,1,580.98
1889,629,61,2,4926.36
1890,629,12,2,2365.06
1891,629,90,1,2702.3
1892,629,288,5,1368.7
1893,630,33,1,171.63
1894,631,134,4,921.12
1895,632,94,3,3564.29
1896,632,271,3,4603.38
1897,632,112,5,1002.34
1898,633,245,4,1259.51
1899,634,144,2,2255.47
1900,634,140,5,2238.18
1901,634,156,2,4689.31
1902,634,239,4,4548.26
1903,635,23,1,803.56
1904,635,121,5,2226.82
1905,635,186,3,4834.47
1906,635,60,3,3805.28
1907,636,124,5,2992.76
1908,636,85,5,463.78
1909,636,252,4,4510.82
1910,636,133,1,182.38
1911,637,224,2,2129.99
1912,637,254,4,2427.98
1913,637,256,2,4228.62
1914,638,154,2,349.96
1915,638,77,4,241.71
1916,638,282,3,3349.94
1917,638,85,4,2350.28
1918,639,284,1,891.11
1919,639,218,2,4951.16
1920,640,81,1,1324.42
1921,640,40,5,2239.07
1922,640,278,1,4391.79
1923,640,268,1,3079.58
1924,640,150,3,3018.08
1925,641,262,2,4599.17
1926,641,69,4,761.63
1927,641,104,2,2675.8
1928,641,288,2,3358.54
1929,642,93,1,1550.38
1930,642,3,4,3844.96
1931,642,218,2,4429.91
1932,642,162,2,3951.21
1933,643,235,2,1540.16
1934,643,294,4,4374.93
1935,643,254,3,3145.24
1936,644,89,2,3881.53
1937,644,54,1,4698.35
1938,645,159,1,4001.65
1939,645,155,4,1198.13
1940,645,294,2,3510.91
1941,646,5,1,4556.49
1942,646,197,1,2493.37
1943,646,113,2,4995.77
1944,647,143,5,427.15
1945,647,234,5,4068.82
1946,647,269,1,3796.03
1947,647,177,3,3548.98
1948,647,107,5,1788.82
1949,648,30,3,1598.06
1950,648,196,2,2974.74
1951,649,224,1,1457.58
1952,649,282,2,1608.7
1953,649,162,4,3819.39
1954,650,209,5,2501.98
1955,650,272,5,2895.57
1956,651,173,4,759.9
1957,652,127,5,2328.69
1958,653,275,2,916.95
1959,653,118,1,3783.1
1960,653,41,3,4857.33
1961,654,35,2,3082.88
1962,654,101,3,369.28
1963,654,144,1,483.45
1964,655,169,4,2552.08
1965,655,235,4,1096.12
1966,656,283,3,1560.49
1967,656,55,2,4962.79
1968,656,132,5,3353.09
1969,656,119,4,3778.23
1970,657,216,2,192.97
1971,657,180,3,2240.37
1972,657,169,4,4776.34
1973,657,99,1,4633.58
1974,657,167,1,4089.82
1975,658,19,2,1717.73
1976,658,66,3,2471.38
1977,658,115,2,1134.67
1978,659,295,5,3220.03
1979,659,96,1,3699.39
1980,659,88,4,3520.14
1981,660,76,3,176.21
1982,660,91,3,3634.65
1983,660,183,2,324.8
1984,661,98,4,2109.24
1985,661,65,3,3925.19
1986,661,266,4,4327.95
1987,662,266,4,2457.58
1988,662,13,3,3025.89
1989,662,237,5,2671.85
1990,662,94,1,4169.61
1991,662,80,3,3894.85
1992,663,271,1,4587.31
1993,663,28,4,1083.65
1994,664,127,5,335.17
1995,664,108,4,4817.94
1996,665,134,5,4599.71
1997,665,93,2,863.11
1998,665,46,3,177.94
1999,665,128,3,1932.6
2000,665,177,3,731.6
2001,666,71,3,3008.62
2002,666,209,4,3065.39
2003,666,49,4,2688.65
2004,666,154,5,4880.78
2005,666,101,4,4352.44
2006,667,84,2,4685.68
2007,667,280,3,1463.67
2008,667,288,2,3631.73
2009,667,212,1,4944.61
2010,667,51,5,4925.66
2011,668,182,2,3426.08
2012,668,38,4,4299.77
2013,668,30,1,3834.52
2014,669,278,3,108.0
2015,669,183,3,321.84
2016,670,246,1,3964.59
2017,670,55,3,1958.03
2018,670,271,5,2902.12
2019,670,39,4,752.15
2020,670,262,5,2420.62
2021,671,238,5,3713.28
2022,671,76,5,1219.15
2023,672,67,5,4150.7
2024,672,285,2,4240.27
2025,672,103,3,4377.21
2026,672,30,1,755.44
2027,673,187,4,2915.9
2028,673,177,4,2490.52
2029,673,112,5,3731.39
2030,673,49,1,3725.91
2031,674,98,3,1147.79
2032,674,238,1,2090.85
2033,674,92,1,4448.49
2034,675,234,4,1305.72
2035,675,274,1,667.97
2036,675,161,4,2318.98
2037,676,10,2,4978.87
2038,676,139,3,1518.4
2039,676,169,2,4213.8
2040,676,16,2,614.63
2041,676,288,2,1225.07
2042,677,66,1,4135.65
2043,677,269,2,1222.32
2044,678,144,2,1558.94
2045,678,229,5,2983.96
2046,678,296,4,1691.6
2047,678,62,3,4360.95
2048,678,31,4,214.3
2049,679,166,1,4177.86
2050,680,35,2,3414.07
2051,681,270,5,4134.7
2052,682,165,1,607.17
2053,683,79,2,990.54
2054,684,297,5,3530.99
2055,684,114,1,4439.83
2056,684,249,2,4254.53
2057,684,300,2,3419.18
2058,685,271,1,4684.63
2059,685,245,4,4024.8
2060,685,139,2,597.24
2061,686,294,2,3697.34
2062,687,210,4,1530.57
2063,688,11,5,1785.05
2064,688,139,1,1620.15
2065,688,274,5,4634.28
2066,689,270,2,772.47
2067,689,151,1,1042.71
2068,689,71,2,4213.56
2069,689,41,3,573.35
2070,690,162,3,2945.22
2071,690,75,1,3423.3
2072,690,226,1,1205.91
2073,691,227,3,2452.76
2074,692,260,5,2661.16
2075,692,10,4,3362.71
2076,692,160,1,2578.0
2077,692,184,3,3803.27
2078,693,126,4,815.47
2079,693,223,5,1578.35
2080,693,233,5,2444.58
2081,693,19,3,2564.61
2082,693,44,2,2209.89
2083,694,49,2,1129.21
2084,694,212,5,2216.12
2085,695,130,4,2873.62
2086,695,81,3,1914.17
2087,695,45,4,768.28
2088,695,200,3,4269.21
2089,695,163,2,4025.61
2090,696,60,2,699.52
2091,697,224,1,3325.88
2092,698,104,4,4557.37
2093,699,42,1,3943.83
2094,700,142,2,3555.69
2095,700,56,5,3766.47
2096,701,273,2,1821.39
2097,701,152,1,2003.81
2098,702,11,4,4616.96
2099,702,227,2,2658.53
2100,702,292,4,2470.44
2101,702,270,2,727.12
2102,703,163,1,1001.99
2103,703,88,5,4480.41
2104,704,203,3,1093.6
2105,704,63,5,939.27
2106,704,49,3,4133.27
2107,704,245,4,3057.24
2108,704,264,3,3664.87
2109,705,38,2,2168.44
2110,705,296,1,1341.46
2111,705,148,3,2876.82
2112,705,161,5,3611.02
2113,705,61,5,4899.79
2114,706,191,3,4923.58
2115,706,215,5,4213.84
2116,707,297,2,4309.4
2117,708,137,1,2432.55
2118,708,255,5,1428.36
2119,709,99,1,2866.68
2120,709,185,2,935.05
2121,710,203,4,970.49
2122,710,86,4,4598.1
2123,710,56,2,460.8
2124,710,110,1,2236.33
2125,710,268,1,3539.0
2126,711,276,3,2860.4
2127,711,234,3,375.38
2128,712,185,5,3247.51
2129,713,93,3,671.09
2130,714,241,4,2670.95
2131,714,170,3,3610.93
2132,714,86,1,3633.22
2133,714,207,1,4046.81
2134,715,136,5,3358.13
2135,716,295,4,3433.89
2136,716,226,4,624.62
2137,716,122,4,4262.6
2138,716,101,4,3785.12
2139,716,206,5,2699.25
2140,717,152,4,574.06
2141,717,200,3,700.38
2142,717,134,4,4176.23
2143,717,97,5,2788.17
2144,717,50,5,2185.51
2145,718,107,3,4543.9
2146,718,35,5,1515.27
2147,718,125,2,394.55
2148,719,114,4,1044.06
2149,719,153,3,4405.99
2150,719,258,3,3224.75
2151,719,101,3,1647.57
2152,720,164,2,3307.99
2153,720,10,3,3618.83
2154,720,285,3,1288.97
2155,720,188,2,1053.52
2156,721,292,4,3063.24
2157,721,164,1,2344.36
2158,721,109,2,2552.97
2159,722,213,5,3426.11
2160,722,92,3,1990.28
2161,722,22,4,4783.33
2162,722,163,5,4114.35
2163,723,75,3,3057.97
2164,723,297,4,4938.06
2165,723,144,3,1437.85
2166,723,239,2,2439.46
2167,723,78,1,809.62
2168,724,173,1,2251.45
2169,724,161,1,2617.19
2170,724,185,5,336.21
2171,724,30,2,4531.58
2172,725,223,1,966.41
2173,725,198,3,3670.07
2174,725,195,4,3647.34
2175,726,179,4,1602.85
2176,726,293,5,3809.61
2177,726,67,5,2561.85
2178,726,159,4,4794.0
2179,726,142,3,3522.35
2180,727,289,2,3525.27
2181,727,132,1,427.94
2182,727,125,1,3265.76
2183,728,44,1,2611.91
2184,729,2,1,4363.11
2185,729,88,3,185.55
2186,730,254,2,2400.32
2187,730,9,3,1395.75
2188,731,4,4,3527.36
2189,731,54,4,120.88
2190,731,145,3,2379.33
2191,732,175,2,3132.67
2192,732,276,5,2887.44
2193,732,257,2,3580.89
2194,733,218,1,4174.06
2195,733,227,4,3836.92
2196,733,71,5,1408.65
2197,733,246,4,937.96
2198,734,53,5,1904.95
2199,734,294,3,4613.74
2200,734,105,5,2724.73
2201,735,1,5,591.24
2202,735,10,2,2117.71
2203,736,96,2,4109.21
2204,737,72,3,677.16
2205,738,175,4,4060.71
2206,739,150,2,4350.64
2207,739,36,3,3504.16
2208,740,18,1,3449.6
2209,740,35,2,4335.28
2210,740,171,2,4669.81
2211,740,160,4,962.36
2212,741,238,5,3793.86
2213,741,76,3,756.78
2214,741,19,4,3652.27
2215,741,186,4,2913.63
2216,742,151,4,720.24
2217,742,242,2,2304.12
2218,742,22,1,3132.23
2219,743,237,5,3723.13
2220,743,184,3,4834.71
2221,743,164,5,4164.08
2222,743,157,2,2078.05
2223,743,114,4,1266.99
2224,744,248,2,3048.79
2225,745,149,1,3520.67
2226,745,120,3,3979.57
2227,745,106,5,3933.58
2228,745,11,3,3743.06
2229,745,218,3,527.57
2230,746,31,3,2663.8
2231,746,298,1,2105.82
2232,746,92,4,1045.77
2233,746,243,4,3294.48
2234,746,33,5,2011.42
2235,747,67,5,4715.42
2236,747,259,3,4177.75
2237,747,194,3,158.75
2238,747,20,5,3091.66
2239,748,200,2,4867.95
2240,749,186,5,3845.06
2241,749,97,4,4724.24
2242,749,164,2,3096.31
2243,749,11,2,1361.51
2244,750,257,1,2491.36
2245,750,221,4,4684.89
2246,750,208,2,276.02
2247,751,75,5,4520.57
2248,751,265,5,864.79
2249,751,154,4,3439.77
2250,752,67,2,910.86
2251,752,82,3,1898.88
2252,752,77,3,3377.09
2253,752,230,4,127.37
2254,752,151,2,4191.71
2255,753,73,4,2919.69
2256,753,197,1,3471.57
2257,753,136,5,2219.29
2258,753,125,2,2848.64
2259,753,153,2,2915.52
2260,754,273,4,3252.43
2261,754,260,5,3527.53
2262,755,108,4,4292.99
2263,755,5,2,3039.12
2264,755,9,3,3254.12
2265,755,217,2,4208.36
2266,755,57,4,4958.33
2267,756,50,3,1606.42
2268,757,77,4,2182.56
2269,757,172,3,2522.43
2270,757,294,2,4822.95
2271,757,260,4,4920.12
2272,758,154,3,121.07
2273,758,219,1,4061.09
2274,758,84,4,3358.2
2275,759,200,5,1507.45
2276,759,91,3,112.1
2277,759,24,2,2725.39
2278,760,246,3,2062.74
2279,760,50,5,759.01
2280,760,63,4,3441.72
2281,760,298,3,4080.59
2282,760,89,5,4245.89
2283,761,285,5,459.77
2284,761,152,5,3914.13
2285,761,115,5,3546.19
2286,761,260,4,4825.64
2287,761,68,5,734.34
2288,762,150,3,1773.24
2289,762,52,5,2209.0
2290,762,12,3,1085.77
2291,762,96,4,2429.89
2292,763,132,2,3455.48
2293,763,293,2,4853.35
2294,763,196,4,2185.98
2295,764,29,5,1131.69
2296,764,193,3,2430.41
2297,764,96,5,3980.37
2298,765,219,4,2941.16
2299,765,18,2,932.07
2300,766,222,2,1929.14
2301,766,54,2,1072.44
2302,767,145,3,2928.64
2303,767,221,2,3087.09
2304,767,284,3,3587.25
2305,768,294,5,4098.81
2306,768,129,2,4381.2
2307,768,260,1,994.32
2308,768,5,5,1112.11
2309,769,140,3,2872.27
2310,770,263,4,4744.35
2311,770,160,2,4340.63
2312,770,229,3,4856.76
2313,771,196,5,4488.69
2314,772,232,4,1864.47
2315,772,208,2,4505.51
2316,773,281,4,2072.45
2317,774,274,1,2184.68
2318,774,111,2,915.49
2319,775,49,4,4230.16
2320,775,60,4,2468.56
2321,775,227,5,2967.41
2322,776,66,3,2361.66
2323,776,210,1,4680.73
2324,776,21,4,4188.85
2325,777,271,2,4361.58
2326,777,261,2,4442.47
2327,777,70,3,3106.88
2328,777,256,2,1686.33
2329,777,222,2,1868.51
2330,778,100,1,2769.35
2331,778,48,5,2579.95
2332,778,93,4,2309.1
2333,779,269,2,2040.98
2334,779,45,3,802.27
2335,779,10,2,1749.48
2336,780,78,3,603.13
2337,781,251,2,491.57
2338,781,125,4,893.16
2339,781,204,5,2310.84
2340,781,64,3,4942.48
2341,781,294,5,3011.42
2342,782,187,1,4188.29
2343,782,259,2,4321.12
2344,783,159,2,843.23
2345,783,116,4,2220.44
2346,784,22,2,1648.5
2347,784,45,1,2799.04
2348,784,146,2,1271.29
2349,785,292,4,4459.09
2350,785,199,5,4032.23
2351,786,108,4,2881.18
2352,786,246,2,2875.65
2353,786,87,2,1768.88
2354,786,130,5,3782.74
2355,786,92,3,3786.27
2356,787,285,2,1798.12
2357,787,49,1,2976.23
2358,788,158,3,3884.33
2359,789,20,3,2056.23
2360,789,183,2,2348.84
2361,789,276,1,4225.51
2362,789,57,5,231.36
2363,789,169,3,108.25
2364,790,94,1,3043.38
2365,791,136,4,4675.48
2366,791,92,2,1391.66
2367,791,147,4,2757.04
2368,792,196,4,2403.71
2369,792,274,4,4571.81
2370,792,240,1,2032.34
2371,792,73,1,1301.94
2372,793,130,1,1345.66
2373,793,273,2,229.46
2374,793,37,4,1947.65
2375,794,250,1,2487.85
2376,794,270,1,4835.63
2377,795,188,4,3657.37
2378,795,24,5,3789.34
2379,796,268,5,2577.67
2380,796,50,4,4329.14
2381,797,97,5,738.86
2382,798,14,3,2212.41
2383,798,104,3,3953.24
2384,798,72,1,3693.44
2385,799,190,3,3563.76
2386,799,181,5,756.04
2387,799,238,5,1545.8
2388,800,107,2,2843.46
2389,800,159,3,1067.14
2390,800,113,1,2450.12
2391,800,38,1,2967.69
2392,800,196,1,1107.69
2393,801,81,2,1347.79
2394,802,49,3,4482.37
2395,802,178,4,3395.37
2396,803,216,3,2822.87
2397,804,185,2,668.81
2398,804,285,3,542.86
2399,804,7,3,2840.59
2400,804,268,1,1020.42
2401,804,130,2,1584.25
2402,805,40,2,1108.94
2403,805,96,5,3561.24
2404,806,94,2,1274.86
2405,806,15,5,4133.15
2406,806,4,3,4744.8
2407,806,23,2,4211.67
2408,806,18,2,4196.88
2409,807,265,5,4145.28
2410,807,17,3,2537.15
2411,807,194,3,2221.59
2412,807,33,4,3311.72
2413,807,145,1,4813.58
2414,808,269,4,3610.97
2415,809,238,4,840.67
2416,809,258,2,680.44
2417,809,248,5,4856.88
2418,810,68,4,1384.18
2419,811,141,1,1974.92
2420,811,94,2,3825.87
2421,811,248,1,1145.66
2422,812,118,1,2062.37
2423,812,109,1,381.67
2424,812,209,4,209.15
2425,812,60,4,1628.11
2426,812,48,1,503.65
2427,813,10,5,1654.6
2428,813,274,2,1553.76
2429,813,190,2,629.12
2430,813,257,1,2269.79
2431,813,29,1,2841.21
2432,814,64,3,2617.67
2433,814,23,2,2862.97
2434,815,289,3,4462.75
2435,815,105,2,3634.61
2436,815,163,5,3654.76
2437,815,233,4,1482.91
2438,815,62,2,2790.92
2439,816,103,3,3605.77
2440,816,209,2,1195.45
2441,816,30,4,3246.39
2442,816,191,4,3343.14
2443,817,108,1,716.19
2444,817,116,5,2291.99
2445,818,139,3,4369.58
2446,819,75,5,346.53
2447,819,290,2,2902.89
2448,819,160,2,1274.66
2449,819,80,1,1836.89
2450,819,274,1,3071.83
2451,820,174,4,3890.01
2452,820,40,5,1452.87
2453,820,196,5,2944.37
2454,820,245,2,2761.11
2455,821,149,4,1320.37
2456,821,291,5,528.71
2457,822,119,1,2521.98
2458,822,247,3,3281.71
2459,822,74,2,170.0
2460,823,83,2,4786.28
2461,823,33,5,4406.29
2462,824,61,2,944.12
2463,824,220,3,4424.02
2464,824,227,5,4449.72
2465,824,106,3,4338.43
2466,824,144,5,2437.46
2467,825,228,1,531.08
2468,825,97,3,4329.63
2469,825,292,4,2183.03
2470,825,205,4,1324.28
2471,825,285,2,1847.26
2472,826,111,1,2022.39
2473,826,145,1,4265.15
2474,827,286,5,4368.87
2475,827,43,5,4797.44
2476,827,115,5,4910.65
2477,827,82,5,4820.48
2478,827,65,5,618.37
2479,828,86,2,134.24
2480,828,90,1,3072.35
2481,828,30,1,4989.54
2482,829,26,2,3550.71
2483,829,170,1,3118.06
2484,829,194,1,1151.43
2485,829,181,3,3868.65
2486,830,159,5,594.57
2487,830,40,2,110.33
2488,830,296,2,3156.59
2489,831,180,4,3835.04
2490,831,250,1,3451.4
2491,831,284,3,150.49
2492,831,201,3,2218.49
2493,831,85,3,1854.21
2494,832,179,1,4229.36
2495,833,46,3,3781.03
2496,834,165,5,3523.73
2497,834,159,2,1212.51
2498,834,119,1,2645.69
2499,834,218,5,4618.74
2500,834,133,4,4635.4
2501,835,103,4,4984.2
2502,835,9,1,569.15
2503,835,294,3,2767.89
2504,835,62,1,3858.2
2505,835,244,3,3194.47
2506,836,195,2,2993.59
2507,837,300,4,2969.06
2508,837,142,1,2812.26
2509,837,227,5,4423.63
2510,837,42,3,4365.94
2511,838,8,3,1823.52
2512,839,48,2,2410.12
2513,840,44,3,3571.35
2514,840,127,4,3133.04
2515,840,206,3,270.07
2516,840,67,3,606.35
2517,840,300,1,1527.88
2518,841,139,4,4651.99
2519,841,87,5,2361.93
2520,842,260,2,2284.5
2521,842,52,3,3917.36
2522,842,197,3,1391.23
2523,843,185,2,3309.19
2524,843,17,2,3515.39
2525,843,147,1,3457.67
2526,844,25,5,113.74
2527,844,134,5,3030.12
2528,845,202,5,1349.01
2529,845,53,5,4681.78
2530,846,208,4,2060.13
2531,846,271,4,1793.03
2532,847,130,1,996.19
2533,848,91,5,4326.51
2534,848,142,2,2895.02
2535,848,84,5,4897.59
2536,848,115,4,2902.35
2537,848,221,2,1538.47
2538,849,24,5,3917.55
2539,849,124,4,1307.87
2540,850,81,3,4818.59
2541,850,50,3,4345.71
2542,850,15,1,4543.05
2543,850,128,2,710.42
2544,850,80,1,2783.61
2545,851,50,1,1550.08
2546,852,271,4,1882.07
2547,852,180,2,2890.03
2548,853,227,3,2800.3
2549,853,198,5,1086.53
2550,853,186,1,3668.71
2551,853,47,3,3131.33
2552,853,199,2,1946.2
2553,854,285,5,1266.5
2554,854,270,2,2085.46
2555,854,54,2,4625.83
2556,854,201,2,4207.06
2557,854,43,2,3526.98
2558,855,37,5,4367.84
2559,855,129,4,1226.54
2560,855,32,2,3331.28
2561,856,193,5,1002.88
2562,856,9,3,2939.45
2563,856,29,1,574.84
2564,856,237,1,2461.93
2565,857,246,2,916.86
2566,857,31,5,1371.97
2567,857,239,3,2326.91
2568,858,40,4,4598.53
2569,859,98,3,4674.24
2570,859,134,4,4963.48
2571,859,258,5,1115.96
2572,859,66,4,1137.97
2573,860,220,5,2449.7
2574,860,283,5,2649.31
2575,860,146,5,3883.1
2576,860,136,2,1671.63
2577,861,151,3,2329.67
2578,862,40,3,2846.04
2579,862,264,1,2878.06
2580,862,158,3,3779.37
2581,862,226,2,4052.4
2582,862,183,1,3735.29
2583,863,32,4,334.36
2584,864,58,4,4121.3
2585,864,28,4,2231.57
2586,864,29,3,2471.92
2587,864,193,1,2364.3
2588,864,91,5,3443.74
2589,865,235,3,4412.65
2590,865,101,3,3863.66
2591,865,23,2,3628.42
2592,865,288,2,389.61
2593,865,109,3,4733.11
2594,866,88,2,3647.95
2595,866,138,2,4386.36
2596,867,144,3,2454.8
2597,868,115,1,3287.62
2598,868,119,1,3145.83
2599,868,27,1,764.88
2600,869,109,5,3594.97
2601,869,221,3,3372.52
2602,869,175,1,1508.79
2603,869,177,3,2275.05
2604,869,75,4,1350.4
2605,870,25,3,1679.22
2606,870,122,2,1258.18
2607,870,92,4,2631.15
2608,871,133,1,1566.68
2609,871,33,4,3494.69
2610,871,200,5,2552.89
2611,871,166,2,2158.63
2612,871,163,1,2927.89
2613,872,14,2,2751.51
2614,872,217,3,3016.73
2615,872,45,1,1789.89
2616,872,227,5,747.31
2617,872,226,4,626.23
2618,873,188,2,2555.94
2619,874,248,3,3676.04
2620,874,158,2,1598.05
2621,875,300,1,937.84
2622,875,172,3,4829.63
2623,875,115,1,1245.68
2624,875,89,2,1713.01
2625,876,224,1,2999.75
2626,876,125,1,3834.87
2627,877,252,2,2367.13
2628,877,123,3,2948.73
2629,877,6,2,4246.71
2630,877,199,1,4937.79
2631,877,12,1,2457.57
2632,878,203,1,4253.15
2633,878,289,4,1331.11
2634,878,78,3,2731.36
2635,878,107,3,500.46
2636,879,28,4,2200.42
2637,879,110,2,117.81
2638,879,295,5,3708.17
2639,880,212,4,1076.27
2640,880,71,1,4332.17
2641,880,223,4,386.23
2642,880,231,1,219.12
2643,880,122,2,1098.75
2644,881,144,4,3916.4
2645,882,285,5,2128.12
2646,882,7,2,2953.4
2647,882,114,4,209.64
2648,882,244,3,4506.3
2649,882,44,1,4300.32
2650,883,5,3,2024.29
2651,883,106,1,3095.51
2652,883,192,5,1721.01
2653,884,72,3,3767.63
2654,885,150,1,1037.59
2655,885,147,4,851.16
2656,886,224,2,1738.23
2657,887,212,1,498.08
2658,887,141,3,3936.2
2659,887,25,5,4709.85
2660,887,222,1,3893.15
2661,888,235,3,1315.22
2662,889,121,1,4528.76
2663,889,21,1,3747.52
2664,889,81,3,1968.5
2665,889,226,1,4834.59
2666,889,280,2,1189.99
2667,890,98,4,101.86
2668,890,254,5,2130.86
2669,890,9,3,2443.68
2670,890,222,4,3743.75
2671,890,155,1,1785.38
2672,891,5,1,678.56
2673,891,149,1,4767.31
2674,892,38,5,3639.96
2675,892,71,2,424.87
2676,893,289,5,2117.34
2677,893,3,5,2340.03
2678,894,109,4,2284.52
2679,894,248,2,4435.52
2680,895,139,1,560.47
2681,895,126,2,4268.35
2682,896,63,5,457.17
2683,896,291,2,4301.32
2684,896,261,2,2842.95
2685,896,99,4,649.89
2686,897,12,2,3270.21
2687,897,272,3,3978.31
2688,897,65,1,1432.51
2689,897,192,3,322.69
2690,898,277,5,622.86
2691,898,288,1,3208.4
2692,898,255,1,4031.04
2693,899,81,1,2959.68
2694,900,162,5,751.75
2695,901,237,3,4029.01
2696,901,296,4,1848.31
2697,901,142,3,3190.87
2698,901,55,5,4199.72
2699,902,283,2,409.35
2700,902,188,4,2436.0
2701,902,125,5,1679.08
2702,902,190,5,2437.51
2703,903,70,1,646.85
2704,903,93,4,3931.9
2705,903,165,4,4621.23
2706,904,183,1,635.07
2707,904,100,5,2231.9
2708,904,130,5,320.12
2709,905,60,5,3841.79
2710,905,281,2,4812.04
2711,905,124,4,1016.4
2712,905,147,2,2521.86
2713,905,177,5,1917.68
2714,906,130,5,2079.88
2715,906,255,2,1254.29
2716,907,101,5,3043.21
2717,907,63,3,559.28
2718,907,258,4,2990.64
2719,908,70,2,4967.71
2720,908,56,4,3659.36
2721,909,107,1,363.27
2722,909,127,4,203.16
2723,909,3,4,3374.55
2724,909,119,4,960.7
2725,909,238,2,4228.77
2726,910,127,1,2579.35
2727,910,148,3,1445.25
2728,910,74,5,1088.79
2729,910,175,4,198.04
2730,910,88,2,1043.79
2731,911,137,5,4296.74
2732,911,256,1,3044.57
2733,911,189,4,216.21
2734,911,223,2,4263.61
2735,912,75,2,2563.84
2736,912,177,3,4953.1
2737,912,273,1,1433.54
2738,912,23,2,410.56
2739,912,278,5,4867.06
2740,913,287,2,4565.05
2741,913,74,5,4249.26
2742,913,41,2,2516.17
2743,914,97,1,1208.76
2744,915,102,1,3607.96
2745,915,52,2,1689.13
2746,915,169,2,4094.82
2747,915,150,2,2794.2
2748,916,234,2,976.51
2749,916,253,2,3102.75
2750,917,47,1,3460.69
2751,917,283,5,4737.27
2752,917,208,1,4871.0
2753,918,218,2,432.38
2754,918,203,5,540.56
2755,919,72,2,4432.24
2756,919,220,2,3845.63
2757,919,142,3,338.74
2758,920,254,1,2128.91
2759,920,173,4,1822.17
2760,921,165,2,1869.49
2761,921,124,5,3910.43
2762,921,154,2,3878.93
2763,921,46,2,4271.26
2764,921,26,5,4034.6
2765,922,102,1,3728.2
2766,922,223,3,3504.48
2767,922,129,2,2311.06
2768,922,208,1,2389.51
2769,922,241,1,1507.34
2770,923,88,3,4178.81
2771,924,193,2,4287.39
2772,924,196,4,4939.34
2773,924,48,1,3714.87
2774,924,214,2,958.24
2775,925,274,1,1659.19
2776,925,145,2,2333.46
2777,925,124,4,3400.52
2778,925,279,5,4550.21
2779,926,118,2,3094.25
2780,926,252,1,4622.69
2781,926,262,4,3691.3
2782,926,159,1,4363.12
2783,927,102,1,4789.08
2784,928,40,1,1397.23
2785,928,247,1,378.9
2786,928,157,1,1500.53
2787,928,190,4,731.68
2788,929,164,3,2032.98
2789,929,61,5,3933.59
2790,929,259,3,3361.46
2791,929,72,4,2947.62
2792,930,48,1,309.46
2793,931,177,3,132.76
2794,931,100,4,996.73
2795,931,106,5,3703.32
2796,931,33,4,2129.16
2797,931,289,2,1209.28
2798,932,255,1,2403.2
2799,932,42,5,4466.61
2800,932,225,4,2441.21
2801,933,112,3,3020.02
2802,933,121,4,692.01
2803,933,132,2,1263.28
2804,933,49,1,3552.39
2805,934,204,5,4149.7
2806,934,100,3,1938.13
2807,934,124,2,4545.94
2808,935,299,1,3292.94
2809,935,119,5,1505.52
2810,935,142,3,3629.97
2811,936,216,5,1868.18
2812,937,32,1,910.33
2813,937,78,2,2111.85
2814,937,119,2,175.37
2815,937,18,3,771.67
2816,938,249,3,4266.49
2817,938,137,3,2046.75
2818,938,241,1,1839.42
2819,939,141,4,3268.34
2820,939,246,2,1228.93
2821,939,128,2,4926.95
2822,939,100,3,2853.28
2823,939,42,1,2669.37
2824,940,162,1,971.63
2825,940,252,1,4806.58
2826,940,125,3,426.9
2827,940,256,4,331.07
2828,941,148,3,3209.15
2829,941,75,4,4542.4
2830,941,55,4,2829.52
2831,941,161,2,1756.12
2832,941,203,4,4577.87
2833,942,293,2,2594.79
2834,943,176,2,3466.73
2835,943,280,3,1135.91
2836,943,15,3,3442.32
2837,943,85,3,2977.35
2838,943,5,2,1136.41
2839,944,78,1,4078.75
2840,944,105,4,575.69
2841,944,175,2,245.84
2842,944,206,5,4799.92
2843,945,67,1,912.33
2844,946,63,3,2981.45
2845,947,5,3,863.95
2846,947,79,4,1533.66
2847,947,34,2,3827.84
2848,947,282,4,212.83
2849,947,49,3,1273.14
2850,948,197,5,360.98
2851,948,18,4,2430.09
2852,949,23,4,587.51
2853,949,72,2,1680.95
2854,950,235,2,1943.64
2855,950,132,2,4127.64
2856,950,111,5,1978.39
2857,950,72,2,1134.88
2858,951,159,3,3283.06
2859,951,176,5,4640.39
2860,951,284,4,3667.43
2861,951,108,2,2797.48
2862,952,290,3,2786.94
2863,952,53,4,611.55
2864,952,2,4,2360.06
2865,953,152,4,4332.35
2866,954,67,1,2473.7
2867,954,213,1,1272.4
2868,954,35,1,295.09
2869,954,182,4,2112.84
2870,954,117,1,1162.94
2871,955,245,1,921.45
2872,956,162,2,2589.77
2873,957,59,3,3364.52
2874,958,209,2,3186.37
2875,958,137,5,1302.97
2876,958,67,3,4723.67
2877,958,274,1,3228.54
2878,959,286,5,1917.21
2879,959,141,1,2122.39
2880,959,246,3,3255.45
2881,959,263,4,281.79
2882,960,241,3,3135.17
2883,960,268,1,808.83
2884,960,213,3,3692.28
2885,960,32,3,4026.4
2886,960,147,3,3437.25
2887,961,43,1,304.66
2888,961,255,1,4935.22
2889,961,4,2,2614.7
2890,961,15,4,3252.81
2891,961,18,1,3135.23
2892,962,92,2,2470.21
2893,962,218,5,3501.09
2894,962,87,4,1706.16
2895,962,167,2,2220.27
2896,962,193,1,3788.29
2897,963,174,4,2917.65
2898,963,238,5,4399.98
2899,963,221,5,3078.24
2900,964,40,5,4584.74
2901,964,220,2,1217.3
2902,964,63,4,1414.8
2903,964,115,2,1476.56
2904,965,7,3,438.65
2905,966,146,3,4226.09
2906,966,25,4,1551.8
2907,967,6,5,3230.81
2908,967,270,3,3384.12
2909,967,269,2,1911.79
2910,967,82,3,2515.71
2911,967,107,5,839.91
2912,968,194,1,1224.78
2913,968,143,4,2724.89
2914,968,129,2,1585.64
2915,969,200,1,470.44
2916,969,209,4,854.09
2917,969,283,4,2522.63
2918,970,295,3,1653.64
2919,970,225,3,4411.37
2920,970,276,4,4480.06
2921,970,200,2,859.95
2922,971,3,5,2414.31
2923,971,264,2,4606.04
2924,971,65,3,4009.89
2925,971,226,1,1638.12
2926,972,282,2,1147.02
2927,973,53,2,822.18
2928,973,32,1,2836.76
2929,973,151,5,621.63
2930,973,17,3,2283.26
2931,973,70,3,570.42
2932,974,185,2,772.61
2933,975,33,3,2175.02
2934,975,262,2,2943.37
2935,975,208,4,3580.75
2936,975,205,1,568.46
2937,975,153,2,4875.82
2938,976,62,5,4722.11
2939,977,265,4,1020.6
2940,978,11,2,2427.77
2941,978,217,2,3320.83
2942,978,172,4,4297.5
2943,979,207,5,3520.61
2944,979,155,5,1122.95
2945,979,236,4,3237.42
2946,979,67,3,4117.77
2947,980,150,4,228.82
2948,980,109,3,1341.9
2949,980,144,5,2792.16
2950,981,181,1,1228.36
2951,982,107,4,2272.62
2952,982,204,4,584.58
2953,982,209,4,2252.24
2954,982,276,3,3679.55
2955,983,90,2,2394.88
2956,983,240,4,3466.06
2957,983,193,4,3661.8
2958,983,125,2,3581.37
2959,984,171,3,3040.65
2960,984,14,2,1902.66
2961,984,114,3,3697.61
2962,984,288,1,3895.37
2963,985,78,4,2154.95
2964,986,247,5,609.25
2965,986,1,4,3522.81
2966,986,93,3,2588.43
2967,986,281,4,4474.46
2968,987,239,2,1658.68
2969,988,142,4,4016.22
2970,988,291,3,1170.48
2971,988,256,3,1059.22
2972,989,299,5,4527.01
2973,989,75,4,745.67
2974,989,259,2,1757.26
2975,989,37,1,1791.9
2976,989,277,4,3171.6
2977,990,219,1,2714.1
2978,990,181,3,2135.44
2979,990,296,3,3336.19
2980,990,200,5,1768.01
2981,991,157,1,4119.7
2982,991,235,5,400.64
2983,991,8,3,1996.32
2984,992,284,2,4750.39
2985,993,75,3,3588.01
2986,993,111,5,792.54
2987,993,149,4,1467.61
2988,994,12,3,1552.84
2989,994,241,4,1057.16
2990,994,296,5,3557.16
2991,994,80,1,1667.04
2992,994,247,3,3724.69
2993,995,19,3,3826.97
2994,995,98,3,3077.41
2995,995,50,3,3925.11
2996,996,15,1,4569.98
2997,996,20,5,2002.09
2998,996,139,2,4541.1
2999,996,145,1,2502.3
3000,997,158,1,1416.33
3001,997,67,5,3662.3
3002,997,148,4,4052.04
3003,997,103,5,3932.37
3004,998,148,5,1037.94
3005,998,135,1,4712.27
3006,998,95,5,629.01
3007,999,155,3,671.02
3008,1000,265,1,979.99
3009,1000,296,5,141.94
3010,1000,171,4,1805.96
3011,1000,152,3,732.83
3012,1001,16,4,517.6
3013,1001,147,2,573.21
3014,1002,72,3,4627.47
3015,1002,35,4,2567.54
3016,1003,196,2,879.96
3017,1003,47,4,666.88
3018,1003,224,1,3316.79
3019,1003,29,2,4205.59
3020,1004,207,3,1535.81
3021,1004,7,5,4310.91
3022,1004,156,4,1733.99
3023,1005,173,3,870.61
3024,1005,233,1,3190.38
3025,1005,107,2,3301.12
3026,1005,177,2,4887.56
3027,1005,110,2,2290.28
3028,1006,290,1,2711.13
3029,1007,152,4,4380.61
3030,1007,86,3,3221.72
3031,1007,216,4,2053.57
3032,1008,139,3,683.16
3033,1008,48,2,4147.57
3034,1008,255,5,3428.28
3035,1008,153,4,1096.16
3036,1009,229,1,2994.78
3037,1009,169,4,4918.74
3038,1010,50,4,379.91
3039,1010,174,1,476.88
3040,1010,212,4,3798.98
3041,1011,21,5,2099.05
3042,1011,194,5,1330.38
3043,1012,52,3,3458.2
3044,1013,33,3,3636.85
3045,1013,3,5,2076.54
3046,1014,44,2,1622.41
3047,1015,189,1,2416.2
3048,1015,154,1,2431.93
3049,1015,21,5,4510.35
3050,1016,275,2,690.66
3051,1016,249,2,1381.79
3052,1017,132,4,345.65
3053,1017,236,5,971.56
3054,1018,282,1,4959.74
3055,1018,187,3,1394.77
3056,1019,211,1,797.67
3057,1020,177,2,1180.97
3058,1020,227,5,2656.86
3059,1020,77,1,693.95
3060,1020,55,2,344.46
3061,1020,258,3,2369.82
3062,1021,292,1,909.24
3063,1021,202,5,1959.32
3064,1022,59,2,2621.68
3065,1023,33,3,4981.96
3066,1024,15,5,2510.75
3067,1024,217,3,3360.89
3068,1024,58,5,508.47
3069,1025,50,4,3850.55
3070,1025,107,2,4555.83
3071,1026,267,4,478.15
3072,1027,57,1,2691.58
3073,1028,158,5,4754.49
3074,1028,72,5,4485.11
3075,1028,4,2,4677.54
3076,1028,137,3,151.45
3077,1029,115,4,379.08
3078,1029,47,2,4566.05
3079,1029,206,3,4570.28
3080,1029,149,1,3481.0
3081,1030,215,2,4158.52
3082,1030,41,1,1760.1
3083,1031,257,2,1694.75
3084,1031,241,3,2238.21
3085,1032,156,1,4226.42
3086,1032,181,4,4285.83
3087,1032,10,2,2786.76
3088,1032,133,1,3700.94
3089,1033,191,1,4729.43
3090,1033,228,5,2177.33
3091,1033,50,2,2503.36
3092,1033,63,5,4687.01
3093,1034,262,4,697.7
3094,1034,91,1,1481.07
3095,1034,7,3,2292.43
3096,1035,275,4,4900.08
3097,1035,18,1,535.09
3098,1035,199,2,4271.58
3099,1035,129,2,4893.08
3100,1035,148,3,1241.83
3101,1036,66,3,538.06
3102,1036,151,4,1741.54
3103,1037,259,4,3945.3
3104,1037,214,1,2720.33
3105,1037,216,1,1725.52
3106,1038,278,2,1270.79
3107,1038,223,3,2489.09
3108,1038,210,1,1725.2
3109,1038,30,1,725.12
3110,1038,199,3,890.4
3111,1039,238,5,2408.81
3112,1039,34,3,965.68
3113,1040,167,4,4546.38
3114,1040,219,4,4830.45
3115,1040,163,4,4170.44
3116,1041,291,5,1117.65
3117,1041,91,1,270.53
3118,1041,37,2,2211.17
3119,1042,282,2,683.64
3120,1042,21,2,3530.92
3121,1042,82,1,1313.93
3122,1042,38,4,896.96
3123,1043,188,3,2878.51
3124,1043,124,5,715.59
3125,1044,299,4,557.69
3126,1044,199,1,1880.61
3127,1044,32,3,4122.78
3128,1044,120,1,494.0
3129,1045,241,4,3446.8
3130,1045,17,2,3313.87
3131,1046,106,2,4951.8
3132,1046,184,1,2300.39
3133,1047,253,4,3825.77
3134,1048,165,3,1988.11
3135,1048,224,5,192.19
3136,1048,6,5,2073.92
3137,1049,117,5,4911.02
3138,1050,110,5,1692.22
3139,1050,196,3,3147.94
3140,1051,237,5,202.72
3141,1051,126,3,941.14
3142,1051,70,2,3030.22
3143,1051,43,1,2005.19
3144,1052,58,5,223.36
3145,1052,37,1,4346.48
3146,1052,125,1,4404.1
3147,1053,56,4,2397.45
3148,1054,288,4,3061.18
3149,1055,116,5,1094.38
3150,1055,3,1,1302.87
3151,1055,192,1,1650.69
3152,1056,142,2,1061.72
3153,1056,151,4,571.53
3154,1056,223,2,3623.51
3155,1057,280,1,925.25
3156,1057,105,5,1297.19
3157,1057,83,4,4005.35
3158,1057,154,5,518.35
3159,1057,8,1,188.87
3160,1058,22,5,2342.74
3161,1058,92,2,453.02
3162,1058,26,4,1523.1
3163,1058,270,5,2967.6
3164,1059,132,5,2906.58
3165,1059,210,5,2059.39
3166,1059,60,4,2123.28
3167,1060,86,4,3455.3
3168,1060,219,5,145.82
3169,1060,169,1,509.67
3170,1060,292,4,238.15
3171,1060,188,5,2719.58
3172,1061,166,1,1937.89
3173,1062,52,4,1627.78
3174,1062,35,2,1085.54
3175,1063,255,4,2713.88
3176,1063,48,2,2390.42
3177,1064,209,3,4725.31
3178,1064,227,1,3189.3
3179,1064,44,2,1416.21
3180,1064,192,5,4521.37
3181,1065,71,3,4020.15
3182,1065,242,4,2078.09
3183,1065,25,2,3727.95
3184,1065,146,1,1261.73
3185,1065,220,2,141.63
3186,1066,260,4,826.57
3187,1067,27,3,3218.91
3188,1068,81,5,356.84
3189,1069,121,2,2918.01
3190,1069,133,1,3574.89
3191,1069,126,5,818.9
3192,1069,207,3,4038.5
3193,1069,147,5,498.07
3194,1070,67,1,2540.24
3195,1070,17,2,4209.02
3196,1070,223,2,4221.37
3197,1070,40,1,3584.85
3198,1071,148,5,3678.8
3199,1072,43,4,1029.23
3200,1072,295,2,653.02
3201,1072,210,3,933.97
3202,1072,200,1,141.05
3203,1073,188,3,4520.65
3204,1073,18,3,3579.82
3205,1074,231,1,1543.89
3206,1074,57,5,4792.58
3207,1074,285,1,4713.57
3208,1074,271,3,2552.63
3209,1074,266,5,1607.75
3210,1075,102,4,1112.25
3211,1075,130,2,3436.02
3212,1075,284,5,3707.96
3213,1076,269,2,1911.6
3214,1076,133,4,4204.07
3215,1076,44,3,3900.58
3216,1077,37,3,2587.13
3217,1077,169,3,500.58
3218,1077,136,5,4478.62
3219,1078,161,4,2982.76
3220,1078,272,1,216.56
3221,1078,169,1,902.89
3222,1079,147,3,1064.51
3223,1079,14,4,3314.7
3224,1079,207,2,1752.79
3225,1079,295,4,507.86
3226,1079,132,2,737.38
3227,1080,80,3,4453.05
3228,1081,181,1,2810.63
3229,1081,257,2,2262.26
3230,1081,123,1,2382.86
3231,1081,245,2,1295.04
3232,1082,276,2,1424.5
3233,1083,271,3,2338.37
3234,1083,39,2,3981.79
3235,1083,237,2,2761.24
3236,1083,20,4,3293.49
3237,1084,53,4,3026.86
3238,1084,147,1,4057.97
3239,1085,293,3,473.25
3240,1085,16,2,2019.43
3241,1085,165,3,1437.55
3242,1085,25,5,4647.46
3243,1085,18,2,502.78
3244,1086,212,2,3012.08
3245,1086,34,4,3560.7
3246,1086,293,4,1963.69
3247,1086,51,1,2905.88
3248,1087,165,2,4351.74
3249,1088,200,3,1629.54
3250,1089,2,4,3891.66
3251,1089,292,1,4970.75
3252,1090,78,1,842.64
3253,1090,141,2,4407.03
3254,1090,199,4,3087.86
3255,1091,190,3,4137.71
3256,1091,240,5,2695.07
3257,1092,143,4,1181.71
3258,1092,155,3,1325.04
3259,1092,115,5,1778.09
3260,1092,127,5,1830.69
3261,1093,146,3,4080.69
3262,1093,197,3,530.04
3263,1094,263,2,3236.24
3264,1094,260,4,1084.92
3265,1094,67,4,1613.64
3266,1094,243,2,1510.96
3267,1094,26,2,4785.68
3268,1095,75,1,1597.09
3269,1095,60,5,2281.64
3270,1096,232,1,3660.68
3271,1096,137,3,827.67
3272,1096,147,3,2765.44
3273,1096,219,2,284.38
3274,1097,5,1,1698.42
3275,1097,173,5,1355.64
3276,1097,11,4,2920.78
3277,1097,296,4,4946.04
3278,1098,54,2,2292.6
3279,1098,236,5,3154.5
3280,1099,279,4,569.26
3281,1099,55,2,808.76
3282,1099,109,2,4701.31
3283,1099,228,2,2024.44
3284,1099,5,1,2248.66
3285,1100,142,5,4910.89
3286,1101,44,3,235.6
3287,1101,166,2,2562.18
3288,1101,88,5,265.41
3289,1101,267,4,763.48
3290,1101,72,3,1489.53
3291,1102,95,4,2473.48
3292,1102,33,4,1815.72
3293,1102,85,5,1320.71
3294,1103,271,3,4434.87
3295,1103,240,4,473.53
3296,1104,142,5,1856.99
3297,1104,290,5,4959.72
3298,1104,297,3,449.04
3299,1104,104,1,1004.18
3300,1105,267,3,1768.08
3301,1105,105,4,4823.78
3302,1106,123,2,4614.61
3303,1106,53,2,3500.12
3304,1106,146,4,4664.13
3305,1107,232,2,667.94
3306,1108,264,3,4552.87
3307,1108,247,1,2075.39
3308,1108,77,1,400.68
3309,1109,115,5,1380.17
3310,1109,14,3,1404.95
3311,1109,31,1,159.15
3312,1109,27,5,2178.31
3313,1110,223,1,4052.37
3314,1110,234,1,3479.59
3315,1110,76,4,4232.71
3316,1110,191,5,2258.32
3317,1111,131,4,1914.94
3318,1112,26,3,1581.42
3319,1112,177,4,1317.04
3320,1113,197,1,2047.53
3321,1114,210,1,4590.15
3322,1114,101,2,1371.92
3323,1114,97,2,485.56
3324,1114,76,4,601.13
3325,1115,264,5,275.81
3326,1116,172,1,1282.56
3327,1116,66,2,815.53
3328,1117,108,2,4928.58
3329,1117,204,3,2823.37
3330,1117,135,2,2762.1
3331,1118,298,2,4138.54
3332,1118,156,3,2466.42
3333,1119,106,2,1827.35
3334,1119,289,3,3278.93
3335,1119,14,1,3050.12
3336,1119,300,5,4126.35
3337,1120,174,2,2021.07
3338,1120,66,3,4780.41
3339,1120,121,5,4813.29
3340,1120,135,1,1621.59
3341,1121,81,3,4259.89
3342,1121,265,5,2322.07
3343,1121,217,2,3733.64
3344,1121,218,4,4343.22
3345,1122,62,1,2251.6
3346,1122,110,4,1582.34
3347,1122,4,4,1209.18
3348,1123,222,2,775.17
3349,1123,208,2,1715.37
3350,1123,260,1,231.62
3351,1123,48,2,1742.53
3352,1123,1,5,590.71
3353,1124,195,2,2864.78
3354,1124,231,1,663.23
3355,1124,130,1,3139.0
3356,1124,79,2,2326.21
3357,1125,198,2,2203.07
3358,1126,36,1,824.99
3359,1127,114,1,3516.4
3360,1127,192,5,4490.93
3361,1128,287,2,3658.81
3362,1129,247,2,3407.03
3363,1129,279,1,2879.16
3364,1129,184,1,607.8
3365,1129,270,3,4137.55
3366,1129,100,4,2372.09
3367,1130,193,5,2207.15
3368,1130,63,2,3195.37
3369,1130,191,4,1820.72
3370,1130,210,1,1565.95
3371,1130,25,1,3875.85
3372,1131,275,3,1355.78
3373,1131,247,5,4721.33
3374,1131,151,2,4756.01
3375,1132,9,1,4249.76
3376,1133,173,1,2144.27
3377,1133,180,4,2300.65
3378,1133,258,2,1048.63
3379,1134,114,3,2599.12
3380,1134,7,5,332.71
3381,1134,146,5,2431.74
3382,1135,189,2,2959.96
3383,1135,169,5,819.27
3384,1135,94,4,827.71
3385,1135,300,1,3526.69
3386,1135,73,2,1772.74
3387,1136,297,5,139.93
3388,1136,293,1,326.83
3389,1137,17,3,2541.76
3390,1137,171,2,3672.94
3391,1137,133,4,2567.28
3392,1137,273,2,3893.73
3393,1137,258,2,3663.42
3394,1138,60,1,4038.97
3395,1139,63,3,1581.13
3396,1140,274,3,602.34
3397,1141,73,3,2928.92
3398,1141,256,4,2020.62
3399,1141,226,4,379.45
3400,1141,219,2,713.4
3401,1142,143,3,1852.09
3402,1142,106,3,3008.28
3403,1142,41,1,3938.21
3404,1142,299,1,1488.9
3405,1143,24,4,1360.94
3406,1143,119,5,3930.7
3407,1143,207,1,4698.3
3408,1143,127,2,785.58
3409,1143,285,3,1757.37
3410,1144,140,1,988.04
3411,1144,144,4,3326.19
3412,1144,232,1,1882.02
3413,1144,224,1,4137.81
3414,1145,166,3,278.49
3415,1145,61,5,3897.0
3416,1145,49,3,1332.63
3417,1145,115,2,4344.6
3418,1146,110,2,4050.14
3419,1146,270,4,3272.57
3420,1146,294,1,1554.81
3421,1146,268,5,2408.14
3422,1147,39,3,4596.15
3423,1147,269,2,768.02
3424,1148,172,4,4648.88
3425,1148,270,5,1997.11
3426,1148,205,5,1376.75
3427,1148,66,5,1061.24
3428,1149,24,5,1991.68
3429,1149,4,1,2296.07
3430,1149,174,1,689.97
3431,1149,223,1,1106.29
3432,1150,95,4,4807.4
3433,1150,237,1,3840.98
3434,1150,265,2,2235.92
3435,1151,190,1,827.07
3436,1151,133,1,4086.98
3437,1151,46,5,3569.75
3438,1151,258,1,189.47
3439,1151,95,3,219.39
3440,1152,281,4,2269.22
3441,1152,161,5,1604.69
3442,1152,124,5,2136.36
3443,1153,174,5,1632.02
3444,1153,290,2,1344.92
3445,1153,151,2,4848.46
3446,1154,104,1,699.89
3447,1154,60,1,132.38
3448,1155,112,5,4003.42
3449,1155,136,5,3654.76
3450,1155,268,1,4091.71
3451,1155,68,1,3951.52
3452,1156,256,4,234.45
3453,1156,273,5,1983.68
3454,1156,34,5,882.78
3455,1156,286,5,3851.1
3456,1156,74,3,175.56
3457,1157,35,5,2402.93
3458,1158,136,5,477.64
3459,1158,296,4,2393.85
3460,1159,288,4,517.94
3461,1159,13,3,2508.8
3462,1159,160,1,3695.89
3463,1159,143,4,2835.84
3464,1159,43,1,1822.05
3465,1160,65,1,3832.44
3466,1160,52,4,2215.58
3467,1160,231,4,186.71
3468,1161,243,1,1177.29
3469,1161,85,5,1956.44
3470,1161,188,2,1550.1
3471,1161,149,2,4380.0
3472,1161,57,1,2008.54
3473,1162,232,4,3572.0
3474,1162,265,2,255.67
3475,1162,150,2,4269.17
3476,1162,227,1,4766.79
3477,1162,40,5,428.94
3478,1163,277,2,3809.79
3479,1163,297,3,1410.2
3480,1163,64,2,4565.02
3481,1163,239,4,2054.67
3482,1164,60,3,4286.61
3483,1164,23,3,4253.96
3484,1165,21,1,4567.86
3485,1165,251,1,2404.97
3486,1165,272,2,1943.93
3487,1165,212,1,3092.87
3488,1165,195,5,2479.11
3489,1166,279,3,3591.38
3490,1166,244,1,4917.71
3491,1167,253,1,4064.49
3492,1168,57,2,4894.54
3493,1169,211,3,286.59
3494,1169,222,5,1543.08
3495,1170,122,5,961.03
3496,1170,159,4,4958.32
3497,1170,176,4,832.62
3498,1171,141,4,2211.58
3499,1172,35,4,2786.92
3500,1172,295,1,3609.4
3501,1173,66,5,192.21
3502,1174,66,4,1418.03
3503,1174,263,1,4651.14
3504,1175,178,1,1869.55
3505,1175,110,4,4770.74
3506,1175,280,3,3821.78
3507,1175,69,3,1952.82
3508,1175,24,2,2285.3
3509,1176,285,1,154.6
3510,1176,140,2,4279.14
3511,1176,42,2,3144.49
3512,1177,282,1,4342.81
3513,1177,139,5,3268.49
3514,1178,97,2,168.77
3515,1179,165,5,4016.02
3516,1179,256,4,1378.41
3517,1179,288,4,1894.95
3518,1179,6,5,1913.16
3519,1180,68,5,993.6
3520,1180,265,3,3495.81
3521,1181,1,5,3482.25
3522,1182,102,5,3102.57
3523,1182,100,3,4376.31
3524,1182,217,1,1566.65
3525,1183,180,4,3595.8
3526,1183,39,4,4958.1
3527,1183,115,4,4459.4
3528,1184,209,1,1080.07
3529,1184,147,5,3137.0
3530,1184,131,3,611.33
3531,1185,4,4,550.37
3532,1185,296,4,4640.81
3533,1186,204,1,891.85
3534,1186,62,5,4127.62
3535,1187,2,3,1723.07
3536,1187,237,2,118.93
3537,1187,34,1,3272.29
3538,1188,92,2,2821.91
3539,1188,50,3,2936.95
3540,1188,235,1,4433.83
3541,1189,90,5,4995.83
3542,1189,110,3,4754.97
3543,1189,38,4,1276.43
3544,1190,293,4,1064.96
3545,1190,192,5,4539.05
3546,1190,195,5,2292.74
3547,1191,131,4,3414.09
3548,1192,152,5,3925.64
3549,1192,21,1,1246.39
3550,1193,114,4,4425.42
3551,1193,35,1,204.55
3552,1193,94,2,2162.14
3553,1194,258,1,2773.37
3554,1194,86,4,1021.34
3555,1195,279,5,1477.9
3556,1195,224,2,2374.05
3557,1196,296,2,2592.55
3558,1196,41,1,4037.49
3559,1197,196,2,2181.27
3560,1197,148,5,1068.74
3561,1197,90,2,1307.74
3562,1197,13,5,4835.95
3563,1198,132,5,3371.51
3564,1198,209,4,2156.6
3565,1198,92,1,3190.95
3566,1198,176,2,3256.16
3567,1199,223,1,4800.54
3568,1200,148,3,2097.3
3569,1200,224,1,921.08
3570,1201,100,4,1567.95
3571,1201,80,2,2569.78
3572,1202,210,1,2720.34
3573,1202,28,1,2334.75
3574,1202,263,4,3401.74
3575,1202,176,2,3211.72
3576,1203,177,5,3591.96
3577,1203,38,5,1557.61
3578,1203,262,2,3192.77
3579,1204,260,1,2446.79
3580,1204,98,2,3607.14
3581,1205,137,5,550.25
3582,1205,78,5,4320.79
3583,1205,291,4,1278.95
3584,1205,39,3,577.59
3585,1205,247,4,4124.86
3586,1206,37,2,1479.3
3587,1206,100,4,1499.5
3588,1207,95,3,3593.44
3589,1208,54,4,2293.54
3590,1208,59,3,4746.01
3591,1208,176,4,4120.54
3592,1209,6,5,4190.59
3593,1209,143,5,4796.41
3594,1209,71,1,3766.06
3595,1209,246,2,2959.74
3596,1210,241,5,896.37
3597,1210,68,4,1379.58
3598,1211,76,1,3830.1
3599,1212,180,3,1450.87
3600,1212,210,2,3331.72
3601,1212,12,4,4597.34
3602,1212,219,1,2285.34
3603,1213,39,5,273.23
3604,1213,249,3,3597.49
3605,1213,147,3,4905.56
3606,1214,274,1,3043.72
3607,1214,175,4,2346.37
3608,1214,286,4,3295.84
3609,1214,148,1,1755.86
3610,1215,107,5,4319.57
3611,1216,108,3,4514.09
3612,1216,198,5,1557.17
3613,1216,263,1,3648.38
3614,1216,129,4,4457.75
3615,1217,135,3,2148.33
3616,1217,255,4,3884.04
3617,1218,153,5,205.66
3618,1218,76,1,2881.07
3619,1219,240,4,137.98
3620,1220,127,1,2480.07
3621,1220,210,3,3523.0
3622,1220,63,1,3025.59
3623,1220,81,5,3423.58
3624,1221,284,5,2724.62
3625,1221,156,3,4757.43
3626,1221,286,2,3003.46
3627,1221,88,2,4081.14
3628,1222,89,2,110.11
3629,1222,50,5,2968.55
3630,1222,75,4,2643.89
3631,1222,115,2,1997.89
3632,1223,247,5,1541.6
3633,1224,281,2,3274.02
3634,1224,160,5,1539.02
3635,1225,235,4,4875.36
3636,1226,45,4,3082.92
3637,1226,88,3,184.37
3638,1226,72,3,1903.8
3639,1227,168,3,3223.63
3640,1227,207,2,2736.46
3641,1227,206,5,682.61
3642,1227,14,3,726.38
3643,1228,197,3,228.7
3644,1228,63,3,2135.0
3645,1228,6,1,353.3
3646,1229,195,1,1382.99
3647,1229,200,5,3185.82
3648,1229,209,5,1331.32
3649,1230,128,1,1846.63
3650,1231,147,5,2334.57
3651,1231,152,1,4761.61
3652,1231,56,2,2264.33
3653,1232,50,5,1303.64
3654,1232,3,1,3802.71
3655,1233,157,2,4313.46
3656,1233,137,2,2764.54
3657,1234,50,4,483.16
3658,1234,256,4,4061.51
3659,1234,147,1,595.44
3660,1235,50,5,204.28
3661,1235,108,3,4361.17
3662,1235,179,4,4136.19
3663,1236,11,5,1805.68
3664,1237,235,3,4803.46
3665,1237,185,2,1253.9
3666,1237,131,3,501.52
3667,1237,277,2,2029.22
3668,1238,290,4,2024.13
3669,1239,116,5,3055.34
3670,1239,176,2,4484.81
3671,1240,39,3,4929.86
3672,1240,222,5,1296.57
3673,1240,256,5,3567.85
3674,1240,139,4,2745.94
3675,1241,45,2,4470.03
3676,1241,22,5,1473.5
3677,1241,296,3,999.46
3678,1241,280,1,1029.59
3679,1241,209,3,296.91
3680,1242,226,4,1879.14
3681,1243,80,4,4655.33
3682,1243,249,2,2100.71
3683,1243,178,5,3721.07
3684,1243,225,4,2608.99
3685,1243,123,4,3967.14
3686,1244,113,5,1655.16
3687,1244,242,4,1010.97
3688,1244,240,4,3060.46
3689,1245,48,3,4011.12
3690,1245,209,4,4530.96
3691,1245,58,4,3553.27
3692,1245,55,5,2564.18
3693,1245,208,5,2033.79
3694,1246,67,3,2542.5
3695,1246,129,3,3640.94
3696,1246,220,4,643.3
3697,1246,105,1,2228.25
3698,1246,85,5,2207.3
3699,1247,100,5,4341.31
3700,1247,81,4,1269.81
3701,1247,2,4,2646.62
3702,1247,246,4,3599.91
3703,1248,41,1,1018.64
3704,1248,91,1,720.23
3705,1248,187,1,891.63
3706,1248,49,3,204.77
3707,1249,121,2,2635.79
3708,1249,153,3,3151.16
3709,1249,226,1,4898.28
3710,1250,15,1,4917.19
3711,1250,249,2,3869.8
3712,1251,245,1,4279.59
3713,1251,284,2,4629.94
3714,1252,20,5,2461.31
3715,1252,101,4,2869.06
3716,1253,159,1,4390.6
3717,1254,257,3,4414.77
3718,1254,293,2,4210.75
3719,1255,272,3,846.66
3720,1255,4,2,1939.72
3721,1255,275,5,2950.46
3722,1255,39,4,2705.47
3723,1256,15,2,4756.37
3724,1256,61,3,431.78
3725,1256,256,4,4762.93
3726,1256,89,1,1957.64
3727,1256,9,3,1488.42
3728,1257,30,5,2394.64
3729,1257,268,5,2649.62
3730,1257,166,2,4626.76
3731,1257,57,1,4103.83
3732,1258,31,2,1513.29
3733,1258,58,1,1412.74
3734,1258,119,4,4589.17
3735,1258,244,3,2310.53
3736,1258,154,1,4426.41
3737,1259,97,2,2970.83
3738,1259,12,1,2888.02
3739,1259,83,5,4998.25
3740,1259,48,4,2228.74
3741,1259,236,2,110.18
3742,1260,144,5,4416.15
3743,1260,221,2,3722.41
3744,1261,228,1,4434.1
3745,1261,236,2,2529.28
3746,1261,169,3,3639.34
3747,1261,21,1,1189.79
3748,1261,26,5,2540.8
3749,1262,238,3,2031.96
3750,1262,87,1,3483.5
3751,1263,5,5,2179.48
3752,1263,87,3,239.37
3753,1263,65,5,833.65
3754,1263,230,1,3225.13
3755,1263,167,4,1392.84
3756,1264,14,3,4153.21
3757,1264,79,2,2766.83
3758,1264,119,4,786.82
3759,1264,70,5,150.93
3760,1264,21,1,2854.87
3761,1265,202,4,565.35
3762,1266,256,5,3495.69
3763,1266,71,1,2499.68
3764,1267,156,2,1260.28
3765,1268,9,2,4700.98
3766,1269,48,3,3146.42
3767,1269,231,1,3056.48
3768,1269,10,5,1868.13
3769,1269,236,1,1357.36
3770,1270,163,1,355.05
3771,1270,221,5,139.3
3772,1270,195,1,2925.7
3773,1270,295,1,3785.19
3774,1270,260,3,2016.14
3775,1271,141,4,3849.52
3776,1271,136,1,4565.06
3777,1271,15,4,4186.83
3778,1271,126,3,2112.35
3779,1271,170,1,279.19
3780,1272,281,5,2533.17
3781,1273,158,4,792.06
3782,1273,51,3,1176.69
3783,1273,19,1,4489.8
3784,1274,192,2,3303.07
3785,1274,222,3,4771.97
3786,1275,296,3,3405.08
3787,1275,176,2,1400.1
3788,1275,270,4,4682.34
3789,1275,280,5,2405.79
3790,1275,251,4,2538.27
3791,1276,155,1,572.57
3792,1276,76,5,3003.5
3793,1277,247,1,4223.97
3794,1278,16,4,2417.96
3795,1278,294,4,2810.63
3796,1278,117,2,1175.39
3797,1278,234,2,3479.61
3798,1279,83,4,1627.38
3799,1279,114,4,833.32
3800,1280,40,4,1848.99
3801,1280,181,4,1977.57
3802,1280,166,1,2938.97
3803,1280,134,5,1805.52
3804,1281,145,1,3105.52
3805,1282,85,2,3079.23
3806,1282,247,1,990.74
3807,1282,107,2,2900.59
3808,1282,287,1,1723.78
3809,1282,299,3,3392.83
3810,1283,99,5,979.43
3811,1283,224,1,1498.48
3812,1284,235,1,2565.68
3813,1284,162,3,3658.43
3814,1284,238,5,1036.27
3815,1284,277,5,602.6
3816,1284,282,4,785.53
3817,1285,92,1,3289.78
3818,1285,47,5,4425.48
3819,1285,197,4,3586.39
3820,1285,158,2,2241.05
3821,1286,64,1,2827.9
3822,1286,38,2,613.71
3823,1286,81,4,3808.73
3824,1286,22,4,4698.4
3825,1286,142,2,3754.69
3826,1287,83,5,788.05
3827,1287,133,4,1437.82
3828,1288,173,4,1443.32
3829,1288,298,4,4450.02
3830,1288,69,5,1536.67
3831,1288,151,1,2460.39
3832,1288,168,1,4884.26
3833,1289,63,2,3617.88
3834,1289,290,1,1523.42
3835,1289,74,3,3437.57
3836,1289,253,4,3183.53
3837,1290,142,3,2047.36
3838,1290,217,1,2924.49
3839,1290,124,4,1206.16
3840,1290,133,4,1296.76
3841,1291,1,4,2354.79
3842,1292,135,3,975.64
3843,1292,201,5,1480.62
3844,1292,134,4,3890.75
3845,1292,285,5,1323.32
3846,1293,48,2,529.08
3847,1293,94,4,4034.45
3848,1294,135,2,3667.2
3849,1294,233,2,2805.05
3850,1294,269,1,2966.7
3851,1295,23,1,3867.98
3852,1295,230,2,1843.82
3853,1295,161,2,1799.11
3854,1295,201,3,499.17
3855,1295,207,4,3829.36
3856,1296,135,1,2545.22
3857,1296,44,3,2441.12
3858,1296,227,5,322.14
3859,1296,77,3,4146.42
3860,1296,274,2,4664.17
3861,1297,275,2,2528.9
3862,1297,260,1,3852.89
3863,1297,110,2,1365.57
3864,1297,273,1,1294.6
3865,1298,291,4,2271.39
3866,1298,267,2,491.01
3867,1299,269,1,4393.92
3868,1300,127,5,3488.54
3869,1300,157,4,745.85
3870,1300,223,3,1283.3
3871,1300,114,4,2637.99
3872,1300,102,2,3499.5
3873,1301,203,4,4126.95
3874,1301,118,5,4426.85
3875,1301,190,2,4415.06
3876,1301,249,5,4796.4
3877,1302,262,3,3259.23
3878,1302,259,2,2318.44
3879,1302,81,1,672.89
3880,1302,297,5,2139.63
3881,1302,245,2,2689.05
3882,1303,106,4,2597.22
3883,1303,212,5,4366.42
3884,1303,129,2,2457.33
3885,1303,183,5,499.47
3886,1304,242,3,3918.53
3887,1304,166,5,4743.95
3888,1304,270,1,1230.01
3889,1304,82,1,4921.12
3890,1305,244,1,1507.48
3891,1305,51,5,1509.09
3892,1306,62,1,2313.13
3893,1306,153,5,4363.64
3894,1306,80,3,4560.58
3895,1307,232,1,2184.53
3896,1307,48,5,2009.18
3897,1307,227,4,751.08
3898,1307,185,3,413.81
3899,1307,245,2,2157.45
3900,1308,99,1,3224.38
3901,1309,205,3,3639.92
3902,1309,157,2,4902.36
3903,1309,221,1,641.6
3904,1310,146,5,1618.64
3905,1310,17,3,984.57
3906,1310,140,5,3671.31
3907,1310,138,3,497.64
3908,1310,243,5,3771.89
3909,1311,49,2,1565.82
3910,1311,33,1,4968.77
3911,1311,269,2,1568.34
3912,1311,61,3,4339.69
3913,1311,154,4,2458.98
3914,1312,207,5,4615.15
3915,1312,213,5,2090.22
3916,1312,69,3,4571.25
3917,1312,292,2,2328.56
3918,1313,272,1,724.13
3919,1313,251,3,3491.11
3920,1314,46,1,931.07
3921,1314,165,1,327.06
3922,1314,120,1,100.97
3923,1314,127,3,620.83
3924,1314,251,5,110.21
3925,1315,45,3,277.35
3926,1315,281,5,381.88
3927,1315,99,1,3209.28
3928,1315,205,5,1854.3
3929,1316,177,5,3731.22
3930,1316,282,5,4746.99
3931,1316,59,1,4916.52
3932,1316,205,2,4351.73
3933,1317,222,2,1489.05
3934,1317,121,4,682.26
3935,1317,202,2,760.71
3936,1317,224,3,1871.84
3937,1318,194,5,3113.21
3938,1318,225,4,1698.53
3939,1319,71,3,3937.34
3940,1320,213,5,1480.67
3941,1320,83,4,2606.11
3942,1320,241,2,202.12
3943,1320,199,3,239.29
3944,1320,170,5,1133.93
3945,1321,78,5,3232.79
3946,1321,245,4,3135.97
3947,1322,87,2,3254.05
3948,1322,66,1,2407.04
3949,1323,168,2,2999.26
3950,1324,45,2,2711.29
3951,1324,113,5,674.57
3952,1324,80,5,4123.53
3953,1324,218,3,2239.61
3954,1324,130,1,227.18
3955,1325,145,3,3745.96
3956,1325,194,2,2278.81
3957,1326,93,1,4073.41
3958,1326,78,1,2232.52
3959,1326,166,3,3854.29
3960,1327,132,4,4772.81
3961,1327,86,3,992.8
3962,1327,265,4,4893.78
3963,1327,141,3,3393.51
3964,1327,195,1,391.59
3965,1328,19,5,3340.15
3966,1329,60,4,680.1
3967,1330,1,5,1992.82
3968,1330,294,4,2836.13
3969,1330,258,5,3649.52
3970,1330,283,5,2264.97
3971,1331,200,5,301.06
3972,1331,57,1,1535.53
3973,1331,49,2,3014.42
3974,1331,157,3,3757.3
3975,1332,47,2,2304.56
3976,1332,205,2,4445.9
3977,1332,82,1,1661.08
3978,1332,244,4,1430.26
3979,1333,10,4,3570.3
3980,1334,115,3,2812.84
3981,1335,18,1,2821.57
3982,1335,229,3,1979.98
3983,1336,269,1,270.84
3984,1336,228,4,627.82
3985,1336,94,5,2783.53
3986,1336,1,3,2161.36
3987,1336,56,4,2211.5
3988,1337,180,4,1038.16
3989,1337,97,1,2761.55
3990,1337,133,2,1551.74
3991,1337,263,1,128.12
3992,1338,113,5,4707.73
3993,1338,295,1,4544.55
3994,1338,81,5,3104.14
3995,1338,69,4,2831.27
3996,1338,21,2,539.19
3997,1339,125,1,2729.23
3998,1339,136,5,1193.08
3999,1339,261,4,1364.79
4000,1339,32,2,869.84
4001,1340,281,2,2009.96
4002,1341,18,2,1011.51
4003,1341,135,4,2866.66
4004,1341,80,5,3802.56
4005,1341,60,4,1887.61
4006,1341,226,1,589.26
4007,1342,1,3,2157.89
4008,1342,251,5,3596.08
4009,1342,102,1,3093.05
4010,1342,14,4,4709.48
4011,1343,294,4,3652.99
4012,1344,237,2,2962.0
4013,1345,70,4,1088.66
4014,1346,201,3,4210.56
4015,1346,266,3,2189.3
4016,1347,159,5,4475.95
4017,1347,15,1,1334.85
4018,1347,217,2,459.09
4019,1348,87,2,724.91
4020,1348,151,1,576.97
4021,1348,287,3,1304.95
4022,1349,54,1,3822.66
4023,1349,105,5,2029.54
4024,1349,19,1,3836.02
4025,1350,262,1,2209.72
4026,1350,63,4,905.16
4027,1351,167,3,544.78
4028,1351,207,2,293.77
4029,1352,176,3,4835.39
4030,1352,49,3,1041.21
4031,1352,223,2,4682.08
4032,1352,256,4,1393.59
4033,1353,219,5,3494.07
4034,1353,220,4,4107.78
4035,1353,203,5,305.47
4036,1354,129,4,1855.85
4037,1354,289,3,1772.55
4038,1354,298,3,2225.3
4039,1355,242,4,4911.01
4040,1356,151,1,3378.27
4041,1357,17,3,3872.02
4042,1357,139,1,1539.08
4043,1357,3,2,4464.73
4044,1358,1,5,300.54
4045,1358,45,2,312.69
4046,1358,298,2,4248.96
4047,1358,56,2,3204.34
4048,1359,176,1,3811.93
4049,1359,87,5,2951.43
4050,1359,61,4,3784.92
4051,1360,146,1,3020.04
4052,1360,280,5,3147.33
4053,1360,21,4,4272.77
4054,1361,54,2,4166.25
4055,1361,172,3,4023.15
4056,1361,246,2,1988.84
4057,1361,259,1,3642.25
4058,1361,176,2,466.95
4059,1362,292,5,4425.53
4060,1362,201,3,421.32
4061,1363,152,3,3746.71
4062,1363,78,1,391.38
4063,1363,159,1,4490.8
4064,1363,85,4,4786.25
4065,1364,208,5,671.91
4066,1365,237,2,2588.68
4067,1365,44,1,3381.27
4068,1365,45,2,3922.95
4069,1365,260,3,2780.12
4070,1365,52,3,3487.57
4071,1366,102,3,4083.1
4072,1366,140,2,2034.87
4073,1366,43,5,3725.97
4074,1366,254,4,2468.01
4075,1366,234,2,4652.99
4076,1367,211,3,715.35
4077,1367,100,5,211.91
4078,1368,104,4,2428.53
4079,1368,166,4,247.69
4080,1368,39,3,1255.24
4081,1368,69,4,703.02
4082,1368,14,2,4498.63
4083,1369,123,5,1669.03
4084,1369,59,5,131.01
4085,1370,18,3,1169.71
4086,1370,207,1,3988.89
4087,1371,208,2,3216.83
4088,1372,205,2,3543.76
4089,1372,286,5,4677.28
4090,1373,79,5,4937.5
4091,1373,227,3,112.23
4092,1373,37,3,4232.37
4093,1374,158,3,850.7
4094,1374,132,1,1556.29
4095,1375,120,3,1084.67
4096,1375,160,3,4727.94
4097,1375,268,3,145.32
4098,1375,292,3,3668.94
4099,1376,42,5,1574.05
4100,1376,33,5,4004.73
4101,1376,217,2,4460.55
4102,1377,52,1,4952.67
4103,1377,272,4,4826.82
4104,1377,157,5,2443.29
4105,1378,265,4,709.85
4106,1379,166,5,1109.92
4107,1379,299,5,3722.31
4108,1379,201,4,2158.35
4109,1380,221,2,2460.76
4110,1380,292,2,3541.86
4111,1380,19,1,2930.82
4112,1380,222,2,1938.83
4113,1381,90,3,801.7
4114,1381,14,3,3534.02
4115,1381,36,5,2810.8
4116,1381,221,3,2094.82
4117,1382,293,1,1769.1
4118,1383,163,2,3034.15
4119,1383,162,4,2902.66
4120,1383,286,4,2666.01
4121,1383,216,4,3489.84
4122,1384,132,3,4146.57
4123,1384,153,2,2908.9
4124,1384,42,1,1971.04
4125,1384,240,5,983.21
4126,1385,155,1,2267.7
4127,1385,196,3,4757.52
4128,1386,267,3,3866.93
4129,1386,198,1,803.77
4130,1387,275,1,3151.93
4131,1387,224,5,1412.94
4132,1387,49,4,1144.66
4133,1387,138,3,4825.95
4134,1388,80,2,4432.62
4135,1388,230,4,2030.11
4136,1388,215,5,3624.99
4137,1389,283,3,773.1
4138,1389,28,1,1166.09
4139,1389,125,1,4574.06
4140,1389,70,5,3392.98
4141,1389,101,2,3958.75
4142,1390,198,5,432.63
4143,1390,30,1,3837.0
4144,1390,7,1,3545.24
4145,1390,99,2,3885.6
4146,1390,35,1,1412.19
4147,1391,283,2,3351.85
4148,1391,161,3,185.43
4149,1391,28,4,2874.36
4150,1391,289,5,4358.83
4151,1392,160,3,1902.68
4152,1392,296,3,4313.41
4153,1392,139,2,1797.23
4154,1393,11,3,3439.49
4155,1393,228,4,1245.04
4156,1394,235,3,3896.56
4157,1394,183,1,1622.26
4158,1394,226,5,1998.91
4159,1394,227,4,1388.03
4160,1395,256,4,147.76
4161,1395,204,3,489.42
4162,1395,172,1,3978.43
4163,1396,81,5,1649.99
4164,1396,247,3,3543.07
4165,1396,204,5,3067.16
4166,1397,265,5,1487.55
4167,1398,276,5,3813.17
4168,1398,81,1,3306.61
4169,1398,223,4,2712.73
4170,1399,85,3,3345.8
4171,1400,86,1,3551.23
4172,1400,205,2,1482.91
4173,1400,129,2,433.92
4174,1400,234,2,2853.18
4175,1400,64,1,106.5
4176,1401,141,3,4543.26
4177,1401,140,4,3168.4
4178,1401,289,4,3420.13
4179,1401,158,3,873.05
4180,1401,12,1,1206.95
4181,1402,223,1,4050.38
4182,1402,85,3,2564.56
4183,1402,195,3,353.97
4184,1403,168,1,1024.96
4185,1403,206,2,2031.58
4186,1403,220,3,4323.37
4187,1404,63,2,2660.14
4188,1404,298,2,3636.28
4189,1404,70,3,438.61
4190,1404,271,1,4699.64
4191,1405,57,2,3224.28
4192,1406,27,2,985.62
4193,1406,288,3,4009.09
4194,1406,137,5,3907.69
4195,1406,249,5,3173.71
4196,1407,283,5,253.29
4197,1407,92,2,1623.95
4198,1407,54,4,3930.79
4199,1408,197,3,4736.66
4200,1408,152,1,2252.88
4201,1408,98,1,2037.33
4202,1408,141,4,4461.2
4203,1408,46,2,4121.53
4204,1409,284,5,3643.11
4205,1409,36,4,1138.7
4206,1410,277,5,2004.46
4207,1410,97,3,1779.63
4208,1410,49,3,2828.12
4209,1410,83,4,1569.17
4210,1411,77,1,637.95
4211,1411,193,5,1951.59
4212,1411,255,1,3617.06
4213,1412,17,5,1583.41
4214,1412,150,4,3746.29
4215,1412,296,4,2756.09
4216,1412,260,5,2125.43
4217,1412,88,4,4004.18
4218,1413,129,4,2273.49
4219,1413,186,3,2926.0
4220,1413,284,4,4495.63
4221,1413,159,2,2993.71
4222,1413,31,2,789.42
4223,1414,232,5,3314.39
4224,1414,148,3,2647.23
4225,1414,132,5,2473.91
4226,1414,138,5,617.08
4227,1414,281,1,2019.88
4228,1415,176,1,1488.71
4229,1415,8,2,366.48
4230,1415,216,3,109.75
4231,1415,43,2,4177.3
4232,1416,138,1,3561.34
4233,1416,22,1,3803.69
4234,1416,155,4,1921.06
4235,1416,217,4,2990.04
4236,1416,9,3,3531.45
4237,1417,206,5,3671.11
4238,1417,193,1,2716.16
4239,1417,276,5,1959.63
4240,1418,234,4,4270.71
4241,1418,83,4,773.65
4242,1418,250,2,861.85
4243,1418,63,1,183.79
4244,1418,272,3,2671.15
4245,1419,284,1,1486.38
4246,1419,281,4,2503.1
4247,1420,290,1,3803.8
4248,1420,188,2,571.45
4249,1420,245,4,1996.44
4250,1420,25,1,1051.31
4251,1420,21,1,1270.93
4252,1421,41,3,360.76
4253,1421,191,3,1260.27
4254,1422,145,5,834.15
4255,1422,267,5,4054.86
4256,1422,154,1,3045.76
4257,1423,132,4,580.49
4258,1423,40,1,4815.09
4259,1423,243,2,3490.55
4260,1423,44,4,153.14
4261,1424,263,2,1126.06
4262,1424,212,1,1358.0
4263,1424,273,1,3366.76
4264,1424,292,5,252.5
4265,1425,279,1,169.02
4266,1425,73,1,3218.47
4267,1425,69,2,3475.81
4268,1425,120,3,1192.32
4269,1426,164,4,2421.9
4270,1426,217,3,3392.51
4271,1426,117,3,3283.62
4272,1426,6,5,3312.47
4273,1427,205,3,1538.35
4274,1428,63,4,3776.78
4275,1428,300,5,1554.16
4276,1428,147,2,2714.51
4277,1429,155,3,3285.52
4278,1430,180,1,2983.18
4279,1430,274,4,1308.51
4280,1430,220,5,3594.72
4281,1431,15,1,4415.32
4282,1431,187,3,4820.29
4283,1431,182,3,922.89
4284,1432,39,2,1264.58
4285,1432,196,5,4432.94
4286,1432,111,3,851.02
4287,1432,159,5,4003.63
4288,1433,237,1,167.57
4289,1433,260,2,1032.77
4290,1433,2,1,3197.62
4291,1433,167,1,3962.67
4292,1434,127,5,543.75
4293,1434,262,1,4203.93
4294,1434,248,1,4159.75
4295,1435,72,5,1844.35
4296,1435,265,4,2082.71
4297,1435,37,4,3511.98
4298,1436,141,3,1188.01
4299,1436,120,1,1286.55
4300,1436,292,1,1358.18
4301,1436,19,4,2204.72
4302,1436,299,3,1989.87
4303,1437,232,1,4384.48
4304,1437,136,5,3559.73
4305,1437,190,5,3098.9
4306,1437,212,5,4038.72
4307,1438,257,2,187.72
4308,1439,215,1,4773.44
4309,1439,244,3,2615.15
4310,1440,109,4,2398.79
4311,1441,128,5,2757.24
4312,1442,29,4,1803.78
4313,1442,52,5,4365.34
4314,1442,39,2,1297.98
4315,1442,28,4,1474.22
4316,1443,294,3,4215.96
4317,1444,48,2,1361.02
4318,1445,183,3,4492.14
4319,1445,4,1,4223.9
4320,1445,192,5,3765.18
4321,1446,225,5,3280.74
4322,1446,11,4,441.3
4323,1447,79,3,1265.6
4324,1447,82,2,2089.64
4325,1447,28,4,1929.53
4326,1447,161,4,1179.5
4327,1447,128,3,807.84
4328,1448,117,1,3193.2
4329,1448,171,3,1718.68
4330,1448,42,5,3880.27
4331,1449,295,1,4926.19
4332,1449,122,3,2315.51
4333,1449,129,5,2333.22
4334,1449,184,1,3545.08
4335,1450,203,4,2563.38
4336,1450,29,4,2401.15
4337,1451,57,4,1263.14
4338,1451,244,1,3439.73
4339,1451,37,1,2586.9
4340,1451,95,1,1140.73
4341,1451,199,1,430.58
4342,1452,53,5,630.18
4343,1452,251,2,923.86
4344,1453,103,3,2642.82
4345,1453,243,4,2275.63
4346,1453,293,3,2739.2
4347,1453,142,2,3485.45
4348,1454,109,5,4800.25
4349,1455,236,2,663.83
4350,1456,127,1,3860.88
4351,1456,242,5,3902.59
4352,1456,57,5,3547.31
4353,1456,183,3,2532.05
4354,1456,2,3,1164.55
4355,1457,163,4,1619.38
4356,1457,142,3,668.62
4357,1458,134,5,4372.51
4358,1458,18,2,1500.01
4359,1458,155,1,3942.91
4360,1459,33,5,3451.78
4361,1460,118,2,3387.22
4362,1460,284,1,543.01
4363,1460,220,3,1640.77
4364,1461,185,3,2418.82
4365,1461,280,3,3550.83
4366,1461,136,2,3415.47
4367,1461,69,3,2194.33
4368,1461,220,4,1147.58
4369,1462,18,3,1695.85
4370,1462,57,1,2660.57
4371,1463,211,3,1718.44
4372,1463,21,2,981.7
4373,1463,203,3,1906.57
4374,1464,56,3,316.99
4375,1464,170,1,3966.06
4376,1464,89,3,3269.31
4377,1464,30,4,3947.18
4378,1465,259,2,4632.62
4379,1465,86,1,2720.89
4380,1465,46,3,2643.17
4381,1465,255,5,2364.16
4382,1465,184,5,349.58
4383,1466,63,2,2264.5
4384,1466,222,1,2036.08
4385,1466,228,1,1660.77
4386,1467,156,1,1404.95
4387,1467,8,4,3176.82
4388,1468,17,5,4340.89
4389,1469,176,5,1198.38
4390,1469,254,2,4195.3
4391,1469,225,4,2407.97
4392,1469,283,5,837.31
4393,1470,19,5,4053.89
4394,1470,254,1,1793.43
4395,1470,223,1,2392.92
4396,1471,133,1,2543.5
4397,1471,89,3,4949.76
4398,1471,271,5,1388.31
4399,1471,90,1,1191.14
4400,1472,240,5,1827.25
4401,1472,25,3,4832.17
4402,1472,161,5,1051.47
4403,1472,78,4,3864.02
4404,1473,297,4,4874.12
4405,1474,22,4,3836.6
4406,1474,24,3,2264.16
4407,1474,36,3,4318.89
4408,1474,279,1,4400.66
4409,1475,116,1,4195.46
4410,1475,171,4,2746.08
4411,1475,250,2,4156.47
4412,1475,179,2,1285.24
4413,1476,68,2,2325.56
4414,1476,42,1,3416.2
4415,1477,261,2,453.54
4416,1477,252,5,1239.59
4417,1478,78,2,3437.38
4418,1478,262,5,2362.87
4419,1478,126,1,709.54
4420,1478,291,1,3469.28
4421,1478,72,1,2966.61
4422,1479,97,3,3136.14
4423,1480,136,5,4501.7
4424,1480,200,4,3643.08
4425,1481,138,5,1134.36
4426,1481,297,4,3656.11
4427,1482,227,2,534.63
4428,1482,25,2,1699.88
4429,1482,279,5,3616.61
4430,1482,224,3,508.17
4431,1483,57,3,4027.64
4432,1483,245,2,4630.89
4433,1484,289,5,2095.86
4434,1484,197,3,3493.91
4435,1484,294,3,4548.98
4436,1484,121,3,1761.75
4437,1484,149,1,1522.77
4438,1485,133,1,4807.64
4439,1485,32,5,4581.61
4440,1485,183,4,2993.62
4441,1485,29,2,1612.41
4442,1485,136,4,1158.43
4443,1486,213,4,2018.85
4444,1486,200,3,4383.22
4445,1486,176,3,418.99
4446,1487,199,1,983.16
4447,1487,278,1,3557.02
4448,1487,258,3,1033.32
4449,1487,64,4,484.42
4450,1488,261,2,2885.0
4451,1488,63,4,1945.29
4452,1488,223,4,4104.51
4453,1488,137,4,4446.87
4454,1488,274,5,798.36
4455,1489,236,4,2450.26
4456,1489,292,1,942.54
4457,1490,259,5,460.81
4458,1490,155,1,3126.12
4459,1491,136,2,1709.12
4460,1492,55,5,1164.04
4461,1493,294,2,1556.37
4462,1493,188,5,3823.75
4463,1493,145,3,3537.02
4464,1493,228,3,3890.7
4465,1494,122,5,2641.19
4466,1494,102,4,1633.68
4467,1494,155,1,3354.97
4468,1494,254,2,1633.53
4469,1495,143,5,2265.35
4470,1496,169,5,737.97
4471,1497,63,4,931.44
4472,1498,235,3,1733.71
4473,1498,58,2,4578.77
4474,1499,116,3,4339.71
4475,1499,18,3,3188.51
4476,1500,29,2,1472.29
4477,1500,57,4,2924.79
4478,1500,242,1,776.44
4479,1500,90,5,1077.55
4480,1500,141,5,3335.36
4481,1501,177,4,2508.21
4482,1502,91,3,211.62
4483,1502,284,5,2377.23
4484,1502,215,4,3740.86
4485,1502,9,2,4015.52
4486,1502,114,2,1199.98
4487,1503,9,1,942.78
4488,1503,237,3,797.06
4489,1503,113,2,3211.32
4490,1504,296,5,1358.24
4491,1504,156,3,2614.68
4492,1505,91,3,3797.11
4493,1505,109,1,444.66
4494,1505,70,2,2111.27
4495,1506,185,2,3796.49
4496,1506,1,3,1511.35
4497,1506,196,2,1993.58
4498,1507,163,5,2639.9
4499,1507,300,3,159.39
4500,1507,250,2,1709.77
4501,1508,39,2,150.91
4502,1509,266,5,2472.77
4503,1509,142,1,1375.05
4504,1510,298,5,3296.67
4505,1510,236,5,4421.8
4506,1510,231,3,2372.4
4507,1510,215,3,331.72
4508,1510,223,3,487.1
4509,1511,264,5,3921.87
4510,1511,34,4,1118.28
4511,1512,280,2,1169.27
4512,1512,107,2,4987.54
4513,1513,47,1,4661.19
4514,1514,7,4,1409.11
4515,1514,10,4,900.52
4516,1514,208,2,1209.87
4517,1515,204,5,2361.37
4518,1515,117,5,4173.12
4519,1515,6,1,799.34
4520,1515,230,1,2686.01
4521,1516,300,1,1050.78
4522,1516,265,3,882.36
4523,1516,15,2,2110.74
4524,1516,198,5,1020.98
4525,1516,61,4,2062.44
4526,1517,122,3,3977.39
4527,1517,42,3,4203.92
4528,1517,22,1,4779.53
4529,1517,45,1,831.57
4530,1517,81,4,4088.8
4531,1518,284,4,3589.96
4532,1519,15,1,2333.0
4533,1519,222,1,3427.52
4534,1519,205,3,4190.96
4535,1519,104,4,1301.96
4536,1520,163,4,4991.93
4537,1520,150,5,4838.04
4538,1520,151,1,4744.61
4539,1521,140,2,4156.14
4540,1521,221,4,558.37
4541,1521,49,5,3865.45
4542,1521,36,4,2605.92
4543,1522,22,4,4823.67
4544,1522,169,4,1445.52
4545,1522,163,3,496.47
4546,1522,107,5,3468.55
4547,1522,142,2,2141.7
4548,1523,132,2,3184.04
4549,1524,195,5,658.5
4550,1524,298,3,3699.17
4551,1524,241,5,2733.0
4552,1525,215,4,4921.28
4553,1525,268,4,2207.29
4554,1525,140,3,476.24
4555,1526,246,3,1221.45
4556,1527,244,3,3003.27
4557,1528,247,1,3717.94
4558,1528,188,5,2196.54
4559,1528,176,4,3470.67
4560,1528,67,4,214.92
4561,1529,247,5,602.51
4562,1529,160,1,1940.27
4563,1529,141,1,3726.93
4564,1529,289,3,4525.15
4565,1530,129,3,101.14
4566,1530,238,2,870.49
4567,1530,194,4,3656.37
4568,1530,281,5,4175.52
4569,1530,265,1,1308.14
4570,1531,180,1,3747.2
4571,1531,179,1,1075.82
4572,1531,283,2,3037.81
4573,1532,179,2,4164.6
4574,1532,96,1,3475.83
4575,1532,194,2,1498.59
4576,1532,205,3,2980.09
4577,1533,60,2,3512.23
4578,1533,148,5,237.74
4579,1533,174,3,2044.97
4580,1534,262,4,1011.44
4581,1534,277,4,4731.04
4582,1535,112,2,4716.06
4583,1535,93,5,3280.14
4584,1535,141,4,3305.12
4585,1535,164,3,1286.11
4586,1536,48,4,3105.35
4587,1536,264,3,4514.06
4588,1537,273,2,4927.76
4589,1537,169,1,300.38
4590,1537,195,2,1476.87
4591,1537,237,3,1118.49
4592,1538,189,2,2373.79
4593,1538,150,4,309.67
4594,1538,138,1,2744.84
4595,1539,98,1,4880.32
4596,1539,42,4,4122.58
4597,1540,264,2,2025.12
4598,1540,65,4,2425.77
4599,1540,206,3,681.33
4600,1540,13,5,1867.29
4601,1541,204,1,1056.54
4602,1541,115,2,4824.09
4603,1541,72,3,3435.42
4604,1541,272,3,3740.29
4605,1542,233,5,2732.92
4606,1542,31,2,4414.88
4607,1542,159,5,3812.24
4608,1543,25,3,4622.45
4609,1544,77,1,4756.47
4610,1544,125,1,610.79
4611,1544,129,2,3943.5
4612,1544,278,5,2028.51
4613,1544,114,3,1808.2
4614,1545,279,4,4433.14
4615,1545,110,2,2620.03
4616,1545,58,1,2246.03
4617,1545,66,3,931.93
4618,1546,52,2,4964.16
4619,1546,122,3,4576.82
4620,1547,196,5,575.27
4621,1547,279,2,3984.86
4622,1547,121,4,2811.91
4623,1548,109,3,368.81
4624,1549,212,3,2924.88
4625,1549,270,2,4038.05
4626,1550,118,5,3726.68
4627,1550,140,1,407.41
4628,1551,202,5,4575.38
4629,1551,109,2,862.38
4630,1551,199,2,3680.66
4631,1551,167,4,3186.9
4632,1552,129,4,1949.31
4633,1553,161,1,2468.9
4634,1553,23,3,3489.09
4635,1553,17,5,4168.3
4636,1553,155,1,1125.28
4637,1554,287,2,3738.82
4638,1554,199,4,1908.81
4639,1554,9,3,4220.3
4640,1554,99,3,1792.54
4641,1555,33,3,1151.53
4642,1556,252,5,2239.7
4643,1556,251,5,1274.76
4644,1556,223,1,3891.45
4645,1556,120,5,2340.17
4646,1557,206,2,990.39
4647,1557,124,4,2094.08
4648,1558,266,3,2096.6
4649,1558,185,2,4383.83
4650,1558,124,2,2950.1
4651,1558,23,1,3533.94
4652,1558,3,4,3043.19
4653,1559,97,4,3211.72
4654,1559,101,3,2331.2
4655,1559,213,1,4492.2
4656,1560,199,3,859.01
4657,1560,101,1,2859.77
4658,1560,129,1,516.4
4659,1560,26,1,2831.21
4660,1560,121,3,1536.12
4661,1561,34,5,2429.18
4662,1561,203,1,4518.62
4663,1561,230,2,4257.07
4664,1561,299,3,987.76
4665,1561,164,2,3422.51
4666,1562,7,5,1110.29
4667,1562,192,3,2054.44
4668,1562,220,2,1011.57
4669,1562,152,1,2036.13
4670,1563,248,5,992.03
4671,1563,43,3,4283.21
4672,1563,217,4,201.33
4673,1564,149,3,2946.11
4674,1565,17,1,540.24
4675,1565,57,3,808.27
4676,1565,265,2,2412.45
4677,1566,198,1,4076.61
4678,1566,54,3,3699.03
4679,1566,237,1,1875.64
4680,1567,161,4,990.57
4681,1567,182,5,3535.19
4682,1568,10,3,2262.46
4683,1568,66,2,1731.52
4684,1568,198,3,4145.98
4685,1568,186,5,3930.72
4686,1569,112,2,3503.11
4687,1569,211,4,2951.02
4688,1570,184,2,2730.61
4689,1570,293,1,4824.59
4690,1570,16,5,3902.71
4691,1570,23,5,3131.02
4692,1570,117,1,3410.86
4693,1571,11,4,1519.05
4694,1571,115,2,4572.84
4695,1571,110,5,448.2
4696,1571,14,3,4612.22
4697,1571,9,1,1448.39
4698,1572,157,3,4286.22
4699,1572,155,5,603.04
4700,1572,201,3,3575.27
4701,1573,248,5,4689.3
4702,1573,168,4,4867.63
4703,1573,18,1,4956.82
4704,1573,201,4,3545.7
4705,1573,81,2,1531.53
4706,1574,272,2,2172.21
4707,1575,5,4,1228.86
4708,1575,4,2,1587.0
4709,1575,255,5,1969.62
4710,1575,144,2,4172.83
4711,1576,125,4,669.0
4712,1576,224,3,2950.28
4713,1576,182,4,3014.93
4714,1577,92,3,3110.59
4715,1577,35,1,4128.65
4716,1577,275,4,1546.78
4717,1577,210,2,1528.21
4718,1578,38,2,1629.77
4719,1579,130,5,783.84
4720,1579,69,5,3381.85
4721,1579,68,4,1316.46
4722,1579,8,3,833.44
4723,1579,20,1,3191.17
4724,1580,16,1,2073.78
4725,1580,34,2,3696.24
4726,1580,80,4,426.73
4727,1581,143,3,2936.86
4728,1581,138,2,4850.99
4729,1581,155,1,813.8
4730,1581,289,3,400.59
4731,1582,148,2,3071.06
4732,1582,161,5,2004.49
4733,1582,251,4,3937.51
4734,1582,130,4,2233.27
4735,1583,246,4,2334.79
4736,1583,288,5,3243.03
4737,1583,18,5,3452.25
4738,1584,46,3,2276.57
4739,1584,286,2,3818.43
4740,1584,250,1,3141.54
4741,1585,84,3,2586.16
4742,1586,82,3,3767.08
4743,1586,76,5,4582.3
4744,1586,271,2,2912.81
4745,1586,243,3,4327.16
4746,1587,241,5,3706.64
4747,1587,240,5,4345.62
4748,1587,154,5,3507.22
4749,1588,265,4,2956.77
4750,1588,195,2,4905.2
4751,1588,138,3,522.12
4752,1588,250,1,489.67
4753,1589,279,2,2192.46
4754,1589,136,4,2941.21
4755,1589,33,1,2274.0
4756,1589,86,3,699.01
4757,1590,181,2,2305.74
4758,1590,191,2,4273.25
4759,1591,205,3,2903.81
4760,1591,66,4,3254.19
4761,1591,11,4,2292.97
4762,1591,250,2,3495.2
4763,1592,265,3,2645.84
4764,1592,96,4,4656.05
4765,1593,5,4,2145.47
4766,1593,88,5,3476.64
4767,1593,186,4,2304.1
4768,1593,115,5,4519.79
4769,1594,284,2,4806.23
4770,1595,53,5,4078.19
4771,1595,96,3,4962.88
4772,1596,165,2,3289.1
4773,1596,58,4,4180.44
4774,1596,271,1,1804.76
4775,1597,69,5,2575.29
4776,1597,206,4,3534.38
4777,1597,13,5,1753.41
4778,1597,110,2,4805.69
4779,1597,222,3,2906.69
4780,1598,133,5,4890.91
4781,1598,149,4,770.7
4782,1598,11,5,4193.82
4783,1599,289,1,2919.15
4784,1600,270,3,2615.46
4785,1601,195,1,1170.51
4786,1601,81,1,753.67
4787,1601,24,2,2596.11
4788,1602,79,4,1240.3
4789,1602,16,5,2903.3
4790,1603,268,5,3299.95
4791,1604,270,3,4240.87
4792,1604,199,4,1460.84
4793,1604,190,4,2076.03
4794,1604,217,4,3134.12
4795,1605,165,5,572.09
4796,1606,190,3,3312.65
4797,1606,118,1,3807.22
4798,1607,257,4,369.51
4799,1607,11,5,4335.97
4800,1607,188,1,1138.22
4801,1607,5,1,4185.15
4802,1608,268,5,2978.77
4803,1609,59,3,4288.63
4804,1610,96,5,248.88
4805,1610,234,2,724.46
4806,1610,101,5,2531.16
4807,1610,137,5,2646.37
4808,1610,146,3,2831.64
4809,1611,29,3,2119.49
4810,1611,38,4,4935.63
4811,1611,22,5,1891.19
4812,1611,30,1,1591.64
4813,1612,51,3,1018.92
4814,1613,201,2,4243.56
4815,1613,4,4,1556.39
4816,1613,264,3,163.99
4817,1613,28,5,1178.87
4818,1614,131,3,1044.32
4819,1614,274,5,3588.12
4820,1615,167,5,3012.46
4821,1615,94,2,3915.71
4822,1615,223,5,1757.75
4823,1616,238,4,2116.02
4824,1617,272,1,3266.38
4825,1617,75,4,4905.67
4826,1617,228,2,2485.46
4827,1618,247,4,1704.93
4828,1618,277,2,1376.26
4829,1618,118,4,695.61
4830,1618,94,1,3556.16
4831,1619,26,3,1718.16
4832,1619,187,1,1362.25
4833,1619,98,4,4306.15
4834,1619,105,3,3118.74
4835,1619,252,4,1648.67
4836,1620,255,3,2750.57
4837,1620,223,2,2736.03
4838,1620,151,3,2658.5
4839,1621,2,5,4452.96
4840,1621,55,5,4364.96
4841,1621,217,5,149.37
4842,1622,74,5,714.12
4843,1622,1,4,2428.89
4844,1622,157,2,227.68
4845,1622,54,3,4465.45
4846,1622,252,4,582.41
4847,1623,82,2,591.01
4848,1624,27,4,3466.27
4849,1624,19,1,3085.91
4850,1624,32,4,1207.71
4851,1624,266,2,2036.41
4852,1624,175,3,1289.15
4853,1625,6,3,2269.16
4854,1625,131,2,2503.97
4855,1625,265,5,1913.63
4856,1626,222,2,2968.9
4857,1626,4,2,4154.65
4858,1626,121,5,3725.12
4859,1627,82,4,4208.38
4860,1627,112,5,1692.64
4861,1627,151,3,3580.39
4862,1628,219,5,1208.73
4863,1628,59,3,783.47
4864,1628,31,4,856.23
4865,1629,260,4,4816.32
4866,1630,65,4,4833.02
4867,1631,296,2,2812.75
4868,1631,175,4,4810.74
4869,1631,47,1,180.96
4870,1631,176,2,2439.11
4871,1632,59,3,3805.9
4872,1633,9,4,4624.98
4873,1634,271,1,2306.6
4874,1634,130,5,3363.33
4875,1634,119,3,3537.51
4876,1634,98,2,1066.17
4877,1635,172,2,4490.73
4878,1635,120,5,3374.4
4879,1635,183,3,4114.11
4880,1635,51,5,177.68
4881,1636,73,5,890.83
4882,1636,204,4,4729.84
4883,1636,129,3,4645.91
4884,1637,4,5,3585.33
4885,1638,163,5,1408.81
4886,1638,231,1,1995.12
4887,1638,257,4,2001.54
4888,1638,266,5,3172.89
4889,1638,28,5,4817.36
4890,1639,40,4,547.64
4891,1639,33,1,3411.82
4892,1639,98,5,3450.67
4893,1639,42,2,1034.46
4894,1639,230,1,178.19
4895,1640,139,2,2785.68
4896,1640,14,1,941.61
4897,1640,265,1,535.79
4898,1641,98,5,2620.79
4899,1641,247,1,2064.25
4900,1642,195,2,3920.86
4901,1642,271,5,1637.0
4902,1642,99,3,2660.12
4903,1642,211,4,369.84
4904,1643,28,2,112.63
4905,1644,150,1,3847.99
4906,1644,138,2,2767.68
4907,1644,270,3,310.4
4908,1645,290,3,2636.08
4909,1645,272,2,3366.95
4910,1646,255,3,2169.18
4911,1647,246,3,4344.42
4912,1647,128,2,4073.79
4913,1648,187,1,4797.69
4914,1648,195,5,3625.03
4915,1648,293,1,723.43
4916,1649,154,3,3713.93
4917,1649,89,2,4291.85
4918,1649,165,1,4178.1
4919,1649,295,1,3550.77
4920,1649,226,1,3125.21
4921,1650,109,3,3424.66
4922,1650,110,2,549.68
4923,1650,52,2,875.27
4924,1651,117,2,1043.47
4925,1652,155,4,1827.43
4926,1652,73,1,3458.98
4927,1652,102,5,4654.12
4928,1653,277,2,3939.92
4929,1654,177,3,957.79
4930,1654,8,5,4722.3
4931,1654,53,5,3640.97
4932,1655,23,1,2714.29
4933,1655,291,4,2030.47
4934,1655,44,1,715.69
4935,1655,184,2,2852.23
4936,1656,90,3,4601.76
4937,1657,210,3,4051.17
4938,1657,15,2,225.13
4939,1657,39,1,4199.41
4940,1658,9,2,2175.81
4941,1658,226,4,2780.91
4942,1658,268,1,1522.41
4943,1659,131,4,2476.07
4944,1660,206,1,3137.33
4945,1660,257,5,3986.72
4946,1661,67,4,4015.17
4947,1661,274,1,960.25
4948,1661,121,4,3141.6
4949,1662,23,2,1476.65
4950,1662,34,2,4986.52
4951,1662,282,1,3928.13
4952,1663,3,2,4891.65
4953,1664,159,2,4774.36
4954,1664,51,1,1631.4
4955,1664,257,3,1637.53
4956,1664,237,1,1429.7
4957,1665,149,2,3564.45
4958,1665,165,4,1064.67
4959,1665,133,2,1993.61
4960,1666,168,3,2728.08
4961,1666,70,3,378.59
4962,1666,296,2,2732.93
4963,1666,31,2,4127.89
4964,1667,280,3,1830.54
4965,1668,101,1,3950.65
4966,1668,264,1,177.27
4967,1668,111,5,1408.55
4968,1668,238,4,1796.66
4969,1668,212,3,1378.79
4970,1669,7,1,3485.06
4971,1670,138,5,3118.38
4972,1670,62,1,2303.28
4973,1670,205,3,910.63
4974,1670,83,2,3142.34
4975,1670,18,2,1724.77
4976,1671,148,2,2854.46
4977,1671,4,2,4903.27
4978,1671,91,5,778.2
4979,1672,150,5,1808.82
4980,1672,240,3,3701.98
4981,1672,215,2,1571.42
4982,1673,11,5,2864.9
4983,1673,192,2,260.56
4984,1673,195,5,2743.1
4985,1673,234,2,773.49
4986,1674,181,3,3515.6
4987,1674,6,4,4530.71
4988,1674,180,4,4044.11
4989,1674,246,1,4922.92
4990,1675,122,4,4056.82
4991,1675,146,2,856.13
4992,1675,231,4,652.97
4993,1675,28,1,1365.95
4994,1675,142,5,1169.38
4995,1676,141,3,4305.02
4996,1676,104,3,2386.84
4997,1676,195,4,2687.98
4998,1676,38,5,866.71
4999,1676,78,3,1771.96
5000,1677,278,3,3139.92
5001,1677,300,4,445.37
5002,1678,175,4,4498.96
5003,1678,215,1,1130.72
5004,1679,135,5,3129.98
5005,1679,54,4,3113.11
5006,1679,125,4,3097.1
5007,1679,124,4,584.52
5008,1680,41,2,1671.77
5009,1680,166,5,1793.07
5010,1680,259,3,4924.67
5011,1680,256,4,2749.92
5012,1680,20,2,2775.74
5013,1681,35,5,3381.13
5014,1681,140,2,3243.44
5015,1681,265,4,4614.84
5016,1681,290,2,3039.16
5017,1682,298,2,4590.07
5018,1682,84,4,4171.87
5019,1682,85,2,1230.9
5020,1682,182,5,2989.0
5021,1682,243,3,202.63
5022,1683,261,1,3379.62
5023,1683,94,5,479.58
5024,1684,134,1,920.51
5025,1684,300,4,1444.16
5026,1684,197,5,4658.6
5027,1685,6,4,2350.34
5028,1685,158,5,910.12
5029,1686,77,1,1243.72
5030,1686,143,4,3714.15
5031,1687,25,3,2552.44
5032,1687,57,5,2412.0
5033,1688,227,3,805.81
5034,1688,263,1,3529.24
5035,1688,43,5,1969.08
5036,1688,201,1,1627.99
5037,1689,25,1,2672.88
5038,1689,206,2,2504.48
5039,1690,207,5,4543.57
5040,1690,117,1,1381.68
5041,1690,139,4,665.44
5042,1690,143,2,870.27
5043,1690,178,5,2760.39
5044,1691,39,1,1082.94
5045,1691,56,4,451.3
5046,1692,25,3,156.96
5047,1692,173,4,3778.98
5048,1692,42,1,4099.86
5049,1692,12,5,2309.17
5050,1693,162,2,4345.09
5051,1694,85,5,2812.42
5052,1694,105,3,2117.82
5053,1694,77,2,2375.49
5054,1694,139,1,4288.49
5055,1695,101,3,1747.37
5056,1695,9,3,4967.5
5057,1695,22,2,179.11
5058,1695,278,1,2768.34
5059,1695,231,1,2188.45
5060,1696,164,5,1745.9
5061,1696,297,1,4684.81
5062,1696,2,1,3899.23
5063,1697,201,2,351.62
5064,1697,222,3,4621.62
5065,1698,291,3,2830.27
5066,1698,66,2,4246.67
5067,1698,92,3,2839.51
5068,1699,203,3,1654.46
5069,1699,186,3,2448.68
5070,1699,102,3,511.41
5071,1699,172,3,3098.83
5072,1699,112,4,4097.36
5073,1700,97,1,1153.85
5074,1700,148,5,1400.18
5075,1700,64,2,514.83
5076,1700,287,2,1591.33
5077,1700,70,5,3708.25
5078,1701,50,2,4476.15
5079,1701,119,4,4623.36
5080,1702,182,3,2432.71
5081,1702,251,5,2641.92
5082,1703,159,1,3487.1
5083,1703,78,1,2595.3
5084,1703,288,5,2342.31
5085,1703,28,4,3187.44
5086,1703,218,4,3056.41
5087,1704,228,1,3026.06
5088,1704,153,5,1659.14
5089,1704,282,5,2178.6
5090,1705,289,3,1930.93
5091,1706,264,3,4069.5
5092,1706,125,2,4806.92
5093,1706,251,1,3017.38
5094,1706,258,2,4209.42
5095,1707,54,1,2394.95
5096,1707,171,2,693.19
5097,1708,298,3,1586.15
5098,1709,269,1,375.22
5099,1709,121,3,991.21
5100,1709,175,4,4930.56
5101,1709,67,1,3193.79
5102,1710,15,4,4526.63
5103,1710,105,5,226.39
5104,1710,101,3,3171.39
5105,1710,130,3,2821.18
5106,1710,298,5,4922.69
5107,1711,139,5,3354.27
5108,1711,147,2,1681.49
5109,1711,260,2,3536.86
5110,1711,50,2,2559.62
5111,1711,109,3,3738.08
5112,1712,296,2,3967.98
5113,1712,195,1,4944.61
5114,1712,255,1,4877.76
5115,1712,15,5,1084.4
5116,1712,275,5,4160.69
5117,1713,133,2,4984.71
5118,1714,86,4,3072.84
5119,1714,174,1,535.48
5120,1714,208,3,1807.38
5121,1714,161,4,2429.4
5122,1714,133,3,4756.33
5123,1715,204,4,2168.63
5124,1716,3,2,2542.53
5125,1716,107,1,4367.64
5126,1716,282,2,3729.63
5127,1716,297,4,4203.14
5128,1717,170,1,3558.39
5129,1717,152,4,411.8
5130,1717,109,2,559.01
5131,1717,291,1,2401.1
5132,1718,112,2,4551.73
5133,1718,16,5,2683.33
5134,1719,192,4,1350.38
5135,1719,61,3,1723.62
5136,1719,284,5,3078.06
5137,1719,15,5,4626.52
5138,1720,227,1,981.06
5139,1720,293,1,1266.38
5140,1720,92,4,2063.7
5141,1721,297,3,1422.24
5142,1721,129,2,2345.8
5143,1721,213,5,1949.79
5144,1721,238,4,1482.31
5145,1721,110,1,2249.2
5146,1722,1,4,1341.72
5147,1723,274,4,4066.92
5148,1723,250,5,257.8
5149,1723,185,3,1675.42
5150,1723,59,5,4754.65
5151,1724,99,4,1555.48
5152,1724,85,5,4947.1
5153,1725,108,1,4885.88
5154,1725,117,5,4435.06
5155,1725,116,2,2620.5
5156,1725,233,1,1472.07
5157,1725,235,5,1251.06
5158,1726,41,2,1542.38
5159,1727,191,4,3047.02
5160,1727,19,5,3926.26
5161,1727,76,3,2446.39
5162,1728,257,1,2099.53
5163,1728,32,1,380.17
5164,1728,112,3,753.44
5165,1728,139,3,1333.19
5166,1729,119,3,2775.01
5167,1729,234,5,2317.38
5168,1730,62,1,3898.14
5169,1730,126,3,4204.58
5170,1730,127,5,4481.18
5171,1730,128,1,609.92
5172,1731,186,5,1209.89
5173,1731,171,2,181.84
5174,1732,115,5,4085.64
5175,1732,237,1,4434.4
5176,1732,132,2,1497.7
5177,1732,89,2,1581.95
5178,1733,142,5,3782.48
5179,1733,238,5,3643.09
5180,1733,29,1,4351.66
5181,1734,183,1,1908.32
5182,1734,36,1,435.16
5183,1734,205,1,412.34
5184,1734,260,5,4581.06
5185,1734,208,5,414.64
5186,1735,69,4,2922.96
5187,1735,269,1,963.19
5188,1736,29,1,3447.78
5189,1737,258,1,3230.9
5190,1737,160,4,233.43
5191,1737,33,2,996.55
5192,1737,119,4,486.55
5193,1738,181,1,1626.32
5194,1739,254,5,4365.72
5195,1739,92,1,2917.85
5196,1739,287,3,294.44
5197,1739,106,4,3917.89
5198,1739,270,1,286.2
5199,1740,101,3,734.81
5200,1740,96,5,2075.27
5201,1741,196,1,3946.28
5202,1741,277,1,2911.35
5203,1741,269,1,3527.4
5204,1741,65,2,2642.93
5205,1741,134,2,1002.72
5206,1742,120,4,1107.94
5207,1743,4,4,1099.99
5208,1743,118,1,1169.4
5209,1743,138,5,3450.82
5210,1743,195,1,275.57
5211,1743,213,3,3986.41
5212,1744,273,2,876.11
5213,1744,73,2,1048.15
5214,1744,183,4,2941.57
5215,1744,66,4,1154.75
5216,1745,182,1,1909.3
5217,1745,240,5,667.99
5218,1745,167,4,4755.03
5219,1746,209,2,366.52
5220,1746,46,5,4634.52
5221,1747,252,1,1993.73
5222,1747,39,1,4321.03
5223,1747,156,2,2234.98
5224,1748,138,4,2621.45
5225,1748,56,1,301.23
5226,1749,124,2,4485.22
5227,1750,125,4,1080.7
5228,1750,289,3,3945.45
5229,1750,31,3,3582.34
5230,1750,110,3,277.11
5231,1750,259,5,3797.07
5232,1751,123,2,956.23
5233,1751,158,2,3157.29
5234,1752,89,5,3029.38
5235,1752,181,3,2483.48
5236,1752,186,4,3967.85
5237,1753,272,4,4067.89
5238,1753,70,1,3779.55
5239,1754,174,4,1287.32
5240,1754,281,1,1489.58
5241,1755,142,3,3982.14
5242,1755,25,5,3038.59
5243,1756,6,1,4523.42
5244,1756,121,3,2434.39
5245,1756,1,1,3577.35
5246,1756,65,3,3515.88
5247,1757,249,4,3108.06
5248,1757,217,1,2215.48
5249,1758,50,4,2890.15
5250,1758,127,1,234.39
5251,1758,105,4,4599.86
5252,1759,153,1,3751.19
5253,1759,41,5,2424.0
5254,1759,81,3,1557.43
5255,1759,171,1,2340.89
5256,1760,211,3,2970.77
5257,1761,250,2,874.03
5258,1761,5,3,2288.19
5259,1762,230,4,3878.47
5260,1762,134,3,4021.84
5261,1763,199,2,263.28
5262,1764,43,1,1763.94
5263,1764,44,4,2012.96
5264,1764,282,3,3943.17
5265,1764,155,2,4600.22
5266,1765,217,1,2061.1
5267,1765,161,4,2566.01
5268,1765,12,3,835.97
5269,1766,198,1,1754.2
5270,1766,107,3,502.03
5271,1766,269,5,4729.35
5272,1766,9,4,1573.81
5273,1767,165,2,2172.71
5274,1767,135,1,1026.2
5275,1767,266,1,1810.24
5276,1767,57,4,3837.47
5277,1768,82,4,682.39
5278,1768,188,4,1540.05
5279,1768,269,4,1625.45
5280,1768,266,1,1196.62
5281,1769,253,5,2235.6
5282,1769,108,5,1528.72
5283,1770,202,4,2188.96
5284,1770,214,5,2445.35
5285,1771,109,5,4076.06
5286,1772,99,4,3942.74
5287,1772,27,5,271.49
5288,1772,176,2,294.57
5289,1773,194,1,2593.93
5290,1773,110,2,3213.73
5291,1773,215,2,4913.62
5292,1773,31,1,3886.93
5293,1773,184,2,3732.58
5294,1774,123,5,595.99
5295,1774,208,3,886.23
5296,1774,189,3,4408.0
5297,1774,130,5,2809.49
5298,1774,122,2,2313.05
5299,1775,248,1,4145.52
5300,1775,266,3,520.94
5301,1775,12,1,1245.7
5302,1775,173,2,4613.3
5303,1775,278,3,2618.76
5304,1776,275,3,1682.86
5305,1777,48,3,761.26
5306,1777,273,3,3164.35
5307,1778,172,4,4485.57
5308,1778,173,2,786.86
5309,1778,226,2,3366.18
5310,1778,83,1,4842.77
5311,1778,280,5,2440.44
5312,1779,235,4,2476.93
5313,1780,67,3,266.34
5314,1780,263,2,4380.18
5315,1780,143,2,160.38
5316,1781,73,2,2404.25
5317,1781,93,5,3221.65
5318,1781,95,1,4592.05
5319,1781,47,5,2825.43
5320,1781,116,1,3613.47
5321,1782,3,3,3748.99
5322,1782,85,5,2501.8
5323,1782,168,4,933.78
5324,1783,236,1,3987.63
5325,1783,77,3,1278.39
5326,1783,202,3,4738.82
5327,1783,198,3,3387.38
5328,1784,190,4,3818.89
5329,1784,226,4,3819.53
5330,1784,12,5,1580.16
5331,1785,81,5,1414.83
5332,1785,153,5,2186.62
5333,1786,205,5,1270.85
5334,1786,281,2,2690.72
5335,1786,296,5,376.9
5336,1786,241,1,3238.19
5337,1786,10,1,1853.8
5338,1787,55,3,4870.62
5339,1788,139,4,865.52
5340,1788,94,4,2531.2
5341,1788,294,2,1972.14
5342,1788,300,4,3921.63
5343,1789,133,2,1687.67
5344,1789,102,3,2598.13
5345,1789,285,5,2008.1
5346,1789,299,2,4584.44
5347,1790,210,1,1021.32
5348,1791,19,4,3706.93
5349,1792,15,1,3639.05
5350,1792,3,4,4871.9
5351,1792,20,3,3020.77
5352,1793,291,1,4508.09
5353,1793,266,1,4801.5
5354,1793,144,1,3111.06
5355,1794,298,3,244.41
5356,1794,226,1,4125.7
5357,1794,300,5,707.73
5358,1794,225,4,954.22
5359,1795,121,5,4003.11
5360,1795,201,4,1836.84
5361,1795,297,4,4754.46
5362,1795,151,2,3620.32
5363,1795,173,5,4914.51
5364,1796,213,1,2976.68
5365,1796,24,3,3056.44
5366,1796,274,3,1718.15
5367,1796,54,2,2999.26
5368,1796,131,1,111.98
5369,1797,52,5,1808.59
5370,1797,72,5,2185.92
5371,1798,295,2,2578.22
5372,1799,173,4,3213.35
5373,1799,150,2,2938.19
5374,1800,121,5,4341.98
5375,1801,93,5,774.79
5376,1801,137,3,928.95
5377,1801,172,3,1291.74
5378,1801,109,1,1201.52
5379,1802,198,1,803.84
5380,1802,128,2,3046.76
5381,1802,26,1,4452.61
5382,1802,201,1,740.92
5383,1803,137,1,836.52
5384,1803,31,4,2201.99
5385,1803,288,5,3639.28
5386,1803,47,3,2150.03
5387,1803,79,2,3593.52
5388,1804,223,2,1411.82
5389,1804,151,5,3675.41
5390,1805,156,3,533.25
5391,1805,176,1,2196.47
5392,1806,98,1,996.44
5393,1806,111,1,3031.68
5394,1806,86,4,4586.42
5395,1806,246,2,3860.88
5396,1807,1,3,4108.23
5397,1808,110,5,325.21
5398,1808,23,2,4804.93
5399,1809,89,2,3407.53
5400,1809,60,1,3546.04
5401,1809,240,3,3709.48
5402,1809,37,1,1806.14
5403,1809,46,4,4204.38
5404,1810,155,1,2316.74
5405,1810,22,5,1862.76
5406,1810,11,4,435.64
5407,1810,209,5,2709.68
5408,1810,151,3,1021.97
5409,1811,134,1,3218.24
5410,1811,122,4,404.21
5411,1812,36,4,810.85
5412,1812,179,5,1810.18
5413,1812,190,1,1334.19
5414,1813,95,5,4863.63
5415,1813,102,1,3168.16
5416,1814,35,2,3079.14
5417,1814,63,3,3276.03
5418,1814,26,5,2183.33
5419,1815,248,2,411.69
5420,1815,214,5,1624.34
5421,1815,149,1,1468.74
5422,1815,63,3,4169.53
5423,1815,167,3,2805.89
5424,1816,192,1,591.62
5425,1817,24,4,1873.2
5426,1817,169,3,1341.09
5427,1818,210,3,3016.83
5428,1818,166,4,1075.37
5429,1819,12,1,4436.26
5430,1819,254,1,3989.37
5431,1820,157,3,2090.29
5432,1820,276,4,3637.36
5433,1821,288,3,3450.71
5434,1821,193,2,2993.16
5435,1821,56,2,1502.54
5436,1821,28,5,1946.09
5437,1821,220,2,2494.46
5438,1822,179,4,836.45
5439,1822,105,4,1588.31
5440,1822,7,4,1187.07
5441,1822,21,4,3683.57
5442,1822,265,1,3025.48
5443,1823,176,2,4485.21
5444,1823,235,5,2696.93
5445,1824,102,4,889.03
5446,1825,202,4,2187.35
5447,1825,22,3,2849.84
5448,1825,229,4,4552.12
5449,1825,62,5,1648.53
5450,1826,135,2,2843.91
5451,1826,207,3,859.47
5452,1826,93,5,1980.19
5453,1826,142,4,4124.39
5454,1827,145,3,3341.44
5455,1827,266,3,1152.05
5456,1827,227,3,4207.05
5457,1828,68,2,1706.81
5458,1828,12,1,3954.24
5459,1828,109,2,2590.81
5460,1828,65,5,2904.21
5461,1829,7,4,152.99
5462,1829,150,5,4313.66
5463,1829,17,5,817.01
5464,1829,65,1,1261.14
5465,1830,292,4,3719.68
5466,1831,153,5,242.59
5467,1832,115,3,2028.45
5468,1832,227,1,4164.63
5469,1832,169,2,3047.79
5470,1833,12,4,3320.42
5471,1833,201,3,3663.84
5472,1833,197,1,487.14
5473,1834,98,4,2128.46
5474,1834,48,2,4716.21
5475,1834,241,1,4252.51
5476,1835,94,1,1982.29
5477,1836,201,3,2289.22
5478,1836,3,1,2312.73
5479,1837,38,3,827.78
5480,1838,41,2,869.63
5481,1838,214,5,4515.79
5482,1838,279,1,3500.05
5483,1839,59,1,4971.68
5484,1839,66,1,3111.37
5485,1839,295,1,4434.21
5486,1839,35,2,937.14
5487,1840,216,2,1455.91
5488,1840,183,2,241.82
5489,1840,261,3,4529.75
5490,1840,152,2,2777.89
5491,1841,292,2,2823.94
5492,1841,217,1,4642.97
5493,1841,253,2,1858.44
5494,1841,245,4,4542.53
5495,1841,184,2,2696.39
5496,1842,35,3,2993.75
5497,1843,221,1,2830.62
5498,1844,4,2,4865.19
5499,1844,189,3,1595.84
5500,1845,175,4,961.18
5501,1845,71,4,4269.36
5502,1845,86,3,663.1
5503,1845,110,4,1870.69
5504,1846,192,1,2013.3
5505,1847,296,4,1069.06
5506,1847,282,2,444.84
5507,1848,174,1,3736.05
5508,1848,54,4,1575.65
5509,1849,60,4,2194.84
5510,1849,218,2,3624.99
5511,1849,94,2,2953.21
5512,1850,287,3,4226.67
5513,1850,176,4,876.4
5514,1850,29,5,1400.82
5515,1851,3,5,315.04
5516,1851,190,5,1613.13
5517,1851,129,3,2479.7
5518,1852,23,5,2018.6
5519,1852,54,5,2669.85
5520,1852,128,4,2292.52
5521,1853,117,5,631.35
5522,1853,148,1,2185.11
5523,1853,257,1,679.22
5524,1853,281,1,2898.73
5525,1854,107,4,2815.33
5526,1854,270,3,3818.07
5527,1854,263,2,3275.74
5528,1855,54,3,1199.63
5529,1855,165,3,4562.43
5530,1855,45,5,1098.17
5531,1855,163,2,4112.87
5532,1856,190,3,3816.12
5533,1856,181,2,777.67
5534,1856,276,1,2352.97
5535,1857,231,2,2210.06
5536,1857,85,4,4503.34
5537,1857,26,1,1051.8
5538,1857,31,1,2345.02
5539,1857,13,2,1543.41
5540,1858,278,3,3391.73
5541,1858,36,1,799.75
5542,1859,39,2,3936.61
5543,1859,90,2,3502.06
5544,1860,290,2,3593.12
5545,1860,134,1,1097.24
5546,1861,18,5,3320.55
5547,1861,204,4,1145.53
5548,1861,155,5,1770.24
5549,1862,257,5,110.73
5550,1863,4,5,4787.72
5551,1864,248,3,648.49
5552,1864,270,1,889.37
5553,1864,271,4,1414.47
5554,1864,223,4,981.44
5555,1864,261,1,4402.46
5556,1865,195,5,2331.81
5557,1865,4,4,3622.02
5558,1865,39,3,1985.37
5559,1865,185,2,4180.5
5560,1865,200,3,1500.28
5561,1866,10,1,862.64
5562,1866,137,1,1581.66
5563,1866,207,5,1475.19
5564,1867,176,4,1002.14
5565,1867,242,5,3601.88
5566,1867,279,1,3806.01
5567,1868,83,1,4344.75
5568,1868,17,5,4403.69
5569,1868,254,4,4267.03
5570,1868,34,3,2189.05
5571,1869,63,4,4602.39
5572,1869,27,2,4641.9
5573,1869,179,2,2178.63
5574,1869,15,3,1262.01
5575,1869,172,1,1660.75
5576,1870,135,4,1408.77
5577,1870,236,5,3580.5
5578,1870,22,3,3426.72
5579,1870,8,4,4028.23
5580,1870,152,2,1580.55
5581,1871,156,5,2201.33
5582,1871,157,5,3016.94
5583,1871,41,2,538.64
5584,1871,269,2,3881.45
5585,1871,118,5,3769.31
5586,1872,175,4,4910.2
5587,1872,129,4,2797.27
5588,1872,29,3,2037.42
5589,1872,135,4,3266.0
5590,1873,238,4,1626.99
5591,1874,271,5,650.73
5592,1875,132,2,1187.15
5593,1875,145,5,4132.53
5594,1875,121,5,2151.7
5595,1876,249,4,279.28
5596,1876,213,3,3098.17
5597,1876,173,2,3543.33
5598,1877,25,5,1175.48
5599,1877,290,2,735.22
5600,1878,139,3,3153.85
5601,1878,84,3,1503.25
5602,1879,254,4,110.95
5603,1879,131,2,169.7
5604,1879,300,5,4637.8
5605,1880,136,3,2005.41
5606,1880,158,3,3759.02
5607,1880,204,2,2006.02
5608,1881,19,2,3406.79
5609,1881,50,1,1651.28
5610,1881,67,2,4376.34
5611,1882,212,1,2272.83
5612,1882,53,5,102.46
5613,1882,215,3,1222.84
5614,1882,237,5,2962.3
5615,1882,298,2,1337.38
5616,1883,64,1,683.4
5617,1883,255,3,2566.41
5618,1883,7,3,2602.89
5619,1883,79,4,4914.64
5620,1883,259,5,3555.09
5621,1884,1,5,2991.38
5622,1884,299,4,2458.53
5623,1884,163,1,213.04
5624,1884,110,3,2426.29
5625,1884,112,5,212.18
5626,1885,38,5,2784.79
5627,1886,295,3,2910.52
5628,1886,202,5,4282.7
5629,1887,85,1,1512.32
5630,1887,283,5,1034.96
5631,1888,81,4,2120.95
5632,1888,186,5,4905.49
5633,1888,187,2,2151.27
5634,1888,258,5,1380.6
5635,1889,66,2,1328.71
5636,1889,71,3,1507.4
5637,1889,43,1,1424.15
5638,1889,160,3,2316.74
5639,1890,300,5,1584.46
5640,1890,202,5,692.58
5641,1890,166,1,3409.14
5642,1890,9,5,1774.1
5643,1891,194,4,1410.96
5644,1891,131,5,811.53
5645,1891,3,4,2424.75
5646,1892,139,3,3764.61
5647,1892,266,1,549.19
5648,1892,236,2,1896.07
5649,1892,152,5,2502.62
5650,1892,241,5,4652.15
5651,1893,88,2,3106.32
5652,1893,99,1,1646.52
5653,1893,57,3,754.67
5654,1893,273,2,4996.15
5655,1893,51,4,1950.78
5656,1894,115,1,714.72
5657,1894,25,1,3041.19
5658,1895,280,3,4516.93
5659,1896,240,1,1677.78
5660,1896,200,3,3239.97
5661,1896,207,3,4908.22
5662,1897,3,5,2007.54
5663,1898,16,5,3044.26
5664,1898,149,5,4175.12
5665,1898,208,3,1064.28
5666,1899,63,2,2266.71
5667,1899,143,4,4176.12
5668,1900,296,4,121.64
5669,1900,3,5,2769.47
5670,1900,124,2,4711.2
5671,1900,86,5,1149.9
5672,1901,90,3,2172.65
5673,1901,41,1,3921.36
5674,1901,54,2,2270.02
5675,1902,243,5,1635.92
5676,1903,78,5,1095.0
5677,1903,146,3,1602.11
5678,1903,4,2,2352.34
5679,1903,142,2,3347.98
5680,1903,209,5,704.51
5681,1904,74,3,1121.28
5682,1905,84,2,1963.77
5683,1906,86,1,2678.95
5684,1906,65,4,4682.31
5685,1906,125,5,1840.99
5686,1907,146,1,2263.04
5687,1907,217,5,3499.5
5688,1908,246,2,3245.78
5689,1908,200,2,678.55
5690,1908,125,1,4955.94
5691,1908,121,1,4318.2
5692,1908,49,4,3252.35
5693,1909,28,5,4665.5
5694,1909,285,3,300.04
5695,1909,247,5,1384.6
5696,1909,217,1,2412.09
5697,1909,233,3,1240.48
5698,1910,60,5,4811.88
5699,1910,252,3,4716.08
5700,1911,111,1,2734.22
5701,1912,68,4,2121.93
5702,1912,28,4,108.96
5703,1912,237,3,3253.27
5704,1912,202,4,677.28
5705,1913,232,3,4354.83
5706,1913,243,2,4254.11
5707,1913,125,3,4715.87
5708,1914,212,3,2569.58
5709,1914,247,5,2890.07
5710,1914,138,2,4538.6
5711,1914,281,3,3032.76
5712,1914,237,4,2030.94
5713,1915,42,4,2338.76
5714,1916,163,5,2352.87
5715,1916,32,1,3807.32
5716,1916,209,1,2683.52
5717,1916,31,3,3163.61
5718,1917,5,3,551.4
5719,1917,175,5,2069.54
5720,1917,289,5,1080.08
5721,1917,150,1,2910.74
5722,1918,3,1,984.54
5723,1919,258,3,4764.79
5724,1919,6,2,4930.29
5725,1920,47,3,2741.38
5726,1920,140,5,1583.1
5727,1920,94,5,612.48
5728,1921,140,4,2272.34
5729,1921,275,1,1736.86
5730,1921,267,2,4313.83
5731,1921,138,2,4035.36
5732,1922,171,4,447.95
5733,1922,23,5,215.96
5734,1922,210,1,1779.12
5735,1923,238,1,4720.07
5736,1923,33,2,3320.89
5737,1924,178,4,1033.62
5738,1924,88,3,1251.41
5739,1924,89,1,889.09
5740,1925,40,5,1161.63
5741,1925,223,2,3274.26
5742,1925,101,3,2963.61
5743,1926,109,5,4968.02
5744,1926,111,3,665.69
5745,1926,3,5,3212.27
5746,1926,4,4,3229.58
5747,1927,94,4,3780.82
5748,1927,50,1,2938.84
5749,1927,151,5,3821.17
5750,1927,222,5,3532.07
5751,1927,168,5,4096.63
5752,1928,187,4,538.71
5753,1928,242,4,921.45
5754,1928,224,2,4611.05
5755,1928,237,4,3691.48
5756,1928,67,5,2303.09
5757,1929,182,3,4552.84
5758,1929,126,5,488.45
5759,1929,172,1,288.7
5760,1929,99,2,1161.17
5761,1929,86,4,1705.05
5762,1930,221,1,3753.51
5763,1931,24,5,1029.67
5764,1931,67,4,3390.2
5765,1931,198,5,1051.6
5766,1932,245,3,992.05
5767,1932,248,3,3476.43
5768,1933,222,2,3764.05
5769,1933,293,3,3644.64
5770,1933,22,1,3821.83
5771,1933,129,4,4346.17
5772,1934,44,4,4517.86
5773,1934,139,2,473.85
5774,1935,130,3,2696.77
5775,1935,18,1,2778.44
5776,1936,156,5,4253.62
5777,1936,30,4,887.26
5778,1937,1,5,1631.45
5779,1937,7,5,4755.5
5780,1937,32,4,3212.81
5781,1938,252,4,3836.84
5782,1938,137,5,3229.38
5783,1938,211,4,833.68
5784,1938,113,2,374.47
5785,1939,27,1,2704.69
5786,1939,260,1,3045.28
5787,1939,174,5,2603.93
5788,1939,215,2,4276.39
5789,1940,26,1,1752.37
5790,1941,128,5,2059.44
5791,1941,275,2,2875.6
5792,1941,174,4,1051.65
5793,1941,43,1,3796.06
5794,1942,293,3,376.49
5795,1942,239,3,2208.7
5796,1943,257,3,4839.98
5797,1943,263,4,4904.6
5798,1943,5,1,1265.74
5799,1943,88,5,3210.16
5800,1943,264,1,4971.9
5801,1944,256,2,1340.78
5802,1944,289,1,2447.69
5803,1944,243,2,3866.57
5804,1945,13,5,3293.4
5805,1945,187,1,2861.21
5806,1946,166,5,2762.67
5807,1946,131,3,3364.38
5808,1947,33,1,2702.47
5809,1947,111,2,2055.77
5810,1948,148,4,4467.47
5811,1948,204,1,2137.22
5812,1948,53,3,3040.64
5813,1948,88,1,700.87
5814,1948,258,3,3510.01
5815,1949,212,5,2156.22
5816,1949,225,5,3932.64
5817,1949,176,1,2707.37
5818,1949,209,1,4770.34
5819,1949,153,3,189.49
5820,1950,186,4,3666.92
5821,1950,201,2,962.68
5822,1950,73,3,4717.71
5823,1951,94,3,1587.12
5824,1951,16,2,1387.73
5825,1951,217,2,685.65
5826,1952,9,2,3123.56
5827,1952,32,2,1364.34
5828,1952,23,1,2180.85
5829,1952,184,3,4713.84
5830,1952,29,3,759.3
5831,1953,225,1,4873.78
5832,1953,181,4,1810.41
5833,1953,199,5,1098.99
5834,1953,138,5,3159.25
5835,1954,250,1,3180.8
5836,1954,202,5,364.28
5837,1955,176,5,812.04
5838,1955,122,4,651.2
5839,1955,19,2,1424.52
5840,1956,185,2,4560.1
5841,1956,72,3,3675.42
5842,1956,230,1,4152.47
5843,1956,209,3,3506.27
5844,1956,105,2,1569.5
5845,1957,161,4,2037.51
5846,1958,33,2,3379.11
5847,1959,136,4,4285.65
5848,1960,138,2,1100.38
5849,1961,76,3,3489.25
5850,1962,255,1,1554.3
5851,1962,218,2,793.99
5852,1963,225,4,2200.31
5853,1964,38,4,4079.36
5854,1964,93,1,618.05
5855,1964,70,1,900.96
5856,1964,217,3,2578.93
5857,1964,263,2,3930.15
5858,1965,231,5,1782.29
5859,1965,256,1,4601.71
5860,1965,24,3,399.72
5861,1965,267,4,4806.48
5862,1965,240,3,1454.55
5863,1966,293,4,4551.7
5864,1966,285,5,2829.05
5865,1966,220,3,1186.78
5866,1966,286,3,2162.22
5867,1966,184,4,1141.51
5868,1967,59,1,3098.81
5869,1967,210,3,3375.08
5870,1967,224,2,1708.44
5871,1967,283,5,4516.87
5872,1968,191,1,978.35
5873,1968,255,4,1025.69
5874,1968,157,1,3203.87
5875,1969,221,2,943.94
5876,1969,269,5,2394.09
5877,1969,13,1,3228.9
5878,1969,255,1,164.0
5879,1969,29,5,2511.88
5880,1970,168,2,3712.67
5881,1970,171,4,1990.81
5882,1970,60,4,3486.53
5883,1971,130,4,846.67
5884,1971,68,1,2032.36
5885,1972,158,3,3681.14
5886,1972,268,5,1660.08
5887,1973,75,5,3313.36
5888,1973,148,5,3492.87
5889,1973,157,4,3915.44
5890,1973,35,5,2516.8
5891,1973,52,3,542.97
5892,1974,18,3,3000.84
5893,1974,244,2,845.73
5894,1974,243,1,1802.13
5895,1974,48,3,2304.72
5896,1974,288,1,939.5
5897,1975,34,3,947.0
5898,1975,282,3,882.92
5899,1976,43,4,4557.04
5900,1976,199,5,2002.99
5901,1976,216,1,2603.93
5902,1976,65,4,4110.79
5903,1976,168,5,3237.24
5904,1977,201,4,1991.88
5905,1977,268,4,4770.29
5906,1978,292,4,3311.03
5907,1979,118,5,3274.29
5908,1980,159,3,2186.82
5909,1980,70,1,3571.99
5910,1980,193,2,1036.78
5911,1980,109,2,2972.55
5912,1980,153,1,1283.84
5913,1981,67,4,1625.06
5914,1982,262,1,679.37
5915,1982,189,2,2121.06
5916,1983,42,2,1600.77
5917,1983,158,5,3795.12
5918,1983,35,4,416.22
5919,1983,202,3,2245.99
5920,1983,136,1,3357.52
5921,1984,10,1,4308.25
5922,1984,32,5,1065.07
5923,1984,268,4,4348.86
5924,1985,140,3,685.23
5925,1985,114,1,4122.09
5926,1985,226,5,1883.64
5927,1985,138,3,1111.53
5928,1986,47,1,3733.29
5929,1986,292,3,815.29
5930,1986,279,2,4263.2
5931,1986,83,2,1441.79
5932,1987,14,2,844.9
5933,1987,121,1,821.74
5934,1987,40,4,616.0
5935,1987,290,2,4590.76
5936,1987,198,2,3995.82
5937,1988,175,1,3570.59
5938,1988,105,2,4997.2
5939,1988,246,3,3719.57
5940,1988,262,4,4155.37
5941,1988,162,1,2850.54
5942,1989,78,3,3965.24
5943,1989,273,3,3026.93
5944,1989,157,5,2861.29
5945,1989,170,2,1388.62
5946,1990,58,2,1091.21
5947,1990,102,5,2587.93
5948,1990,266,2,4240.57
5949,1991,162,2,3808.6
5950,1992,37,2,239.95
5951,1993,139,5,2630.89
5952,1994,90,1,2330.22
5953,1994,55,3,3324.29
5954,1994,292,3,3606.77
5955,1994,59,4,2339.99
5956,1994,63,2,615.89
5957,1995,113,2,3510.86
5958,1996,211,3,982.16
5959,1996,16,3,1803.91
5960,1996,23,1,667.67
5961,1996,175,1,4222.13
5962,1997,240,1,1807.45
5963,1998,143,5,3372.21
5964,1998,161,4,4594.46
5965,1998,103,2,1740.01
5966,1998,36,5,4525.21
5967,1999,283,3,309.44
5968,1999,111,1,2080.42
5969,1999,177,2,4540.82
5970,1999,88,2,3976.34
5971,1999,185,4,2729.01
5972,2000,260,1,2948.79
5973,2000,122,3,195.06
5974,2001,77,3,773.13
5975,2001,109,1,4173.9
5976,2001,145,1,4665.88
5977,2001,122,3,3129.67
5978,2002,37,2,668.33
5979,2002,229,5,4126.72
5980,2002,204,5,4634.32
5981,2003,134,5,4339.57
5982,2003,242,1,2850.31
5983,2003,129,4,2321.14
5984,2003,278,3,1074.43
5985,2004,18,5,2095.39
5986,2004,66,4,4477.56
5987,2005,280,1,3444.8
5988,2005,125,3,4737.35
5989,2005,78,4,3962.35
5990,2005,258,1,1866.87
5991,2006,110,4,4404.67
5992,2006,248,3,2684.67
5993,2006,204,1,768.15
5994,2007,83,2,2782.86
5995,2008,56,1,126.61
5996,2009,31,5,2532.58
5997,2009,172,1,4078.21
5998,2009,220,1,2098.7
5999,2009,72,5,1155.09
6000,2009,126,5,3664.06
6001,2010,187,3,1301.95
6002,2011,35,2,188.03
6003,2011,170,3,3386.77
6004,2011,112,4,3383.95
6005,2011,173,3,4587.89
6006,2011,217,3,1484.91
6007,2012,236,2,2297.51
6008,2012,272,4,3088.37
6009,2013,94,4,4382.57
6010,2014,38,4,3788.53
6011,2014,64,2,1110.19
6012,2014,180,1,3262.48
6013,2014,139,3,2950.01
6014,2014,235,4,4260.65
6015,2015,90,1,1645.64
6016,2015,206,3,142.69
6017,2015,42,4,1167.71
6018,2016,141,3,3336.57
6019,2016,73,4,2038.45
6020,2016,183,4,236.62
6021,2016,234,3,1789.03
6022,2016,34,4,1622.44
6023,2017,210,2,2642.26
6024,2017,79,4,985.1
6025,2017,4,1,4344.73
6026,2017,28,5,1192.67
6027,2017,136,4,2715.86
6028,2018,241,4,1842.77
6029,2018,158,4,2558.31
6030,2018,26,2,3910.34
6031,2019,96,3,374.23
6032,2019,274,5,3097.54
6033,2019,163,4,4021.77
6034,2019,103,2,4768.37
6035,2020,136,2,1975.06
6036,2021,100,1,1605.75
6037,2021,49,2,4617.68
6038,2022,243,1,1861.16
6039,2022,190,1,3531.0
6040,2022,279,5,2314.43
6041,2022,68,2,1773.86
6042,2023,272,1,1260.29
6043,2024,136,1,4045.4
6044,2024,156,5,3935.43
6045,2024,21,4,1643.06
6046,2024,115,5,715.66
6047,2024,249,2,3323.97
6048,2025,140,3,4752.26
6049,2025,171,4,3895.78
6050,2025,261,2,847.54
6051,2026,79,2,3804.28
6052,2026,282,2,396.31
6053,2026,147,5,4443.27
6054,2026,109,5,1773.52
6055,2027,269,4,4191.45
6056,2027,249,1,1755.05
6057,2027,244,1,4942.4
6058,2028,23,2,3611.24
6059,2028,111,2,1350.19
6060,2028,73,2,1778.22
6061,2028,147,3,4559.84
6062,2029,227,4,3905.46
6063,2029,189,3,3574.15
6064,2030,256,3,798.91
6065,2030,22,5,647.04
6066,2030,241,5,1534.52
6067,2030,177,2,2292.73
6068,2030,23,5,2228.8
6069,2031,228,4,3179.74
6070,2031,103,3,3901.07
6071,2031,59,5,3359.72
6072,2031,234,2,2341.73
6073,2031,7,1,960.17
6074,2032,98,2,2236.15
6075,2032,72,4,2475.04
6076,2032,284,3,1261.72
6077,2032,121,1,2979.1
6078,2033,219,1,677.85
6079,2033,296,3,2399.17
6080,2034,265,4,2096.0
6081,2035,148,4,3649.36
6082,2035,298,4,4090.09
6083,2035,24,5,3298.08
6084,2036,134,5,1287.63
6085,2036,21,5,2767.49
6086,2036,141,3,2964.94
6087,2037,134,2,1524.35
6088,2037,11,1,381.26
6089,2037,300,3,4157.5
6090,2038,202,1,1930.3
6091,2038,175,4,1895.45
6092,2038,231,4,4565.61
6093,2039,242,4,2568.82
6094,2040,179,4,2028.36
6095,2040,283,4,1582.74
6096,2040,158,3,4533.1
6097,2040,56,2,3071.26
6098,2040,212,2,2956.49
6099,2041,283,1,962.36
6100,2041,169,4,3092.35
6101,2042,284,3,2251.09
6102,2043,204,4,1788.25
6103,2043,221,3,2594.87
6104,2043,124,3,4158.01
6105,2043,11,4,932.03
6106,2043,137,5,2844.27
6107,2044,252,3,1775.23
6108,2044,120,5,791.26
6109,2044,7,4,949.6
6110,2044,171,2,3725.8
6111,2045,8,2,4259.04
6112,2045,244,5,939.97
6113,2045,138,4,4654.75
6114,2045,84,1,1318.75
6115,2045,42,1,4084.99
6116,2046,127,4,967.8
6117,2047,38,3,2268.6
6118,2047,254,3,3058.85
6119,2048,33,4,3367.26
6120,2048,231,4,4540.56
6121,2048,257,1,4121.91
6122,2049,95,2,761.4
6123,2049,146,4,414.08
6124,2050,284,4,2234.64
6125,2050,67,3,2200.97
6126,2051,118,5,1067.05
6127,2051,87,3,4937.67
6128,2051,183,2,1333.4
6129,2051,201,5,3520.96
6130,2051,120,2,4415.29
6131,2052,168,1,1989.48
6132,2053,222,4,1152.61
6133,2053,199,5,4876.04
6134,2053,240,5,2257.91
6135,2054,96,1,656.63
6136,2054,296,1,2485.13
6137,2054,248,3,172.16
6138,2054,165,2,1160.8
6139,2054,154,5,1274.53
6140,2055,269,2,473.87
6141,2055,137,5,3093.79
6142,2055,101,3,3147.17
6143,2055,253,4,1165.71
6144,2055,118,3,3924.92
6145,2056,168,1,4730.67
6146,2056,115,4,2386.5
6147,2056,217,3,1389.25
6148,2056,252,4,545.53
6149,2057,44,4,491.0
6150,2057,168,4,162.31
6151,2058,63,2,2671.71
6152,2058,91,1,1809.16
6153,2058,251,3,1467.98
6154,2058,98,4,4822.65
6155,2058,43,1,1087.64
6156,2059,175,5,1253.37
6157,2059,299,3,4124.07
6158,2059,97,3,3857.8
6159,2059,139,4,3900.85
6160,2060,218,4,4891.02
6161,2060,299,4,4863.37
6162,2060,35,2,816.45
6163,2060,173,1,3324.21
6164,2061,72,3,4766.06
6165,2061,64,5,333.45
6166,2062,62,4,1628.2
6167,2062,50,4,1588.91
6168,2062,84,3,1450.61
6169,2062,216,2,2173.33
6170,2062,253,3,789.06
6171,2063,167,3,2280.56
6172,2063,224,3,2585.49
6173,2063,288,1,4491.16
6174,2063,118,5,2296.79
6175,2063,251,2,2642.17
6176,2064,19,4,1432.99
6177,2065,63,2,3808.9
6178,2065,131,3,3210.58
6179,2065,192,1,3549.06
6180,2065,151,5,403.57
6181,2066,99,1,2324.92
6182,2066,35,5,1101.86
6183,2067,84,1,917.95
6184,2068,53,4,630.49
6185,2068,125,1,3049.94
6186,2068,140,3,3146.28
6187,2068,85,2,4301.64
6188,2069,72,2,3227.28
6189,2069,113,2,900.84
6190,2069,245,1,2968.68
6191,2069,297,4,4494.6
6192,2069,66,2,373.84
6193,2070,29,5,1085.09
6194,2070,86,4,1484.0
6195,2070,40,3,4881.74
6196,2070,222,1,2783.05
6197,2070,49,1,1120.12
6198,2071,256,4,4541.8
6199,2071,217,4,2826.77
6200,2071,250,1,1795.66
6201,2071,282,1,334.8
6202,2071,125,5,2452.31
6203,2072,101,3,1123.59
6204,2072,171,5,4277.49
6205,2072,20,2,1512.89
6206,2073,271,5,2481.83
6207,2074,248,1,4010.69
6208,2075,127,3,3963.07
6209,2075,15,2,828.54
6210,2075,202,5,4392.78
6211,2076,251,2,3844.36
6212,2076,126,4,829.07
6213,2076,300,4,3510.59
6214,2076,219,4,4939.54
6215,2076,12,2,2357.84
6216,2077,125,3,4938.97
6217,2077,115,5,2442.98
6218,2077,295,5,2945.18
6219,2077,266,5,2691.3
6220,2077,64,2,2601.19
6221,2078,1,1,3027.56
6222,2079,174,4,4073.47
6223,2079,9,4,1251.26
6224,2079,151,1,2009.42
6225,2079,157,5,3697.14
6226,2080,174,1,1589.04
6227,2080,100,3,3184.12
6228,2080,161,4,1164.6
6229,2080,190,4,3750.06
6230,2080,171,5,648.84
6231,2081,124,4,3611.27
6232,2082,57,1,3597.82
6233,2082,172,2,3336.15
6234,2082,43,5,1426.2
6235,2082,123,2,4103.46
6236,2083,54,3,1630.02
6237,2083,135,1,1579.33
6238,2083,192,2,673.26
6239,2084,21,1,2021.03
6240,2084,25,2,4486.42
6241,2084,244,4,985.15
6242,2084,280,3,3619.3
6243,2084,67,3,3035.8
6244,2085,249,5,1609.26
6245,2085,204,3,1292.12
6246,2085,80,1,2710.88
6247,2085,141,3,2641.64
6248,2085,20,4,956.46
6249,2086,54,4,3363.26
6250,2086,62,2,4392.18
6251,2086,234,2,395.4
6252,2086,64,1,2154.19
6253,2087,89,1,2260.03
6254,2087,285,4,1605.75
6255,2087,19,5,4543.56
6256,2087,143,1,1447.91
6257,2087,57,4,3935.03
6258,2088,69,2,4169.86
6259,2089,209,1,4467.57
6260,2089,267,5,4081.15
6261,2089,15,5,132.5
6262,2089,271,5,1988.91
6263,2089,103,5,4739.03
6264,2090,15,4,2809.56
6265,2090,105,4,280.35
6266,2090,55,1,3613.71
6267,2090,168,4,1352.96
6268,2090,37,3,1297.32
6269,2091,117,5,2810.28
6270,2091,96,5,285.47
6271,2091,88,1,4952.03
6272,2092,9,4,1624.03
6273,2092,46,4,3404.37
6274,2092,45,4,2653.88
6275,2092,267,3,444.56
6276,2092,23,1,4598.28
6277,2093,208,3,3026.67
6278,2093,63,4,2357.93
6279,2093,228,3,4172.62
6280,2093,134,1,2208.31
6281,2093,71,4,1406.28
6282,2094,267,1,3365.76
6283,2095,120,1,4984.33
6284,2095,57,4,3064.23
6285,2095,126,2,732.77
6286,2095,73,3,4206.37
6287,2096,124,5,551.79
6288,2097,258,3,465.7
6289,2097,101,3,1124.99
6290,2097,17,2,2329.95
6291,2098,173,1,2746.41
6292,2098,95,2,2251.54
6293,2098,284,2,184.2
6294,2099,213,1,4080.53
6295,2100,176,3,951.27
6296,2100,205,4,3686.72
6297,2100,45,5,1095.01
6298,2101,225,2,2201.98
6299,2101,80,1,4447.14
6300,2101,264,2,1488.41
6301,2101,193,5,4122.54
6302,2102,295,4,1745.64
6303,2103,207,5,2734.79
6304,2103,150,3,4053.24
6305,2103,202,3,1379.35
6306,2103,39,3,4935.61
6307,2104,216,5,4012.41
6308,2104,286,3,2965.07
6309,2105,190,5,717.89
6310,2105,98,5,128.57
6311,2105,52,1,3709.73
6312,2105,245,5,4861.89
6313,2106,51,2,3280.7
6314,2107,87,4,4655.22
6315,2107,160,3,3958.88
6316,2108,105,5,384.17
6317,2108,190,4,4004.86
6318,2108,30,1,4434.37
6319,2109,130,2,668.17
6320,2110,296,5,3668.09
6321,2110,258,1,4613.29
6322,2111,199,3,1209.18
6323,2112,165,4,4016.59
6324,2112,233,4,4904.7
6325,2112,59,5,3779.15
6326,2112,69,5,1953.73
6327,2113,49,4,4193.62
6328,2113,263,4,3935.63
6329,2113,162,4,1659.53
6330,2113,37,1,3546.01
6331,2114,160,5,1522.33
6332,2114,137,1,2605.7
6333,2114,86,2,1578.62
6334,2114,11,2,1778.45
6335,2114,189,1,3800.47
6336,2115,279,1,2460.34
6337,2115,40,3,4845.01
6338,2116,17,2,2049.55
6339,2117,159,2,2511.75
6340,2117,189,5,3848.0
6341,2117,9,3,3697.68
6342,2118,159,5,465.51
6343,2118,56,3,3489.64
6344,2118,155,3,671.1
6345,2118,275,5,1247.87
6346,2119,106,2,1250.98
6347,2119,34,1,623.14
6348,2119,88,4,2943.16
6349,2119,108,3,2721.06
6350,2119,78,4,3121.28
6351,2120,119,4,466.71
6352,2120,150,4,854.63
6353,2120,101,5,2736.44
6354,2121,203,1,3813.55
6355,2121,256,5,1945.4
6356,2121,220,1,427.72
6357,2122,273,1,1306.47
6358,2123,218,3,3386.83
6359,2124,181,2,2990.06
6360,2124,258,1,713.04
6361,2124,83,1,3759.86
6362,2124,107,5,2171.74
6363,2124,288,4,2669.14
6364,2125,263,3,4376.97
6365,2125,155,3,2479.55
6366,2125,273,3,4030.73
6367,2125,21,1,2390.74
6368,2126,52,5,1503.19
6369,2127,264,1,2418.92
6370,2127,217,3,2153.64
6371,2128,54,4,670.84
6372,2129,130,4,3682.53
6373,2129,281,1,3075.36
6374,2129,92,5,2228.29
6375,2129,9,5,3566.71
6376,2130,278,3,3607.26
6377,2130,54,5,3632.48
6378,2131,7,1,1087.85
6379,2131,114,2,1138.55
6380,2131,119,3,766.79
6381,2131,40,3,3428.24
6382,2131,169,3,1900.59
6383,2132,139,1,2433.21
6384,2132,48,5,457.06
6385,2133,221,1,360.53
6386,2133,99,3,3526.11
6387,2133,57,5,2461.87
6388,2134,34,4,673.99
6389,2134,31,1,1670.13
6390,2135,263,4,4533.9
6391,2136,39,1,488.39
6392,2136,236,5,3534.62
6393,2137,1,2,4582.85
6394,2137,247,2,4908.92
6395,2137,265,5,3060.56
6396,2138,269,1,2107.29
6397,2138,167,2,705.9
6398,2138,133,5,760.83
6399,2138,162,2,2942.58
6400,2138,110,2,3961.42
6401,2139,55,1,330.02
6402,2139,182,1,4218.76
6403,2140,249,2,1927.78
6404,2141,248,1,2240.3
6405,2141,265,1,4573.26
6406,2141,76,1,3967.99
6407,2141,200,5,333.24
6408,2141,13,4,3595.59
6409,2142,261,5,293.39
6410,2142,277,2,2485.02
6411,2142,210,5,4714.87
6412,2142,228,2,869.42
6413,2143,7,1,3449.49
6414,2143,117,4,1723.82
6415,2144,3,1,535.92
6416,2144,167,3,2558.24
6417,2144,60,1,4750.83
6418,2144,178,4,2705.01
6419,2145,65,4,4644.51
6420,2145,291,3,2597.09
6421,2145,209,4,1682.02
6422,2145,277,2,823.2
6423,2145,230,3,3945.89
6424,2146,150,5,2678.11
6425,2146,65,1,3034.16
6426,2146,274,2,3438.29
6427,2146,181,4,4844.08
6428,2146,101,2,1149.53
6429,2147,147,5,4432.19
6430,2147,242,4,934.67
6431,2147,130,3,2152.46
6432,2148,64,5,3672.1
6433,2148,84,1,845.16
6434,2148,264,4,3998.83
6435,2148,283,1,3830.84
6436,2148,42,2,1341.44
6437,2149,23,5,402.01
6438,2149,296,2,345.67
6439,2149,123,4,232.88
6440,2150,142,5,4324.43
6441,2150,288,4,2395.43
6442,2150,21,4,4883.82
6443,2150,95,5,1558.51
6444,2151,256,5,1715.66
6445,2151,52,5,1305.01
6446,2151,22,4,4455.17
6447,2151,16,4,1984.47
6448,2151,198,2,4098.84
6449,2152,179,2,4196.59
6450,2152,148,3,1078.25
6451,2152,101,2,1791.76
6452,2153,169,4,721.87
6453,2154,28,5,3885.27
6454,2154,227,4,2108.08
6455,2155,98,4,1099.06
6456,2155,293,4,1360.96
6457,2155,124,4,1073.15
6458,2155,82,4,4563.16
6459,2156,94,3,3741.8
6460,2156,266,3,546.48
6461,2156,228,5,920.58
6462,2156,144,1,1331.59
6463,2156,72,4,2252.94
6464,2157,297,1,3136.62
6465,2157,173,5,2373.71
6466,2157,59,5,3629.12
6467,2157,76,4,3860.96
6468,2157,132,3,4729.87
6469,2158,69,1,1622.19
6470,2158,14,3,3347.5
6471,2158,144,3,3112.12
6472,2158,285,4,184.69
6473,2159,239,3,4624.39
6474,2159,206,2,204.08
6475,2159,222,1,4783.83
6476,2159,149,2,2296.52
6477,2159,283,3,1508.43
6478,2160,250,4,1863.57
6479,2160,168,2,4553.79
6480,2160,183,2,626.68
6481,2160,101,4,257.29
6482,2161,226,1,1453.23
6483,2161,277,2,4186.87
6484,2162,100,3,372.58
6485,2162,163,3,2163.93
6486,2162,76,3,2640.21
6487,2162,212,1,4906.39
6488,2162,171,5,4329.98
6489,2163,143,1,4413.79
6490,2163,26,4,1095.06
6491,2163,32,4,1356.55
6492,2163,1,4,3928.3
6493,2163,193,1,2827.49
6494,2164,219,2,4685.84
6495,2164,123,2,3359.86
6496,2164,77,1,4030.52
6497,2164,44,1,410.38
6498,2165,206,1,3147.38
6499,2165,194,1,4941.25
6500,2165,59,5,3117.27
6501,2166,269,5,299.59
6502,2167,148,3,3839.12
6503,2167,14,1,1290.91
6504,2167,230,1,731.2
6505,2167,74,3,1573.0
6506,2167,88,2,1505.47
6507,2168,195,3,1523.19
6508,2168,63,5,1027.45
6509,2168,201,4,2707.26
6510,2169,47,2,1650.86
6511,2169,118,5,264.47
6512,2169,10,4,4235.71
6513,2170,147,5,3466.3
6514,2170,107,5,4934.4
6515,2171,213,1,1484.68
6516,2171,133,2,1523.37
6517,2171,215,2,1463.62
6518,2171,120,1,3792.37
6519,2172,192,5,4731.14
6520,2173,22,1,1368.37
6521,2173,193,5,2116.06
6522,2173,48,1,4550.37
6523,2173,117,3,3222.13
6524,2173,208,2,1517.09
6525,2174,46,3,993.01
6526,2174,276,2,3939.34
6527,2174,235,4,3238.22
6528,2174,132,1,3773.92
6529,2174,6,4,4730.21
6530,2175,252,4,1545.86
6531,2175,168,2,4431.4
6532,2175,130,3,1734.39
6533,2176,121,3,643.58
6534,2176,275,1,337.82
6535,2176,234,3,2467.63
6536,2176,117,1,1200.91
6537,2176,141,2,165.85
6538,2177,75,2,3017.0
6539,2177,81,5,4848.46
6540,2178,298,3,3780.72
6541,2178,36,3,1182.92
6542,2178,148,5,4978.75
6543,2179,149,2,1075.12
6544,2179,38,2,4479.25
6545,2179,114,3,394.68
6546,2180,154,2,4015.79
6547,2180,73,1,1503.72
6548,2181,229,5,4173.6
6549,2181,243,3,192.53
6550,2181,98,2,1650.23
6551,2181,65,5,409.47
6552,2182,62,3,3838.69
6553,2182,141,4,4660.27
6554,2183,18,3,1882.94
6555,2183,35,2,1559.82
6556,2183,55,5,948.83
6557,2183,133,3,595.61
6558,2184,137,2,3218.21
6559,2185,62,2,3706.48
6560,2185,299,4,2946.38
6561,2185,231,5,3027.03
6562,2185,271,2,2157.09
6563,2186,190,2,4336.68
6564,2187,113,4,768.46
6565,2188,123,5,2887.72
6566,2189,9,1,2712.16
6567,2189,91,5,2584.64
6568,2189,276,2,3071.12
6569,2189,99,2,617.41
6570,2189,278,2,2424.49
6571,2190,40,5,614.83
6572,2190,209,3,1890.75
6573,2190,7,1,504.12
6574,2191,293,5,2743.99
6575,2191,241,5,1635.81
6576,2191,217,4,2980.19
6577,2192,261,5,4855.13
6578,2192,139,4,3323.45
6579,2193,136,2,4823.99
6580,2193,294,4,4267.2
6581,2194,64,3,3529.63
6582,2194,239,4,1600.99
6583,2194,141,5,1429.58
6584,2194,46,3,3748.61
6585,2195,3,5,2993.34
6586,2195,227,5,1598.22
6587,2196,116,2,4990.16
6588,2196,204,5,2691.9
6589,2196,94,3,3387.55
6590,2196,61,2,3505.51
6591,2196,208,3,4613.24
6592,2197,20,4,751.15
6593,2198,123,5,3603.55
6594,2198,94,1,4020.96
6595,2198,183,1,1165.19
6596,2198,188,2,1159.75
6597,2199,240,4,4103.65
6598,2199,192,2,237.58
6599,2199,100,3,643.13
6600,2199,232,2,3008.02
6601,2200,200,1,1540.0
6602,2200,13,2,1993.13
6603,2200,156,4,1816.43
6604,2200,167,5,3284.15
6605,2200,297,2,361.94
6606,2201,212,2,1705.32
6607,2201,224,1,3732.68
6608,2201,108,5,3921.3
6609,2202,130,1,619.69
6610,2202,226,3,2143.41
6611,2202,147,1,293.4
6612,2203,264,4,4515.65
6613,2203,68,5,3934.08
6614,2203,216,1,1348.4
6615,2203,282,2,2251.15
6616,2203,17,2,2922.41
6617,2204,250,4,1106.38
6618,2204,292,4,3778.11
6619,2205,285,5,3415.09
6620,2205,10,2,2633.93
6621,2206,282,1,631.06
6622,2206,204,1,2959.91
6623,2206,39,4,2253.18
6624,2206,184,4,2386.64
6625,2206,185,3,2647.31
6626,2207,225,5,4531.02
6627,2207,129,1,225.17
6628,2208,158,2,3665.47
6629,2208,91,2,1697.67
6630,2208,35,4,4797.28
6631,2208,207,2,910.61
6632,2209,91,2,2602.29
6633,2209,155,3,2255.49
6634,2209,201,1,2007.23
6635,2210,281,4,1521.33
6636,2210,29,1,1458.6
6637,2210,37,3,3530.32
6638,2210,9,1,141.62
6639,2211,94,2,215.62
6640,2211,189,3,2024.86
6641,2211,131,3,4526.92
6642,2211,280,1,3835.36
6643,2212,262,3,4703.58
6644,2212,120,3,2519.39
6645,2213,126,5,169.16
6646,2213,104,5,3838.22
6647,2213,20,1,3889.5
6648,2213,29,3,3082.11
6649,2214,83,4,3941.28
6650,2214,176,4,3582.79
6651,2214,148,3,4602.0
6652,2214,230,5,3186.13
6653,2215,1,3,2315.25
6654,2215,118,5,4519.98
6655,2215,201,3,1197.18
6656,2216,111,3,3082.99
6657,2216,290,3,2808.0
6658,2216,263,1,964.26
6659,2216,231,1,3748.96
6660,2217,37,1,1790.67
6661,2217,244,1,3869.53
6662,2217,135,2,2761.89
6663,2218,265,2,538.08
6664,2218,203,2,2443.13
6665,2219,109,4,1478.43
6666,2219,293,2,3548.39
6667,2219,300,3,280.8
6668,2219,122,4,4165.61
6669,2220,123,2,1791.0
6670,2220,175,2,1512.74
6671,2220,189,5,1326.58
6672,2221,135,3,4213.66
6673,2222,112,3,1536.05
6674,2222,217,2,622.41
6675,2223,148,2,3621.28
6676,2223,104,2,4056.13
6677,2224,248,4,3686.37
6678,2224,295,4,164.36
6679,2224,24,5,2688.34
6680,2224,189,1,3217.16
6681,2224,132,1,2969.78
6682,2225,128,3,3275.43
6683,2225,58,3,3847.23
6684,2226,239,1,4698.45
6685,2226,256,5,188.45
6686,2226,223,2,3938.77
6687,2227,159,1,4838.55
6688,2227,61,2,3970.52
6689,2227,127,1,1407.36
6690,2228,274,3,581.82
6691,2228,250,3,207.92
6692,2228,214,2,2777.57
6693,2229,252,2,3043.54
6694,2230,244,3,3830.01
6695,2230,165,1,1004.68
6696,2230,42,3,380.82
6697,2230,57,2,1025.49
6698,2230,268,1,610.98
6699,2231,57,4,4696.64
6700,2231,241,2,1244.08
6701,2232,279,3,1329.51
6702,2232,8,4,3909.9
6703,2233,213,4,3397.88
6704,2233,16,4,3018.88
6705,2234,67,2,1001.73
6706,2234,291,5,2998.69
6707,2234,162,4,417.87
6708,2234,151,5,2295.05
6709,2235,253,1,716.21
6710,2235,153,5,2743.39
6711,2235,48,1,1655.51
6712,2235,251,5,421.84
6713,2235,134,4,3293.07
6714,2236,47,3,1117.34
6715,2236,83,3,1372.17
6716,2236,142,2,2625.85
6717,2237,222,1,476.91
6718,2238,134,4,1082.26
6719,2238,44,2,523.93
6720,2238,231,5,155.76
6721,2239,158,3,794.2
6722,2239,197,5,3291.11
6723,2239,35,3,2396.3
6724,2239,90,2,3783.42
6725,2240,194,3,3906.41
6726,2241,197,2,2357.8
6727,2241,45,4,4362.04
6728,2241,156,5,2615.86
6729,2242,65,5,3221.71
6730,2242,238,2,667.08
6731,2242,39,1,1994.56
6732,2242,48,1,1552.55
6733,2242,37,5,3966.46
6734,2243,249,3,2779.66
6735,2244,134,3,4803.05
6736,2245,228,3,2179.48
6737,2245,5,3,4878.65
6738,2245,134,2,1288.9
6739,2246,226,5,4181.38
6740,2246,72,2,1057.11
6741,2247,90,4,1283.37
6742,2247,111,3,3731.75
6743,2247,27,2,321.8
6744,2247,274,4,2525.59
6745,2248,196,1,4332.56
6746,2249,150,4,3577.77
6747,2249,74,1,2891.22
6748,2249,86,4,2011.17
6749,2249,175,3,1281.69
6750,2249,48,4,3125.53
6751,2250,5,4,4641.66
6752,2250,175,4,2781.07
6753,2251,71,1,1676.1
6754,2251,182,2,4762.0
6755,2251,157,2,4041.42
6756,2251,279,5,850.13
6757,2251,120,4,1474.59
6758,2252,180,3,2142.53
6759,2253,100,3,592.29
6760,2253,4,2,2113.37
6761,2253,5,5,4284.67
6762,2254,13,1,2288.92
6763,2254,81,2,3245.35
6764,2254,273,1,151.27
6765,2254,240,3,4948.15
6766,2254,283,1,3277.5
6767,2255,157,3,3487.69
6768,2255,182,5,2752.33
6769,2255,8,5,690.98
6770,2256,59,2,1301.49
6771,2256,133,5,1941.94
6772,2256,173,2,1416.14
6773,2256,172,2,1816.88
6774,2256,96,3,649.46
6775,2257,107,4,3307.78
6776,2257,164,4,1476.05
6777,2258,90,2,3686.02
6778,2259,300,5,1797.9
6779,2259,187,4,3870.35
6780,2259,96,1,1381.41
6781,2259,228,4,1320.46
6782,2259,253,3,1568.29
6783,2260,263,3,1526.73
6784,2261,174,3,801.94
6785,2261,17,3,4971.35
6786,2262,200,2,4757.72
6787,2262,69,3,2725.23
6788,2263,71,1,3136.75
6789,2263,94,2,1527.89
6790,2263,193,4,3404.22
6791,2263,58,3,2387.42
6792,2263,163,1,3264.57
6793,2264,153,1,3966.7
6794,2264,110,1,2401.98
6795,2265,60,2,4573.39
6796,2265,77,3,502.53
6797,2266,169,5,4196.0
6798,2266,159,4,342.81
6799,2266,53,1,3803.15
6800,2267,286,1,4512.23
6801,2267,211,1,4902.55
6802,2268,38,5,3317.82
6803,2268,190,5,2872.43
6804,2269,127,2,3339.59
6805,2270,202,3,3773.49
6806,2270,177,4,4153.05
6807,2270,147,1,1664.18
6808,2270,213,5,2762.02
6809,2271,262,4,4036.16
6810,2272,62,4,2109.6
6811,2272,14,5,2872.9
6812,2272,119,2,2401.96
6813,2272,105,5,4352.68
6814,2272,125,2,4716.04
6815,2273,293,1,4519.59
6816,2273,227,4,2769.03
6817,2273,217,5,2032.65
6818,2274,184,2,2828.48
6819,2274,280,1,495.66
6820,2274,106,1,2772.39
6821,2275,85,2,4379.25
6822,2275,115,1,1788.34
6823,2275,8,2,1802.52
6824,2276,185,5,1417.27
6825,2276,294,1,797.24
6826,2276,45,2,1343.01
6827,2277,162,2,4690.47
6828,2278,144,3,1059.07
6829,2278,217,5,1340.75
6830,2279,60,2,2971.17
6831,2279,101,1,2983.91
6832,2280,63,4,3484.61
6833,2281,67,3,3592.47
6834,2281,25,3,2154.48
6835,2282,148,5,1406.51
6836,2282,181,3,1845.5
6837,2283,180,3,1301.17
6838,2284,135,2,3291.48
6839,2284,195,1,1932.25
6840,2285,145,2,4457.94
6841,2285,238,1,1208.7
6842,2285,4,1,2239.54
6843,2285,175,3,1851.13
6844,2285,249,4,1853.5
6845,2286,266,3,1604.43
6846,2286,300,2,684.67
6847,2287,295,3,3693.21
6848,2287,48,4,613.97
6849,2287,260,2,3047.57
6850,2287,45,3,3422.69
6851,2287,70,4,1398.17
6852,2288,175,4,1063.48
6853,2289,120,1,2452.76
6854,2290,210,1,3407.67
6855,2291,71,4,2005.32
6856,2291,106,5,1972.28
6857,2291,169,3,1578.32
6858,2292,127,2,4257.61
6859,2292,282,5,795.81
6860,2292,204,4,1471.37
6861,2292,221,2,3410.88
6862,2293,290,4,1781.84
6863,2293,88,2,1085.2
6864,2293,299,3,4657.69
6865,2293,107,5,1940.54
6866,2293,235,4,4210.5
6867,2294,108,3,761.28
6868,2294,233,2,4657.52
6869,2294,71,1,1685.98
6870,2294,115,2,1771.22
6871,2295,157,1,517.16
6872,2295,35,3,2317.48
6873,2295,241,2,1633.13
6874,2296,178,3,4061.84
6875,2296,30,4,4779.66
6876,2296,54,1,3282.91
6877,2296,236,5,2997.67
6878,2296,65,2,1097.34
6879,2297,145,3,273.53
6880,2297,286,3,3364.51
6881,2297,126,5,1625.68
6882,2297,300,1,1268.25
6883,2297,241,2,4528.83
6884,2298,95,5,3478.77
6885,2299,101,1,2842.68
6886,2299,287,5,3774.18
6887,2299,122,2,2594.64
6888,2300,98,3,3681.58
6889,2300,275,5,4292.19
6890,2300,120,1,989.83
6891,2300,85,2,2237.07
6892,2301,47,1,4046.57
6893,2301,158,4,3980.09
6894,2301,107,2,913.34
6895,2301,203,4,2136.2
6896,2302,50,3,3835.99
6897,2303,295,5,3489.57
6898,2303,27,4,4376.88
6899,2303,165,5,1451.0
6900,2303,198,1,685.37
6901,2303,173,4,3529.95
6902,2304,300,3,2788.55
6903,2304,216,4,831.04
6904,2304,282,2,4158.86
6905,2304,163,5,3057.91
6906,2305,123,3,4572.26
6907,2305,217,3,152.4
6908,2306,15,3,1346.1
6909,2307,272,4,1733.97
6910,2307,8,5,1153.74
6911,2307,196,2,2567.97
6912,2308,103,4,4780.79
6913,2308,28,2,2942.6
6914,2308,130,3,4083.65
6915,2308,210,5,4625.36
6916,2308,246,2,4606.6
6917,2309,169,1,4157.93
6918,2309,248,2,4071.32
6919,2310,28,3,2303.71
6920,2310,254,4,2114.13
6921,2310,169,4,1821.3
6922,2310,246,3,3118.25
6923,2310,186,3,4730.25
6924,2311,24,4,827.41
6925,2311,111,3,373.8
6926,2311,14,2,1160.17
6927,2312,96,2,4850.29
6928,2312,80,4,4576.4
6929,2312,1,1,2471.26
6930,2312,271,2,3715.48
6931,2312,272,4,3471.3
6932,2313,151,1,3969.6
6933,2313,112,2,2459.62
6934,2313,274,3,775.69
6935,2313,4,1,3972.26
6936,2313,300,5,1752.9
6937,2314,48,5,3102.9
6938,2315,223,1,2227.4
6939,2316,290,5,1055.39
6940,2316,14,3,2672.28
6941,2317,171,1,4596.83
6942,2317,31,5,1341.35
6943,2318,53,4,1077.1
6944,2318,109,3,4156.86
6945,2318,296,5,249.29
6946,2319,279,3,264.07
6947,2320,242,1,705.7
6948,2320,160,3,1571.13
6949,2320,97,3,3697.25
6950,2320,68,2,1135.95
6951,2320,254,3,3651.75
6952,2321,136,4,1892.41
6953,2322,140,3,4424.39
6954,2322,61,3,3692.09
6955,2322,230,1,3199.97
6956,2323,14,1,3315.24
6957,2323,256,3,1333.16
6958,2323,211,5,2136.33
6959,2323,160,3,808.79
6960,2323,78,2,508.67
6961,2324,194,2,4567.92
6962,2324,125,3,3917.36
6963,2324,102,5,3063.49
6964,2324,237,1,4159.32
6965,2325,215,3,244.49
6966,2325,137,2,4111.49
6967,2325,294,5,4204.7
6968,2325,249,4,3317.93
6969,2326,136,1,4540.37
6970,2326,147,5,4587.49
6971,2327,181,3,2802.26
6972,2327,266,1,2038.56
6973,2328,219,4,3481.38
6974,2329,244,5,2607.79
6975,2330,164,5,996.16
6976,2330,104,5,3527.0
6977,2330,49,5,1380.8
6978,2330,264,2,1561.01
6979,2330,93,1,1282.39
6980,2331,123,1,589.96
6981,2331,59,5,2544.64
6982,2332,87,4,135.63
6983,2332,197,1,828.75
6984,2332,242,3,3351.86
6985,2332,238,3,252.51
6986,2333,96,4,1117.04
6987,2333,42,3,3879.87
6988,2334,80,4,697.08
6989,2334,246,5,550.12
6990,2334,187,2,1886.13
6991,2335,88,2,1179.79
6992,2335,298,1,4721.19
6993,2335,135,3,1259.71
6994,2335,145,2,1851.89
6995,2336,241,1,278.33
6996,2337,208,5,4564.6
6997,2338,242,4,2961.23
6998,2338,249,1,2222.36
6999,2338,26,4,3016.3
7000,2338,262,1,3719.49
7001,2339,203,2,2171.69
7002,2339,59,1,1818.59
7003,2339,236,4,2498.93
7004,2340,243,5,102.78
7005,2340,148,2,1144.84
7006,2340,150,5,2647.73
7007,2340,32,2,4734.74
7008,2340,53,3,3850.34
7009,2341,148,1,741.37
7010,2341,165,4,3471.12
7011,2341,10,3,706.34
7012,2341,58,5,170.53
7013,2341,208,2,4786.39
7014,2342,155,3,1841.04
7015,2342,287,2,1890.57
7016,2342,94,5,884.35
7017,2343,128,5,4235.21
7018,2343,28,1,1488.67
7019,2343,190,5,2384.3
7020,2343,5,5,1605.36
7021,2344,56,1,3580.65
7022,2345,70,4,2810.85
7023,2345,81,5,4248.63
7024,2345,291,2,3195.43
7025,2346,105,1,1829.57
7026,2346,3,5,4238.55
7027,2346,295,2,734.65
7028,2346,13,3,3729.26
7029,2346,207,3,931.47
7030,2347,36,5,1244.38
7031,2347,166,4,4303.46
7032,2347,142,2,1407.3
7033,2348,216,5,3695.66
7034,2348,244,2,1414.36
7035,2348,227,3,3733.39
7036,2348,298,5,3986.02
7037,2349,294,2,3613.34
7038,2349,292,5,2429.62
7039,2350,77,4,3134.81
7040,2350,170,3,3175.82
7041,2350,159,5,1670.46
7042,2350,71,1,3453.14
7043,2350,175,3,231.72
7044,2351,89,5,375.93
7045,2352,20,2,850.12
7046,2352,233,2,1922.11
7047,2352,41,4,4335.94
7048,2352,113,3,4181.37
7049,2353,261,5,4581.06
7050,2353,192,5,4889.77
7051,2353,135,4,1719.38
7052,2353,153,3,3440.48
7053,2353,239,3,447.59
7054,2354,162,5,1331.7
7055,2354,5,4,2418.83
7056,2354,178,2,2614.09
7057,2354,298,2,1419.15
7058,2354,13,5,4070.93
7059,2355,195,5,4733.68
7060,2355,285,4,1780.64
7061,2356,32,4,4090.62
7062,2356,287,2,4484.89
7063,2356,299,1,1566.14
7064,2356,246,4,2713.03
7065,2356,211,1,2602.91
7066,2357,124,5,231.18
7067,2357,80,2,2814.88
7068,2357,288,5,4179.78
7069,2357,11,5,2721.94
7070,2357,133,1,4448.85
7071,2358,104,4,2460.41
7072,2359,121,1,4830.77
7073,2359,116,4,461.96
7074,2360,187,4,2254.63
7075,2360,300,3,2405.23
7076,2360,278,1,3811.51
7077,2361,264,2,1659.74
7078,2362,178,3,2261.76
7079,2362,275,5,534.52
7080,2363,246,4,4108.79
7081,2363,54,1,3528.22
7082,2364,290,3,580.36
7083,2364,36,3,3058.14
7084,2365,118,4,2923.33
7085,2365,240,1,1578.79
7086,2365,266,1,3304.75
7087,2366,66,2,1625.02
7088,2366,45,5,211.93
7089,2366,296,3,1351.33
7090,2366,287,5,1492.2
7091,2366,279,3,2139.25
7092,2367,155,2,4647.06
7093,2367,145,5,2666.81
7094,2367,70,3,356.83
7095,2368,258,3,4021.72
7096,2368,215,3,4106.66
7097,2369,129,4,1327.33
7098,2369,176,2,407.62
7099,2369,271,1,850.09
7100,2369,171,3,810.87
7101,2369,208,3,557.79
7102,2370,215,4,4367.66
7103,2370,205,3,2085.13
7104,2370,162,1,3648.43
7105,2370,76,4,946.01
7106,2371,106,4,1929.82
7107,2371,51,1,4006.08
7108,2372,113,4,3006.25
7109,2372,44,3,3999.67
7110,2372,255,5,1701.98
7111,2373,300,5,1847.21
7112,2373,189,2,277.21
7113,2374,187,5,1354.7
7114,2374,219,4,3086.09
7115,2374,226,3,3723.74
7116,2374,293,2,4271.0
7117,2374,285,2,400.49
7118,2375,28,3,1053.01
7119,2375,299,4,218.5
7120,2376,145,3,1182.16
7121,2376,189,3,1283.35
7122,2376,239,3,2107.18
7123,2376,41,4,4581.89
7124,2377,165,2,214.91
7125,2378,281,1,775.81
7126,2378,87,3,255.58
7127,2378,90,5,4171.56
7128,2379,290,2,3938.3
7129,2379,180,3,3905.04
7130,2379,15,3,727.38
7131,2379,26,2,2681.16
7132,2379,35,4,731.74
7133,2380,175,2,3319.8
7134,2381,24,2,664.51
7135,2381,240,3,1662.85
7136,2381,156,2,3379.87
7137,2381,269,5,3657.95
7138,2381,205,1,4014.52
7139,2382,70,3,1082.59
7140,2382,212,3,3246.86
7141,2382,158,2,3543.41
7142,2382,18,4,3084.08
7143,2383,129,4,253.73
7144,2383,73,2,2968.59
7145,2383,68,5,3108.16
7146,2383,197,5,515.02
7147,2384,296,1,3983.13
7148,2384,138,5,1137.69
7149,2384,124,3,1458.83
7150,2384,177,3,2327.78
7151,2385,167,3,4479.85
7152,2385,97,1,4777.07
7153,2385,103,2,1987.93
7154,2385,228,1,3425.41
7155,2385,67,4,4050.38
7156,2386,196,5,378.63
7157,2386,131,2,3177.67
7158,2386,166,2,4526.28
7159,2386,239,1,3776.61
7160,2387,20,2,2996.58
7161,2387,164,2,741.01
7162,2387,39,5,2948.02
7163,2388,16,5,2349.41
7164,2388,123,4,572.58
7165,2388,281,1,1909.55
7166,2389,82,5,891.21
7167,2389,36,5,2163.54
7168,2389,85,2,3995.23
7169,2389,229,3,3166.74
7170,2390,262,5,4421.48
7171,2390,25,2,3795.33
7172,2391,154,4,1389.22
7173,2391,35,2,4022.62
7174,2392,166,1,1604.11
7175,2392,20,3,3007.82
7176,2392,125,3,350.5
7177,2392,235,1,165.95
7178,2392,211,1,3672.93
7179,2393,230,5,2466.64
7180,2393,236,5,4572.45
7181,2393,59,2,1287.16
7182,2393,262,1,4065.0
7183,2394,216,3,1254.26
7184,2394,61,5,384.57
7185,2395,186,2,3628.42
7186,2395,102,4,2820.59
7187,2396,125,2,3673.03
7188,2397,234,3,793.66
7189,2398,23,5,1233.91
7190,2398,169,2,3198.79
7191,2398,77,2,3825.81
7192,2398,43,3,1506.02
7193,2398,176,1,3062.75
7194,2399,262,2,4968.07
7195,2399,52,4,569.2
7196,2400,250,1,3532.04
7197,2401,91,3,4237.83
7198,2402,293,5,299.24
7199,2402,55,2,2245.24
7200,2402,229,1,4822.59
7201,2402,294,1,4846.43
7202,2402,45,2,1540.53
7203,2403,244,3,3988.94
7204,2404,223,1,4214.42
7205,2404,96,4,1928.4
7206,2404,246,2,2960.15
7207,2404,285,3,3827.06
7208,2405,13,1,973.82
7209,2405,135,3,1849.93
7210,2405,206,2,3046.94
7211,2405,209,2,1151.21
7212,2406,24,4,329.85
7213,2406,51,4,183.49
7214,2406,226,3,2794.19
7215,2406,284,1,1368.63
7216,2406,47,4,1979.0
7217,2407,99,4,4550.13
7218,2407,9,1,1044.53
7219,2407,187,3,2126.01
7220,2407,139,1,4657.74
7221,2407,256,4,566.62
7222,2408,124,1,1764.3
7223,2408,296,2,2350.01
7224,2408,45,3,300.11
7225,2408,81,2,3457.53
7226,2408,129,5,4435.49
7227,2409,179,1,3687.35
7228,2409,131,4,2582.35
7229,2409,112,2,4882.3
7230,2409,3,3,4775.78
7231,2409,14,2,2068.89
7232,2410,108,2,3986.35
7233,2410,59,1,2101.01
7234,2410,60,2,528.96
7235,2411,297,1,1224.93
7236,2411,82,4,3809.75
7237,2411,137,1,2997.75
7238,2411,180,1,4618.86
7239,2411,299,2,3518.34
7240,2412,278,3,363.31
7241,2412,56,4,1883.29
7242,2412,133,5,3790.36
7243,2412,272,3,4291.33
7244,2412,221,2,4859.27
7245,2413,16,2,382.47
7246,2413,189,5,2934.47
7247,2413,196,3,4608.16
7248,2414,173,1,4714.7
7249,2415,40,5,2493.79
7250,2416,29,1,407.13
7251,2417,115,5,1673.12
7252,2417,123,1,936.65
7253,2417,275,3,4139.86
7254,2417,279,2,4159.78
7255,2418,225,5,1930.67
7256,2418,94,2,4023.95
7257,2418,258,3,4055.1
7258,2418,263,3,4139.97
7259,2419,253,3,1262.91
7260,2419,251,3,3848.43
7261,2419,116,3,913.67
7262,2420,288,2,231.27
7263,2420,26,2,632.82
7264,2420,267,2,2716.2
7265,2421,201,2,842.94
7266,2422,99,2,2060.34
7267,2422,291,2,4998.92
7268,2423,101,1,3852.41
7269,2424,238,3,2754.97
7270,2424,103,2,891.62
7271,2425,262,1,1120.16
7272,2426,188,1,1306.4
7273,2426,184,5,4559.83
7274,2426,31,4,2879.24
7275,2426,203,4,3099.04
7276,2426,86,3,4277.26
7277,2427,113,5,2394.58
7278,2427,96,4,860.9
7279,2427,252,2,3264.48
7280,2427,131,2,1820.58
7281,2427,145,3,2734.13
7282,2428,178,5,3634.32
7283,2428,194,1,4044.87
7284,2429,97,2,442.94
7285,2429,254,2,4564.73
7286,2430,154,3,1201.03
7287,2430,45,1,1034.72
7288,2431,123,1,379.34
7289,2432,278,5,2631.7
7290,2433,102,3,2277.71
7291,2433,299,1,1890.55
7292,2433,36,1,2075.1
7293,2433,193,4,2896.2
7294,2434,237,1,879.66
7295,2434,293,3,986.4
7296,2434,129,1,2514.08
7297,2434,109,3,424.96
7298,2434,262,4,1481.5
7299,2435,156,2,3203.28
7300,2436,137,4,1279.89
7301,2436,157,3,307.7
7302,2436,84,2,212.45
7303,2436,42,3,2660.07
7304,2436,181,2,2454.26
7305,2437,182,2,584.54
7306,2437,197,3,1348.62
7307,2437,90,1,3327.01
7308,2437,227,1,4787.16
7309,2438,204,2,2361.05
7310,2438,257,1,3510.06
7311,2438,16,1,4123.76
7312,2438,229,5,4202.88
7313,2439,227,1,462.16
7314,2439,215,3,2370.2
7315,2439,41,5,4241.93
7316,2440,16,1,2729.29
7317,2440,270,5,3720.67
7318,2441,208,1,3622.21
7319,2441,107,3,4113.21
7320,2441,165,1,785.41
7321,2441,46,2,813.75
7322,2441,13,4,4350.35
7323,2442,33,4,3263.82
7324,2442,127,4,2640.78
7325,2442,69,1,3793.93
7326,2443,114,3,4174.1
7327,2443,281,1,1522.8
7328,2443,184,4,2817.44
7329,2443,38,3,3292.7
7330,2443,137,3,391.7
7331,2444,195,3,4830.98
7332,2445,197,5,1977.1
7333,2445,118,4,2629.69
7334,2446,135,3,2226.94
7335,2446,231,3,3405.4
7336,2446,163,3,2726.65
7337,2446,29,1,1701.21
7338,2447,201,3,4070.86
7339,2447,276,2,1846.56
7340,2447,235,3,1779.81
7341,2447,188,2,4413.24
7342,2447,122,1,194.97
7343,2448,273,1,4116.92
7344,2448,249,2,1597.46
7345,2448,282,1,3942.8
7346,2448,146,1,153.88
7347,2449,69,4,625.42
7348,2449,220,5,4034.79
7349,2450,262,3,4503.66
7350,2451,152,4,4266.89
7351,2451,136,4,1035.78
7352,2451,201,3,4667.65
7353,2451,177,2,4164.83
7354,2451,239,5,286.75
7355,2452,22,4,1652.53
7356,2453,88,1,4886.47
7357,2453,127,1,3520.46
7358,2453,101,5,2088.85
7359,2453,26,2,1879.63
7360,2454,120,5,2605.25
7361,2454,212,3,608.03
7362,2454,241,5,2998.3
7363,2454,227,1,820.93
7364,2454,248,1,702.5
7365,2455,213,3,3345.24
7366,2455,135,4,3439.91
7367,2455,212,2,2774.71
7368,2455,46,2,917.65
7369,2456,57,3,2187.37
7370,2457,221,5,261.43
7371,2457,203,1,3303.42
7372,2457,135,2,1025.79
7373,2457,262,1,2772.96
7374,2457,298,5,2924.0
7375,2458,55,5,4877.43
7376,2459,279,3,3964.92
7377,2459,213,1,832.58
7378,2460,165,4,1009.01
7379,2460,59,1,567.83
7380,2460,273,3,718.83
7381,2461,259,5,877.83
7382,2461,12,1,1018.03
7383,2462,189,4,4716.83
7384,2463,185,5,2511.59
7385,2463,231,1,2269.17
7386,2463,289,5,1825.78
7387,2464,172,1,2150.2
7388,2464,212,4,3759.84
7389,2465,148,3,377.81
7390,2465,114,3,2511.32
7391,2465,194,4,1059.25
7392,2465,44,2,280.73
7393,2465,282,4,140.9
7394,2466,20,1,925.52
7395,2466,291,3,4678.33
7396,2466,216,4,4880.2
7397,2467,81,3,2429.79
7398,2468,47,5,161.75
7399,2468,176,3,2943.29
7400,2468,99,5,2760.23
7401,2468,88,4,2529.53
7402,2469,241,2,3985.08
7403,2469,7,3,4773.05
7404,2469,167,2,1702.63
7405,2470,96,4,4377.25
7406,2470,228,3,4798.7
7407,2470,64,2,2537.24
7408,2471,33,3,3769.26
7409,2471,235,5,3340.46
7410,2472,110,4,1866.43
7411,2472,27,4,2287.31
7412,2472,11,2,1461.45
7413,2473,197,5,2144.52
7414,2473,170,4,4328.62
7415,2473,277,5,4269.16
7416,2474,31,3,1601.05
7417,2474,63,3,2040.65
7418,2475,114,3,172.39
7419,2476,134,2,4922.5
7420,2476,128,1,4909.78
7421,2476,282,2,221.46
7422,2477,53,1,2582.27
7423,2478,61,5,4470.22
7424,2478,30,5,701.64
7425,2478,236,4,3020.35
7426,2478,32,4,2577.51
7427,2478,13,3,3260.85
7428,2479,207,4,2376.49
7429,2479,148,5,2369.34
7430,2480,126,5,2283.81
7431,2480,223,1,3426.55
7432,2480,279,5,3067.33
7433,2480,146,2,1197.57
7434,2480,100,3,3001.4
7435,2481,210,4,4966.78
7436,2481,16,5,1484.9
7437,2481,105,3,157.47
7438,2481,95,2,2551.82
7439,2481,229,4,2167.07
7440,2482,143,5,2981.26
7441,2483,202,5,4484.19
7442,2483,12,2,1161.35
7443,2483,160,2,1477.7
7444,2483,209,5,2625.31
7445,2483,262,4,4158.2
7446,2484,112,3,2509.79
7447,2484,256,2,608.08
7448,2485,60,2,4048.1
7449,2485,34,2,1425.44
7450,2485,257,3,749.65
7451,2485,77,1,4293.17
7452,2485,282,3,4200.34
7453,2486,264,3,2491.51
7454,2487,11,5,4959.84
7455,2487,251,2,1171.25
7456,2487,193,4,837.3
7457,2487,103,3,4435.53
7458,2487,132,3,4373.3
7459,2488,259,1,2606.69
7460,2488,196,1,263.48
7461,2489,237,3,256.27
7462,2489,175,4,3022.69
7463,2489,32,5,2953.29
7464,2490,177,1,3623.45
7465,2490,299,3,509.15
7466,2491,57,1,3253.63
7467,2491,5,5,1624.87
7468,2491,254,2,451.89
7469,2492,15,3,3680.23
7470,2492,208,2,2222.74
7471,2492,188,3,4654.85
7472,2492,62,1,4218.51
7473,2493,127,5,2397.31
7474,2493,294,2,3831.25
7475,2494,265,3,4766.02
7476,2495,100,3,2359.17
7477,2495,138,2,2652.53
7478,2495,169,3,1770.08
7479,2495,76,1,144.55
7480,2495,199,4,606.37
7481,2496,265,3,3281.82
7482,2496,115,1,3011.54
7483,2497,10,5,4539.64
7484,2498,119,3,856.5
7485,2498,23,1,2308.5
7486,2498,51,1,4059.27
7487,2499,21,5,1950.01
7488,2499,62,2,880.39
7489,2499,15,5,4943.87
7490,2500,45,2,4386.47
7491,2500,271,3,1279.33
7492,2500,76,3,345.59
7493,2500,11,5,3593.76
7494,2500,215,4,108.37
7495,2501,76,1,1907.71
7496,2501,129,5,475.75
7497,2501,296,4,4286.38
7498,2501,147,5,4410.7
7499,2501,133,3,1223.11
7500,2502,163,3,3069.89
7501,2502,223,5,3248.47
7502,2502,181,3,978.72
7503,2502,210,5,2615.61
7504,2502,205,3,3646.29
7505,2503,8,2,3271.54
7506,2503,190,5,185.5
7507,2503,300,2,4991.7
7508,2503,56,1,4829.81
7509,2503,184,5,2485.56
7510,2504,49,2,2001.53
7511,2504,290,2,2020.08
7512,2505,292,1,3127.93
7513,2505,260,2,2357.67
7514,2506,299,2,3070.23
7515,2506,177,1,4671.83
7516,2506,69,4,1427.28
7517,2506,280,3,2090.46
7518,2506,91,5,1919.45
7519,2507,294,3,1404.52
7520,2507,234,2,1280.73
7521,2507,286,2,1735.69
7522,2507,53,5,1946.11
7523,2508,236,2,3666.61
7524,2509,65,1,824.68
7525,2509,161,3,4393.46
7526,2510,238,1,328.0
7527,2510,287,1,2820.28
7528,2510,75,1,1397.84
7529,2511,19,1,3171.25
7530,2511,116,2,3054.57
7531,2512,34,1,2368.46
7532,2512,196,3,1778.63
7533,2512,160,4,3410.06
7534,2512,105,3,674.72
7535,2513,31,1,4730.41
7536,2513,224,5,4275.29
7537,2514,284,5,115.62
7538,2514,245,1,3435.3
7539,2514,178,2,2304.1
7540,2514,58,5,4130.67
7541,2515,160,1,3744.77
7542,2515,228,1,4329.8
7543,2515,148,4,2550.6
7544,2515,169,3,514.87
7545,2516,194,4,1448.94
7546,2516,48,1,2853.23
7547,2516,62,5,4574.91
7548,2516,42,2,405.43
7549,2517,214,5,3771.05
7550,2517,147,3,1645.03
7551,2517,21,5,2294.94
7552,2517,198,3,772.38
7553,2518,266,4,2752.78
7554,2518,289,3,712.71
7555,2518,245,2,3023.34
7556,2518,24,1,3562.34
7557,2518,234,3,1006.2
7558,2519,142,3,2912.4
7559,2519,276,1,581.12
7560,2519,103,1,256.05
7561,2520,292,5,4432.38
7562,2521,30,4,4839.14
7563,2522,89,5,4507.0
7564,2523,12,3,1133.59
7565,2523,238,4,4098.3
7566,2523,113,2,4052.0
7567,2523,88,2,3986.33
7568,2523,230,2,1388.22
7569,2524,41,4,2390.71
7570,2525,142,1,2158.94
7571,2525,270,1,3013.35
7572,2525,119,5,1444.51
7573,2525,109,2,4311.54
7574,2525,162,3,1669.48
7575,2526,269,2,2841.7
7576,2526,65,1,4060.53
7577,2527,181,4,1796.02
7578,2527,143,1,595.26
7579,2528,164,1,4414.3
7580,2529,180,4,1794.42
7581,2529,86,2,1781.2
7582,2529,282,2,1702.05
7583,2530,217,2,1443.45
7584,2530,53,5,3909.78
7585,2530,99,2,2730.01
7586,2530,218,5,4365.24
7587,2531,284,4,1284.33
7588,2531,108,4,3747.9
7589,2531,23,1,2318.37
7590,2531,89,3,263.29
7591,2532,69,2,2786.74
7592,2532,100,4,4248.97
7593,2532,78,5,3618.98
7594,2532,158,4,3891.55
7595,2532,61,2,1912.62
7596,2533,228,3,4530.67
7597,2533,233,2,3296.85
7598,2533,124,3,1665.19
7599,2534,155,2,4809.7
7600,2534,119,3,3991.28
7601,2534,87,3,786.94
7602,2535,44,3,1818.06
7603,2535,290,1,409.69
7604,2535,131,4,1709.68
7605,2536,72,5,1833.44
7606,2536,126,1,4406.55
7607,2536,260,5,1750.56
7608,2537,147,1,4946.27
7609,2538,68,3,3900.57
7610,2538,76,2,4158.41
7611,2538,163,3,331.0
7612,2538,156,2,3592.7
7613,2539,148,1,369.97
7614,2540,66,4,474.99
7615,2540,206,1,3379.23
7616,2540,160,1,2603.81
7617,2540,112,2,4736.62
7618,2541,84,3,4717.68
7619,2541,70,1,4141.55
7620,2541,154,4,2303.13
7621,2542,267,3,4701.11
7622,2542,143,4,2128.31
7623,2542,266,2,1433.42
7624,2542,201,1,866.35
7625,2542,44,3,2576.32
7626,2543,292,1,1216.68
7627,2543,17,2,2362.18
7628,2543,62,2,363.75
7629,2544,114,5,254.6
7630,2545,42,4,1332.87
7631,2545,269,1,394.82
7632,2546,61,5,3437.33
7633,2547,283,1,1368.12
7634,2547,111,3,2333.89
7635,2547,197,4,720.43
7636,2548,235,1,491.94
7637,2548,289,3,265.69
7638,2548,93,4,121.51
7639,2548,246,5,2616.41
7640,2548,181,1,2891.43
7641,2549,150,5,754.64
7642,2549,119,4,2331.34
7643,2549,83,5,3718.58
7644,2549,21,1,3386.78
7645,2550,268,5,3510.78
7646,2550,150,5,1361.7
7647,2550,200,4,3570.99
7648,2550,165,3,1421.74
7649,2551,131,5,2869.01
7650,2551,162,5,1690.82
7651,2551,144,2,900.53
7652,2551,42,3,2128.13
7653,2552,202,2,4242.15
7654,2553,294,4,2489.94
7655,2553,246,5,3375.64
7656,2553,289,4,1158.29
7657,2554,91,3,2843.47
7658,2554,74,1,2722.67
7659,2555,182,4,3122.44
7660,2555,19,5,3385.88
7661,2555,146,1,4232.81
7662,2555,111,5,2294.09
7663,2556,89,5,2484.87
7664,2556,207,5,2372.37
7665,2557,39,4,4987.03
7666,2557,230,2,592.82
7667,2557,106,1,2395.28
7668,2557,184,1,3939.47
7669,2557,189,4,4206.76
7670,2558,183,2,4671.66
7671,2558,253,2,2376.8
7672,2559,131,5,4513.39
7673,2560,5,2,2769.62
7674,2560,177,2,2686.56
7675,2560,47,2,4436.67
7676,2560,14,5,1134.34
7677,2561,144,1,4713.09
7678,2561,73,4,1324.03
7679,2561,130,1,833.81
7680,2562,283,5,2466.37
7681,2562,59,2,3419.38
7682,2562,44,4,4305.42
7683,2562,223,1,2391.29
7684,2562,11,1,4201.64
7685,2563,229,2,4474.08
7686,2563,264,3,683.64
7687,2564,160,2,1531.98
7688,2564,242,1,2669.84
7689,2564,78,3,650.51
7690,2565,101,2,1328.09
7691,2565,235,3,211.83
7692,2565,52,2,988.18
7693,2566,229,4,4856.2
7694,2566,286,3,852.81
7695,2567,215,5,4818.37
7696,2567,163,1,3675.61
7697,2568,240,1,4885.66
7698,2568,99,1,876.31
7699,2568,103,4,4076.99
7700,2569,51,1,1390.89
7701,2569,224,2,3399.26
7702,2569,147,2,2012.25
7703,2569,260,4,1060.67
7704,2569,245,5,445.24
7705,2570,182,5,145.26
7706,2570,190,1,4465.57
7707,2570,141,4,1482.94
7708,2570,33,4,3124.8
7709,2571,217,1,1107.54
7710,2571,60,2,245.74
7711,2571,8,3,442.87
7712,2571,199,1,398.42
7713,2572,54,3,2544.74
7714,2572,285,3,2143.06
7715,2572,7,5,4291.85
7716,2572,270,3,4165.83
7717,2572,112,3,3520.79
7718,2573,35,4,700.33
7719,2573,28,2,4901.55
7720,2573,65,4,587.26
7721,2574,15,5,480.8
7722,2574,55,2,148.5
7723,2574,264,4,4493.64
7724,2574,60,1,4569.73
7725,2574,105,1,2223.59
7726,2575,226,2,2599.1
7727,2575,75,4,1594.42
7728,2575,239,5,4664.22
7729,2575,155,3,1626.98
7730,2576,137,1,4384.59
7731,2576,6,5,1791.97
7732,2577,76,3,1041.33
7733,2577,172,4,2974.26
7734,2577,101,2,3142.95
7735,2577,110,5,2811.21
7736,2577,284,3,1462.88
7737,2578,191,2,1419.65
7738,2578,8,3,2361.47
7739,2579,296,1,3453.53
7740,2579,102,4,588.57
7741,2580,255,1,2590.64
7742,2580,100,4,1180.25
7743,2580,47,4,4083.73
7744,2581,79,1,1679.89
7745,2582,160,3,4508.93
7746,2582,54,1,1069.15
7747,2582,153,3,3948.68
7748,2582,222,2,3605.2
7749,2582,281,5,4151.39
7750,2583,183,3,2451.44
7751,2584,297,5,2571.95
7752,2584,270,4,3005.12
7753,2584,74,5,1528.34
7754,2584,9,3,4967.95
7755,2584,151,5,4963.74
7756,2585,261,5,1949.42
7757,2586,142,5,4590.51
7758,2586,158,5,4867.23
7759,2586,111,1,443.05
7760,2587,109,3,859.75
7761,2587,35,4,4351.53
7762,2588,162,1,2473.31
7763,2589,253,5,702.79
7764,2589,129,5,367.12
7765,2589,57,2,2953.68
7766,2589,133,1,3867.29
7767,2590,8,4,4792.54
7768,2590,156,4,845.42
7769,2590,266,3,4926.56
7770,2590,252,3,2579.55
7771,2590,28,4,2029.27
7772,2591,135,5,1374.29
7773,2591,161,1,804.02
7774,2591,1,2,3048.85
7775,2591,205,1,2993.49
7776,2591,277,4,4652.89
7777,2592,272,1,628.68
7778,2592,236,2,3497.59
7779,2593,99,3,2457.85
7780,2594,249,5,1940.84
7781,2594,134,5,2102.77
7782,2595,169,3,3446.01
7783,2595,88,4,629.05
7784,2595,279,5,236.5
7785,2595,254,3,879.51
7786,2596,263,1,2073.78
7787,2596,244,3,559.71
7788,2596,70,2,1014.08
7789,2597,276,2,472.53
7790,2598,144,3,2728.69
7791,2598,292,3,535.85
7792,2599,212,4,2877.1
7793,2599,270,3,1107.65
7794,2599,139,4,4029.86
7795,2599,108,3,3081.17
7796,2599,112,4,3937.73
7797,2600,172,5,4685.51
7798,2600,194,1,2167.51
7799,2601,90,4,1153.98
7800,2601,62,3,4125.46
7801,2601,44,5,1371.7
7802,2601,92,5,2338.62
7803,2601,109,2,3434.1
7804,2602,7,1,2155.91
7805,2602,156,5,1118.29
7806,2602,282,4,3501.16
7807,2603,237,2,3006.21
7808,2604,189,5,1559.94
7809,2604,170,4,1147.63
7810,2604,285,4,3022.66
7811,2604,209,1,784.25
7812,2605,298,5,4685.57
7813,2605,143,4,4917.1
7814,2605,38,2,4422.0
7815,2606,173,4,372.11
7816,2606,245,1,4302.74
7817,2607,81,5,3531.01
7818,2607,137,2,4107.95
7819,2607,280,1,395.98
7820,2607,120,3,1464.61
7821,2608,85,4,833.55
7822,2608,9,3,2303.28
7823,2608,161,1,2504.75
7824,2609,53,1,2691.37
7825,2609,213,4,4782.2
7826,2609,82,1,1226.09
7827,2609,122,5,3654.59
7828,2609,295,2,4039.57
7829,2610,69,5,3866.65
7830,2610,124,4,1379.71
7831,2610,275,1,1435.39
7832,2611,214,3,1783.57
7833,2612,141,1,4386.09
7834,2612,16,2,4126.95
7835,2612,138,4,4707.06
7836,2612,22,3,3088.58
7837,2613,118,5,560.96
7838,2613,1,4,4226.37
7839,2614,146,3,1664.01
7840,2614,237,1,431.49
7841,2614,111,4,1260.46
7842,2615,264,4,1305.52
7843,2615,245,3,3626.08
7844,2615,202,3,245.44
7845,2615,250,3,4121.97
7846,2616,19,5,3603.4
7847,2616,268,1,4838.99
7848,2616,44,3,3040.25
7849,2616,87,4,1419.2
7850,2617,115,3,4246.24
7851,2617,17,3,260.08
7852,2617,241,2,4085.78
7853,2617,75,3,654.08
7854,2618,78,3,1596.81
7855,2618,253,1,4204.11
7856,2618,118,1,1407.8
7857,2619,148,3,491.08
7858,2619,73,3,3199.22
7859,2619,76,5,2139.17
7860,2619,3,3,388.24
7861,2619,238,5,3439.65
7862,2620,52,4,2534.92
7863,2621,283,5,4583.11
7864,2622,87,2,3105.79
7865,2622,233,3,257.75
7866,2622,33,2,474.77
7867,2622,106,2,2324.72
7868,2623,196,5,3697.04
7869,2623,3,2,1275.8
7870,2623,127,4,1360.36
7871,2623,128,1,3900.47
7872,2623,246,2,1390.96
7873,2624,90,1,3116.09
7874,2624,221,4,3423.64
7875,2624,275,2,840.33
7876,2625,43,1,3666.98
7877,2625,68,1,1994.04
7878,2625,221,1,3751.09
7879,2626,291,1,949.59
7880,2626,214,5,4339.48
7881,2627,95,4,576.27
7882,2627,298,3,3777.17
7883,2627,28,3,3237.52
7884,2627,25,2,2752.56
7885,2628,172,4,3193.2
7886,2628,59,1,1082.26
7887,2628,229,3,2704.32
7888,2628,219,3,4146.11
7889,2628,151,1,3942.72
7890,2629,211,3,3316.92
7891,2629,43,3,1223.32
7892,2629,199,1,756.11
7893,2629,164,5,3866.45
7894,2630,48,1,3180.92
7895,2630,20,2,3030.59
7896,2630,226,4,2072.15
7897,2630,88,1,277.75
7898,2631,66,3,2297.39
7899,2631,292,2,2245.99
7900,2631,264,2,4221.33
7901,2632,83,1,394.66
7902,2632,2,5,1910.57
7903,2632,247,2,2057.57
7904,2632,231,5,4553.37
7905,2632,95,1,3765.47
7906,2633,111,5,3659.63
7907,2634,102,1,2877.89
7908,2634,256,2,4084.49
7909,2635,159,2,1063.48
7910,2635,17,3,2859.77
7911,2636,35,5,4697.69
7912,2636,277,5,2932.97
7913,2636,9,4,2596.18
7914,2636,81,3,1838.68
7915,2636,84,2,4046.23
7916,2637,263,2,1463.07
7917,2637,172,4,4537.14
7918,2638,286,3,1776.0
7919,2639,40,2,2276.07
7920,2640,239,2,2903.51
7921,2640,156,4,501.71
7922,2640,38,4,3979.47
7923,2640,161,5,3593.66
7924,2640,129,5,2271.26
7925,2641,134,4,1085.62
7926,2641,125,1,4794.65
7927,2641,176,2,3599.25
7928,2641,178,4,985.73
7929,2642,68,1,4068.14
7930,2642,155,5,4140.02
7931,2642,63,2,300.57
7932,2642,142,2,2708.17
7933,2643,17,3,1580.22
7934,2643,152,4,4669.79
7935,2643,134,2,2265.36
7936,2643,286,5,2945.35
7937,2644,16,5,1003.85
7938,2644,293,2,1267.67
7939,2645,191,4,3489.87
7940,2646,170,3,147.23
7941,2646,114,4,3186.98
7942,2647,42,3,2329.41
7943,2648,132,3,2524.47
7944,2648,251,1,3209.0
7945,2649,201,5,1888.04
7946,2649,114,2,1967.34
7947,2649,56,3,1057.98
7948,2649,79,1,3623.11
7949,2650,294,4,4547.19
7950,2650,53,5,3915.52
7951,2650,96,2,3762.04
7952,2650,200,5,4609.45
7953,2651,252,4,3491.35
7954,2651,224,2,4567.09
7955,2651,53,4,4203.85
7956,2652,207,5,4335.54
7957,2653,23,1,158.17
7958,2653,186,1,4004.56
7959,2653,284,5,3579.15
7960,2653,295,5,3891.1
7961,2653,289,2,999.82
7962,2654,23,5,215.53
7963,2654,283,5,3629.91
7964,2654,211,1,2367.87
7965,2655,264,4,2054.75
7966,2656,82,2,665.67
7967,2657,42,1,530.73
7968,2657,154,1,4956.38
7969,2657,157,4,2933.35
7970,2657,40,1,950.91
7971,2658,157,2,1893.44
7972,2658,202,2,1538.27
7973,2658,124,1,4165.39
7974,2658,95,2,3885.68
7975,2658,135,5,3414.3
7976,2659,73,2,2865.73
7977,2659,244,2,635.05
7978,2659,198,2,2735.53
7979,2659,291,4,3641.73
7980,2659,279,1,1919.23
7981,2660,66,2,2862.9
7982,2661,258,2,3232.6
7983,2662,121,1,4681.67
7984,2662,200,4,1508.0
7985,2662,263,2,2315.8
7986,2662,285,3,3158.83
7987,2663,267,4,1782.56
7988,2663,150,2,979.34
7989,2663,205,3,305.53
7990,2664,7,5,2422.08
7991,2664,104,2,3551.96
7992,2664,71,2,1969.76
7993,2665,212,1,2899.33
7994,2666,74,4,3556.01
7995,2666,33,5,4441.75
7996,2666,65,2,4377.34
7997,2666,181,1,4653.57
7998,2666,25,4,1377.34
7999,2667,270,4,4265.95
8000,2668,245,5,4710.95
8001,2668,198,5,226.32
8002,2668,8,5,758.91
8003,2669,242,1,2699.33
8004,2669,65,4,1992.91
8005,2669,128,4,3117.91
8006,2669,46,4,3180.64
8007,2670,254,5,3042.8
8008,2670,63,4,788.67
8009,2671,225,1,1641.32
8010,2671,142,5,4069.57
8011,2671,120,2,3542.42
8012,2671,117,2,1223.71
8013,2672,54,3,2604.67
8014,2672,240,3,993.09
8015,2673,187,4,1058.9
8016,2673,15,2,2713.55
8017,2673,36,1,149.33
8018,2674,159,2,3229.26
8019,2675,292,3,4492.32
8020,2676,122,5,3921.5
8021,2676,216,3,2688.13
8022,2676,133,2,3278.04
8023,2677,169,2,2508.02
8024,2677,68,3,1173.48
8025,2677,60,1,3596.64
8026,2677,159,5,3398.6
8027,2677,120,3,4318.63
8028,2678,207,3,288.84
8029,2678,58,3,2734.16
8030,2678,14,2,3624.35
8031,2678,244,3,4002.09
8032,2678,47,1,3940.06
8033,2679,232,2,2131.92
8034,2680,258,5,500.14
8035,2680,6,1,727.27
8036,2681,164,1,4674.38
8037,2681,238,5,1473.32
8038,2681,206,1,4482.33
8039,2682,300,2,1344.9
8040,2683,77,1,3777.81
8041,2683,138,4,4816.89
8042,2683,13,2,2061.57
8043,2683,191,3,2951.27
8044,2683,69,2,2899.54
8045,2684,295,1,4983.62
8046,2684,213,4,2023.31
8047,2684,278,4,1750.85
8048,2685,42,5,4145.92
8049,2685,51,4,400.16
8050,2686,237,3,4979.72
8051,2686,268,3,1604.4
8052,2686,43,2,3433.24
8053,2686,66,2,2681.8
8054,2687,46,5,1431.24
8055,2687,253,3,3430.97
8056,2687,201,1,1982.04
8057,2687,195,2,1693.56
8058,2687,156,2,4949.56
8059,2688,287,1,1016.72
8060,2688,291,4,962.82
8061,2689,15,5,740.76
8062,2689,110,5,1941.26
8063,2689,290,4,3932.1
8064,2689,192,2,1358.85
8065,2689,77,5,1062.22
8066,2690,260,5,425.72
8067,2691,259,1,3123.78
8068,2691,154,2,342.45
8069,2691,190,4,2278.16
8070,2692,159,3,2009.73
8071,2692,66,1,149.92
8072,2693,175,2,785.4
8073,2693,43,4,4155.7
8074,2693,259,1,1620.99
8075,2693,115,5,3709.05
8076,2694,95,4,677.39
8077,2694,300,1,164.29
8078,2694,29,2,3715.93
8079,2695,116,5,1582.08
8080,2695,291,2,2492.43
8081,2695,163,2,3198.48
8082,2695,70,2,1308.92
8083,2695,121,3,4920.16
8084,2696,271,3,3986.41
8085,2696,145,2,4672.01
8086,2696,1,5,4747.55
8087,2696,84,5,4822.02
8088,2696,284,4,2689.38
8089,2697,87,4,1464.9
8090,2698,287,4,3815.71
8091,2699,150,5,4280.29
8092,2700,175,4,1487.22
8093,2700,135,1,590.75
8094,2701,16,4,1299.83
8095,2702,142,2,2166.34
8096,2703,9,1,3955.53
8097,2703,113,3,640.33
8098,2703,217,3,3518.14
8099,2704,181,2,2855.38
8100,2704,218,3,3629.2
8101,2704,29,4,108.41
8102,2704,188,4,4480.12
8103,2704,148,2,4331.84
8104,2705,232,3,3738.05
8105,2705,3,2,4646.86
8106,2705,284,5,4144.34
8107,2705,73,3,251.9
8108,2706,15,3,3076.25
8109,2706,153,3,4689.5
8110,2706,187,5,4735.05
8111,2707,72,4,3915.27
8112,2707,77,4,2106.83
8113,2708,103,5,1771.85
8114,2708,258,2,3503.63
8115,2709,208,5,1186.96
8116,2709,260,3,1536.96
8117,2710,215,4,4629.15
8118,2711,284,4,2831.74
8119,2711,170,1,2198.57
8120,2712,116,2,4855.58
8121,2713,87,3,3527.15
8122,2713,112,5,254.35
8123,2713,18,5,3802.39
8124,2714,243,3,1173.34
8125,2714,297,4,4930.5
8126,2715,47,4,3476.77
8127,2715,131,1,4111.87
8128,2715,261,1,2739.74
8129,2716,84,4,265.25
8130,2716,41,5,4588.64
8131,2716,55,4,1688.56
8132,2717,141,4,3422.29
8133,2718,30,1,197.05
8134,2718,248,4,1817.27
8135,2718,59,4,4143.55
8136,2718,91,3,3119.25
8137,2719,236,5,652.6
8138,2719,145,2,4932.85
8139,2719,211,1,4867.19
8140,2719,245,3,1612.3
8141,2719,130,2,3849.62
8142,2720,235,4,4768.19
8143,2721,264,1,3321.81
8144,2721,219,4,3807.25
8145,2721,266,5,4019.72
8146,2721,19,1,2387.74
8147,2721,112,4,1272.3
8148,2722,89,3,1413.25
8149,2722,88,5,263.97
8150,2722,219,2,282.67
8151,2722,81,3,1445.07
8152,2722,37,2,193.3
8153,2723,272,5,4891.55
8154,2723,1,5,4463.16
8155,2724,259,2,1835.12
8156,2724,74,5,2602.81
8157,2724,89,1,137.03
8158,2724,107,4,2866.1
8159,2724,285,5,1006.57
8160,2725,238,2,4954.45
8161,2725,226,3,694.45
8162,2725,86,4,519.08
8163,2725,125,1,3447.11
8164,2725,274,1,4205.91
8165,2726,152,1,820.3
8166,2726,52,2,3587.65
8167,2727,142,4,2889.07
8168,2727,251,3,3317.08
8169,2728,81,1,1801.21
8170,2728,173,3,1776.59
8171,2728,123,1,1436.26
8172,2728,32,2,3979.89
8173,2728,283,5,4562.45
8174,2729,77,2,2100.09
8175,2729,215,2,675.46
8176,2729,71,4,3413.79
8177,2729,189,3,2947.8
8178,2729,222,2,4410.35
8179,2730,124,3,711.01
8180,2730,4,1,996.32
8181,2730,290,5,866.34
8182,2730,83,5,4719.78
8183,2730,63,1,3861.6
8184,2731,16,2,1543.08
8185,2731,85,2,1687.8
8186,2731,98,3,1875.51
8187,2731,160,3,3751.47
8188,2732,294,5,4545.07
8189,2733,262,4,3599.94
8190,2734,191,4,2228.96
8191,2735,281,5,438.18
8192,2735,53,5,453.51
8193,2736,185,3,4900.96
8194,2736,122,5,3826.57
8195,2737,214,5,1876.02
8196,2737,211,5,4116.01
8197,2738,5,4,1113.47
8198,2738,285,3,3021.54
8199,2739,279,1,971.61
8200,2739,34,2,1101.0
8201,2739,84,5,3741.5
8202,2740,146,4,2843.96
8203,2740,185,5,931.96
8204,2740,207,1,2036.15
8205,2740,100,5,2515.22
8206,2741,195,1,422.3
8207,2741,98,2,2670.32
8208,2742,251,4,4710.52
8209,2742,195,1,2156.08
8210,2743,192,1,4191.28
8211,2743,202,2,824.15
8212,2743,113,2,4857.78
8213,2743,2,3,575.03
8214,2744,160,1,4415.85
8215,2744,253,2,3264.02
8216,2744,146,5,4631.15
8217,2744,194,5,4737.59
8218,2744,262,1,1771.78
8219,2745,271,5,626.83
8220,2745,4,2,2909.35
8221,2745,181,2,1063.81
8222,2746,14,3,472.79
8223,2746,65,4,2729.56
8224,2746,54,1,4969.13
8225,2746,171,3,4679.7
8226,2746,176,1,1874.8
8227,2747,206,5,556.91
8228,2747,180,3,2638.13
8229,2747,77,2,1661.16
8230,2747,56,1,2004.41
8231,2748,19,1,3713.71
8232,2749,69,4,3938.28
8233,2749,222,4,217.41
8234,2749,103,3,3383.16
8235,2749,257,4,1103.23
8236,2749,191,5,2420.19
8237,2750,199,2,4255.68
8238,2751,133,3,2792.63
8239,2751,252,3,2361.28
8240,2752,262,5,2738.67
8241,2752,260,1,4740.07
8242,2752,298,4,3117.85
8243,2752,66,5,1085.93
8244,2753,244,3,3885.1
8245,2753,267,4,193.29
8246,2754,276,2,2291.25
8247,2754,270,2,1926.94
8248,2754,139,1,1623.77
8249,2754,178,5,4507.43
8250,2754,133,2,3881.45
8251,2755,28,3,1537.23
8252,2756,211,5,4068.68
8253,2756,11,5,2887.73
8254,2756,171,5,3207.11
8255,2756,274,3,4444.43
8256,2757,134,2,4189.3
8257,2757,214,5,3974.75
8258,2758,288,1,3153.55
8259,2758,164,2,1342.16
8260,2758,163,3,3321.7
8261,2758,50,4,2891.64
8262,2758,96,5,3708.91
8263,2759,172,3,2510.89
8264,2760,222,3,780.56
8265,2760,293,2,3880.58
8266,2760,24,3,4524.81
8267,2760,99,4,4610.8
8268,2760,143,3,630.93
8269,2761,278,2,3234.57
8270,2761,145,5,1634.05
8271,2761,165,1,4472.98
8272,2761,210,4,4819.82
8273,2762,200,4,3277.51
8274,2762,126,3,647.69
8275,2762,135,1,4645.74
8276,2762,226,2,2539.86
8277,2762,113,4,1218.04
8278,2763,55,2,1348.2
8279,2764,213,1,2363.95
8280,2764,300,3,1102.9
8281,2764,147,4,2310.35
8282,2764,186,2,4785.48
8283,2764,164,2,1513.81
8284,2765,175,4,879.35
8285,2766,143,4,1438.0
8286,2766,118,4,3209.19
8287,2766,233,2,4986.41
8288,2766,86,3,4572.29
8289,2766,23,3,1725.93
8290,2767,287,4,2751.8
8291,2767,93,4,1693.07
8292,2767,56,3,3614.86
8293,2767,201,1,520.56
8294,2767,265,5,4152.02
8295,2768,140,4,1969.58
8296,2769,247,3,292.41
8297,2770,128,4,2263.83
8298,2771,78,3,4150.96
8299,2772,52,5,290.8
8300,2772,102,3,4985.39
8301,2772,296,4,536.43
8302,2773,294,5,603.46
8303,2773,216,4,942.93
8304,2773,228,2,522.08
8305,2773,298,4,2408.92
8306,2774,102,2,2935.33
8307,2774,103,2,2587.24
8308,2775,293,5,4823.61
8309,2775,199,4,1885.68
8310,2775,58,5,1036.02
8311,2775,22,4,2727.65
8312,2776,6,1,867.73
8313,2776,101,4,4796.8
8314,2776,12,4,4934.92
8315,2776,146,4,3996.12
8316,2776,114,4,1695.36
8317,2777,89,5,2159.38
8318,2777,240,2,4558.35
8319,2777,299,2,2301.07
8320,2778,210,3,2412.25
8321,2778,288,1,3303.28
8322,2779,141,5,3202.07
8323,2779,272,1,2879.9
8324,2779,103,1,2378.65
8325,2779,271,2,3199.38
8326,2779,192,5,620.32
8327,2780,9,4,143.01
8328,2780,185,3,4933.39
8329,2780,188,4,1922.87
8330,2780,238,3,2008.38
8331,2780,280,2,4548.6
8332,2781,228,3,2995.16
8333,2781,41,4,3642.89
8334,2782,295,2,2916.25
8335,2782,264,5,1965.25
8336,2782,10,3,4077.76
8337,2782,132,2,4562.31
8338,2782,161,1,3503.02
8339,2783,151,4,3701.17
8340,2784,291,5,4415.79
8341,2784,242,5,2500.12
8342,2785,242,5,3402.52
8343,2786,136,4,3490.47
8344,2786,37,4,782.0
8345,2787,87,3,3435.71
8346,2788,9,4,436.11
8347,2789,220,3,1520.0
8348,2789,196,2,4359.59
8349,2789,170,3,1870.34
8350,2790,147,2,2670.35
8351,2790,193,3,232.76
8352,2790,188,3,3912.95
8353,2790,169,3,906.75
8354,2790,68,2,4120.48
8355,2791,29,2,1941.67
8356,2791,235,5,3542.98
8357,2791,70,1,293.5
8358,2791,90,1,1253.07
8359,2792,290,2,3720.46
8360,2792,267,1,2951.06
8361,2792,222,3,2732.79
8362,2792,8,1,3291.53
8363,2792,280,2,453.2
8364,2793,227,1,3921.74
8365,2793,277,5,3262.73
8366,2793,161,2,2209.27
8367,2793,203,2,3717.24
8368,2794,232,3,2972.99
8369,2794,277,4,4409.88
8370,2795,105,4,785.35
8371,2795,192,1,1353.3
8372,2795,170,3,163.14
8373,2795,176,4,888.25
8374,2795,124,5,273.88
8375,2796,22,5,3957.87
8376,2796,268,5,863.82
8377,2796,105,5,2461.33
8378,2796,75,3,3961.31
8379,2797,277,1,3479.63
8380,2797,89,3,2284.12
8381,2798,298,5,3835.32
8382,2798,36,5,901.51
8383,2798,38,1,1615.3
8384,2798,27,4,2243.71
8385,2799,226,5,3290.78
8386,2799,37,3,1842.19
8387,2799,69,3,4537.75
8388,2799,172,5,4072.57
8389,2800,91,1,4112.37
8390,2800,26,5,3356.65
8391,2801,22,2,3167.3
8392,2801,292,5,495.01
8393,2801,297,5,3738.32
8394,2801,178,3,1185.17
8395,2802,230,5,4112.88
8396,2803,4,3,3277.58
8397,2803,121,3,1881.43
8398,2803,294,3,1850.0
8399,2804,71,2,4069.1
8400,2804,260,2,426.92
8401,2804,166,4,3699.42
8402,2804,259,5,396.7
8403,2805,227,2,2402.91
8404,2805,267,1,1471.95
8405,2806,289,3,2108.37
8406,2806,179,2,744.76
8407,2806,253,4,3746.25
8408,2807,194,4,1937.81
8409,2807,278,3,1229.59
8410,2807,269,3,2531.35
8411,2807,64,4,648.37
8412,2808,12,5,277.78
8413,2808,149,4,3614.69
8414,2808,243,3,2523.53
8415,2808,289,4,4530.47
8416,2809,7,2,3111.76
8417,2809,216,4,3435.6
8418,2809,271,4,3737.55
8419,2809,103,4,236.0
8420,2809,295,4,2137.97
8421,2810,117,5,1724.97
8422,2810,81,4,2766.67
8423,2810,199,4,2448.88
8424,2810,260,3,3669.17
8425,2811,263,4,414.88
8426,2811,112,3,3767.68
8427,2811,149,1,307.82
8428,2812,248,3,3230.25
8429,2812,4,5,4857.12
8430,2813,255,2,1511.02
8431,2813,182,2,1118.92
8432,2813,254,3,1972.44
8433,2813,267,3,3701.89
8434,2814,211,2,3437.6
8435,2814,30,2,1818.09
8436,2814,251,1,3614.8
8437,2815,276,2,2407.71
8438,2816,61,3,2401.6
8439,2816,92,5,1114.03
8440,2816,201,4,898.42
8441,2817,125,5,689.44
8442,2818,14,1,1123.2
8443,2818,235,1,2411.75
8444,2818,25,5,2330.16
8445,2818,198,2,469.01
8446,2818,297,5,4349.0
8447,2819,179,1,3558.51
8448,2819,208,5,3374.57
8449,2819,244,5,4017.59
8450,2819,134,4,4600.69
8451,2819,162,2,2663.75
8452,2820,172,4,1061.35
8453,2820,262,2,4106.19
8454,2820,96,2,2848.47
8455,2820,89,3,3441.93
8456,2820,288,5,1705.98
8457,2821,106,3,351.44
8458,2821,228,3,2798.16
8459,2822,119,2,4031.29
8460,2822,101,4,4990.17
8461,2823,277,1,1887.83
8462,2824,10,5,3267.79
8463,2825,211,1,2830.07
8464,2825,35,3,2852.37
8465,2826,111,3,3722.81
8466,2826,39,4,3311.21
8467,2826,231,5,1289.62
8468,2826,9,5,1101.68
8469,2827,218,4,2178.59
8470,2827,89,3,2721.52
8471,2827,127,2,2218.98
8472,2827,198,1,1012.93
8473,2828,92,1,1962.87
8474,2828,150,2,3912.3
8475,2828,12,3,478.04
8476,2828,82,5,1015.34
8477,2828,146,5,3261.65
8478,2829,254,4,4417.19
8479,2830,284,2,1269.07
8480,2830,188,3,163.15
8481,2830,160,2,2145.9
8482,2830,295,1,3994.24
8483,2830,92,3,4621.83
8484,2831,197,2,2492.07
8485,2831,113,2,3030.87
8486,2831,95,2,3009.33
8487,2832,253,5,4001.15
8488,2832,166,5,3315.15
8489,2832,104,4,1533.2
8490,2832,55,4,4652.13
8491,2833,93,1,2990.57
8492,2833,98,5,3946.64
8493,2833,189,3,936.41
8494,2833,60,4,1990.15
8495,2834,26,3,168.75
8496,2834,223,5,141.62
8497,2834,298,2,859.12
8498,2835,75,2,2344.98
8499,2836,19,2,3902.3
8500,2836,80,2,3220.97
8501,2836,83,4,1437.44
8502,2836,193,3,4699.53
8503,2836,132,4,1548.11
8504,2837,75,4,1823.04
8505,2838,171,3,2601.62
8506,2838,105,1,2894.79
8507,2838,235,1,986.07
8508,2838,257,4,3355.13
8509,2838,181,4,4406.54
8510,2839,124,4,3957.62
8511,2839,214,2,3677.45
8512,2840,240,2,1233.6
8513,2840,189,4,1174.22
8514,2841,150,4,3242.21
8515,2841,159,1,1893.52
8516,2841,167,5,1839.47
8517,2841,244,1,863.68
8518,2842,144,4,334.12
8519,2842,271,5,887.12
8520,2842,272,2,3129.28
8521,2842,19,4,296.87
8522,2843,19,2,1006.52
8523,2843,116,2,1292.81
8524,2843,128,2,3103.55
8525,2844,70,4,4848.49
8526,2844,137,1,221.59
8527,2844,285,5,246.01
8528,2844,126,2,3617.71
8529,2845,17,5,545.41
8530,2845,236,5,2164.74
8531,2845,275,5,4980.7
8532,2846,251,5,1188.9
8533,2846,3,4,3735.92
8534,2846,247,2,4889.33
8535,2847,13,4,4353.13
8536,2848,32,5,3033.81
8537,2848,121,3,1849.66
8538,2848,74,3,2878.58
8539,2849,290,2,1944.68
8540,2849,78,4,4475.97
8541,2849,265,3,3929.79
8542,2849,172,1,2038.78
8543,2849,191,4,817.31
8544,2850,114,5,535.37
8545,2850,33,2,2650.66
8546,2851,175,2,3316.02
8547,2852,201,4,4478.97
8548,2852,270,5,3442.23
8549,2852,239,2,4776.59
8550,2852,56,1,851.73
8551,2852,247,3,824.5
8552,2853,227,3,3679.69
8553,2854,59,2,1825.39
8554,2854,26,5,3919.53
8555,2854,14,4,4860.63
8556,2854,111,5,4642.56
8557,2854,52,2,4050.08
8558,2855,248,1,3883.44
8559,2855,214,4,4710.72
8560,2855,216,1,3355.29
8561,2855,252,1,3918.46
8562,2856,298,1,195.32
8563,2856,165,3,936.79
8564,2856,26,5,1869.74
8565,2856,253,2,1507.22
8566,2857,164,5,3300.48
8567,2857,38,1,4264.78
8568,2857,244,5,1699.4
8569,2858,118,5,4288.38
8570,2858,287,2,2121.28
8571,2859,147,3,2754.83
8572,2859,224,1,3378.41
8573,2860,76,1,521.9
8574,2860,142,3,868.07
8575,2860,146,3,2375.4
8576,2860,70,4,1660.95
8577,2860,107,5,131.11
8578,2861,274,2,2175.64
8579,2862,242,1,1078.83
8580,2863,123,5,4030.67
8581,2863,144,4,3194.07
8582,2863,256,5,1238.21
8583,2863,293,2,4396.29
8584,2863,108,4,961.22
8585,2864,39,2,1402.35
8586,2864,221,4,1635.26
8587,2864,234,1,1969.77
8588,2864,121,5,4162.57
8589,2865,24,4,389.25
8590,2865,176,4,4121.81
8591,2865,109,5,2852.1
8592,2866,143,3,4008.01
8593,2866,66,2,1698.1
8594,2866,25,2,2264.84
8595,2867,101,3,661.71
8596,2867,117,1,4218.29
8597,2868,291,4,1412.19
8598,2868,251,1,2772.33
8599,2868,166,5,2061.14
8600,2869,226,4,1571.65
8601,2869,41,3,224.0
8602,2869,1,2,628.79
8603,2869,21,3,1426.63
8604,2869,12,5,3547.85
8605,2870,225,4,4493.7
8606,2870,8,5,2200.02
8607,2870,277,4,4475.21
8608,2870,234,3,4949.58
8609,2870,32,5,2581.16
8610,2871,143,1,1218.08
8611,2872,50,5,337.4
8612,2872,143,1,2116.46
8613,2872,150,1,474.44
8614,2873,272,4,755.63
8615,2874,17,2,4085.0
8616,2874,203,3,2915.49
8617,2875,67,1,3697.96
8618,2875,55,2,459.62
8619,2875,244,5,4277.22
8620,2875,115,2,3851.49
8621,2875,133,1,440.97
8622,2876,52,3,284.33
8623,2876,272,1,2901.43
8624,2876,256,5,464.76
8625,2876,299,5,853.63
8626,2877,239,1,3181.43
8627,2877,247,5,1719.69
8628,2877,162,1,1548.83
8629,2878,25,1,3625.82
8630,2878,43,5,3596.03
8631,2878,193,1,3732.12
8632,2878,16,4,1856.58
8633,2879,285,1,3384.26
8634,2879,90,1,3953.81
8635,2879,86,3,3951.37
8636,2879,272,5,3180.86
8637,2879,231,4,1374.18
8638,2880,34,2,1196.04
8639,2880,227,2,2902.67
8640,2881,74,1,4404.44
8641,2881,94,3,4763.16
8642,2882,56,2,3074.92
8643,2882,111,2,3748.1
8644,2882,7,3,2866.14
8645,2883,292,1,2758.82
8646,2883,17,1,2575.02
8647,2883,266,5,1928.45
8648,2883,3,2,2884.95
8649,2884,18,4,4090.08
8650,2884,291,1,2053.37
8651,2885,92,5,2186.69
8652,2885,90,4,360.99
8653,2886,34,2,3741.69
8654,2886,67,5,3936.51
8655,2886,160,2,975.77
8656,2886,182,4,1716.3
8657,2886,36,4,3255.14
8658,2887,207,5,231.95
8659,2887,97,2,495.29
8660,2887,98,3,3323.67
8661,2887,200,5,3799.02
8662,2887,8,5,2543.39
8663,2888,7,3,518.75
8664,2888,106,1,277.94
8665,2888,276,2,1275.44
8666,2889,228,1,3124.21
8667,2889,168,5,1234.97
8668,2889,268,3,583.92
8669,2890,199,5,1572.38
8670,2891,268,4,1495.47
8671,2891,287,2,2084.2
8672,2891,267,1,4746.73
8673,2892,38,4,1051.64
8674,2893,210,2,2032.03
8675,2893,115,4,3155.34
8676,2893,169,5,1167.77
8677,2894,8,1,2869.49
8678,2894,269,1,4766.62
8679,2894,78,3,4739.92
8680,2895,185,2,4954.02
8681,2895,290,3,4011.9
8682,2895,248,1,650.09
8683,2896,146,1,3118.21
8684,2896,109,2,3620.3
8685,2896,120,3,2851.4
8686,2896,178,5,3887.25
8687,2897,249,4,2181.68
8688,2897,83,1,2528.97
8689,2897,291,5,4185.06
8690,2897,112,5,3104.17
8691,2897,204,5,2001.69
8692,2898,188,4,529.99
8693,2898,65,5,2506.71
8694,2898,141,4,4203.08
8695,2898,246,5,4495.29
8696,2898,27,1,3098.82
8697,2899,82,5,2723.42
8698,2899,194,5,565.0
8699,2899,125,4,4338.79
8700,2899,68,2,4081.02
8701,2899,14,4,1438.25
8702,2900,109,5,2759.57
8703,2901,249,5,2409.61
8704,2902,270,3,3254.82
8705,2902,173,4,398.55
8706,2902,182,1,1221.47
8707,2903,57,4,2816.85
8708,2903,124,4,478.88
8709,2903,53,5,3784.81
8710,2903,111,1,2302.59
8711,2903,215,2,3994.57
8712,2904,264,3,4896.13
8713,2905,299,3,1081.7
8714,2906,2,1,2388.59
8715,2906,54,3,3320.67
8716,2906,225,2,2700.31
8717,2906,90,2,1547.34
8718,2906,13,2,1993.49
8719,2907,179,5,1606.02
8720,2907,13,2,2700.5
8721,2908,287,4,2088.55
8722,2909,209,3,1308.97
8723,2909,38,2,2994.82
8724,2909,138,3,3783.85
8725,2910,113,4,3014.41
8726,2910,244,2,1685.64
8727,2910,85,5,1486.33
8728,2910,254,5,3252.15
8729,2911,26,2,1499.56
8730,2912,67,4,398.12
8731,2912,20,4,3181.25
8732,2912,21,4,1440.18
8733,2913,134,5,3505.38
8734,2913,104,1,805.37
8735,2913,236,4,2387.1
8736,2913,215,3,1446.04
8737,2913,143,3,4543.59
8738,2914,256,5,1095.29
8739,2914,27,5,3578.13
8740,2915,209,1,433.79
8741,2915,212,1,4517.6
8742,2915,75,2,266.41
8743,2916,279,5,741.71
8744,2916,178,1,298.52
8745,2916,195,1,4601.75
8746,2916,159,1,4970.6
8747,2917,116,2,206.44
8748,2917,49,4,3142.52
8749,2917,3,2,4667.39
8750,2918,207,4,1599.8
8751,2918,80,1,660.5
8752,2918,127,1,956.06
8753,2918,182,5,2906.36
8754,2918,180,5,2742.3
8755,2919,235,3,442.38
8756,2919,183,3,4002.85
8757,2919,284,1,2601.8
8758,2919,145,1,4460.29
8759,2919,74,1,2433.23
8760,2920,82,4,1240.43
8761,2920,75,5,2747.89
8762,2920,25,2,4237.74
8763,2921,254,2,1373.03
8764,2921,276,4,1902.87
8765,2921,140,5,4475.05
8766,2922,51,1,1781.08
8767,2922,97,3,3707.66
8768,2922,175,2,2874.55
8769,2923,279,2,1161.43
8770,2923,59,2,3111.88
8771,2923,112,5,1274.07
8772,2924,86,4,4921.91
8773,2924,164,2,674.27
8774,2924,280,4,562.84
8775,2925,250,2,4692.58
8776,2925,258,5,4146.74
8777,2925,129,5,3460.21
8778,2925,171,1,4198.29
8779,2925,5,5,4561.59
8780,2926,266,3,3042.4
8781,2926,137,1,3743.21
8782,2927,256,3,3485.7
8783,2927,196,2,1630.3
8784,2927,76,4,2379.33
8785,2927,102,2,240.94
8786,2928,239,3,3773.68
8787,2928,84,5,1175.44
8788,2928,237,2,3335.35
8789,2928,111,5,4459.13
8790,2929,14,3,2135.57
8791,2929,213,2,981.58
8792,2929,177,4,3760.09
8793,2930,158,5,3455.74
8794,2930,177,2,1911.19
8795,2930,144,1,1545.73
8796,2930,106,5,3195.08
8797,2930,239,1,317.5
8798,2931,110,2,1461.79
8799,2931,255,4,1003.66
8800,2932,99,1,2279.17
8801,2932,31,3,2107.56
8802,2932,176,3,2925.07
8803,2932,110,2,3031.71
8804,2932,238,5,3292.5
8805,2933,205,3,3308.65
8806,2933,53,2,2893.83
8807,2933,214,3,1925.49
8808,2934,38,3,4794.48
8809,2934,177,5,211.0
8810,2934,207,3,4089.55
8811,2934,287,3,374.33
8812,2934,237,3,352.78
8813,2935,253,4,3799.68
8814,2935,194,3,3071.9
8815,2935,248,5,2692.21
8816,2936,152,4,3616.81
8817,2936,65,5,1484.25
8818,2936,161,5,1583.47
8819,2937,133,4,673.16
8820,2937,40,4,364.91
8821,2937,282,2,3162.55
8822,2937,39,4,2005.14
8823,2937,28,3,3725.57
8824,2938,101,4,957.55
8825,2938,92,4,218.2
8826,2938,85,1,204.48
8827,2938,79,2,4309.4
8828,2938,58,4,2097.56
8829,2939,208,1,232.26
8830,2939,183,5,970.58
8831,2939,64,4,3944.25
8832,2940,171,2,1020.12
8833,2940,166,2,1160.24
8834,2940,230,5,1063.21
8835,2940,79,3,1396.96
8836,2940,116,1,1034.37
8837,2941,16,4,2031.3
8838,2941,279,4,2889.16
8839,2942,90,4,3813.84
8840,2943,72,1,2758.13
8841,2943,145,3,4397.39
8842,2943,53,3,1281.07
8843,2943,220,5,4939.42
8844,2944,106,2,696.52
8845,2944,186,2,889.13
8846,2944,293,5,2948.94
8847,2944,184,2,4248.97
8848,2944,231,3,4859.5
8849,2945,78,4,4312.34
8850,2945,188,3,2167.28
8851,2946,199,5,553.38
8852,2947,222,1,2291.85
8853,2948,245,2,2638.59
8854,2948,1,2,3061.72
8855,2948,152,4,2125.32
8856,2949,289,1,1936.84
8857,2949,85,5,955.76
8858,2949,65,3,2810.31
8859,2949,207,4,3573.58
8860,2949,296,1,1621.41
8861,2950,294,4,3550.92
8862,2950,40,1,2122.71
8863,2950,258,1,4210.63
8864,2950,77,5,2421.06
8865,2950,99,4,2262.11
8866,2951,99,5,3729.13
8867,2951,175,4,1985.01
8868,2951,243,2,2422.67
8869,2951,193,5,1289.2
8870,2951,212,2,3813.94
8871,2952,164,3,4854.4
8872,2952,166,1,2825.79
8873,2952,55,3,771.3
8874,2953,122,5,275.55
8875,2953,296,2,1592.2
8876,2953,160,4,971.22
8877,2954,271,4,3595.32
8878,2954,175,1,323.65
8879,2954,260,2,653.26
8880,2954,55,5,3150.86
8881,2955,239,4,2090.46
8882,2955,124,4,2501.69
8883,2955,119,1,2534.28
8884,2955,277,4,902.28
8885,2956,132,1,2364.69
8886,2956,67,1,494.98
8887,2956,36,4,2603.57
8888,2956,63,3,4427.67
8889,2956,256,2,2704.66
8890,2957,29,4,3745.32
8891,2958,284,4,1433.46
8892,2958,96,4,3902.89
8893,2958,148,5,605.94
8894,2958,263,1,479.78
8895,2959,14,2,1685.47
8896,2960,171,2,2073.82
8897,2960,253,2,4332.74
8898,2961,110,2,2126.17
8899,2961,3,3,3864.07
8900,2961,87,2,2599.08
8901,2961,102,5,1883.67
8902,2962,98,3,4680.95
8903,2962,42,5,1381.62
8904,2962,199,3,2067.12
8905,2962,225,1,2847.92
8906,2963,75,1,3941.93
8907,2963,272,5,1764.76
8908,2963,204,1,2162.85
8909,2963,291,4,4164.82
8910,2964,20,1,928.57
8911,2964,296,2,3908.09
8912,2964,271,4,4353.94
8913,2965,40,5,1620.19
8914,2966,165,2,2840.09
8915,2966,291,3,3284.43
8916,2966,296,3,471.64
8917,2966,272,3,4192.98
8918,2967,229,2,1958.18
8919,2967,8,2,4502.27
8920,2967,122,4,1473.49
8921,2967,265,5,1572.33
8922,2968,262,5,4682.12
8923,2968,164,2,3778.78
8924,2969,300,4,3831.27
8925,2969,198,3,1441.67
8926,2969,137,5,2421.39
8927,2970,233,1,1691.81
8928,2971,174,4,3531.35
8929,2971,279,2,388.38
8930,2971,198,5,4830.21
8931,2971,182,2,2638.41
8932,2972,161,1,373.65
8933,2972,167,5,373.77
8934,2972,126,2,4881.61
8935,2973,296,2,1868.35
8936,2973,36,5,3587.26
8937,2973,254,4,632.1
8938,2973,185,3,1446.44
8939,2973,131,2,2672.61
8940,2974,34,3,4745.27
8941,2974,177,5,4621.65
8942,2974,269,5,1811.49
8943,2975,187,1,1798.74
8944,2975,14,5,864.32
8945,2975,118,1,3279.83
8946,2975,12,3,2247.37
8947,2975,96,3,1489.34
8948,2976,44,3,1014.2
8949,2976,202,5,3842.2
8950,2976,25,4,4104.55
8951,2976,194,4,3274.98
8952,2976,46,2,110.8
8953,2977,160,1,2252.56
8954,2977,205,4,2001.24
8955,2977,107,4,4931.36
8956,2977,257,3,4736.75
8957,2978,152,5,2461.97
8958,2978,277,5,4784.0
8959,2978,65,2,3019.64
8960,2979,209,3,3177.35
8961,2980,212,5,2131.67
8962,2980,271,4,3166.11
8963,2980,241,2,3367.34
8964,2981,8,3,1641.96
8965,2981,175,4,1881.48
8966,2981,125,2,2125.67
8967,2981,273,3,3420.39
8968,2981,237,4,2406.86
8969,2982,148,3,2539.11
8970,2982,2,4,102.86
8971,2982,110,4,3347.83
8972,2982,137,4,3056.26
8973,2982,191,3,418.43
8974,2983,103,5,3265.27
8975,2983,232,5,2466.11
8976,2983,62,4,1116.88
8977,2983,239,2,744.16
8978,2984,34,3,1304.38
8979,2984,223,1,1776.93
8980,2984,144,2,1855.47
8981,2985,141,3,4603.17
8982,2985,145,2,825.86
8983,2985,90,2,1551.36
8984,2985,225,1,4468.34
8985,2985,22,3,1441.38
8986,2986,22,2,3256.01
8987,2986,70,4,159.82
8988,2986,252,2,4869.19
8989,2986,215,3,1929.12
8990,2986,147,5,2036.21
8991,2987,183,4,1394.16
8992,2987,191,2,4974.15
8993,2987,149,2,3796.56
8994,2987,9,5,1418.74
8995,2987,141,3,4942.04
8996,2988,56,3,3934.59
8997,2988,175,2,961.15
8998,2989,126,5,4782.75
8999,2989,55,3,4738.76
9000,2989,61,1,4891.58
9001,2989,222,5,3171.12
9002,2990,42,1,723.51
9003,2990,288,3,2123.39
9004,2991,253,5,4101.88
9005,2992,271,5,4994.82
9006,2993,215,3,3549.08
9007,2993,263,4,490.68
9008,2993,89,3,1370.05
9009,2993,242,5,4841.87
9010,2994,28,1,473.46
9011,2994,68,4,3025.79
9012,2994,173,5,1035.47
9013,2995,120,4,1285.54
9014,2995,2,2,341.06
9015,2995,5,2,4197.26
9016,2996,162,1,1814.72
9017,2997,29,4,1819.0
9018,2997,8,2,3098.56
9019,2997,242,4,2335.93
9020,2997,3,1,3157.57
9021,2997,283,4,1474.39
9022,2998,135,1,4109.29
9023,2998,213,1,3810.12
9024,2998,137,1,4804.15
9025,2999,39,4,562.29
9026,2999,145,1,3927.76
9027,2999,118,5,3987.63
9028,3000,103,2,1526.87
9029,3000,44,2,3546.54
9030,3000,206,3,2598.75
9031,3000,260,1,4663.43
9032,3000,139,5,2477.03
9033,3001,118,1,4974.68
9034,3002,74,2,2742.0
9035,3003,216,4,1774.06
9036,3003,92,1,3787.24
9037,3003,172,1,4460.04
9038,3003,268,2,3796.39
9039,3004,173,4,513.73
9040,3005,160,1,1415.86
9041,3005,180,5,4551.45
9042,3005,20,1,2586.28
9043,3005,156,3,4008.08
9044,3005,143,3,4432.53
9045,3006,212,1,2597.15
9046,3006,223,4,3276.73
9047,3006,111,4,356.63
9048,3006,113,1,3593.35
9049,3006,278,1,757.57
9050,3007,119,2,4586.94
9051,3007,50,1,4437.68
9052,3007,148,3,1407.82
9053,3007,193,5,2090.22
9054,3007,38,2,3952.64
9055,3008,88,4,2397.06
9056,3009,245,3,3356.35
9057,3009,19,2,2591.2
9058,3010,40,5,3836.35
9059,3011,37,1,2314.53
9060,3011,89,3,2456.39
9061,3012,59,3,1663.17
9062,3012,147,5,115.94
9063,3012,280,2,323.01
9064,3012,65,5,2408.78
9065,3013,1,2,941.02
9066,3014,215,3,4408.4
9067,3015,141,4,2052.25
9068,3015,298,3,2846.64
9069,3016,170,4,1147.38
9070,3016,18,1,4786.14
9071,3016,259,2,450.38
9072,3016,49,2,1549.95
9073,3016,211,4,4109.5
9074,3017,114,2,3196.58
9075,3017,235,1,4241.46
9076,3017,161,2,4727.25
9077,3017,281,4,2904.8
9078,3017,244,1,229.23
9079,3018,51,2,949.61
9080,3018,93,5,1144.72
9081,3018,29,1,4375.3
9082,3018,63,2,422.19
9083,3019,211,4,4735.34
9084,3019,185,2,397.36
9085,3019,192,5,2191.73
9086,3019,61,3,710.44
9087,3020,283,1,1553.3
9088,3020,223,3,1247.94
9089,3021,288,4,3962.98
9090,3021,208,3,3626.35
9091,3021,233,5,3477.43
9092,3021,65,4,2623.28
9093,3022,215,2,272.58
9094,3022,170,3,225.67
9095,3023,9,4,552.06
9096,3023,248,1,2700.72
9097,3023,23,4,268.36
9098,3024,139,3,4927.16
9099,3024,295,1,789.87
9100,3025,274,2,3526.75
9101,3025,169,3,1957.96
9102,3025,212,2,4613.55
9103,3025,22,3,1841.18
9104,3026,69,3,1086.31
9105,3026,52,3,1743.23
9106,3027,150,4,2047.6
9107,3027,281,1,671.47
9108,3027,186,2,688.96
9109,3028,225,1,3081.57
9110,3028,197,5,1102.09
9111,3028,179,1,1461.22
9112,3028,93,1,3353.08
9113,3029,91,5,4136.81
9114,3029,198,3,4760.89
9115,3029,255,5,3946.7
9116,3029,264,1,329.42
9117,3030,16,4,3743.94
9118,3030,205,5,3602.48
9119,3030,172,5,1576.32
9120,3030,137,2,1644.21
9121,3031,181,4,1310.61
9122,3031,225,5,4439.88
9123,3031,208,2,1282.04
9124,3032,135,3,3354.14
9125,3032,42,2,1939.35
9126,3032,59,1,1891.62
9127,3032,160,2,3100.31
9128,3032,238,3,996.42
9129,3033,106,1,244.3
9130,3033,62,5,2866.79
9131,3034,98,5,2806.07
9132,3034,194,4,427.72
9133,3034,270,5,1952.62
9134,3034,12,5,1893.77
9135,3034,46,4,3400.43
9136,3035,163,5,3168.03
9137,3035,98,3,3735.02
9138,3036,282,1,1421.11
9139,3036,105,1,4989.39
9140,3036,154,3,787.44
9141,3037,257,2,3738.95
9142,3038,299,5,3834.27
9143,3039,261,4,3334.18
9144,3039,160,5,1511.14
9145,3040,216,2,1272.68
9146,3040,95,2,3261.94
9147,3040,198,3,3598.95
9148,3040,247,2,2055.74
9149,3041,186,4,343.39
9150,3041,75,5,1309.26
9151,3041,144,5,1909.89
9152,3041,249,5,4258.81
9153,3042,259,1,527.94
9154,3042,92,3,1787.75
9155,3042,247,1,4283.85
9156,3042,107,3,1263.01
9157,3043,216,5,816.46
9158,3044,169,3,1311.73
9159,3045,246,3,4863.53
9160,3045,156,5,3146.92
9161,3046,247,3,4047.22
9162,3046,222,5,1585.79
9163,3046,164,4,4412.47
9164,3047,12,5,497.49
9165,3047,79,5,2796.71
9166,3047,282,3,2199.11
9167,3048,193,3,460.41
9168,3048,254,5,2329.69
9169,3048,42,3,2489.9
9170,3048,37,4,989.25
9171,3048,235,1,593.02
9172,3049,284,5,4104.19
9173,3050,38,5,3272.56
9174,3050,267,1,1475.0
9175,3050,162,1,1535.72
9176,3051,300,3,773.05
9177,3052,162,1,1113.25
9178,3052,5,3,3522.26
9179,3052,115,5,275.91
9180,3052,229,4,1921.29
9181,3052,167,3,3365.0
9182,3053,131,1,2023.72
9183,3053,87,4,503.95
9184,3053,18,5,578.38
9185,3053,240,5,2672.21
9186,3053,35,4,4408.18
9187,3054,217,4,4505.32
9188,3055,266,3,4060.89
9189,3055,170,2,1541.89
9190,3056,39,4,1774.98
9191,3056,269,1,1690.41
9192,3057,6,3,4633.14
9193,3057,207,4,1728.31
9194,3058,200,2,3812.84
9195,3058,155,3,3897.22
9196,3058,196,1,253.6
9197,3059,24,3,279.81
9198,3059,252,5,2408.18
9199,3059,223,1,4631.88
9200,3059,225,4,489.54
9201,3059,18,3,3018.59
9202,3060,55,3,3174.19
9203,3060,15,3,2121.9
9204,3061,59,5,2731.74
9205,3062,19,2,4523.09
9206,3062,300,4,3201.23
9207,3062,108,2,4586.6
9208,3062,249,5,709.71
9209,3062,103,5,263.89
9210,3063,197,3,3543.68
9211,3064,140,2,3415.35
9212,3064,105,2,1228.16
9213,3064,97,5,4082.3
9214,3065,133,4,3002.55
9215,3065,10,5,1389.66
9216,3065,274,2,3168.66
9217,3066,75,3,1272.35
9218,3067,8,5,4011.87
9219,3067,33,5,4326.61
9220,3067,179,4,2868.97
9221,3068,285,1,2124.91
9222,3068,92,4,1649.57
9223,3068,7,5,1426.89
9224,3068,222,4,423.27
9225,3069,143,5,2429.5
9226,3069,139,1,2101.13
9227,3069,157,4,4877.52
9228,3069,196,4,2358.98
9229,3069,252,3,1647.69
9230,3070,236,1,4050.95
9231,3070,115,2,641.25
9232,3071,235,3,160.09
9233,3071,265,1,4976.19
9234,3071,50,5,3342.26
9235,3071,155,2,3853.09
9236,3072,287,5,1913.56
9237,3072,147,1,2330.55
9238,3072,65,3,142.25
9239,3073,121,1,4218.76
9240,3073,22,4,2705.9
9241,3073,39,2,263.37
9242,3073,159,2,4904.33
9243,3074,113,5,3697.59
9244,3074,112,2,3805.32
9245,3074,259,5,499.27
9246,3074,25,4,4938.17
9247,3074,297,2,2013.53
9248,3075,103,1,3212.2
9249,3076,254,1,4105.71
9250,3076,20,5,4433.56
9251,3076,161,2,4228.79
9252,3076,51,5,342.53
9253,3077,146,4,896.54
9254,3077,109,4,1022.48
9255,3077,230,1,3156.08
9256,3078,102,3,1434.65
9257,3078,215,4,4390.18
9258,3079,199,5,3822.11
9259,3079,202,1,4564.56
9260,3079,120,2,646.89
9261,3079,167,3,292.93
9262,3080,213,5,226.65
9263,3080,242,4,3433.79
9264,3080,229,3,629.07
9265,3081,279,4,4504.71
9266,3081,31,5,4307.46
9267,3082,240,2,1668.04
9268,3082,30,3,2747.58
9269,3082,3,1,4230.2
9270,3082,277,3,1253.15
9271,3082,293,4,2956.09
9272,3083,7,4,1026.74
9273,3083,267,2,940.79
9274,3083,288,4,3702.08
9275,3083,78,2,4085.62
9276,3084,63,1,2936.8
9277,3084,237,2,3689.95
9278,3085,83,1,1952.7
9279,3086,287,3,488.88
9280,3086,253,2,1888.02
9281,3086,66,3,4177.47
9282,3086,230,1,675.23
9283,3087,149,3,1786.48
9284,3087,184,2,526.25
9285,3087,47,4,2043.99
9286,3087,61,3,4257.25
9287,3088,90,5,152.16
9288,3089,233,3,177.72
9289,3089,100,5,638.79
9290,3089,172,3,191.3
9291,3089,190,4,2081.46
9292,3089,270,2,2624.71
9293,3090,218,1,793.71
9294,3090,46,2,2159.07
9295,3090,44,4,4295.85
9296,3090,123,2,1406.36
9297,3091,64,2,1768.01
9298,3091,59,1,2445.76
9299,3091,170,3,1674.74
9300,3091,81,3,2055.15
9301,3092,274,2,4010.81
9302,3093,97,3,4470.15
9303,3094,264,1,2040.2
9304,3094,173,5,4594.68
9305,3094,198,5,4473.27
9306,3095,109,4,4694.99
9307,3095,60,4,1908.69
9308,3095,122,5,2065.78
9309,3095,172,3,753.76
9310,3095,78,2,1038.49
9311,3096,66,4,4477.52
9312,3097,270,4,2249.55
9313,3097,210,3,4005.01
9314,3098,22,4,1486.45
9315,3099,242,5,2347.31
9316,3099,204,1,1650.69
9317,3099,61,5,1225.77
9318,3100,72,2,4785.48
9319,3100,111,4,411.68
9320,3100,43,4,4906.67
9321,3100,136,2,3880.53
9322,3101,151,5,3576.73
9323,3101,183,3,667.76
9324,3102,106,1,818.58
9325,3102,152,1,2010.89
9326,3102,222,2,1202.96
9327,3102,34,5,393.15
9328,3103,156,5,3910.25
9329,3103,23,1,4099.74
9330,3104,208,2,1853.22
9331,3104,284,2,1588.85
9332,3104,170,4,3972.45
9333,3105,256,5,2241.87
9334,3105,17,4,4805.4
9335,3105,62,3,4644.8
9336,3106,255,2,1198.29
9337,3106,81,5,2968.29
9338,3106,153,4,914.69
9339,3106,43,5,3102.0
9340,3107,166,4,4396.24
9341,3107,25,5,1558.74
9342,3107,214,2,797.06
9343,3107,192,5,417.46
9344,3107,154,5,3034.98
9345,3108,284,3,4196.42
9346,3108,145,3,4181.25
9347,3108,147,3,2723.38
9348,3108,101,4,1964.04
9349,3109,277,2,1612.49
9350,3109,208,4,3143.29
9351,3109,185,5,4127.22
9352,3109,130,5,4722.61
9353,3109,201,3,2171.87
9354,3110,250,1,4356.49
9355,3110,202,5,3900.36
9356,3111,186,3,1965.33
9357,3111,274,1,3640.81
9358,3111,169,3,237.86
9359,3111,178,3,3371.05
9360,3111,269,5,3949.77
9361,3112,155,2,2015.69
9362,3112,237,3,3484.38
9363,3113,79,1,4648.57
9364,3113,237,2,2673.06
9365,3113,52,3,4341.13
9366,3113,207,1,1592.48
9367,3113,90,2,828.6
9368,3114,284,2,3959.18
9369,3114,84,3,4991.33
9370,3115,136,3,868.01
9371,3115,181,5,3092.23
9372,3115,194,2,1640.37
9373,3115,225,5,829.25
9374,3116,274,1,1451.97
9375,3116,280,4,1897.31
9376,3116,285,3,179.33
9377,3116,292,3,2779.81
9378,3117,82,2,820.0
9379,3117,29,3,3995.55
9380,3118,189,5,3910.75
9381,3118,60,2,571.72
9382,3118,64,3,2618.92
9383,3118,297,4,4101.25
9384,3118,40,4,4594.91
9385,3119,97,3,4039.45
9386,3120,287,3,3330.54
9387,3120,34,1,3253.93
9388,3120,297,5,2531.27
9389,3121,36,1,3243.81
9390,3121,88,1,4741.5
9391,3122,75,2,1438.27
9392,3123,57,1,1664.83
9393,3123,258,1,4553.78
9394,3124,275,1,1890.93
9395,3124,109,2,4334.36
9396,3124,41,3,4671.31
9397,3125,221,1,3810.74
9398,3125,169,4,2459.85
9399,3125,181,3,4051.69
9400,3125,298,2,762.27
9401,3125,215,3,2901.38
9402,3126,217,2,2837.49
9403,3127,146,2,3885.24
9404,3128,193,3,2535.09
9405,3128,244,4,4509.53
9406,3128,161,3,3605.28
9407,3129,299,5,4771.15
9408,3129,72,1,4282.63
9409,3129,244,4,672.8
9410,3130,208,5,2873.93
9411,3130,20,3,4683.82
9412,3130,150,4,2135.57
9413,3130,119,5,4922.72
9414,3130,261,4,4057.38
9415,3131,249,5,2852.69
9416,3131,107,1,3013.01
9417,3131,268,4,255.67
9418,3131,42,5,3834.69
9419,3131,291,5,4693.34
9420,3132,236,1,1297.8
9421,3132,199,5,3035.38
9422,3132,140,1,4601.91
9423,3132,24,3,3501.72
9424,3133,274,5,1220.23
9425,3133,96,1,1721.7
9426,3133,46,5,882.06
9427,3134,249,1,3493.91
9428,3134,187,5,1099.05
9429,3134,14,4,3140.21
9430,3135,56,3,3161.99
9431,3135,113,4,3906.27
9432,3135,25,5,1127.49
9433,3136,230,2,4992.18
9434,3136,213,5,471.01
9435,3136,36,3,3886.27
9436,3137,124,4,1657.34
9437,3137,297,3,1078.69
9438,3137,274,4,3234.2
9439,3137,217,1,162.86
9440,3137,198,3,456.04
9441,3138,16,4,4130.02
9442,3139,174,2,3854.96
9443,3139,85,2,3345.35
9444,3139,96,3,228.56
9445,3140,248,4,1752.31
9446,3140,4,3,3198.47
9447,3140,263,5,3841.75
9448,3140,115,1,4707.01
9449,3140,142,5,2810.15
9450,3141,131,4,2118.78
9451,3141,82,4,1364.49
9452,3141,273,1,1126.24
9453,3142,230,2,2546.91
9454,3142,212,3,788.98
9455,3143,150,4,924.88
9456,3143,222,5,1582.89
9457,3143,295,1,2192.01
9458,3143,274,2,221.46
9459,3143,72,1,3406.08
9460,3144,83,4,2814.46
9461,3145,241,5,917.94
9462,3146,178,3,1164.1
9463,3146,170,3,4622.96
9464,3146,211,5,421.54
9465,3146,47,5,2512.57
9466,3146,289,3,4502.22
9467,3147,6,1,2163.47
9468,3147,229,3,4391.93
9469,3148,140,5,4630.95
9470,3149,229,3,802.22
9471,3149,165,3,4565.68
9472,3149,110,2,2060.93
9473,3149,154,4,2599.85
9474,3150,34,2,3664.24
9475,3150,175,5,412.3
9476,3150,91,1,4513.03
9477,3150,171,4,380.29
9478,3151,201,1,2864.42
9479,3151,96,3,3399.55
9480,3151,154,2,477.4
9481,3151,298,1,2117.25
9482,3151,222,1,541.12
9483,3152,19,2,4548.71
9484,3152,203,4,4508.97
9485,3153,5,4,2207.44
9486,3153,197,2,694.91
9487,3153,263,5,2282.19
9488,3153,159,2,1744.24
9489,3153,34,3,1082.84
9490,3154,237,4,4538.14
9491,3154,274,2,3957.34
9492,3154,186,1,2769.79
9493,3155,216,3,4544.82
9494,3155,68,1,2974.71
9495,3156,127,4,2779.14
9496,3157,54,4,1761.94
9497,3157,266,4,3995.7
9498,3157,272,5,3866.51
9499,3157,288,5,1509.35
9500,3158,123,2,3162.37
9501,3158,39,5,226.15
9502,3159,42,5,4601.58
9503,3159,157,5,418.06
9504,3159,248,1,4396.8
9505,3160,51,2,404.23
9506,3160,209,2,2273.92
9507,3160,71,1,2069.22
9508,3160,20,2,4863.36
9509,3161,91,3,4737.13
9510,3161,102,1,407.88
9511,3161,53,4,1966.3
9512,3161,235,4,3648.06
9513,3162,267,2,2391.08
9514,3162,260,4,2178.07
9515,3162,212,4,3733.85
9516,3163,179,2,4213.69
9517,3163,59,3,1202.32
9518,3163,155,4,3262.83
9519,3163,30,1,533.3
9520,3163,241,2,563.68
9521,3164,299,4,223.44
9522,3164,120,1,2779.07
9523,3164,146,3,1100.9
9524,3164,149,2,1610.45
9525,3164,96,2,4514.14
9526,3165,116,2,1874.42
9527,3165,44,3,2527.56
9528,3165,293,4,1559.19
9529,3166,136,4,3818.82
9530,3166,157,3,4681.72
9531,3166,58,1,3440.42
9532,3166,214,4,905.35
9533,3167,287,1,739.44
9534,3167,214,4,798.72
9535,3167,14,2,3166.37
9536,3168,96,3,1340.68
9537,3168,56,5,210.6
9538,3168,100,4,4190.28
9539,3169,253,5,2036.73
9540,3169,221,4,1602.64
9541,3170,271,2,2701.69
9542,3170,76,5,2464.71
9543,3170,189,2,4959.74
9544,3170,71,3,2958.41
9545,3171,108,1,2742.73
9546,3171,297,3,2422.95
9547,3171,236,3,2341.72
9548,3171,2,2,862.22
9549,3171,217,5,4297.73
9550,3172,66,2,1030.18
9551,3172,58,5,473.57
9552,3172,253,1,3541.94
9553,3172,7,4,2979.99
9554,3173,213,5,4955.85
9555,3173,33,3,265.51
9556,3174,163,4,4545.43
9557,3175,6,4,457.43
9558,3175,87,2,1771.73
9559,3175,273,5,3730.69
9560,3176,88,5,1413.81
9561,3177,190,5,2481.07
9562,3177,33,3,213.37
9563,3177,132,3,2698.2
9564,3177,6,1,3997.48
9565,3178,146,3,3321.11
9566,3178,76,2,608.63
9567,3178,226,5,4819.4
9568,3179,205,4,4759.96
9569,3180,207,1,1179.69
9570,3181,262,4,4733.52
9571,3181,183,4,4182.11
9572,3181,299,3,4851.29
9573,3182,210,5,3875.82
9574,3182,8,4,730.4
9575,3183,128,4,811.27
9576,3183,296,1,349.92
9577,3183,210,5,2767.85
9578,3183,266,1,4935.91
9579,3184,52,5,266.81
9580,3184,84,1,3616.43
9581,3184,254,3,612.65
9582,3185,190,2,3691.86
9583,3185,202,3,860.1
9584,3185,299,3,3096.1
9585,3185,271,5,2232.5
9586,3186,154,2,2058.58
9587,3187,21,5,362.25
9588,3187,169,2,2548.34
9589,3187,179,4,4189.67
9590,3188,223,1,2697.25
9591,3188,126,1,4933.42
9592,3188,47,5,2802.93
9593,3188,43,2,2126.77
9594,3189,144,2,2502.16
9595,3189,17,5,923.37
9596,3189,280,4,1917.03
9597,3189,34,5,1600.32
9598,3189,220,4,2655.1
9599,3190,122,3,1979.52
9600,3190,297,1,1094.68
9601,3191,225,1,1485.15
9602,3192,138,2,1879.41
9603,3193,184,1,4648.17
9604,3194,51,4,3855.79
9605,3194,265,3,1104.9
9606,3194,169,2,797.16
9607,3194,29,1,635.46
9608,3194,254,4,2970.48
9609,3195,117,4,1562.95
9610,3196,100,3,2360.27
9611,3196,80,2,3110.69
9612,3197,223,1,4353.88
9613,3197,30,4,3279.45
9614,3197,81,4,2472.74
9615,3198,178,3,3433.54
9616,3198,34,2,2181.89
9617,3198,250,5,4769.31
9618,3198,179,2,4229.1
9619,3198,11,1,2047.25
9620,3199,291,5,1922.63
9621,3199,269,3,3313.85
9622,3199,159,1,3372.7
9623,3200,186,3,1993.27
9624,3200,26,5,582.21
9625,3201,222,4,1171.87
9626,3202,256,4,3049.23
9627,3202,119,4,1733.91
9628,3202,297,3,790.31
9629,3202,244,4,1968.28
9630,3203,181,5,3992.55
9631,3203,294,5,998.52
9632,3204,257,4,1460.19
9633,3204,234,4,4477.85
9634,3205,166,4,1204.04
9635,3206,112,4,1576.59
9636,3206,93,3,2641.54
9637,3206,243,4,3210.13
9638,3207,225,2,2037.12
9639,3207,278,2,1504.08
9640,3207,247,4,3350.83
9641,3207,148,3,1994.69
9642,3208,247,5,3376.7
9643,3208,81,2,2504.21
9644,3209,214,2,2720.13
9645,3210,1,3,2609.75
9646,3210,162,4,2665.76
9647,3210,59,2,4059.57
9648,3210,230,3,2214.12
9649,3211,256,5,1565.7
9650,3211,178,3,3070.91
9651,3212,89,4,1932.39
9652,3213,248,4,251.44
9653,3213,252,3,3627.81
9654,3213,123,1,2231.9
9655,3213,166,1,4820.34
9656,3213,246,4,2202.64
9657,3214,80,3,4365.04
9658,3214,34,5,316.41
9659,3214,207,1,3350.31
9660,3214,104,5,1891.49
9661,3214,190,2,4369.48
9662,3215,98,1,4034.93
9663,3215,238,4,4276.12
9664,3216,229,5,1445.16
9665,3216,260,2,1818.0
9666,3216,201,5,2871.53
9667,3216,190,3,4090.85
9668,3216,111,1,2698.07
9669,3217,260,4,129.89
9670,3217,32,2,1716.37
9671,3217,270,5,3452.54
9672,3218,31,5,4455.37
9673,3218,126,5,385.09
9674,3218,116,3,2074.43
9675,3218,235,2,793.01
9676,3218,158,3,2806.4
9677,3219,27,1,3510.4
9678,3219,150,4,1512.48
9679,3219,275,3,4392.15
9680,3219,279,2,1220.88
9681,3219,76,2,2795.36
9682,3220,279,1,2671.6
9683,3221,260,2,2409.47
9684,3221,300,4,3578.38
9685,3221,63,2,713.73
9686,3221,249,5,1948.11
9687,3221,53,3,3572.17
9688,3222,297,3,2482.06
9689,3222,76,3,3622.72
9690,3222,231,5,1528.58
9691,3222,296,1,3320.08
9692,3223,199,5,4929.05
9693,3223,47,2,2296.42
9694,3223,246,4,289.9
9695,3223,123,2,1673.41
9696,3223,85,1,2539.41
9697,3224,59,2,492.34
9698,3224,33,4,2658.81
9699,3224,238,4,3896.74
9700,3224,102,5,432.07
9701,3224,248,1,2115.24
9702,3225,209,3,4787.41
9703,3225,141,5,1279.31
9704,3226,54,4,856.84
9705,3226,273,5,392.96
9706,3227,130,5,1630.22
9707,3227,21,1,101.11
9708,3227,206,1,3056.26
9709,3228,84,5,1771.59
9710,3228,284,2,4729.75
9711,3228,286,2,962.11
9712,3229,118,1,4097.35
9713,3229,41,4,1645.24
9714,3229,182,5,3712.07
9715,3229,136,3,2202.37
9716,3229,259,2,339.77
9717,3230,144,1,1741.88
9718,3231,71,1,389.07
9719,3231,119,2,1372.92
9720,3232,62,4,1568.15
9721,3233,88,4,4201.41
9722,3234,209,2,4315.07
9723,3235,238,2,256.81
9724,3235,189,1,4525.15
9725,3235,271,3,173.05
9726,3236,278,3,711.0
9727,3236,6,5,1315.67
9728,3236,68,4,1673.67
9729,3237,138,4,958.35
9730,3237,21,5,2127.89
9731,3237,260,4,358.61
9732,3237,106,5,4163.02
9733,3238,26,3,1054.44
9734,3238,130,4,4087.71
9735,3239,274,1,4192.89
9736,3239,259,5,4167.26
9737,3240,101,1,579.17
9738,3240,14,5,461.68
9739,3241,20,1,2756.62
9740,3242,11,1,1928.6
9741,3243,261,4,4704.69
9742,3244,138,3,4250.79
9743,3244,217,1,4992.24
9744,3245,268,3,4051.97
9745,3245,282,5,1328.23
9746,3245,158,4,1295.76
9747,3245,137,4,872.04
9748,3246,192,3,2855.82
9749,3246,171,5,2002.62
9750,3247,3,3,3301.19
9751,3247,244,1,2956.56
9752,3247,233,5,4916.49
9753,3248,242,5,815.24
9754,3248,33,5,2615.79
9755,3248,95,1,2998.6
9756,3249,114,4,361.61
9757,3249,217,3,883.68
9758,3249,155,5,4926.64
9759,3249,133,1,2039.67
9760,3250,92,3,3942.42
9761,3251,98,5,3113.8
9762,3251,212,5,4356.93
9763,3251,295,4,2869.95
9764,3252,100,2,3469.16
9765,3252,170,5,3318.75
9766,3252,188,1,4030.58
9767,3252,281,1,2379.31
9768,3252,104,1,1310.56
9769,3253,154,1,4447.64
9770,3253,33,3,3607.51
9771,3253,208,1,2664.45
9772,3254,58,2,113.0
9773,3254,295,1,2068.05
9774,3254,48,3,3994.28
9775,3254,188,1,4880.55
9776,3255,98,3,3359.43
9777,3255,108,3,353.91
9778,3256,82,4,659.96
9779,3256,212,2,4497.46
9780,3256,175,3,3078.33
9781,3257,6,1,1187.36
9782,3257,234,2,3607.77
9783,3257,105,4,784.02
9784,3257,9,2,4528.99
9785,3257,230,1,4667.18
9786,3258,50,5,3542.14
9787,3258,162,5,973.04
9788,3258,167,4,3801.39
9789,3258,233,5,1906.14
9790,3259,46,2,567.19
9791,3259,192,4,4715.17
9792,3260,126,5,427.75
9793,3260,122,2,2389.98
9794,3260,82,4,4178.02
9795,3260,188,3,2074.85
9796,3261,262,1,686.22
9797,3262,160,3,3734.0
9798,3263,208,5,3449.9
9799,3263,148,3,4744.07
9800,3263,18,4,453.81
9801,3264,136,3,4997.91
9802,3264,144,4,1314.68
9803,3264,116,4,1478.14
9804,3265,274,4,1918.81
9805,3265,188,1,2757.89
9806,3265,96,3,2128.48
9807,3265,3,5,1153.19
9808,3265,149,4,2171.25
9809,3266,162,5,204.37
9810,3267,58,4,3275.9
9811,3268,20,4,3018.04
9812,3268,237,4,4946.07
9813,3268,175,4,317.86
9814,3268,229,4,2676.79
9815,3269,207,2,2827.53
9816,3269,179,5,964.56
9817,3269,114,3,713.18
9818,3269,112,1,3680.15
9819,3269,231,4,4977.68
9820,3270,182,3,2265.52
9821,3270,283,5,3375.0
9822,3271,251,5,1182.85
9823,3271,28,2,2583.85
9824,3271,157,3,2726.74
9825,3271,149,4,4871.75
9826,3272,119,5,3017.29
9827,3272,166,2,601.39
9828,3273,291,1,1257.34
9829,3274,227,2,2547.28
9830,3274,64,4,2062.88
9831,3274,134,1,131.2
9832,3274,93,1,3722.13
9833,3274,109,5,415.78
9834,3275,222,4,2628.85
9835,3275,300,1,3781.58
9836,3275,231,3,2027.14
9837,3276,268,1,4574.12
9838,3276,207,3,3908.63
9839,3277,270,5,3424.89
9840,3277,284,4,512.32
9841,3278,142,5,4475.23
9842,3279,133,3,1180.71
9843,3279,192,1,2319.59
9844,3279,229,5,606.86
9845,3279,23,5,2348.32
9846,3280,77,5,2248.46
9847,3280,149,2,4737.2
9848,3281,184,4,1691.73
9849,3281,174,3,4054.87
9850,3282,133,3,4429.47
9851,3282,288,3,201.84
9852,3282,12,3,1722.24
9853,3282,273,4,2344.03
9854,3283,13,2,1534.56
9855,3284,13,5,4551.72
9856,3284,144,2,926.76
9857,3284,114,3,189.79
9858,3284,103,2,4418.33
9859,3285,207,4,1875.17
9860,3285,99,3,4838.6
9861,3286,23,2,385.48
9862,3286,48,3,2185.47
9863,3286,150,5,3741.91
9864,3287,206,5,4011.12
9865,3287,266,1,1959.31
9866,3288,290,3,2245.8
9867,3288,7,5,1846.81
9868,3288,98,3,2807.63
9869,3289,50,4,4603.06
9870,3289,184,1,689.19
9871,3289,262,5,4837.51
9872,3290,163,4,1002.79
9873,3290,279,2,3758.22
9874,3290,37,2,889.9
9875,3290,120,5,335.54
9876,3291,268,2,3269.71
9877,3291,128,5,3805.01
9878,3292,225,1,1709.93
9879,3292,75,5,1637.73
9880,3292,47,4,4454.67
9881,3292,288,2,1081.14
9882,3292,5,4,3114.86
9883,3293,197,4,2221.7
9884,3293,46,5,1915.91
9885,3293,228,3,2498.02
9886,3294,281,3,764.57
9887,3294,65,4,2680.77
9888,3294,159,5,3175.26
9889,3295,257,5,1805.34
9890,3295,300,1,4023.13
9891,3295,120,2,541.16
9892,3296,288,2,621.76
9893,3296,209,2,1922.05
9894,3296,140,3,1485.92
9895,3297,245,4,2820.47
9896,3298,186,2,1507.69
9897,3299,276,3,2537.54
9898,3299,107,1,1871.25
9899,3300,55,5,3682.12
9900,3300,249,2,2914.6
9901,3300,223,1,2031.71
9902,3301,251,1,3279.5
9903,3302,54,4,3899.96
9904,3303,204,5,1718.86
9905,3303,62,3,748.5
9906,3303,248,3,4493.86
9907,3303,189,2,369.5
9908,3303,97,3,477.11
9909,3304,184,1,1977.61
9910,3304,208,1,3386.41
9911,3304,227,1,684.64
9912,3305,93,2,4412.68
9913,3305,5,4,234.3
9914,3306,249,5,2432.7
9915,3306,251,3,2838.67
9916,3306,5,3,1230.27
9917,3306,227,5,3969.41
9918,3306,70,1,901.05
9919,3307,219,1,2193.67
9920,3308,93,3,4636.29
9921,3308,247,2,1706.22
9922,3308,102,2,1096.95
9923,3308,171,3,1452.04
9924,3308,251,1,1994.33
9925,3309,108,5,4852.31
9926,3310,97,2,3877.72
9927,3310,239,2,489.4
9928,3310,260,3,1415.18
9929,3310,209,2,2645.02
9930,3311,168,2,2432.45
9931,3311,120,5,2034.92
9932,3311,52,3,691.45
9933,3311,200,3,1843.53
9934,3312,162,2,757.78
9935,3312,236,2,3877.09
9936,3312,91,3,4798.7
9937,3312,262,4,947.1
9938,3313,100,5,1785.73
9939,3313,71,2,355.52
9940,3313,285,2,4384.32
9941,3313,168,3,4232.9
9942,3313,273,4,2403.54
9943,3314,22,2,1346.42
9944,3314,283,4,844.25
9945,3315,248,3,3945.27
9946,3315,216,5,4307.62
9947,3315,179,5,4474.91
9948,3316,284,3,4356.73
9949,3316,235,2,4279.76
9950,3316,74,5,3459.34
9951,3316,103,5,3618.6
9952,3317,265,3,1442.05
9953,3317,238,4,658.57
9954,3317,282,4,3026.69
9955,3317,112,3,4918.48
9956,3318,54,1,4332.38
9957,3319,151,2,1037.67
9958,3319,299,2,3171.96
9959,3319,267,1,4265.61
9960,3319,295,5,2244.52
9961,3319,163,1,1332.72
9962,3320,19,3,3780.82
9963,3321,44,5,3503.53
9964,3321,29,4,1597.16
9965,3321,258,4,1567.6
9966,3321,73,5,1801.06
9967,3321,96,5,118.43
9968,3322,229,3,4930.04
9969,3322,16,1,1117.2
9970,3322,41,5,663.54
9971,3322,123,1,3696.62
9972,3323,114,3,4965.91
9973,3324,190,1,2074.86
9974,3324,154,2,4841.26
9975,3325,128,5,2732.0
9976,3325,272,1,985.07
9977,3325,213,4,1588.08
9978,3326,12,4,2824.27
9979,3326,50,4,114.18
9980,3326,270,3,3753.56
9981,3326,120,1,2241.11
9982,3326,189,5,3747.52
9983,3327,250,2,1477.32
9984,3327,157,5,1400.24
9985,3327,138,2,4733.41
9986,3328,69,2,3954.95
9987,3328,177,3,3760.21
9988,3329,187,3,537.42
9989,3329,61,1,3987.03
9990,3329,133,2,3544.02
9991,3329,54,3,1245.45
9992,3329,252,5,531.43
9993,3330,168,4,3640.02
9994,3331,142,1,3865.64
9995,3331,122,4,1905.97
9996,3331,182,3,3529.82
9997,3331,202,1,1229.63
9998,3332,235,4,240.76
9999,3332,3,1,4312.9
10000,3332,146,2,330.46
10001,3333,175,3,3721.6
10002,3333,1,5,1087.63
10003,3333,288,5,3900.14
10004,3333,186,1,4088.54
10005,3334,35,5,3985.68
10006,3335,180,4,372.99
10007,3336,188,1,941.27
10008,3336,136,1,158.72
10009,3336,45,5,691.82
10010,3337,220,5,3851.39
10011,3337,236,1,2602.87
10012,3338,145,2,588.67
10013,3338,289,1,3146.62
10014,3338,276,2,1843.28
10015,3338,15,5,994.23
10016,3339,8,3,3084.05
10017,3339,272,3,2329.38
10018,3339,182,1,2516.83
10019,3339,59,3,2249.01
10020,3340,59,1,4309.66
10021,3340,25,2,637.65
10022,3340,88,2,3686.89
10023,3341,215,2,1269.9
10024,3341,283,4,4996.7
10025,3341,49,5,1948.91
10026,3341,197,3,648.47
10027,3341,296,5,3767.15
10028,3342,159,4,2283.29
10029,3342,250,2,2713.74
10030,3342,186,5,4257.59
10031,3342,276,2,4285.85
10032,3342,247,4,551.71
10033,3343,182,5,1841.24
10034,3343,95,5,2170.53
10035,3343,262,5,587.96
10036,3344,112,2,1060.62
10037,3344,300,3,150.02
10038,3345,242,3,3937.32
10039,3345,186,5,3827.55
10040,3346,157,3,4780.64
10041,3346,91,5,3594.81
10042,3346,110,1,1715.37
10043,3346,291,4,3956.11
10044,3347,245,2,833.66
10045,3348,176,2,4371.5
10046,3348,53,5,3370.97
10047,3348,275,3,1965.46
10048,3348,93,1,4394.03
10049,3348,94,5,3411.32
10050,3349,278,5,1814.61
10051,3349,145,4,905.69
10052,3349,93,1,2166.38
10053,3350,136,4,3313.69
10054,3350,172,1,1399.94
10055,3350,145,4,1627.28
10056,3351,270,3,4050.28
10057,3352,84,4,2098.53
10058,3352,241,3,3560.75
10059,3352,239,1,3430.2
10060,3352,72,4,1002.64
10061,3352,150,5,122.87
10062,3353,295,1,1857.66
10063,3353,188,4,4267.99
10064,3353,114,2,1909.25
10065,3354,132,5,827.34
10066,3354,227,3,225.85
10067,3355,245,3,4037.15
10068,3355,8,2,3967.48
10069,3355,128,4,3098.08
10070,3355,5,2,1118.67
10071,3356,227,4,3691.39
10072,3356,294,2,4048.94
10073,3356,7,3,921.93
10074,3356,258,5,860.19
10075,3357,177,4,1058.34
10076,3357,82,1,383.22
10077,3357,180,3,2041.79
10078,3357,128,2,2652.5
10079,3358,167,4,4738.64
10080,3359,296,1,4719.86
10081,3360,220,4,2249.4
10082,3360,23,3,1993.62
10083,3360,232,5,4541.44
10084,3360,66,1,1421.39
10085,3361,294,2,1833.3
10086,3361,53,1,269.45
10087,3361,34,1,1081.23
10088,3361,128,5,1519.08
10089,3361,292,1,4451.68
10090,3362,227,4,2275.79
10091,3362,65,4,1074.04
10092,3362,102,3,2551.83
10093,3362,247,4,3340.41
10094,3363,77,1,3591.14
10095,3363,223,4,4867.53
10096,3363,190,3,3988.22
10097,3363,103,5,1999.69
10098,3364,79,1,2551.29
10099,3365,88,1,2710.9
10100,3365,10,2,2552.59
10101,3366,48,3,4863.86
10102,3366,262,2,3328.83
10103,3366,169,2,2879.74
10104,3366,246,3,3939.82
10105,3367,162,2,1579.46
10106,3367,289,4,3204.57
10107,3367,95,2,591.58
10108,3367,76,2,4276.39
10109,3368,137,2,3540.36
10110,3368,229,2,2864.78
10111,3368,257,2,1660.52
10112,3368,148,4,4817.87
10113,3368,300,3,1133.09
10114,3369,268,4,2415.49
10115,3369,281,2,3880.75
10116,3369,113,5,4806.75
10117,3369,6,2,1514.53
10118,3370,38,2,296.0
10119,3370,159,5,1146.62
10120,3370,273,3,3782.87
10121,3371,21,1,1252.27
10122,3371,61,3,580.06
10123,3371,146,1,4859.88
10124,3371,300,4,2547.53
10125,3372,239,3,2192.71
10126,3372,6,1,3139.56
10127,3372,14,3,4419.57
10128,3373,183,5,3307.69
10129,3374,200,1,2587.5
10130,3374,231,4,643.43
10131,3375,40,2,2673.88
10132,3375,217,2,4378.4
10133,3375,268,2,2760.11
10134,3375,152,5,1796.6
10135,3376,29,5,4125.29
10136,3376,101,4,389.6
10137,3377,40,2,4238.15
10138,3378,228,2,1607.2
10139,3378,229,5,504.53
10140,3379,108,3,3593.68
10141,3380,163,4,4924.98
10142,3381,234,5,405.82
10143,3382,240,2,3957.46
10144,3382,124,5,1992.77
10145,3383,19,4,662.64
10146,3383,281,5,4514.33
10147,3384,7,1,3618.5
10148,3384,193,5,4902.19
10149,3384,170,2,4193.41
10150,3384,117,2,3830.68
10151,3384,245,5,4266.58
10152,3385,67,3,4557.81
10153,3385,246,5,2755.19
10154,3385,134,1,2648.81
10155,3385,269,2,3411.84
10156,3385,294,5,1680.44
10157,3386,131,5,3406.33
10158,3386,263,5,4970.49
10159,3386,234,1,764.71
10160,3387,283,2,1384.88
10161,3387,239,3,3382.05
10162,3387,271,5,2625.99
10163,3388,190,3,1947.93
10164,3388,108,3,4904.9
10165,3388,140,1,415.9
10166,3389,48,4,4133.67
10167,3389,120,4,4027.43
10168,3389,274,5,3702.72
10169,3389,8,4,4373.53
10170,3390,207,4,4915.76
10171,3390,97,5,1654.75
10172,3390,131,3,3487.91
10173,3391,181,1,1228.57
10174,3391,224,3,834.57
10175,3391,56,4,2288.8
10176,3391,289,4,4736.38
10177,3392,135,1,750.36
10178,3392,160,5,3215.45
10179,3393,92,3,4604.18
10180,3393,234,1,3841.3
10181,3393,127,4,2780.67
10182,3393,62,1,1183.91
10183,3393,65,3,2665.56
10184,3394,158,1,2736.36
10185,3394,171,2,3623.96
10186,3394,174,3,2040.41
10187,3394,83,2,833.69
10188,3395,107,5,2229.41
10189,3395,23,1,1305.6
10190,3396,143,4,1813.2
10191,3396,203,5,1644.26
10192,3396,46,3,650.27
10193,3396,138,3,3654.68
10194,3397,286,1,838.42
10195,3397,165,4,3989.95
10196,3398,101,5,4692.22
10197,3399,42,1,1515.06
10198,3399,208,1,1510.9
10199,3400,173,3,273.42
10200,3401,248,1,125.55
10201,3402,106,1,1857.86
10202,3402,129,2,4326.96
10203,3402,218,5,3587.3
10204,3403,258,2,4272.6
10205,3404,52,3,4556.68
10206,3405,285,5,3453.97
10207,3405,220,3,4950.14
10208,3405,28,4,3921.71
10209,3405,53,2,218.45
10210,3406,181,5,3172.79
10211,3406,235,4,3722.1
10212,3406,153,2,2996.51
10213,3406,203,2,2813.47
10214,3407,288,2,3185.85
10215,3407,281,5,3906.46
10216,3408,139,3,4048.95
10217,3408,19,2,4175.31
10218,3408,143,1,4140.63
10219,3408,132,2,1243.37
10220,3408,286,2,4553.51
10221,3409,245,4,2760.39
10222,3409,286,2,2607.08
10223,3409,233,2,3260.08
10224,3409,85,2,4638.09
10225,3410,3,2,2841.08
10226,3410,25,4,1554.85
10227,3411,220,5,4484.11
10228,3412,115,5,2382.91
10229,3412,187,3,4145.2
10230,3413,115,5,776.81
10231,3414,232,1,4745.15
10232,3414,287,1,2798.72
10233,3415,155,2,3635.99
10234,3415,7,3,1495.0
10235,3415,108,3,1597.34
10236,3416,78,1,2021.11
10237,3416,84,2,3938.28
10238,3416,3,2,1029.31
10239,3417,44,5,3404.03
10240,3417,5,4,300.07
10241,3418,263,4,2256.45
10242,3418,241,2,1094.52
10243,3418,85,5,1142.15
10244,3418,143,5,794.69
10245,3419,100,5,3541.83
10246,3420,36,1,2065.03
10247,3420,268,1,1458.86
10248,3420,42,5,870.88
10249,3420,251,3,4736.15
10250,3420,110,1,2469.96
10251,3421,34,4,1961.87
10252,3421,179,2,3799.02
10253,3422,22,2,500.82
10254,3422,243,3,2187.61
10255,3422,300,4,561.53
10256,3422,229,1,1081.13
10257,3422,56,1,800.97
10258,3423,28,4,4545.32
10259,3423,32,5,4428.7
10260,3424,173,4,3745.67
10261,3425,83,2,2643.21
10262,3425,46,3,4650.45
10263,3425,210,1,2474.95
10264,3425,164,4,3684.17
10265,3425,161,4,3783.38
10266,3426,236,5,3903.06
10267,3426,53,4,1850.21
10268,3426,172,5,2801.72
10269,3427,4,4,2339.5
10270,3427,294,4,3212.79
10271,3428,9,2,538.29
10272,3428,275,2,624.99
10273,3428,234,4,2761.86
10274,3428,293,5,1937.76
10275,3428,55,5,2611.08
10276,3429,38,4,540.33
10277,3430,199,2,3132.57
10278,3430,213,4,321.04
10279,3430,159,2,2488.89
10280,3430,284,4,1539.26
10281,3430,148,4,3081.67
10282,3431,40,3,1097.44
10283,3431,212,2,220.34
10284,3431,102,5,1819.04
10285,3431,177,4,190.5
10286,3432,199,3,2662.24
10287,3432,234,1,4571.17
10288,3432,273,2,4338.61
10289,3432,233,4,1790.17
10290,3432,287,3,3381.11
10291,3433,136,2,3569.03
10292,3434,8,5,3956.77
10293,3434,201,2,4721.74
10294,3434,48,2,3593.85
10295,3434,255,2,655.21
10296,3435,250,4,4613.09
10297,3435,52,4,366.64
10298,3436,72,1,2051.57
10299,3436,88,1,2135.16
10300,3437,241,4,293.79
10301,3437,244,2,867.39
10302,3438,139,5,1660.38
10303,3438,28,4,4774.07
10304,3438,110,3,4949.14
10305,3439,224,2,1719.65
10306,3439,161,3,4687.18
10307,3439,21,3,1627.2
10308,3439,241,2,879.93
10309,3440,162,4,2986.94
10310,3441,275,2,1564.16
10311,3441,207,3,711.19
10312,3441,292,5,3260.53
10313,3441,222,2,863.73
10314,3441,8,2,4407.63
10315,3442,74,1,1572.57
10316,3442,76,4,742.25
10317,3442,117,2,3611.9
10318,3443,264,2,3991.31
10319,3444,62,1,4689.29
10320,3444,214,4,2736.3
10321,3444,59,3,3480.23
10322,3444,258,4,4330.58
10323,3444,260,3,4282.7
10324,3445,202,5,3616.1
10325,3445,28,4,1463.57
10326,3445,160,2,1498.33
10327,3445,162,3,1511.25
10328,3446,170,5,4728.62
10329,3446,228,3,3631.21
10330,3446,96,1,4427.95
10331,3446,226,1,4457.94
10332,3446,190,4,1834.45
10333,3447,259,3,899.4
10334,3448,258,4,3056.75
10335,3448,93,5,2949.3
10336,3448,207,4,2205.74
10337,3449,21,5,1020.15
10338,3450,157,1,1681.39
10339,3451,212,4,566.15
10340,3451,73,2,327.8
10341,3451,129,2,1743.58
10342,3451,63,2,2029.2
10343,3452,239,2,3367.53
10344,3452,120,5,2527.7
10345,3453,200,5,4483.78
10346,3454,120,4,1013.27
10347,3454,185,5,4559.89
10348,3454,269,3,3573.24
10349,3454,152,5,3949.78
10350,3454,17,1,213.37
10351,3455,109,1,4354.22
10352,3455,285,4,387.1
10353,3455,137,4,2101.29
10354,3456,118,1,1641.22
10355,3457,249,1,1041.73
10356,3458,12,2,3548.45
10357,3458,23,1,542.51
10358,3458,38,4,3056.87
10359,3459,254,1,4336.47
10360,3459,88,4,2885.4
10361,3459,223,2,2460.55
10362,3460,37,4,521.36
10363,3460,288,1,191.52
10364,3460,281,5,963.85
10365,3460,116,5,2551.89
10366,3460,219,5,2846.23
10367,3461,61,2,4164.09
10368,3462,48,4,2238.8
10369,3463,101,5,2259.6
10370,3463,85,2,2326.84
10371,3463,2,4,1846.29
10372,3463,127,3,2675.55
10373,3464,141,2,2918.52
10374,3464,131,5,3541.87
10375,3465,297,4,311.72
10376,3465,102,3,397.04
10377,3466,203,1,4891.47
10378,3466,272,1,2517.67
10379,3466,234,4,2782.42
10380,3466,76,1,1663.07
10381,3467,58,4,346.49
10382,3468,280,3,4847.9
10383,3468,14,3,4428.36
10384,3468,296,1,4205.66
10385,3468,98,2,1747.55
10386,3468,144,5,4610.89
10387,3469,151,2,415.21
10388,3469,173,5,418.48
10389,3469,25,5,3304.55
10390,3470,297,4,882.37
10391,3470,9,5,874.42
10392,3470,258,1,3980.45
10393,3470,242,4,3958.93
10394,3470,82,5,399.72
10395,3471,144,2,4250.24
10396,3471,96,2,924.25
10397,3471,248,1,3367.02
10398,3471,217,5,2427.25
10399,3471,197,1,1671.26
10400,3472,195,4,4068.91
10401,3472,211,2,249.1
10402,3472,108,4,4654.11
10403,3473,34,5,4583.04
10404,3474,107,2,423.59
10405,3474,41,3,4512.59
10406,3474,135,4,965.33
10407,3474,133,4,3754.44
10408,3475,189,2,4099.6
10409,3475,272,4,623.31
10410,3475,24,1,1324.89
10411,3475,10,1,3764.39
10412,3476,298,2,3777.48
10413,3476,147,3,3114.43
10414,3476,256,4,2896.28
10415,3476,91,4,1580.18
10416,3477,291,5,2149.3
10417,3478,98,2,1959.61
10418,3478,257,5,3213.07
10419,3478,58,2,641.98
10420,3478,128,1,2100.03
10421,3479,275,1,3963.94
10422,3479,114,3,3483.52
10423,3479,43,3,1064.76
10424,3480,175,5,3261.82
10425,3480,297,5,168.64
10426,3480,288,2,868.91
10427,3481,124,4,730.16
10428,3481,204,1,604.94
10429,3481,108,2,1676.64
10430,3482,85,5,966.34
10431,3482,27,2,2576.28
10432,3482,270,5,1121.53
10433,3482,90,2,1386.37
10434,3482,224,4,3423.33
10435,3483,261,4,2068.68
10436,3483,49,2,3715.36
10437,3484,298,2,1074.81
10438,3484,252,2,1343.43
10439,3485,157,1,971.43
10440,3486,83,2,658.19
10441,3486,216,5,2259.97
10442,3486,22,1,1872.34
10443,3486,109,3,3810.33
10444,3486,212,4,4260.94
10445,3487,246,3,775.43
10446,3487,298,5,2608.05
10447,3488,56,4,671.84
10448,3488,139,1,1591.56
10449,3489,38,4,2448.69
10450,3489,217,3,4922.75
10451,3489,179,3,2574.02
10452,3489,120,1,4177.14
10453,3489,282,3,3248.86
10454,3490,42,1,4253.62
10455,3490,128,3,366.9
10456,3490,191,3,197.03
10457,3490,31,3,1907.26
10458,3490,274,5,1169.43
10459,3491,146,4,1598.44
10460,3492,60,2,4853.81
10461,3493,198,2,1929.0
10462,3493,192,2,3073.79
10463,3493,211,5,3818.39
10464,3493,145,5,3759.8
10465,3494,16,2,1172.94
10466,3494,89,2,2371.14
10467,3494,55,1,2732.27
10468,3495,50,5,4766.88
10469,3495,290,5,3079.8
10470,3495,18,3,3645.03
10471,3496,106,2,2544.94
10472,3496,213,5,3217.4
10473,3497,33,3,4762.26
10474,3497,153,4,1113.47
10475,3497,21,5,3076.62
10476,3497,81,5,703.16
10477,3497,157,5,2137.31
10478,3498,288,2,3559.43
10479,3498,106,2,345.78
10480,3499,195,5,1205.65
10481,3499,242,5,831.11
10482,3499,21,1,4695.6
10483,3499,212,4,1572.52
10484,3499,252,1,4399.25
10485,3500,197,5,2467.03
10486,3501,165,4,1709.89
10487,3502,259,1,1636.94
10488,3503,107,2,3330.16
10489,3503,80,5,2928.87
10490,3503,96,5,3707.43
10491,3504,111,2,2174.09
10492,3504,261,4,2037.34
10493,3505,139,1,1887.6
10494,3506,247,5,1994.32
10495,3506,248,1,1587.67
10496,3507,209,3,2058.96
10497,3507,7,5,2685.05
10498,3507,262,2,4690.63
10499,3507,74,1,1484.77
10500,3508,251,5,1062.96
10501,3508,163,2,2830.95
10502,3508,85,5,566.49
10503,3509,191,1,3412.2
10504,3509,128,2,497.1
10505,3509,94,2,476.24
10506,3509,31,4,2732.26
10507,3510,14,2,2109.94
10508,3511,222,2,3726.32
10509,3511,62,3,1659.65
10510,3511,100,3,2763.02
10511,3511,212,5,4103.49
10512,3512,133,4,3490.59
10513,3512,236,1,3946.31
10514,3512,59,4,3079.42
10515,3513,96,1,2756.15
10516,3513,74,5,2932.06
10517,3513,33,5,1509.99
10518,3513,31,1,3380.95
10519,3514,42,4,1689.37
10520,3514,88,3,4185.03
10521,3514,22,2,2405.46
10522,3514,273,1,1260.24
10523,3515,228,2,1007.12
10524,3515,257,2,936.17
10525,3515,270,2,536.11
10526,3515,246,5,3029.88
10527,3516,300,2,936.14
10528,3517,114,3,3662.16
10529,3517,128,3,4851.82
10530,3517,57,2,3819.8
10531,3517,33,4,3739.47
10532,3517,261,5,4108.29
10533,3518,248,1,1107.99
10534,3518,196,4,573.34
10535,3518,11,1,1879.17
10536,3518,276,1,4118.4
10537,3518,163,3,2756.25
10538,3519,247,4,843.38
10539,3519,79,4,2565.57
10540,3519,81,1,3487.63
10541,3519,31,5,4361.22
10542,3519,196,4,1934.46
10543,3520,73,4,3989.48
10544,3520,241,1,3562.01
10545,3520,58,2,1391.69
10546,3520,86,4,4025.73
10547,3521,240,2,2582.89
10548,3521,13,3,3236.87
10549,3521,291,5,2872.1
10550,3521,127,4,4671.62
10551,3522,50,3,3164.59
10552,3523,280,2,4015.23
10553,3523,131,1,2264.47
10554,3523,39,5,3597.76
10555,3524,203,1,2042.09
10556,3525,186,4,3105.98
10557,3525,159,3,1813.92
10558,3525,147,2,4400.92
10559,3526,34,1,1556.9
10560,3526,200,3,3111.5
10561,3526,256,4,982.97
10562,3526,8,4,2077.41
10563,3526,96,2,2140.75
10564,3527,2,2,2034.51
10565,3527,192,4,2023.58
10566,3528,44,1,1854.63
10567,3528,215,2,4714.79
10568,3529,42,5,1150.61
10569,3529,276,4,513.9
10570,3530,130,5,287.49
10571,3531,203,2,4953.19
10572,3531,138,5,2180.63
10573,3531,286,1,2443.56
10574,3532,288,1,1336.61
10575,3532,99,4,4144.69
10576,3532,174,4,2449.33
10577,3532,3,5,3254.9
10578,3533,298,3,814.06
10579,3533,23,1,3120.53
10580,3533,244,5,648.73
10581,3533,35,2,4827.58
10582,3533,161,4,587.71
10583,3534,273,4,277.39
10584,3534,160,1,1302.89
10585,3534,50,2,1685.54
10586,3534,73,2,480.7
10587,3534,250,1,547.22
10588,3535,260,5,4667.95
10589,3535,295,3,383.98
10590,3536,35,3,1375.97
10591,3536,189,1,1803.83
10592,3536,223,2,749.72
10593,3536,284,5,1229.01
10594,3537,169,3,1458.58
10595,3538,23,5,552.4
10596,3538,245,5,4303.54
10597,3538,30,1,1844.68
10598,3539,52,1,4633.97
10599,3539,246,5,722.68
10600,3539,126,5,395.65
10601,3539,174,3,4899.34
10602,3539,256,3,4953.34
10603,3540,198,1,354.01
10604,3541,208,1,993.85
10605,3541,219,5,3115.33
10606,3541,24,1,564.75
10607,3541,70,4,2205.26
10608,3541,55,4,3717.18
10609,3542,99,5,4380.64
10610,3542,87,5,3788.94
10611,3543,183,5,2843.19
10612,3543,31,3,4267.75
10613,3543,50,5,3778.1
10614,3543,145,3,1846.61
10615,3544,75,4,253.7
10616,3544,98,2,1611.05
10617,3544,136,5,1661.71
10618,3545,269,2,3397.28
10619,3545,80,1,2632.12
10620,3545,47,1,477.76
10621,3545,145,2,1461.92
10622,3545,191,1,1263.47
10623,3546,204,5,3877.76
10624,3546,1,3,4088.81
10625,3546,139,3,691.71
10626,3546,258,3,3442.42
10627,3546,168,1,4013.26
10628,3547,163,1,405.67
10629,3547,258,5,2408.51
10630,3547,250,3,932.78
10631,3548,9,1,991.89
10632,3548,19,4,3172.09
10633,3548,284,4,3270.63
10634,3548,76,2,996.68
10635,3549,270,3,2662.56
10636,3549,60,4,2821.47
10637,3549,68,5,358.84
10638,3549,22,5,1629.26
10639,3549,58,5,3640.28
10640,3550,109,5,1706.88
10641,3550,286,4,2485.76
10642,3551,166,5,329.84
10643,3551,5,3,324.23
10644,3551,151,2,3635.91
10645,3551,223,2,1810.97
10646,3551,92,5,2424.78
10647,3552,216,1,4632.44
10648,3553,264,3,2237.72
10649,3553,294,2,1716.54
10650,3554,286,3,1595.61
10651,3554,150,2,3086.15
10652,3554,120,5,3008.59
10653,3554,266,5,415.11
10654,3555,69,4,3721.88
10655,3556,138,4,4071.44
10656,3556,56,4,1859.32
10657,3557,170,5,2878.55
10658,3557,291,5,3403.7
10659,3557,77,3,1281.05
10660,3558,268,2,4058.34
10661,3559,111,1,3089.4
10662,3559,203,4,713.88
10663,3560,179,2,2750.57
10664,3560,185,2,985.27
10665,3560,83,2,798.87
10666,3560,65,3,629.47
10667,3560,188,5,874.98
10668,3561,148,2,1333.11
10669,3561,46,4,1291.01
10670,3561,63,1,3330.05
10671,3562,248,1,815.33
10672,3562,196,2,1485.68
10673,3562,226,1,2834.03
10674,3563,298,1,1683.99
10675,3563,171,5,4744.06
10676,3563,201,5,4770.03
10677,3563,288,5,3932.01
10678,3563,77,2,2539.99
10679,3564,290,1,3227.52
10680,3564,226,5,2692.08
10681,3565,199,2,872.23
10682,3565,45,1,1719.96
10683,3566,106,1,818.17
10684,3566,142,5,3935.07
10685,3567,127,2,1086.71
10686,3567,278,2,1701.99
10687,3567,236,3,1323.23
10688,3568,269,4,393.05
10689,3568,187,5,1236.66
10690,3568,96,2,3796.7
10691,3569,8,2,270.07
10692,3569,187,5,2826.71
10693,3570,45,1,1442.39
10694,3570,30,4,2263.38
10695,3570,256,5,1258.21
10696,3570,193,2,2260.04
10697,3571,200,1,4571.35
10698,3571,97,1,213.31
10699,3571,189,2,2185.37
10700,3571,4,3,494.24
10701,3572,254,3,3452.61
10702,3572,256,4,3586.65
10703,3572,42,2,785.36
10704,3572,128,5,4902.6
10705,3572,59,5,1287.1
10706,3573,68,3,306.41
10707,3573,124,5,3893.26
10708,3574,232,2,3853.76
10709,3574,12,4,2641.55
10710,3575,96,2,3632.9
10711,3575,23,3,3954.5
10712,3575,124,5,2351.37
10713,3576,198,2,667.5
10714,3576,216,4,197.11
10715,3576,251,5,3622.07
10716,3577,161,4,1657.59
10717,3577,228,1,463.18
10718,3578,183,3,4654.32
10719,3578,158,5,2534.64
10720,3578,171,4,3559.75
10721,3578,127,2,944.04
10722,3578,89,4,2560.47
10723,3579,276,2,3117.21
10724,3579,300,3,2168.1
10725,3580,108,1,4281.46
10726,3580,189,5,1130.02
10727,3581,169,2,1968.3
10728,3582,17,3,4350.66
10729,3582,34,2,1058.46
10730,3582,136,2,1035.5
10731,3582,205,2,3723.65
10732,3583,75,4,1246.69
10733,3583,39,5,4745.72
10734,3583,221,5,2314.65
10735,3583,152,2,1988.84
10736,3584,28,3,4636.64
10737,3585,54,1,1243.64
10738,3585,127,3,2938.33
10739,3585,49,1,2606.06
10740,3585,213,4,3497.12
10741,3586,60,1,4105.83
10742,3586,90,4,4700.96
10743,3586,134,2,4680.93
10744,3587,220,5,4115.09
10745,3587,178,2,831.11
10746,3587,10,3,1796.97
10747,3588,282,2,166.51
10748,3588,80,4,4388.48
10749,3588,219,2,4197.69
10750,3588,158,1,595.3
10751,3588,153,3,3181.02
10752,3589,67,3,866.39
10753,3589,207,5,678.92
10754,3589,134,1,4323.59
10755,3590,144,3,429.14
10756,3590,87,1,3355.45
10757,3590,43,5,2413.95
10758,3590,161,2,1780.38
10759,3590,112,2,2147.56
10760,3591,208,4,4146.47
10761,3591,87,1,2210.66
10762,3591,167,5,3088.97
10763,3591,115,3,2412.78
10764,3592,204,1,2672.52
10765,3592,234,5,1071.45
10766,3592,265,2,4012.06
10767,3592,98,2,2624.32
10768,3592,235,4,2903.56
10769,3593,287,5,4702.01
10770,3593,177,2,2112.54
10771,3593,111,1,4605.8
10772,3593,22,3,4975.3
10773,3594,264,5,1189.93
10774,3594,32,4,1711.85
10775,3595,105,3,4012.88
10776,3595,110,5,3926.92
10777,3595,132,2,4861.0
10778,3595,65,2,3210.67
10779,3596,228,4,1679.49
10780,3596,89,1,4860.55
10781,3596,15,4,251.4
10782,3597,163,4,627.7
10783,3597,183,4,2507.31
10784,3597,280,4,444.7
10785,3597,217,3,2190.84
10786,3598,142,1,1514.5
10787,3598,91,2,1944.25
10788,3598,284,5,2118.91
10789,3598,173,4,2381.1
10790,3599,185,4,3845.46
10791,3599,143,2,3137.38
10792,3599,27,3,4035.02
10793,3600,184,4,1620.61
10794,3600,74,1,2023.26
10795,3600,190,4,3634.27
10796,3601,151,4,4483.05
10797,3601,9,2,4670.59
10798,3601,62,4,4268.72
10799,3601,93,3,3031.58
10800,3601,106,4,2077.8
10801,3602,156,1,1511.69
10802,3603,166,1,527.13
10803,3603,145,3,1229.98
10804,3603,159,4,1035.43
10805,3603,218,3,3776.36
10806,3603,2,2,3771.54
10807,3604,238,4,4436.42
10808,3604,148,3,1169.22
10809,3604,49,5,4692.14
10810,3604,132,2,660.72
10811,3604,191,2,4076.08
10812,3605,81,2,3896.9
10813,3605,248,5,2685.59
10814,3606,231,3,592.25
10815,3607,104,5,2035.73
10816,3608,232,2,171.13
10817,3608,293,1,3649.5
10818,3609,45,3,4690.77
10819,3609,213,3,4971.87
10820,3609,118,3,4135.73
10821,3609,6,1,1721.31
10822,3610,190,4,1194.45
10823,3610,92,4,4534.15
10824,3610,255,5,1583.09
10825,3610,37,5,113.36
10826,3611,252,3,1317.1
10827,3611,16,2,883.3
10828,3611,255,1,2956.59
10829,3612,108,4,2721.26
10830,3612,153,1,723.37
10831,3612,100,1,508.5
10832,3613,19,4,4999.21
10833,3613,89,5,1854.35
10834,3613,125,1,1966.2
10835,3613,109,3,4090.66
10836,3614,14,2,2550.03
10837,3615,292,1,4722.51
10838,3615,239,1,3024.51
10839,3615,50,4,881.83
10840,3615,129,1,975.33
10841,3616,14,5,4840.92
10842,3616,295,5,1384.86
10843,3616,177,5,996.72
10844,3616,63,5,2295.4
10845,3616,28,4,3521.39
10846,3617,51,4,4487.86
10847,3617,37,4,129.87
10848,3617,218,2,1292.27
10849,3618,162,4,4933.85
10850,3619,58,1,872.48
10851,3619,217,3,1433.45
10852,3620,20,3,3076.74
10853,3621,234,1,836.15
10854,3621,166,2,1369.25
10855,3621,283,3,2766.48
10856,3621,80,3,2024.08
10857,3622,3,4,103.53
10858,3622,243,5,4164.86
10859,3622,126,3,408.35
10860,3622,136,3,1246.69
10861,3623,88,3,2024.01
10862,3623,170,3,2698.24
10863,3623,231,3,3213.65
10864,3623,12,2,1687.74
10865,3623,57,3,2692.43
10866,3624,160,3,417.2
10867,3624,178,5,1890.85
10868,3624,264,4,3463.99
10869,3625,1,4,4980.63
10870,3625,43,4,1648.34
10871,3625,117,5,654.82
10872,3626,25,5,2468.56
10873,3626,174,2,1328.77
10874,3626,113,3,4565.96
10875,3626,88,3,3351.61
10876,3627,96,2,4572.13
10877,3627,109,4,1345.81
10878,3627,139,2,2589.59
10879,3627,126,1,3014.61
10880,3628,1,1,368.34
10881,3628,195,2,3225.49
10882,3628,64,5,350.87
10883,3629,123,5,4627.65
10884,3629,45,2,2290.0
10885,3629,192,2,4359.12
10886,3629,259,5,4559.3
10887,3629,209,3,904.57
10888,3630,102,3,2476.5
10889,3630,149,1,4824.75
10890,3630,86,3,3831.23
10891,3630,84,2,4927.04
10892,3631,79,2,3823.27
10893,3632,64,4,1173.6
10894,3632,99,1,2618.89
10895,3633,46,5,1161.4
10896,3633,174,2,4627.59
10897,3634,145,2,2062.66
10898,3635,106,3,2917.8
10899,3635,58,3,1968.16
10900,3635,226,1,3092.39
10901,3635,181,3,4110.98
10902,3635,67,5,3634.79
10903,3636,178,1,4444.98
10904,3637,16,5,3536.87
10905,3637,147,3,1783.65
10906,3638,159,3,3813.36
10907,3638,267,1,329.87
10908,3638,13,1,4820.04
10909,3638,48,3,4673.33
10910,3639,91,4,2419.47
10911,3639,286,1,326.98
10912,3640,171,4,4023.86
10913,3641,283,3,203.45
10914,3641,58,2,4450.7
10915,3641,16,5,215.03
10916,3641,5,3,3514.33
10917,3642,104,5,1358.76
10918,3642,294,5,1908.43
10919,3642,289,4,660.28
10920,3642,3,4,2109.64
10921,3642,298,1,2438.66
10922,3643,24,3,932.2
10923,3643,240,5,2088.54
10924,3644,105,2,2829.13
10925,3645,196,4,415.85
10926,3646,136,1,2735.97
10927,3646,204,2,2679.66
10928,3647,7,5,455.53
10929,3647,234,2,3553.82
10930,3647,59,5,3088.0
10931,3647,199,5,2455.31
10932,3647,194,5,670.55
10933,3648,272,4,985.41
10934,3648,146,2,1021.98
10935,3649,14,1,4507.59
10936,3650,154,3,3663.37
10937,3650,282,5,4197.0
10938,3650,164,1,569.73
10939,3650,299,5,4243.99
10940,3650,286,5,4683.32
10941,3651,164,1,1241.78
10942,3651,92,2,2806.09
10943,3651,267,5,2229.93
10944,3651,11,2,4510.82
10945,3652,57,4,2944.98
10946,3652,107,1,4109.17
10947,3653,61,1,4981.64
10948,3654,38,4,4341.0
10949,3655,217,1,2331.84
10950,3656,140,1,4488.76
10951,3657,105,5,446.99
10952,3658,56,3,2987.37
10953,3658,291,4,1069.8
10954,3659,68,3,1631.91
10955,3659,18,1,1478.72
10956,3659,71,1,2483.15
10957,3659,284,3,498.33
10958,3660,125,1,3499.21
10959,3660,90,2,3212.33
10960,3661,241,4,3653.26
10961,3661,162,3,680.87
10962,3661,246,4,221.45
10963,3661,215,5,1867.08
10964,3661,88,5,4364.54
10965,3662,17,2,1740.01
10966,3662,182,5,4329.69
10967,3662,108,2,4974.14
10968,3663,100,4,3021.22
10969,3663,28,3,898.21
10970,3663,180,4,3180.4
10971,3663,157,1,1595.12
10972,3663,79,5,1055.95
10973,3664,160,4,4418.24
10974,3664,7,3,4495.22
10975,3664,220,4,4061.49
10976,3665,209,4,2175.19
10977,3665,39,5,2919.27
10978,3665,300,2,1095.78
10979,3665,113,2,4388.73
10980,3666,38,2,2982.66
10981,3667,165,3,2879.59
10982,3667,213,2,1300.08
10983,3667,265,4,1470.91
10984,3667,58,4,1351.27
10985,3668,103,4,487.29
10986,3668,45,4,2513.75
10987,3668,192,5,1894.65
10988,3668,1,4,1697.46
10989,3668,297,2,1044.23
10990,3669,185,3,1413.59
10991,3669,258,4,3650.12
10992,3669,165,1,1527.82
10993,3669,20,1,1727.09
10994,3670,61,2,2427.32
10995,3670,71,5,1492.32
10996,3670,145,5,3012.69
10997,3671,139,1,2087.17
10998,3671,18,4,2150.64
10999,3671,129,1,3281.61
11000,3671,248,4,4336.75
11001,3671,38,5,2390.91
11002,3672,268,1,3081.83
11003,3672,93,2,2626.03
11004,3672,200,4,4164.16
11005,3673,65,1,2767.12
11006,3673,183,4,640.42
11007,3674,90,5,375.53
11008,3674,14,5,2250.43
11009,3674,159,3,1814.09
11010,3674,179,4,4652.3
11011,3675,173,3,3841.79
11012,3675,179,4,2998.43
11013,3676,291,4,3855.86
11014,3676,201,4,4755.94
11015,3676,37,5,3954.06
11016,3677,210,3,4370.78
11017,3677,234,4,2959.66
11018,3677,98,3,3859.69
11019,3677,130,1,4330.88
11020,3678,170,2,4441.36
11021,3678,297,4,1989.52
11022,3678,103,3,2367.98
11023,3678,68,3,2724.16
11024,3678,108,4,1436.07
11025,3679,63,3,4737.11
11026,3679,116,2,4131.76
11027,3679,119,3,411.2
11028,3679,86,1,4786.34
11029,3679,270,1,3992.05
11030,3680,103,3,1509.42
11031,3680,58,5,2637.9
11032,3680,160,5,4569.82
11033,3681,208,5,479.74
11034,3681,170,2,1514.49
11035,3681,278,1,4418.4
11036,3681,38,2,3085.17
11037,3682,186,2,3206.13
11038,3682,14,3,3075.93
11039,3682,283,4,4116.7
11040,3683,44,4,518.31
11041,3683,31,1,4511.17
11042,3684,181,2,2364.38
11043,3684,83,2,1968.53
11044,3684,138,2,2102.64
11045,3685,194,5,1327.24
11046,3685,101,4,4024.14
11047,3686,222,4,1652.79
11048,3686,163,3,3368.24
11049,3686,56,3,887.8
11050,3686,133,4,2798.99
11051,3687,99,4,4509.57
11052,3687,92,1,2009.9
11053,3687,76,2,3737.44
11054,3687,298,3,1864.53
11055,3688,236,4,3447.12
11056,3688,96,1,307.67
11057,3688,241,1,2875.32
11058,3689,111,1,3410.75
11059,3689,137,2,3063.61
11060,3690,183,3,4205.18
11061,3691,10,5,2195.44
11062,3691,282,5,1492.62
11063,3691,179,3,4924.67
11064,3691,230,2,4834.58
11065,3692,181,3,3760.54
11066,3693,249,5,1968.52
11067,3693,180,5,4770.69
11068,3693,10,3,4585.28
11069,3694,82,5,3777.1
11070,3694,296,2,4779.65
11071,3695,133,5,3549.37
11072,3695,94,2,1073.2
11073,3695,16,1,3893.02
11074,3696,227,3,2756.6
11075,3696,203,1,2404.46
11076,3696,174,2,431.06
11077,3696,67,1,973.48
11078,3696,283,5,1902.17
11079,3697,39,4,4246.53
11080,3697,282,2,4073.24
11081,3697,114,2,1949.81
11082,3697,17,1,3069.4
11083,3698,54,4,1707.25
11084,3698,76,4,2122.4
11085,3698,149,2,2766.79
11086,3699,200,1,509.78
11087,3699,39,4,1656.2
11088,3699,123,3,1763.97
11089,3699,297,5,766.87
11090,3699,221,3,3483.56
11091,3700,17,4,4102.17
11092,3700,122,4,4501.2
11093,3701,199,5,2934.79
11094,3701,101,5,4983.87
11095,3701,201,3,3974.06
11096,3702,193,5,4889.84
11097,3702,90,1,2689.39
11098,3702,44,1,978.56
11099,3702,130,2,4130.97
11100,3703,9,5,3040.97
11101,3703,293,2,3381.43
11102,3703,219,1,684.3
11103,3703,72,2,1766.02
11104,3704,11,5,3188.84
11105,3704,88,1,267.04
11106,3705,49,3,4874.21
11107,3706,144,5,1462.0
11108,3707,131,5,2954.21
11109,3707,278,5,3622.77
11110,3707,118,4,1964.07
11111,3708,121,2,918.28
11112,3708,173,5,106.59
11113,3708,280,2,3879.99
11114,3708,219,4,4549.94
11115,3709,211,1,2131.43
11116,3709,37,5,3000.8
11117,3709,3,1,4140.51
11118,3709,208,3,4599.94
11119,3710,45,3,434.31
11120,3710,259,2,2146.15
11121,3710,200,3,4542.25
11122,3710,23,2,2676.23
11123,3710,111,4,390.18
11124,3711,72,5,4040.44
11125,3711,250,5,2691.22
11126,3712,100,1,326.45
11127,3713,67,3,3628.77
11128,3714,2,3,1831.85
11129,3715,10,4,4262.08
11130,3715,237,1,4772.84
11131,3715,7,1,2763.18
11132,3716,61,5,981.89
11133,3716,174,3,585.16
11134,3717,230,1,2813.15
11135,3717,96,3,587.79
11136,3717,48,2,1331.44
11137,3718,27,1,4001.6
11138,3718,259,1,3139.54
11139,3718,28,4,170.29
11140,3718,242,4,4099.27
11141,3719,130,5,1173.03
11142,3719,13,4,3016.74
11143,3719,144,5,760.16
11144,3720,40,1,367.97
11145,3721,285,5,1486.83
11146,3721,156,1,1103.51
11147,3721,281,2,485.2
11148,3721,300,5,1195.57
11149,3721,239,2,4814.47
11150,3722,289,2,4084.4
11151,3722,45,4,825.82
11152,3722,99,1,2496.71
11153,3723,217,1,676.24
11154,3723,91,1,2954.26
11155,3723,96,5,2181.71
11156,3723,27,2,626.27
11157,3724,21,1,1257.1
11158,3724,175,3,1702.19
11159,3724,264,1,139.94
11160,3725,231,4,4169.18
11161,3725,38,1,1860.58
11162,3725,197,5,4051.52
11163,3725,122,4,4301.78
11164,3725,41,4,3279.87
11165,3726,104,5,3584.32
11166,3726,199,3,254.76
11167,3726,239,3,1981.91
11168,3726,59,3,2291.3
11169,3726,124,5,2355.94
11170,3727,64,3,2804.09
11171,3727,261,5,2867.51
11172,3727,128,2,661.89
11173,3727,40,2,4977.13
11174,3727,289,3,4908.6
11175,3728,256,2,2594.98
11176,3728,59,3,2830.57
11177,3729,186,4,1328.26
11178,3729,68,5,2830.29
11179,3729,242,5,3353.58
11180,3729,262,1,2990.64
11181,3730,16,1,4693.18
11182,3730,133,2,2210.59
11183,3731,79,2,4019.29
11184,3731,110,1,443.64
11185,3731,243,5,3198.95
11186,3731,293,1,4663.83
11187,3731,122,1,2691.66
11188,3732,192,5,2559.3
11189,3732,229,1,417.06
11190,3733,177,1,479.07
11191,3733,215,5,1650.22
11192,3733,31,2,3007.01
11193,3733,300,5,3844.89
11194,3734,26,2,198.2
11195,3735,36,5,1281.39
11196,3736,289,4,273.9
11197,3737,23,2,362.81
11198,3738,57,5,2325.32
11199,3739,139,1,3740.96
11200,3740,46,5,2076.23
11201,3740,160,2,2239.54
11202,3741,250,4,1155.23
11203,3742,69,3,1835.25
11204,3742,293,3,286.38
11205,3742,232,4,4799.73
11206,3742,151,3,1524.93
11207,3742,121,4,2595.98
11208,3743,54,4,2168.2
11209,3743,246,1,4578.91
11210,3743,263,5,1948.73
11211,3744,182,4,968.29
11212,3744,195,4,4565.54
11213,3745,250,1,2655.64
11214,3745,36,3,3745.17
11215,3746,289,4,4883.23
11216,3746,72,1,1517.87
11217,3746,153,2,1029.01
11218,3746,223,5,3381.89
11219,3747,193,4,1458.12
11220,3747,36,1,3032.76
11221,3747,42,2,3668.34
11222,3747,151,5,2618.49
11223,3747,48,4,1355.69
11224,3748,116,5,613.33
11225,3749,287,3,4481.74
11226,3750,229,2,119.46
11227,3750,202,2,2886.36
11228,3750,151,3,3612.36
11229,3750,123,3,4263.74
11230,3750,56,3,3132.96
11231,3751,270,4,4212.56
11232,3751,245,3,2327.86
11233,3752,235,4,196.26
11234,3753,11,2,1859.6
11235,3753,123,2,2145.07
11236,3753,178,2,1857.59
11237,3754,103,5,2972.77
11238,3755,45,1,4495.47
11239,3755,225,2,4537.98
11240,3755,279,3,4846.67
11241,3756,289,3,179.64
11242,3756,120,1,4100.9
11243,3756,202,2,1833.33
11244,3756,108,4,2775.6
11245,3756,85,2,3381.75
11246,3757,276,5,262.08
11247,3757,237,2,3160.59
11248,3757,4,4,1153.63
11249,3757,29,2,2121.52
11250,3758,283,1,3197.86
11251,3758,58,1,1261.54
11252,3758,91,1,1063.78
11253,3759,181,3,415.36
11254,3760,23,5,3553.5
11255,3760,255,5,3498.6
11256,3760,12,5,2065.15
11257,3760,279,2,1353.48
11258,3760,237,1,906.22
11259,3761,170,1,3591.11
11260,3761,182,4,1237.76
11261,3761,69,1,2670.73
11262,3762,128,4,2042.76
11263,3762,250,3,238.6
11264,3762,220,3,4542.39
11265,3762,178,2,213.96
11266,3763,20,2,2828.23
11267,3763,175,5,1266.94
11268,3763,287,4,2203.94
11269,3764,192,5,3076.13
11270,3764,66,3,2000.45
11271,3764,50,4,1335.24
11272,3765,96,4,4134.18
11273,3765,288,5,4237.65
11274,3765,60,5,4104.85
11275,3766,44,5,3817.16
11276,3766,52,3,2954.38
11277,3767,78,2,820.03
11278,3767,278,4,862.52
11279,3768,286,2,4210.86
11280,3769,67,1,1883.92
11281,3769,138,2,2535.92
11282,3769,88,4,2509.11
11283,3770,154,3,299.61
11284,3770,246,1,920.9
11285,3771,135,3,3318.67
11286,3771,173,3,2582.36
11287,3772,3,4,2699.67
11288,3772,152,3,4229.72
11289,3772,161,4,3164.34
11290,3773,75,5,2466.83
11291,3773,80,2,501.33
11292,3773,282,3,3566.69
11293,3773,168,1,4891.01
11294,3774,17,4,2233.68
11295,3774,179,1,2038.72
11296,3774,154,5,4739.17
11297,3774,72,5,2818.96
11298,3774,5,3,4499.66
11299,3775,255,2,1055.94
11300,3775,158,5,786.86
11301,3776,229,2,2898.15
11302,3777,254,5,2469.81
11303,3777,270,4,1312.03
11304,3778,85,3,3726.42
11305,3778,265,1,692.62
11306,3778,142,3,2374.19
11307,3778,268,3,1766.76
11308,3778,179,3,2678.33
11309,3779,9,5,3278.95
11310,3779,35,5,4780.42
11311,3779,221,4,4803.46
11312,3779,164,3,3815.13
11313,3780,79,1,4370.97
11314,3780,211,3,1857.49
11315,3781,88,1,642.76
11316,3781,299,4,3472.41
11317,3781,4,1,455.21
11318,3782,37,4,4757.17
11319,3782,139,1,2670.58
11320,3782,177,1,1027.83
11321,3782,226,3,2755.12
11322,3783,100,1,1076.52
11323,3783,289,3,131.72
11324,3784,18,2,695.58
11325,3784,47,3,1561.92
11326,3784,285,1,2827.99
11327,3784,159,1,1028.74
11328,3784,251,1,2983.98
11329,3785,156,5,2865.88
11330,3785,180,3,1834.2
11331,3785,183,2,4760.28
11332,3785,250,5,3056.66
11333,3786,93,3,2514.66
11334,3786,105,1,4830.22
11335,3786,196,5,560.82
11336,3786,91,4,4327.17
11337,3787,212,1,1820.9
11338,3788,141,2,3787.48
11339,3788,59,4,4955.8
11340,3789,262,4,4859.87
11341,3790,69,5,3405.89
11342,3790,75,2,1523.45
11343,3790,113,5,765.96
11344,3791,195,2,3485.86
11345,3792,58,1,1584.84
11346,3793,71,2,600.35
11347,3793,224,5,830.11
11348,3793,58,4,4907.09
11349,3793,240,1,4248.38
11350,3794,228,2,3063.8
11351,3794,47,4,3492.76
11352,3794,151,4,4358.53
11353,3795,148,3,1553.11
11354,3795,119,1,4920.77
11355,3795,168,3,3885.11
11356,3796,64,4,1760.36
11357,3796,6,2,4938.42
11358,3796,57,2,393.12
11359,3796,270,2,273.11
11360,3796,102,5,3985.06
11361,3797,52,4,2308.04
11362,3797,227,2,328.17
11363,3797,178,2,3410.07
11364,3798,17,3,1043.17
11365,3798,226,2,3571.6
11366,3798,66,5,4641.05
11367,3799,264,5,3037.37
11368,3799,62,2,4385.44
11369,3799,49,3,3933.38
11370,3800,251,2,749.81
11371,3800,100,1,1207.26
11372,3801,216,3,3154.48
11373,3801,215,1,1325.3
11374,3801,56,1,2176.94
11375,3802,188,3,549.69
11376,3802,298,3,3638.26
11377,3802,8,4,2932.6
11378,3803,107,3,4349.96
11379,3804,78,2,1839.22
11380,3805,185,2,4354.52
11381,3806,16,4,4867.53
11382,3807,49,4,2079.41
11383,3807,219,5,3432.61
11384,3807,221,4,4766.61
11385,3807,256,2,3250.1
11386,3807,20,4,4224.16
11387,3808,46,1,488.47
11388,3808,184,5,4409.21
11389,3808,40,4,331.78
11390,3808,256,1,1293.21
11391,3809,228,1,3369.46
11392,3809,50,1,4584.55
11393,3809,187,1,2282.18
11394,3810,295,2,4065.62
11395,3810,11,2,2429.42
11396,3810,220,4,3679.26
11397,3811,10,5,3511.99
11398,3811,152,1,374.79
11399,3812,291,2,3569.66
11400,3812,266,3,2495.11
11401,3812,270,4,4927.09
11402,3812,72,5,4724.69
11403,3812,217,3,4704.65
11404,3813,74,5,4715.38
11405,3813,156,3,1004.17
11406,3814,119,3,477.98
11407,3814,160,2,3852.67
11408,3814,84,3,2539.43
11409,3814,273,4,4095.59
11410,3815,80,3,1877.86
11411,3816,93,1,4812.87
11412,3817,299,1,435.94
11413,3817,137,4,3147.85
11414,3817,153,4,3248.97
11415,3817,94,2,4865.89
11416,3818,297,1,1673.98
11417,3818,88,5,4994.53
11418,3818,163,3,1500.54
11419,3818,229,2,4863.63
11420,3819,109,5,2039.95
11421,3819,118,3,1981.09
11422,3820,35,4,569.23
11423,3821,13,5,2086.84
11424,3821,115,4,4873.51
11425,3821,120,2,2121.09
11426,3822,280,4,4390.7
11427,3822,250,4,1135.04
11428,3822,20,3,152.74
11429,3822,298,4,3937.07
11430,3823,79,3,3021.52
11431,3824,221,3,3321.81
11432,3825,73,5,1271.67
11433,3825,100,3,1760.9
11434,3825,260,2,2074.09
11435,3826,77,3,1127.28
11436,3827,79,5,4258.03
11437,3827,116,3,4216.63
11438,3827,274,4,1000.52
11439,3827,20,5,2890.93
11440,3827,287,1,3827.67
11441,3828,121,2,3618.88
11442,3828,241,5,4751.31
11443,3829,154,3,1607.31
11444,3830,196,2,4705.31
11445,3830,47,3,1392.75
11446,3831,109,2,4100.68
11447,3832,41,1,2359.83
11448,3832,14,4,832.21
11449,3832,207,1,4399.81
11450,3832,216,5,373.04
11451,3833,103,5,3660.68
11452,3833,35,1,3093.05
11453,3834,190,4,1036.44
11454,3834,8,1,525.01
11455,3835,226,3,541.84
11456,3836,220,1,1241.3
11457,3836,290,4,2964.78
11458,3836,70,1,4073.51
11459,3836,71,3,4443.11
11460,3836,229,2,1964.2
11461,3837,223,1,2396.65
11462,3838,206,1,4862.55
11463,3838,13,2,4700.08
11464,3838,105,5,1099.4
11465,3839,109,3,3460.62
11466,3839,91,4,1170.53
11467,3839,252,4,3872.12
11468,3840,149,2,376.34
11469,3840,27,2,4336.47
11470,3840,246,1,335.58
11471,3841,221,5,2415.29
11472,3842,56,1,1046.64
11473,3842,93,5,1900.44
11474,3842,83,3,3794.6
11475,3842,54,2,3364.03
11476,3842,263,2,3000.23
11477,3843,41,3,931.53
11478,3843,103,3,1255.24
11479,3843,255,2,3995.61
11480,3843,116,1,1105.26
11481,3843,240,1,4989.42
11482,3844,144,2,2512.86
11483,3844,241,5,3178.34
11484,3844,161,3,921.53
11485,3845,185,2,4014.58
11486,3846,36,4,2757.53
11487,3846,58,5,3223.09
11488,3846,296,2,2746.49
11489,3847,208,2,3120.73
11490,3847,279,2,3162.98
11491,3847,86,2,2363.06
11492,3847,172,1,4528.52
11493,3848,264,4,466.64
11494,3848,27,5,1199.06
11495,3848,168,3,2884.15
11496,3848,181,4,2864.02
11497,3848,57,4,1768.61
11498,3849,2,1,3562.09
11499,3850,59,4,2216.56
11500,3850,45,2,3880.65
11501,3851,168,5,260.34
11502,3851,93,2,1154.45
11503,3852,97,4,3617.05
11504,3852,123,5,2002.52
11505,3852,101,5,4389.63
11506,3852,132,4,2575.59
11507,3853,173,1,1621.62
11508,3853,167,5,4966.09
11509,3853,270,5,3874.71
11510,3853,137,5,1280.53
11511,3854,22,3,702.6
11512,3854,4,2,2079.67
11513,3854,297,2,2968.3
11514,3854,205,4,1694.88
11515,3855,253,1,4424.06
11516,3855,200,2,2252.41
11517,3855,262,3,1828.77
11518,3856,142,2,206.57
11519,3856,124,2,4355.55
11520,3856,53,2,2591.19
11521,3856,202,5,4003.99
11522,3857,47,4,3064.53
11523,3857,290,2,2338.51
11524,3858,162,1,805.53
11525,3858,204,1,4169.16
11526,3859,292,5,4272.28
11527,3860,144,1,3735.15
11528,3860,185,5,4198.29
11529,3860,210,5,4830.08
11530,3861,87,1,4427.15
11531,3861,76,5,2274.86
11532,3861,229,4,1199.95
11533,3862,229,1,2895.37
11534,3862,12,2,347.89
11535,3862,263,2,798.27
11536,3862,208,1,1014.23
11537,3862,233,4,3754.5
11538,3863,285,3,286.61
11539,3863,135,5,505.21
11540,3863,140,3,3698.49
11541,3863,220,1,3019.73
11542,3864,26,3,456.47
11543,3865,89,3,2584.94
11544,3865,81,2,4882.38
11545,3865,17,2,393.77
11546,3865,45,1,1755.47
11547,3866,218,1,673.85
11548,3867,190,2,1806.2
11549,3867,41,4,2030.31
11550,3867,157,1,108.94
11551,3867,263,3,4566.55
11552,3867,10,3,3039.65
11553,3868,99,4,2474.73
11554,3868,4,5,3306.41
11555,3868,44,5,1330.2
11556,3869,233,4,2445.67
11557,3869,280,5,3691.38
11558,3869,278,5,4598.13
11559,3869,286,5,1026.78
11560,3870,9,3,4240.97
11561,3870,64,5,4413.91
11562,3870,263,1,2866.4
11563,3871,126,4,1604.6
11564,3871,140,1,1364.66
11565,3871,105,3,2242.99
11566,3872,115,3,3903.19
11567,3872,217,3,2896.07
11568,3872,188,2,2556.9
11569,3872,5,4,104.94
11570,3872,98,2,204.97
11571,3873,169,5,1889.99
11572,3874,212,5,2315.82
11573,3874,126,2,1060.63
11574,3874,82,1,2298.93
11575,3874,280,4,2906.23
11576,3875,34,1,3310.74
11577,3875,202,2,3780.1
11578,3875,8,1,2626.63
11579,3876,203,2,2855.44
11580,3877,63,2,3987.35
11581,3877,93,5,4494.46
11582,3877,278,2,2634.69
11583,3878,44,5,3527.46
11584,3878,73,2,2376.8
11585,3878,64,3,4591.25
11586,3878,271,1,633.14
11587,3879,291,4,784.75
11588,3879,119,2,4443.46
11589,3880,296,4,4274.24
11590,3880,242,4,479.84
11591,3881,81,3,4121.02
11592,3881,13,4,4903.74
11593,3882,230,1,417.14
11594,3882,9,4,3584.91
11595,3883,21,5,3014.4
11596,3883,190,5,2897.22
11597,3883,152,5,1635.9
11598,3884,51,4,1510.03
11599,3884,81,5,820.6
11600,3884,31,3,1135.62
11601,3885,62,4,4928.52
11602,3885,122,5,2321.26
11603,3886,263,1,3720.06
11604,3886,169,1,4701.3
11605,3886,54,4,4507.6
11606,3886,103,5,2721.11
11607,3886,277,3,3565.2
11608,3887,162,1,238.12
11609,3888,73,3,2451.61
11610,3888,115,2,1995.02
11611,3888,291,1,666.18
11612,3889,145,3,1709.9
11613,3889,152,4,3317.33
11614,3889,46,3,2571.38
11615,3889,277,1,4203.46
11616,3890,121,2,2418.36
11617,3890,137,4,893.66
11618,3890,284,4,982.96
11619,3890,250,3,197.13
11620,3891,35,1,1680.87
11621,3891,97,4,808.41
11622,3892,274,4,2840.09
11623,3892,71,3,4027.71
11624,3893,119,1,567.18
11625,3894,228,4,1984.54
11626,3895,92,5,4976.48
11627,3895,148,2,1100.01
11628,3895,37,2,174.28
11629,3896,151,1,528.14
11630,3897,179,1,3552.38
11631,3897,232,3,790.29
11632,3898,210,1,1926.09
11633,3899,165,5,4428.75
11634,3899,42,1,1721.87
11635,3899,45,2,4431.73
11636,3899,148,1,4677.17
11637,3899,43,4,3902.0
11638,3900,133,1,329.16
11639,3900,163,2,3065.79
11640,3900,213,1,3563.03
11641,3900,185,5,4408.96
11642,3900,100,4,4387.67
11643,3901,158,2,2543.22
11644,3902,67,2,4414.71
11645,3902,268,5,1949.5
11646,3903,108,2,933.06
11647,3903,234,3,853.92
11648,3903,222,5,1218.16
11649,3904,246,3,2510.27
11650,3904,187,2,4087.14
11651,3904,51,4,4119.82
11652,3905,260,1,212.9
11653,3905,155,3,1648.63
11654,3906,246,4,3267.44
11655,3907,269,4,2265.61
11656,3907,26,2,2961.92
11657,3907,274,2,3001.02
11658,3907,95,3,885.68
11659,3908,70,4,4588.79
11660,3909,68,5,411.57
11661,3909,84,4,804.37
11662,3909,297,1,3612.93
11663,3910,273,2,2283.94
11664,3911,125,1,1829.57
11665,3911,237,2,640.07
11666,3911,283,2,101.16
11667,3912,227,4,1309.61
11668,3912,206,2,1950.71
11669,3912,285,1,4023.79
11670,3912,51,5,1574.83
11671,3913,70,1,1734.76
11672,3913,296,4,458.84
11673,3913,96,3,2234.59
11674,3914,212,2,3110.21
11675,3914,184,3,954.88
11676,3914,24,4,3094.37
11677,3914,90,4,2714.21
11678,3915,171,2,4153.12
11679,3915,124,5,2540.75
11680,3916,250,4,1347.38
11681,3916,13,2,1174.94
11682,3917,173,4,4474.57
11683,3917,37,4,3269.82
11684,3918,200,3,4239.21
11685,3918,112,5,4021.17
11686,3918,93,4,2258.39
11687,3919,33,4,2342.87
11688,3919,238,1,4520.46
11689,3919,245,2,3162.13
11690,3919,205,2,3150.11
11691,3920,151,3,4227.32
11692,3921,181,2,4311.64
11693,3921,60,5,3722.47
11694,3921,212,1,697.93
11695,3921,166,3,4396.21
11696,3921,29,1,2128.14
11697,3922,132,1,4125.44
11698,3922,210,4,4958.53
11699,3922,246,5,3421.92
11700,3923,86,4,584.34
11701,3923,224,3,3627.5
11702,3923,97,1,4549.39
11703,3923,20,2,3079.75
11704,3923,271,2,4896.97
11705,3924,173,2,2273.69
11706,3924,54,4,4889.51
11707,3925,102,5,4426.63
11708,3925,258,3,1104.47
11709,3925,11,3,3024.92
11710,3926,47,2,283.8
11711,3926,7,2,3281.34
11712,3926,90,3,1337.26
11713,3926,31,5,3031.4
11714,3926,64,4,672.18
11715,3927,93,5,2039.3
11716,3928,131,3,4764.44
11717,3929,38,5,4301.96
11718,3929,70,1,4370.56
11719,3929,72,3,3903.73
11720,3929,110,3,3568.07
11721,3929,18,2,289.67
11722,3930,254,4,2452.96
11723,3930,271,4,2560.51
11724,3931,273,4,3200.66
11725,3931,60,4,4883.5
11726,3931,30,3,2977.46
11727,3932,28,4,3806.67
11728,3932,27,5,4809.43
11729,3932,248,1,2188.93
11730,3932,194,3,1113.71
11731,3933,28,5,3740.38
11732,3933,7,4,1025.59
11733,3933,241,3,4055.13
11734,3934,226,2,3154.63
11735,3934,62,4,3395.9
11736,3935,107,2,2648.07
11737,3935,151,3,2604.3
11738,3935,16,3,2220.67
11739,3935,167,5,3536.82
11740,3935,153,5,4949.23
11741,3936,130,4,2102.24
11742,3937,103,2,1021.22
11743,3937,38,2,4391.02
11744,3937,123,2,1931.19
11745,3937,208,2,2181.03
11746,3938,83,3,769.73
11747,3939,171,3,3637.33
11748,3939,152,3,4953.93
11749,3939,33,4,2220.03
11750,3939,147,4,1395.76
11751,3939,121,2,4811.11
11752,3940,181,4,333.8
11753,3940,253,3,2488.81
11754,3940,73,4,3887.21
11755,3940,100,5,2126.17
11756,3940,205,4,1112.17
11757,3941,88,4,1653.16
11758,3942,237,4,449.97
11759,3942,82,1,1182.88
11760,3942,196,1,4718.76
11761,3943,43,3,3187.69
11762,3943,24,1,1183.79
11763,3943,216,2,4875.02
11764,3943,178,1,1371.62
11765,3943,78,5,121.6
11766,3944,21,5,561.75
11767,3944,125,5,794.8
11768,3945,245,1,3884.0
11769,3945,242,4,4459.8
11770,3946,180,2,787.24
11771,3947,163,4,3973.04
11772,3947,104,3,119.61
11773,3947,231,3,482.52
11774,3947,244,1,4789.37
11775,3947,210,3,677.06
11776,3948,274,2,1740.66
11777,3948,158,4,863.72
11778,3948,292,5,3787.06
11779,3948,293,3,1631.02
11780,3949,8,5,370.05
11781,3949,85,1,3760.57
11782,3949,72,4,1413.52
11783,3950,52,1,674.31
11784,3950,48,1,4792.11
11785,3950,94,1,2107.45
11786,3950,274,1,4429.5
11787,3950,264,3,1890.18
11788,3951,105,3,858.91
11789,3951,32,4,613.42
11790,3952,217,2,2894.0
11791,3953,294,2,1071.52
11792,3954,212,2,4596.13
11793,3954,241,4,2931.49
11794,3955,77,1,2523.43
11795,3955,226,4,2311.26
11796,3956,206,3,4308.9
11797,3956,132,5,1910.6
11798,3956,160,2,2218.28
11799,3956,234,4,933.79
11800,3956,270,1,4497.31
11801,3957,262,1,906.8
11802,3957,38,2,1354.43
11803,3957,260,4,4329.57
11804,3957,47,3,4976.89
11805,3958,78,3,1824.74
11806,3958,120,4,1497.92
11807,3958,213,2,490.7
11808,3959,280,1,2969.58
11809,3959,268,1,4633.67
11810,3959,109,3,2327.44
11811,3960,179,1,1938.98
11812,3961,170,2,3815.2
11813,3961,177,5,4844.33
11814,3962,235,2,1088.59
11815,3962,144,4,1226.48
11816,3962,66,3,639.33
11817,3962,27,5,2383.82
11818,3962,101,1,2681.58
11819,3963,52,3,4545.91
11820,3963,63,5,4701.56
11821,3964,117,3,3282.31
11822,3965,91,5,397.75
11823,3965,72,1,448.54
11824,3965,271,1,690.27
11825,3965,266,1,1943.29
11826,3965,23,2,607.61
11827,3966,30,1,1142.57
11828,3966,290,3,1797.51
11829,3967,119,4,3647.91
11830,3967,215,1,1844.15
11831,3968,250,5,3063.96
11832,3968,163,3,2369.5
11833,3968,255,4,1199.54
11834,3968,106,5,3838.67
11835,3968,33,3,1889.98
11836,3969,237,1,3533.61
11837,3969,73,4,4967.04
11838,3969,151,1,156.21
11839,3970,238,1,367.35
11840,3970,139,1,774.44
11841,3970,167,4,2593.37
11842,3971,17,4,3698.21
11843,3971,124,3,2531.6
11844,3972,8,1,2089.73
11845,3972,251,4,1896.99
11846,3973,19,3,394.18
11847,3974,16,1,2151.27
11848,3974,290,5,3781.86
11849,3975,174,5,1700.8
11850,3975,193,4,4735.89
11851,3975,182,5,760.2
11852,3976,178,5,2146.04
11853,3977,71,2,2438.1
11854,3977,194,3,719.88
11855,3978,12,1,1338.49
11856,3978,151,1,2313.59
11857,3978,281,4,2522.03
11858,3978,181,1,385.07
11859,3978,237,5,417.57
11860,3979,245,3,1094.08
11861,3979,181,3,3027.35
11862,3980,271,2,1558.49
11863,3980,257,3,1865.36
11864,3980,31,3,851.45
11865,3981,116,1,2211.87
11866,3981,215,4,2579.78
11867,3981,198,4,3185.62
11868,3982,205,1,4628.62
11869,3982,277,5,253.74
11870,3982,88,1,3894.21
11871,3982,130,3,990.96
11872,3983,104,5,463.57
11873,3983,170,4,1951.88
11874,3983,153,3,4079.93
11875,3983,299,3,3634.88
11876,3983,224,5,2421.11
11877,3984,179,1,132.71
11878,3984,298,1,4694.76
11879,3985,220,1,1631.94
11880,3985,112,4,1279.96
11881,3985,252,2,598.91
11882,3985,187,2,3610.44
11883,3985,124,3,3234.39
11884,3986,138,4,3384.47
11885,3986,95,2,4515.32
11886,3987,222,1,717.89
11887,3987,141,3,2051.5
11888,3987,191,5,1959.55
11889,3988,233,5,661.44
11890,3988,185,4,4561.95
11891,3988,256,5,4261.7
11892,3989,74,3,4944.16
11893,3989,251,4,1844.72
11894,3989,34,1,1007.65
11895,3989,272,2,4879.49
11896,3990,33,2,1645.01
11897,3990,133,4,173.38
11898,3991,131,3,2473.4
11899,3991,81,4,1057.72
11900,3991,93,5,4412.12
11901,3992,240,1,1179.3
11902,3992,178,4,4316.79
11903,3992,210,5,4063.14
11904,3993,262,2,1994.42
11905,3993,98,3,2830.26
11906,3993,224,3,2224.31
11907,3993,130,1,4094.37
11908,3994,277,2,291.04
11909,3994,158,5,3172.29
11910,3994,50,3,2076.59
11911,3994,108,1,2411.94
11912,3994,265,4,1035.81
11913,3995,295,3,1877.32
11914,3996,288,2,2595.77
11915,3997,157,2,2060.46
11916,3997,183,4,4448.96
11917,3997,9,3,1176.14
11918,3997,123,3,176.92
11919,3997,186,3,1212.18
11920,3998,144,3,1969.23
11921,3998,146,4,781.43
11922,3999,224,5,4135.01
11923,4000,1,1,1120.91
11924,4000,102,2,807.43
11925,4000,22,2,645.77
11926,4000,265,5,2668.95
11927,4001,206,4,2047.09
11928,4001,294,1,1147.99
11929,4001,164,4,2723.36
11930,4001,237,3,1533.11
11931,4001,28,1,197.68
11932,4002,158,4,3038.03
11933,4002,218,4,2914.62
11934,4003,279,2,4918.0
11935,4003,252,2,1754.73
11936,4004,133,5,596.03
11937,4005,195,2,3394.26
11938,4005,36,4,4800.66
11939,4005,255,1,1439.79
11940,4005,59,5,3348.48
11941,4005,227,1,2294.44
11942,4006,111,4,4561.73
11943,4006,116,3,2208.98
11944,4006,212,3,2864.5
11945,4006,274,1,3501.03
11946,4007,192,1,3338.67
11947,4007,160,2,2776.46
11948,4008,92,4,1010.64
11949,4008,183,3,3865.03
11950,4009,29,3,2073.18
11951,4009,229,1,2820.85
11952,4009,182,2,3334.81
11953,4009,144,2,3880.9
11954,4010,97,5,2186.22
11955,4010,139,2,2828.58
11956,4011,200,2,4324.0
11957,4011,141,2,2750.27
11958,4011,127,4,3479.72
11959,4012,88,1,293.13
11960,4012,214,1,3450.69
11961,4012,19,5,2374.93
11962,4012,198,1,2276.9
11963,4013,286,2,1330.57
11964,4013,116,4,108.08
11965,4013,33,2,4379.37
11966,4013,32,1,4815.54
11967,4014,96,5,4983.62
11968,4015,182,1,3751.31
11969,4016,256,4,2280.76
11970,4016,125,3,2227.62
11971,4016,230,2,2968.22
11972,4017,2,3,4013.11
11973,4017,49,1,3092.8
11974,4017,162,2,4873.37
11975,4018,91,1,3476.22
11976,4018,44,2,2686.19
11977,4019,231,2,4439.73
11978,4019,186,1,2373.23
11979,4019,13,4,2304.72
11980,4020,47,1,3587.54
11981,4020,76,1,655.75
11982,4020,226,4,1999.96
11983,4020,6,5,4123.22
11984,4020,283,1,296.58
11985,4021,294,1,3012.35
11986,4021,39,1,4395.57
11987,4021,187,3,831.42
11988,4021,13,4,1637.02
11989,4022,76,2,1932.41
11990,4022,81,2,2734.6
11991,4023,98,2,2032.58
11992,4024,54,4,4604.29
11993,4024,12,4,2296.82
11994,4024,43,1,3000.55
11995,4024,19,4,3011.39
11996,4025,188,2,4031.04
11997,4026,36,1,952.79
11998,4026,171,2,4581.14
11999,4026,99,5,2556.58
12000,4026,225,3,3573.14
12001,4026,288,4,3477.22
12002,4027,242,3,2378.19
12003,4027,298,4,4370.41
12004,4027,248,1,4678.98
12005,4028,288,2,2682.56
12006,4029,243,1,1606.02
12007,4030,261,2,1831.9
12008,4031,82,3,4904.65
12009,4031,155,2,1787.23
12010,4031,36,1,399.24
12011,4032,118,1,2260.59
12012,4032,216,4,504.54
12013,4033,298,5,3298.14
12014,4034,64,5,2741.68
12015,4034,236,1,2599.32
12016,4034,248,2,376.78
12017,4034,106,5,195.88
12018,4034,215,5,4766.38
12019,4035,36,5,1661.86
12020,4035,70,3,733.17
12021,4035,102,5,1451.9
12022,4035,72,1,1163.38
12023,4035,198,4,3284.55
12024,4036,240,1,4869.51
12025,4036,173,4,3556.1
12026,4037,202,4,1670.51
12027,4037,26,4,2031.2
12028,4037,44,5,2679.41
12029,4037,254,3,1187.38
12030,4037,8,4,573.34
12031,4038,297,2,2137.43
12032,4038,290,1,4522.43
12033,4038,113,3,2319.75
12034,4038,40,5,959.25
12035,4038,238,4,1188.11
12036,4039,189,3,211.02
12037,4039,103,1,2755.12
12038,4039,289,3,2331.76
12039,4040,221,4,1981.5
12040,4040,13,4,201.94
12041,4040,54,4,133.05
12042,4040,107,5,3473.49
12043,4041,206,5,1717.66
12044,4041,295,3,2592.82
12045,4041,72,4,2112.46
12046,4041,147,5,2544.06
12047,4041,115,3,1423.72
12048,4042,22,2,393.97
12049,4042,244,2,3606.43
12050,4042,279,3,1827.32
12051,4043,139,4,4375.15
12052,4043,250,4,2502.84
12053,4043,238,3,2724.16
12054,4043,13,2,2233.83
12055,4043,71,4,422.52
12056,4044,180,5,380.04
12057,4044,59,5,1730.32
12058,4045,216,5,363.17
12059,4046,215,4,598.78
12060,4046,86,2,4930.64
12061,4046,7,1,3885.4
12062,4046,153,1,3613.17
12063,4046,6,3,1258.77
12064,4047,20,3,2596.44
12065,4047,249,1,4776.99
12066,4047,235,4,2098.53
12067,4047,202,5,2209.55
12068,4047,270,4,4751.05
12069,4048,80,2,2174.24
12070,4048,300,5,2924.46
12071,4048,77,5,2854.65
12072,4048,253,4,200.53
12073,4048,248,5,130.25
12074,4049,6,5,1305.17
12075,4049,120,1,3282.54
12076,4049,95,2,1912.24
12077,4049,149,1,221.33
12078,4050,269,1,3416.11
12079,4050,242,5,3151.94
12080,4050,81,5,2971.93
12081,4051,21,4,2076.39
12082,4051,77,3,2561.22
12083,4051,290,5,978.33
12084,4051,24,2,695.1
12085,4052,63,4,3613.13
12086,4052,127,4,4237.43
12087,4052,9,4,276.41
12088,4052,82,3,731.35
12089,4052,148,1,1144.3
12090,4053,180,2,2417.24
12091,4053,235,5,373.16
12092,4053,288,1,2064.29
12093,4053,107,5,4608.92
12094,4053,222,4,3090.46
12095,4054,140,4,3022.45
12096,4055,207,1,2203.75
12097,4055,48,3,1498.31
12098,4056,179,1,3904.3
12099,4056,252,1,3740.21
12100,4056,138,4,856.07
12101,4056,171,1,2763.73
12102,4057,145,3,847.1
12103,4057,66,5,1544.38
12104,4057,188,4,2709.74
12105,4057,165,1,2308.07
12106,4057,46,3,366.07
12107,4058,213,4,2828.5
12108,4058,92,3,754.7
12109,4058,105,2,4155.42
12110,4058,15,3,896.04
12111,4058,123,4,1609.95
12112,4059,44,2,1292.62
12113,4059,85,5,4318.45
12114,4059,94,1,2938.85
12115,4059,193,4,3009.96
12116,4059,254,2,958.96
12117,4060,246,3,3289.19
12118,4060,10,4,4463.51
12119,4060,178,5,1761.05
12120,4060,139,3,526.29
12121,4061,129,5,2649.42
12122,4061,233,3,1877.72
12123,4061,141,3,609.06
12124,4062,210,3,2086.4
12125,4062,25,4,648.74
12126,4062,53,3,2078.71
12127,4063,136,1,1996.85
12128,4063,170,5,2980.39
12129,4063,194,2,1967.59
12130,4064,103,1,2085.71
12131,4065,93,2,4221.91
12132,4065,8,2,2092.36
12133,4065,159,2,1017.12
12134,4065,263,5,4085.94
12135,4066,26,2,2994.18
12136,4066,39,3,4329.05
12137,4066,182,5,2947.62
12138,4067,134,2,701.65
12139,4067,210,2,4791.5
12140,4067,185,5,1328.39
12141,4067,21,5,359.85
12142,4067,52,1,1364.53
12143,4068,275,3,2875.31
12144,4068,169,1,4483.02
12145,4068,214,3,2025.24
12146,4068,165,4,1761.88
12147,4068,33,1,3807.11
12148,4069,74,2,762.81
12149,4069,248,5,369.49
12150,4069,136,1,481.29
12151,4070,125,5,4702.98
12152,4070,201,2,2863.37
12153,4071,267,1,4847.16
12154,4071,16,2,3190.95
12155,4071,134,5,3984.55
12156,4071,211,4,639.5
12157,4072,228,3,798.4
12158,4072,82,4,2843.76
12159,4073,182,4,2902.27
12160,4073,228,2,4883.36
12161,4073,199,3,2855.13
12162,4074,130,1,423.13
12163,4075,194,4,2146.28
12164,4075,86,3,303.03
12165,4075,284,2,494.39
12166,4076,133,2,2197.59
12167,4077,182,5,283.64
12168,4077,73,2,2591.13
12169,4078,69,1,4704.69
12170,4078,119,1,1918.87
12171,4079,232,5,1824.72
12172,4079,35,5,2897.88
12173,4079,121,1,1132.14
12174,4079,212,3,1322.07
12175,4080,88,2,3337.88
12176,4080,132,1,2487.54
12177,4081,5,5,4423.09
12178,4081,241,4,2397.11
12179,4082,239,4,3986.19
12180,4082,148,3,1031.24
12181,4082,196,2,1137.59
12182,4082,114,1,2668.14
12183,4083,230,1,956.82
12184,4083,189,1,3169.66
12185,4084,205,2,2568.42
12186,4084,260,2,2967.78
12187,4085,6,1,4820.05
12188,4085,118,5,1632.97
12189,4085,81,5,4607.19
12190,4085,201,5,2819.32
12191,4085,30,3,1376.3
12192,4086,95,5,3070.73
12193,4086,53,5,4394.0
12194,4086,121,1,3522.39
12195,4087,205,5,1542.09
12196,4088,208,1,2623.89
12197,4088,189,1,4077.99
12198,4088,35,1,3545.38
12199,4088,296,5,636.02
12200,4089,99,5,1914.52
12201,4089,83,2,4825.74
12202,4090,235,5,3979.97
12203,4090,214,3,2970.66
12204,4091,28,5,3689.37
12205,4091,166,5,1121.95
12206,4092,206,1,1477.74
12207,4092,73,5,3580.8
12208,4093,73,5,3077.07
12209,4093,30,5,3754.97
12210,4093,163,4,4733.82
12211,4094,295,4,545.5
12212,4094,221,1,4104.69
12213,4094,21,4,1498.33
12214,4094,224,3,1917.01
12215,4095,24,2,1036.8
12216,4095,162,3,2628.81
12217,4095,155,3,346.41
12218,4095,38,2,1747.49
12219,4095,12,3,4806.6
12220,4096,245,3,3310.99
12221,4097,220,4,4469.11
12222,4098,154,5,2270.16
12223,4099,74,2,4489.13
12224,4100,116,4,2431.04
12225,4100,293,1,230.29
12226,4100,10,4,4161.76
12227,4100,58,5,3079.65
12228,4101,282,2,2010.83
12229,4101,212,5,2084.31
12230,4101,217,2,4196.44
12231,4101,198,2,4531.84
12232,4102,15,1,1654.9
12233,4102,10,4,4552.74
12234,4102,137,2,3503.24
12235,4103,65,3,4356.81
12236,4103,37,3,4425.05
12237,4103,8,5,1863.74
12238,4103,239,1,3912.74
12239,4104,220,5,1840.42
12240,4104,215,3,4621.11
12241,4104,193,1,4584.99
12242,4104,32,3,2311.59
12243,4104,269,1,761.68
12244,4105,222,3,3180.3
12245,4106,295,3,1459.4
12246,4106,287,1,1430.76
12247,4107,148,1,2962.6
12248,4107,191,5,982.0
12249,4108,62,1,1340.17
12250,4108,118,3,786.99
12251,4108,126,1,4354.55
12252,4109,268,5,209.45
12253,4109,21,5,115.08
12254,4109,247,1,2853.17
12255,4109,151,1,2863.16
12256,4110,155,2,1832.32
12257,4110,92,4,2413.37
12258,4110,293,2,4531.63
12259,4110,124,2,3491.9
12260,4110,38,4,3193.55
12261,4111,178,3,1111.94
12262,4111,128,2,805.98
12263,4112,297,3,3646.51
12264,4112,251,5,4645.53
12265,4112,181,5,4331.18
12266,4112,60,2,463.95
12267,4113,102,4,117.2
12268,4113,261,4,2981.74
12269,4113,107,2,805.86
12270,4113,38,3,267.21
12271,4113,266,3,1522.02
12272,4114,158,3,4800.15
12273,4114,159,3,168.46
12274,4114,117,4,962.36
12275,4114,232,2,4417.63
12276,4114,272,5,2669.51
12277,4115,110,2,4721.42
12278,4115,179,4,1762.93
12279,4115,214,1,964.09
12280,4116,44,4,942.77
12281,4117,1,5,3246.02
12282,4117,208,1,4634.99
12283,4117,152,5,1178.08
12284,4117,47,5,2414.64
12285,4117,283,3,1025.71
12286,4118,265,2,112.37
12287,4118,227,5,4547.95
12288,4118,43,1,1415.65
12289,4118,49,3,2301.61
12290,4119,217,5,2278.16
12291,4119,145,2,1711.69
12292,4119,132,1,1503.27
12293,4119,51,4,2951.07
12294,4119,200,2,286.98
12295,4120,7,2,352.18
12296,4120,148,2,718.62
12297,4120,193,4,4836.29
12298,4120,221,1,3710.75
12299,4120,16,1,3429.0
12300,4121,88,5,3179.21
12301,4122,293,5,2451.4
12302,4122,21,1,3177.01
12303,4122,107,5,899.92
12304,4123,294,4,2950.27
12305,4123,298,1,2338.58
12306,4124,15,1,4255.35
12307,4124,201,2,2916.87
12308,4125,134,5,2267.51
12309,4125,256,1,271.83
12310,4125,14,3,4362.54
12311,4126,179,1,1623.08
12312,4127,244,2,3042.98
12313,4127,86,4,1146.21
12314,4128,13,4,1368.44
12315,4128,172,3,3381.09
12316,4128,120,3,1088.16
12317,4129,238,1,4978.24
12318,4129,14,1,4442.89
12319,4129,207,4,1721.74
12320,4129,138,5,4431.41
12321,4129,59,4,3901.85
12322,4130,37,3,1290.94
12323,4131,96,4,4966.15
12324,4131,95,2,2084.19
12325,4131,132,4,4774.78
12326,4131,139,1,1283.88
12327,4131,15,1,416.04
12328,4132,233,5,1423.49
12329,4133,291,4,1723.65
12330,4134,273,1,3019.12
12331,4134,224,4,1632.52
12332,4134,152,1,1957.81
12333,4135,201,2,2247.73
12334,4135,92,5,3531.02
12335,4136,211,1,3580.3
12336,4136,39,1,472.91
12337,4136,262,5,2231.28
12338,4137,147,5,4478.65
12339,4137,52,5,442.29
12340,4138,85,1,1587.43
12341,4138,216,2,2220.1
12342,4139,211,2,229.8
12343,4140,161,2,707.58
12344,4140,77,2,2452.3
12345,4140,9,4,2648.24
12346,4140,8,5,2177.34
12347,4141,83,5,2346.03
12348,4141,26,2,4168.57
12349,4141,256,1,2262.98
12350,4142,171,1,3700.17
12351,4143,58,4,374.37
12352,4143,112,3,1144.41
12353,4143,177,1,3052.33
12354,4143,87,3,1251.99
12355,4143,258,3,3274.37
12356,4144,18,3,3310.73
12357,4144,14,3,115.43
12358,4145,26,5,1813.95
12359,4145,241,1,202.54
12360,4145,166,3,4221.44
12361,4146,176,5,1909.87
12362,4146,50,2,147.8
12363,4146,81,3,4134.13
12364,4146,270,2,1995.83
12365,4146,108,2,1721.04
12366,4147,83,4,560.95
12367,4147,179,5,446.46
12368,4148,20,3,2317.22
12369,4148,104,4,2831.92
12370,4149,211,3,1135.66
12371,4149,177,3,3213.31
12372,4149,137,2,479.8
12373,4150,129,4,4966.2
12374,4150,208,4,192.25
12375,4150,26,1,3814.51
12376,4150,55,4,4455.45
12377,4151,107,2,4320.46
12378,4151,156,4,2578.26
12379,4151,87,2,4447.94
12380,4152,188,3,4188.42
12381,4152,79,4,4252.96
12382,4153,146,2,2869.63
12383,4153,172,3,4554.76
12384,4153,241,1,3311.96
12385,4154,238,3,1330.09
12386,4154,158,4,1128.18
12387,4154,249,1,3025.96
12388,4154,52,5,739.63
12389,4154,60,5,1184.68
12390,4155,270,5,1423.67
12391,4155,70,2,4780.14
12392,4155,95,4,4397.21
12393,4155,111,5,1461.32
12394,4156,99,1,2981.31
12395,4156,177,4,1460.06
12396,4156,257,1,1815.36
12397,4157,111,3,2423.17
12398,4157,172,2,2327.95
12399,4157,298,4,631.77
12400,4157,200,4,4246.34
12401,4157,190,2,2137.86
12402,4158,74,3,599.68
12403,4158,289,1,3992.08
12404,4159,146,4,2828.91
12405,4159,206,4,2824.73
12406,4160,254,3,3741.27
12407,4160,226,4,1456.55
12408,4161,278,5,1052.86
12409,4161,229,1,4005.99
12410,4161,281,2,683.04
12411,4162,184,3,1338.42
12412,4163,273,3,4544.4
12413,4163,249,4,3601.34
12414,4163,125,4,1499.16
12415,4163,233,3,4734.44
12416,4164,15,3,1523.41
12417,4164,223,3,1413.45
12418,4164,101,4,1380.52
12419,4164,260,3,1960.6
12420,4165,64,2,2926.71
12421,4165,74,2,1668.46
12422,4165,228,5,324.4
12423,4165,172,2,4823.84
12424,4165,77,5,3081.83
12425,4166,260,5,3770.49
12426,4167,1,4,1749.41
12427,4167,159,1,2019.89
12428,4167,195,4,756.49
12429,4167,264,1,149.29
12430,4168,229,1,2810.2
12431,4169,89,4,4082.62
12432,4170,54,3,4251.91
12433,4170,36,2,1040.9
12434,4170,133,1,735.04
12435,4170,32,5,3234.18
12436,4170,150,3,1448.76
12437,4171,183,1,633.26
12438,4171,277,3,190.69
12439,4171,36,4,1765.27
12440,4171,278,3,4261.43
12441,4171,290,3,1566.92
12442,4172,196,2,2735.49
12443,4172,87,1,1390.91
12444,4173,237,1,2408.2
12445,4173,283,2,468.43
12446,4173,67,2,914.22
12447,4174,214,3,1201.25
12448,4175,203,4,2196.04
12449,4176,255,3,270.83
12450,4176,72,1,1475.1
12451,4176,69,5,526.02
12452,4176,98,3,3750.97
12453,4176,144,4,4132.48
12454,4177,113,2,933.23
12455,4177,179,4,899.31
12456,4177,36,2,3464.23
12457,4178,110,5,3799.56
12458,4178,31,3,1026.9
12459,4178,162,4,3890.52
12460,4179,46,3,4887.0
12461,4179,77,3,3921.72
12462,4179,293,2,3640.77
12463,4179,47,2,531.93
12464,4179,150,5,3320.19
12465,4180,179,2,578.79
12466,4180,104,5,3609.62
12467,4180,297,3,2579.66
12468,4180,163,4,640.18
12469,4181,7,3,966.36
12470,4181,284,1,4998.9
12471,4181,203,2,1570.64
12472,4181,95,5,166.96
12473,4181,43,4,1146.42
12474,4182,19,4,4456.14
12475,4183,176,5,1619.16
12476,4183,232,3,2194.03
12477,4183,184,1,4227.32
12478,4183,109,1,148.55
12479,4183,240,4,2810.36
12480,4184,92,2,1832.59
12481,4185,7,1,319.16
12482,4185,188,3,2278.9
12483,4185,184,3,2416.37
12484,4185,237,5,622.33
12485,4186,33,1,4244.11
12486,4186,48,4,520.42
12487,4186,247,2,1108.51
12488,4187,28,3,4099.49
12489,4187,101,2,2090.02
12490,4188,34,2,4770.63
12491,4188,94,4,618.07
12492,4188,236,5,347.62
12493,4188,272,2,1438.06
12494,4188,26,1,3380.37
12495,4189,52,3,1420.76
12496,4189,138,4,3127.09
12497,4190,173,1,3609.43
12498,4190,204,4,3371.1
12499,4190,198,2,3190.47
12500,4190,236,2,2851.28
12501,4191,273,1,973.76
12502,4191,34,2,4371.19
12503,4192,247,3,771.72
12504,4192,82,4,3995.35
12505,4192,218,5,1957.29
12506,4193,32,3,338.1
12507,4194,194,2,4486.34
12508,4194,164,1,3599.57
12509,4194,54,5,2047.53
12510,4195,20,1,804.2
12511,4195,208,5,2191.02
12512,4196,182,1,567.05
12513,4196,149,4,3718.66
12514,4196,109,3,128.74
12515,4197,72,1,2487.26
12516,4197,287,4,3385.08
12517,4197,27,1,702.37
12518,4197,183,3,2618.34
12519,4198,51,3,1930.64
12520,4198,257,2,599.23
12521,4198,127,2,1955.75
12522,4199,217,3,1454.25
12523,4200,51,3,3788.86
12524,4200,25,1,3793.57
12525,4200,114,5,1601.64
12526,4200,91,3,3708.78
12527,4201,128,1,868.03
12528,4202,17,3,3473.74
12529,4202,181,5,3315.53
12530,4202,37,2,3999.69
12531,4202,126,3,4953.1
12532,4203,148,1,4010.73
12533,4203,249,3,2584.04
12534,4203,31,5,1449.93
12535,4203,212,4,1191.14
12536,4203,218,2,2092.9
12537,4204,49,5,3030.38
12538,4205,28,4,1217.8
12539,4205,231,1,4885.82
12540,4206,41,1,4201.19
12541,4206,251,5,727.58
12542,4207,85,2,3593.15
12543,4207,92,3,3374.38
12544,4207,120,3,4007.63
12545,4207,158,3,3231.85
12546,4207,100,3,1469.59
12547,4208,197,4,1730.64
12548,4208,200,2,1432.4
12549,4208,95,1,3749.15
12550,4208,131,4,4060.33
12551,4209,72,4,3709.48
12552,4209,55,3,1615.53
12553,4209,135,2,879.33
12554,4210,226,4,3817.38
12555,4210,111,1,3543.31
12556,4210,82,4,956.94
12557,4211,124,1,2032.21
12558,4212,17,1,1331.03
12559,4212,165,1,4425.49
12560,4212,94,5,2433.46
12561,4212,121,4,2262.24
12562,4212,215,5,606.16
12563,4213,234,1,526.88
12564,4213,203,1,2257.09
12565,4214,153,1,797.64
12566,4214,250,4,3074.15
12567,4214,236,2,3730.67
12568,4214,254,3,3942.64
12569,4215,115,3,261.53
12570,4215,286,3,2473.46
12571,4215,43,5,580.12
12572,4215,122,2,3087.04
12573,4216,13,3,4018.38
12574,4216,53,5,4089.07
12575,4216,94,1,753.03
12576,4217,152,5,3284.96
12577,4217,277,5,875.48
12578,4217,59,3,4878.07
12579,4218,264,1,3508.42
12580,4218,292,2,1217.47
12581,4218,97,1,3798.56
12582,4218,221,3,3320.58
12583,4218,123,4,1710.0
12584,4219,92,5,358.24
12585,4219,106,3,4041.99
12586,4219,227,1,1864.5
12587,4220,38,1,2682.89
12588,4220,105,5,468.89
12589,4220,7,1,4617.14
12590,4220,53,4,424.49
12591,4221,101,3,226.61
12592,4221,83,4,4437.84
12593,4221,300,1,1999.91
12594,4221,157,3,2422.41
12595,4222,260,3,4578.97
12596,4222,149,5,971.49
12597,4223,11,2,1735.03
12598,4223,16,5,4120.68
12599,4223,286,1,363.31
12600,4224,208,5,2931.73
12601,4224,238,1,1904.72
12602,4224,182,4,1970.83
12603,4224,186,4,763.59
12604,4225,246,3,305.47
12605,4225,283,5,3122.22
12606,4225,140,5,1119.23
12607,4225,259,4,4334.76
12608,4225,162,1,3237.3
12609,4226,91,4,4793.66
12610,4226,214,3,880.32
12611,4226,4,4,2118.91
12612,4227,206,2,1580.03
12613,4228,55,3,813.83
12614,4229,205,1,2215.54
12615,4229,71,5,375.24
12616,4229,183,1,996.24
12617,4229,228,3,1474.64
12618,4229,271,4,4997.97
12619,4230,116,1,3425.19
12620,4231,112,3,3444.21
12621,4232,241,5,1456.61
12622,4232,293,1,2008.42
12623,4232,61,5,2692.56
12624,4233,80,1,2275.18
12625,4233,96,3,3479.47
12626,4234,279,2,169.88
12627,4235,12,2,1876.97
12628,4235,50,4,4547.74
12629,4235,296,4,3063.19
12630,4236,119,5,1437.38
12631,4237,184,5,810.37
12632,4237,260,4,2361.15
12633,4237,246,1,2598.54
12634,4238,235,5,1800.98
12635,4238,180,2,456.74
12636,4238,221,3,959.77
12637,4238,273,1,2753.48
12638,4238,33,3,4474.1
12639,4239,189,1,4605.61
12640,4239,103,3,2786.76
12641,4239,212,3,4876.75
12642,4239,167,3,962.09
12643,4239,2,2,410.94
12644,4240,288,4,191.32
12645,4240,137,3,1377.83
12646,4240,205,3,3301.76
12647,4240,179,1,2170.02
12648,4241,163,4,2506.04
12649,4241,225,5,4312.34
12650,4241,265,4,4740.97
12651,4241,285,2,4176.68
12652,4241,31,4,529.69
12653,4242,164,2,3867.34
12654,4242,103,2,4465.87
12655,4242,186,2,2690.37
12656,4243,153,4,1652.35
12657,4243,283,4,3802.89
12658,4244,46,4,945.27
12659,4244,192,2,978.77
12660,4244,75,1,4894.06
12661,4244,134,2,4235.51
12662,4244,279,3,3740.99
12663,4245,204,5,4705.19
12664,4246,34,1,563.82
12665,4246,193,1,2287.89
12666,4246,274,2,3657.32
12667,4246,247,4,1082.1
12668,4246,119,5,1039.27
12669,4247,239,3,244.86
12670,4248,24,1,2127.21
12671,4248,91,4,4708.5
12672,4248,32,5,588.49
12673,4248,7,2,4636.09
12674,4249,111,2,4060.99
12675,4249,299,2,1921.89
12676,4249,186,4,3270.91
12677,4249,91,1,2265.19
12678,4250,55,3,3589.16
12679,4250,61,5,2886.13
12680,4250,290,3,4216.12
12681,4250,220,1,1025.79
12682,4250,79,5,4112.5
12683,4251,270,2,3676.97
12684,4251,59,3,753.74
12685,4252,18,5,2760.32
12686,4252,84,4,696.08
12687,4252,162,3,4016.4
12688,4252,60,1,2656.5
12689,4253,142,3,3875.08
12690,4253,260,2,2172.81
12691,4253,267,5,1731.0
12692,4253,36,1,4384.64
12693,4253,32,3,4961.08
12694,4254,18,2,3463.15
12695,4254,62,5,1902.11
12696,4254,180,1,1810.45
12697,4254,93,2,3468.44
12698,4255,299,5,148.11
12699,4255,180,1,4720.33
12700,4256,248,3,4036.19
12701,4256,79,3,2609.55
12702,4256,169,3,2772.2
12703,4256,129,2,3858.13
12704,4256,29,4,4904.35
12705,4257,245,3,2508.11
12706,4257,259,2,3153.33
12707,4257,181,4,2864.51
12708,4257,20,4,3356.08
12709,4257,41,3,1625.9
12710,4258,42,4,2837.99
12711,4259,128,4,1528.49
12712,4259,118,1,4084.66
12713,4259,37,4,2114.05
12714,4260,160,5,1590.75
12715,4260,1,2,3276.68
12716,4261,255,5,759.96
12717,4261,289,4,176.07
12718,4261,227,4,2284.99
12719,4261,222,2,4875.07
12720,4261,38,4,447.41
12721,4262,235,4,3367.95
12722,4262,129,3,3826.34
12723,4263,67,2,1363.3
12724,4263,285,3,3043.15
12725,4263,48,1,2049.77
12726,4263,171,1,3292.87
12727,4264,290,4,908.19
12728,4264,225,1,3878.66
12729,4265,11,5,4840.08
12730,4265,29,1,3753.43
12731,4265,32,2,1785.63
12732,4265,223,3,1488.59
12733,4266,29,3,680.16
12734,4266,40,3,3971.01
12735,4267,130,4,1834.19
12736,4267,241,4,3094.14
12737,4267,221,1,3776.44
12738,4267,280,1,4866.92
12739,4268,232,1,1866.15
12740,4268,148,2,4705.1
12741,4268,112,5,3877.69
12742,4268,55,2,1730.08
12743,4269,84,2,562.42
12744,4269,30,3,3063.72
12745,4269,61,1,2262.58
12746,4269,147,4,4671.8
12747,4270,107,5,3139.69
12748,4270,178,3,3048.52
12749,4270,213,1,131.39
12750,4270,27,5,591.01
12751,4271,20,4,190.45
12752,4271,47,4,3973.67
12753,4271,36,2,4973.47
12754,4271,1,2,2240.44
12755,4271,242,1,3545.09
12756,4272,267,4,1799.8
12757,4272,294,5,3420.26
12758,4273,232,4,3965.07
12759,4273,148,3,3317.46
12760,4273,95,5,4611.63
12761,4273,279,3,2162.51
12762,4274,164,2,3860.69
12763,4275,159,2,1420.35
12764,4275,53,4,1625.6
12765,4275,200,2,4169.24
12766,4276,53,5,4972.94
12767,4276,261,5,131.04
12768,4277,120,2,1191.23
12769,4278,21,2,3986.41
12770,4278,98,5,2431.65
12771,4278,268,3,4685.18
12772,4278,50,4,3553.79
12773,4278,72,2,3693.81
12774,4279,282,3,865.0
12775,4279,287,3,3015.5
12776,4279,288,3,1062.5
12777,4279,98,3,230.17
12778,4279,204,5,413.62
12779,4280,261,1,604.63
12780,4280,141,3,2036.11
12781,4280,186,3,626.01
12782,4280,293,2,993.47
12783,4281,49,4,2019.74
12784,4282,36,4,1783.84
12785,4282,55,2,2382.9
12786,4283,283,4,3032.84
12787,4283,184,4,871.09
12788,4284,4,1,1572.32
12789,4284,165,2,2955.42
12790,4284,237,5,2015.03
12791,4284,192,5,3925.13
12792,4284,3,3,433.3
12793,4285,267,2,2445.26
12794,4285,51,4,1988.52
12795,4285,220,1,3011.28
12796,4285,289,4,1888.71
12797,4286,184,4,3239.99
12798,4286,238,4,2987.24
12799,4287,295,4,3180.31
12800,4287,107,2,4320.52
12801,4287,262,5,3716.54
12802,4287,298,3,4588.76
12803,4287,225,3,1097.02
12804,4288,181,5,935.79
12805,4288,76,4,3373.11
12806,4288,81,1,4691.06
12807,4289,122,5,969.51
12808,4290,141,3,3719.78
12809,4290,65,2,1512.59
12810,4290,229,3,3388.36
12811,4291,44,5,1361.26
12812,4291,126,4,2067.86
12813,4291,89,4,3657.55
12814,4292,136,2,1177.4
12815,4292,245,2,339.36
12816,4292,151,2,3535.34
12817,4292,161,4,2741.79
12818,4292,40,3,4082.97
12819,4293,151,4,4556.75
12820,4293,211,4,2035.29
12821,4293,156,4,2350.29
12822,4293,246,3,3616.54
12823,4294,32,5,725.2
12824,4294,50,1,3179.23
12825,4295,202,2,3137.58
12826,4296,184,2,1711.71
12827,4296,112,2,1292.64
12828,4296,233,1,1496.8
12829,4296,216,4,3348.25
12830,4297,18,4,4043.84
12831,4298,48,2,571.54
12832,4298,233,3,4644.59
12833,4298,175,4,4813.0
12834,4298,167,4,509.46
12835,4298,226,1,4873.7
12836,4299,235,2,4589.94
12837,4299,65,3,3655.63
12838,4300,19,5,603.69
12839,4300,113,5,2877.41
12840,4301,8,2,2763.26
12841,4302,223,4,1686.22
12842,4302,296,2,618.29
12843,4302,243,4,1370.16
12844,4302,147,2,4683.97
12845,4303,281,2,1007.79
12846,4303,280,3,2977.94
12847,4303,80,2,4695.25
12848,4304,256,4,2092.16
12849,4305,279,3,4930.6
12850,4305,137,1,2876.2
12851,4305,98,3,301.3
12852,4305,61,3,1720.57
12853,4306,170,1,2569.79
12854,4306,70,2,1376.4
12855,4306,73,4,2469.84
12856,4307,46,1,989.13
12857,4307,131,5,1026.15
12858,4307,195,4,1651.2
12859,4308,165,3,642.06
12860,4309,272,3,2642.37
12861,4309,145,2,1917.4
12862,4310,178,3,4486.15
12863,4310,61,5,3507.75
12864,4310,82,3,2123.88
12865,4310,73,2,4791.44
12866,4310,58,2,2486.76
12867,4311,188,2,1360.44
12868,4311,37,2,4801.07
12869,4312,65,2,211.88
12870,4312,10,2,3891.82
12871,4312,35,3,4908.74
12872,4312,69,5,1882.03
12873,4313,142,3,1562.9
12874,4313,194,2,2735.72
12875,4313,48,4,2816.18
12876,4314,82,4,3164.21
12877,4314,55,4,2002.14
12878,4314,61,4,1688.69
12879,4314,125,5,3507.27
12880,4314,295,2,3736.58
12881,4315,92,1,808.31
12882,4315,69,3,4369.46
12883,4315,28,4,2631.36
12884,4316,172,4,2621.56
12885,4316,51,4,912.57
12886,4316,13,1,2515.56
12887,4316,26,3,1893.27
12888,4316,85,3,1533.03
12889,4317,80,4,3127.97
12890,4317,20,2,4495.3
12891,4317,297,5,2375.34
12892,4317,146,3,2505.73
12893,4318,263,1,3131.16
12894,4318,297,4,2178.82
12895,4318,14,4,170.16
12896,4318,194,2,4764.61
12897,4318,271,2,4642.74
12898,4319,81,1,2635.65
12899,4319,208,1,1912.49
12900,4319,82,3,1878.53
12901,4319,88,3,4336.55
12902,4319,24,5,296.74
12903,4320,243,1,1102.1
12904,4320,228,1,3250.58
12905,4320,208,3,383.13
12906,4321,38,3,4080.53
12907,4321,153,3,4560.76
12908,4322,16,2,2255.88
12909,4322,70,4,3713.29
12910,4322,207,3,4257.44
12911,4322,259,1,261.24
12912,4323,286,3,3713.01
12913,4323,203,4,2719.93
12914,4323,11,1,1411.28
12915,4323,187,3,3756.47
12916,4323,142,5,2025.66
12917,4324,85,5,2375.11
12918,4324,296,3,3800.3
12919,4324,137,4,672.08
12920,4324,225,2,2099.27
12921,4325,297,4,2819.09
12922,4326,126,3,1733.23
12923,4326,170,3,1027.31
12924,4326,37,3,1667.48
12925,4326,211,5,2345.15
12926,4327,296,2,4411.76
12927,4328,167,1,1087.27
12928,4328,105,3,1319.45
12929,4328,39,2,2868.33
12930,4328,259,2,4234.34
12931,4328,57,1,1851.35
12932,4329,247,3,2552.13
12933,4329,131,2,2818.19
12934,4329,42,5,4318.8
12935,4330,201,5,4387.17
12936,4330,122,2,1583.32
12937,4330,106,3,3325.85
12938,4331,206,3,1188.12
12939,4331,236,2,4938.91
12940,4331,180,3,1907.12
12941,4332,211,2,1144.28
12942,4332,266,3,3437.28
12943,4333,251,2,569.39
12944,4333,225,5,3561.11
12945,4334,99,5,909.3
12946,4334,105,3,4877.3
12947,4335,14,2,3308.84
12948,4336,8,1,989.92
12949,4337,112,5,767.26
12950,4338,7,1,989.24
12951,4338,110,4,3897.57
12952,4339,85,4,2702.66
12953,4339,157,5,2551.0
12954,4339,164,2,1839.84
12955,4339,143,4,2259.49
12956,4339,259,3,818.48
12957,4340,108,5,3530.72
12958,4340,183,1,1500.92
12959,4341,124,5,4282.79
12960,4341,2,1,2504.7
12961,4341,49,2,4076.38
12962,4341,215,3,3890.55
12963,4342,156,3,1438.41
12964,4342,127,1,4969.65
12965,4342,50,5,3342.61
12966,4342,168,2,3080.58
12967,4343,292,2,4119.62
12968,4343,121,5,4288.33
12969,4344,280,5,3054.02
12970,4344,238,4,3996.94
12971,4344,113,2,1583.07
12972,4345,287,5,808.21
12973,4346,242,4,1237.0
12974,4346,192,5,3837.05
12975,4346,30,5,1556.1
12976,4346,157,5,3374.02
12977,4346,109,3,1711.82
12978,4347,195,1,3135.09
12979,4347,112,5,393.14
12980,4347,244,3,1828.88
12981,4348,75,5,1842.91
12982,4348,225,5,2156.52
12983,4348,166,3,1250.74
12984,4348,30,1,3455.81
12985,4348,49,3,3772.92
12986,4349,118,2,405.2
12987,4349,155,3,2653.64
12988,4349,18,4,4008.59
12989,4349,239,2,1533.32
12990,4349,284,4,4668.26
12991,4350,156,3,1675.09
12992,4350,151,4,4428.88
12993,4350,191,5,1885.51
12994,4351,242,2,506.74
12995,4351,64,2,1251.95
12996,4351,152,5,162.87
12997,4351,286,5,2849.33
12998,4351,226,5,3787.0
12999,4352,43,4,154.9
13000,4353,30,5,3750.61
13001,4353,221,1,224.09
13002,4353,5,3,2350.2
13003,4353,99,2,3885.61
13004,4354,128,1,983.62
13005,4355,292,3,2900.45
13006,4355,283,2,3570.29
13007,4356,65,5,1476.66
13008,4357,68,3,918.15
13009,4357,143,2,1385.56
13010,4357,279,5,2459.53
13011,4357,104,3,3445.26
13012,4358,164,1,2748.98
13013,4358,219,4,1432.28
13014,4358,5,5,4596.95
13015,4358,1,3,2040.4
13016,4359,39,1,4351.48
13017,4359,127,2,2770.1
13018,4359,225,2,2449.57
13019,4359,292,1,4582.69
13020,4359,20,5,3101.41
13021,4360,60,1,4471.56
13022,4360,23,1,2502.58
13023,4360,67,5,3735.4
13024,4361,229,3,289.68
13025,4361,104,4,3566.43
13026,4361,99,1,3848.05
13027,4361,115,1,3339.57
13028,4361,122,3,4388.67
13029,4362,162,2,3726.39
13030,4363,224,3,3678.12
13031,4363,29,4,2759.24
13032,4363,152,5,4378.28
13033,4363,216,1,681.1
13034,4364,36,2,1312.57
13035,4365,251,3,4208.6
13036,4365,219,5,3313.09
13037,4365,172,2,411.63
13038,4365,153,4,3876.38
13039,4365,86,4,120.44
13040,4366,3,2,3924.17
13041,4366,250,2,3317.59
13042,4366,270,1,2543.77
13043,4366,51,2,2233.01
13044,4367,284,4,4637.05
13045,4368,182,2,3330.02
13046,4368,101,1,705.95
13047,4369,137,1,1722.66
13048,4369,94,5,768.44
13049,4369,277,1,337.88
13050,4369,259,1,956.1
13051,4369,142,2,2241.16
13052,4370,278,4,4005.16
13053,4370,294,2,4125.33
13054,4370,14,1,1987.35
13055,4370,106,4,2217.13
13056,4371,272,3,3691.69
13057,4371,27,2,1514.87
13058,4372,186,2,1138.52
13059,4372,103,5,4282.22
13060,4372,109,5,1246.66
13061,4372,146,2,3268.21
13062,4372,143,2,4702.18
13063,4373,202,1,1595.92
13064,4373,248,4,573.33
13065,4374,135,3,3585.41
13066,4374,285,2,676.52
13067,4374,253,1,3781.61
13068,4375,292,3,4135.19
13069,4376,199,1,2990.74
13070,4376,285,4,1363.64
13071,4376,108,4,2009.12
13072,4376,228,3,4141.67
13073,4376,188,1,3993.11
13074,4377,14,2,2477.31
13075,4377,131,5,1388.11
13076,4377,98,2,2476.3
13077,4377,108,1,2810.14
13078,4378,1,5,1508.24
13079,4378,9,4,1048.37
13080,4378,110,2,3661.12
13081,4378,228,3,3399.65
13082,4379,171,2,3148.47
13083,4379,140,4,1715.65
13084,4379,49,5,3959.65
13085,4379,66,1,2384.16
13086,4379,82,1,2739.43
13087,4380,143,4,4525.74
13088,4380,154,2,2580.23
13089,4381,96,1,1219.67
13090,4381,241,3,2684.67
13091,4381,83,2,1881.25
13092,4381,20,1,304.2
13093,4382,180,5,4221.05
13094,4383,91,2,2521.52
13095,4383,69,3,3894.34
13096,4383,55,3,3711.72
13097,4384,231,5,1495.02
13098,4384,210,1,2128.42
13099,4385,189,2,3063.15
13100,4385,254,3,2622.61
13101,4385,205,5,3936.55
13102,4386,265,4,825.86
13103,4387,263,4,2283.65
13104,4388,159,4,2684.88
13105,4388,265,3,4103.36
13106,4388,83,2,2261.44
13107,4388,242,5,4268.24
13108,4388,132,1,2990.06
13109,4389,88,3,1567.35
13110,4389,31,1,1799.63
13111,4390,141,1,1480.83
13112,4390,223,2,1788.75
13113,4390,219,3,2835.87
13114,4391,228,5,2534.28
13115,4391,74,5,4090.13
13116,4391,140,1,2002.24
13117,4391,236,5,2725.87
13118,4391,264,1,2791.61
13119,4392,17,2,4110.93
13120,4392,267,1,1686.38
13121,4392,96,1,2151.8
13122,4392,229,5,2322.41
13123,4393,29,4,695.4
13124,4393,43,5,561.71
13125,4393,78,5,3831.57
13126,4393,106,2,4324.48
13127,4393,186,5,4529.85
13128,4394,80,1,162.81
13129,4394,261,1,3015.32
13130,4394,189,2,1287.17
13131,4394,207,5,3750.09
13132,4394,191,5,4705.19
13133,4395,80,2,3920.58
13134,4395,157,1,4458.47
13135,4395,285,5,4171.44
13136,4395,84,1,2541.22
13137,4395,242,1,1436.26
13138,4396,210,3,1086.22
13139,4396,99,1,2774.25
13140,4396,253,4,2028.8
13141,4396,119,4,720.52
13142,4396,155,4,1149.07
13143,4397,123,5,1899.44
13144,4398,179,3,1721.61
13145,4399,173,5,4402.67
13146,4399,91,1,223.78
13147,4399,230,4,4739.35
13148,4400,184,2,1074.64
13149,4400,167,1,1360.63
13150,4400,252,2,2463.71
13151,4400,105,4,588.76
13152,4401,161,3,4211.73
13153,4401,62,2,2036.83
13154,4401,271,5,2864.76
13155,4401,208,1,983.65
13156,4402,88,2,854.0
13157,4402,71,5,1655.5
13158,4403,221,1,2170.48
13159,4403,22,3,2890.41
13160,4403,12,4,2320.95
13161,4403,86,4,261.84
13162,4403,37,1,4266.18
13163,4404,269,4,3223.23
13164,4404,266,2,823.0
13165,4404,91,4,757.13
13166,4404,193,4,875.61
13167,4404,23,2,497.61
13168,4405,113,4,4923.8
13169,4405,205,5,3581.07
13170,4405,272,2,2541.05
13171,4406,258,3,3565.33
13172,4406,209,5,3186.75
13173,4406,283,5,477.49
13174,4407,175,1,2537.59
13175,4407,211,2,761.27
13176,4407,269,2,336.11
13177,4408,117,5,1459.72
13178,4408,248,5,4565.41
13179,4408,108,3,181.79
13180,4409,7,3,3621.82
13181,4409,127,4,1007.88
13182,4410,111,2,2327.91
13183,4410,112,5,2736.93
13184,4411,198,4,4447.14
13185,4412,187,1,1151.92
13186,4412,166,1,761.9
13187,4413,123,1,172.57
13188,4413,95,3,664.88
13189,4413,76,2,3521.78
13190,4413,299,3,653.15
13191,4414,69,1,204.93
13192,4415,275,4,2708.81
13193,4416,208,2,2073.07
13194,4416,224,4,3404.11
13195,4416,165,3,4428.75
13196,4416,30,3,2264.02
13197,4416,110,5,121.65
13198,4417,182,2,3946.32
13199,4417,32,4,765.47
13200,4417,233,5,1823.02
13201,4417,104,2,1529.11
13202,4417,235,4,1281.31
13203,4418,275,5,3032.25
13204,4418,144,3,2385.97
13205,4418,286,2,3751.4
13206,4418,87,2,2426.09
13207,4418,80,4,569.33
13208,4419,161,4,2016.86
13209,4419,290,1,1600.28
13210,4419,289,5,4446.54
13211,4419,63,5,1267.19
13212,4419,228,1,4945.89
13213,4420,33,3,1784.4
13214,4420,171,5,1449.62
13215,4420,289,5,3834.32
13216,4420,45,5,4937.01
13217,4420,141,2,619.9
13218,4421,77,1,427.07
13219,4421,52,2,1833.69
13220,4421,166,2,241.99
13221,4421,99,4,1625.08
13222,4422,247,5,3874.56
13223,4422,159,5,2198.44
13224,4423,298,3,4779.88
13225,4423,153,1,3622.32
13226,4423,299,5,2786.9
13227,4423,51,4,4365.76
13228,4423,185,3,3074.64
13229,4424,173,5,773.88
13230,4424,26,5,851.32
13231,4424,16,1,926.67
13232,4424,202,4,726.6
13233,4424,287,2,4329.22
13234,4425,34,1,2212.58
13235,4425,233,4,4191.61
13236,4426,129,1,173.74
13237,4426,34,4,4971.65
13238,4426,238,3,1051.05
13239,4426,57,3,643.16
13240,4426,195,2,3919.26
13241,4427,58,5,2764.74
13242,4427,25,1,4174.78
13243,4427,51,2,2010.08
13244,4427,202,2,4685.08
13245,4428,277,4,262.24
13246,4429,10,5,2826.32
13247,4430,136,4,3705.57
13248,4430,15,2,1840.95
13249,4430,65,3,1774.67
13250,4431,17,3,2457.04
13251,4432,230,2,562.9
13252,4433,71,4,2236.97
13253,4433,161,3,317.82
13254,4433,128,2,1271.29
13255,4433,74,5,3740.77
13256,4433,7,4,4168.5
13257,4434,227,5,1148.7
13258,4435,211,3,3244.91
13259,4435,166,3,3597.74
13260,4435,177,2,1450.6
13261,4435,3,1,3632.1
13262,4435,270,1,3017.74
13263,4436,203,3,1360.44
13264,4436,64,3,1135.72
13265,4436,270,2,3520.49
13266,4436,180,1,2033.36
13267,4437,137,2,3219.25
13268,4437,249,4,2895.67
13269,4438,69,3,496.62
13270,4439,259,5,308.86
13271,4439,17,3,1701.56
13272,4440,158,5,4905.69
13273,4440,200,2,440.42
13274,4440,90,2,1499.05
13275,4440,141,5,4416.26
13276,4440,108,3,2961.09
13277,4441,176,2,4288.59
13278,4441,215,4,4875.59
13279,4441,16,1,2292.65
13280,4441,170,5,1805.19
13281,4441,157,3,2750.5
13282,4442,105,4,3422.43
13283,4442,299,3,2715.27
13284,4443,269,4,2040.1
13285,4443,264,2,3110.16
13286,4443,138,1,1536.57
13287,4443,256,5,2315.09
13288,4443,128,3,3928.19
13289,4444,91,2,403.16
13290,4444,208,2,3928.55
13291,4445,239,1,4549.58
13292,4445,204,3,271.0
13293,4446,87,4,1866.51
13294,4446,101,2,3991.39
13295,4447,151,3,2348.27
13296,4448,182,3,3599.39
13297,4449,182,5,4864.79
13298,4449,1,5,1724.89
13299,4449,3,1,924.89
13300,4449,215,3,4261.75
13301,4449,58,5,3820.71
13302,4450,38,3,1162.09
13303,4450,48,5,2087.97
13304,4451,261,1,3069.96
13305,4451,150,3,4196.04
13306,4451,167,3,4464.23
13307,4451,80,4,1268.65
13308,4451,116,5,4286.24
13309,4452,20,4,4853.44
13310,4452,88,2,3968.54
13311,4452,107,4,918.27
13312,4452,178,3,1658.71
13313,4452,176,5,604.32
13314,4453,117,3,3088.48
13315,4453,145,2,4269.15
13316,4453,60,3,2233.27
13317,4453,81,2,1885.06
13318,4453,19,2,540.18
13319,4454,92,1,2760.37
13320,4455,285,4,3748.64
13321,4455,223,1,3105.01
13322,4455,175,3,519.43
13323,4455,214,1,1039.72
13324,4456,9,2,2743.78
13325,4456,183,4,3796.13
13326,4456,267,5,4336.8
13327,4457,28,2,2629.91
13328,4457,263,4,2415.37
13329,4457,83,5,4479.08
13330,4457,224,3,2821.39
13331,4458,300,5,2523.25
13332,4458,270,1,1994.44
13333,4458,293,5,2302.81
13334,4458,178,1,1019.52
13335,4458,35,4,1290.17
13336,4459,44,1,2789.7
13337,4459,81,4,4316.71
13338,4459,168,1,1185.68
13339,4459,151,1,458.67
13340,4460,46,1,852.57
13341,4460,93,2,985.41
13342,4460,129,3,3457.33
13343,4460,90,2,3897.06
13344,4460,119,5,2471.09
13345,4461,240,5,2200.68
13346,4461,263,4,889.57
13347,4461,74,4,2387.54
13348,4461,168,4,2238.21
13349,4462,47,3,834.47
13350,4462,113,5,1545.22
13351,4463,183,2,3709.33
13352,4463,71,5,4606.45
13353,4463,85,3,2325.08
13354,4464,106,1,2253.97
13355,4464,170,4,1061.54
13356,4464,217,3,157.56
13357,4464,129,5,1750.39
13358,4464,176,1,195.37
13359,4465,26,2,1609.9
13360,4465,7,1,2039.8
13361,4465,253,4,692.87
13362,4465,48,3,449.99
13363,4465,166,3,1239.4
13364,4466,108,3,4277.31
13365,4466,7,5,3258.04
13366,4466,82,4,2990.01
13367,4467,81,4,4155.13
13368,4467,200,2,2795.18
13369,4467,147,2,3457.29
13370,4467,237,4,2985.19
13371,4468,254,5,3705.16
13372,4469,300,4,2305.21
13373,4469,298,4,3953.82
13374,4469,154,1,4938.74
13375,4469,42,1,2472.09
13376,4470,299,3,2242.25
13377,4471,28,2,4885.34
13378,4471,130,1,4587.66
13379,4471,169,2,3491.3
13380,4471,278,2,3279.88
13381,4471,277,1,2315.53
13382,4472,44,5,4115.59
13383,4473,180,4,1688.42
13384,4473,138,3,1279.8
13385,4473,33,4,2999.46
13386,4474,68,1,637.32
13387,4475,64,3,3127.23
13388,4476,72,3,557.16
13389,4476,283,3,2291.83
13390,4476,203,5,4921.35
13391,4476,138,3,3443.25
13392,4477,81,5,4620.34
13393,4477,68,2,3350.53
13394,4477,251,4,1980.99
13395,4477,151,3,4351.94
13396,4478,60,2,2219.77
13397,4478,96,5,2209.25
13398,4478,103,2,2055.27
13399,4478,51,2,3781.77
13400,4479,105,5,2736.67
13401,4479,91,3,4404.82
13402,4479,42,4,2902.39
13403,4479,188,2,1583.27
13404,4480,128,1,316.62
13405,4480,171,4,1140.25
13406,4480,296,4,1343.92
13407,4480,134,5,4665.06
13408,4481,186,5,1266.53
13409,4481,257,3,1235.87
13410,4481,202,4,2238.96
13411,4481,86,3,2149.85
13412,4482,111,4,3692.86
13413,4482,15,5,2587.58
13414,4483,215,1,838.14
13415,4483,1,2,2448.51
13416,4484,148,5,4973.54
13417,4485,272,2,441.01
13418,4485,98,3,2931.16
13419,4486,223,1,3633.16
13420,4486,203,2,1370.28
13421,4487,38,4,3461.81
13422,4487,64,5,3211.43
13423,4488,123,3,1706.5
13424,4488,262,1,3696.59
13425,4488,76,2,4740.11
13426,4488,171,5,2526.5
13427,4489,161,5,3338.2
13428,4489,69,2,2178.87
13429,4490,291,2,557.39
13430,4491,297,5,3780.68
13431,4492,102,1,410.29
13432,4492,107,3,4842.1
13433,4492,201,5,1307.84
13434,4492,83,2,623.82
13435,4493,72,1,2477.67
13436,4493,75,5,4376.63
13437,4493,91,1,1173.77
13438,4493,203,4,4839.63
13439,4493,149,3,3576.52
13440,4494,51,1,2526.73
13441,4494,223,2,4891.78
13442,4494,261,1,1611.28
13443,4494,209,5,3286.96
13444,4495,181,3,1985.6
13445,4495,238,4,4266.88
13446,4496,282,1,1835.73
13447,4496,199,4,4257.14
13448,4496,296,5,618.51
13449,4496,235,5,441.38
13450,4497,237,4,2869.73
13451,4498,155,4,3791.87
13452,4498,125,1,3461.64
13453,4498,43,3,4807.2
13454,4499,195,2,3838.51
13455,4499,186,4,406.62
13456,4500,90,1,4568.57
13457,4500,237,2,3194.56
13458,4500,278,3,2507.41
13459,4501,167,4,3442.02
13460,4502,25,1,4473.58
13461,4502,34,4,2245.3
13462,4502,292,4,4328.74
13463,4502,152,4,3693.27
13464,4503,136,4,1707.85
13465,4503,60,3,3296.64
13466,4503,245,1,1987.59
13467,4503,135,5,177.3
13468,4503,282,1,4130.17
13469,4504,30,3,4179.09
13470,4504,28,4,4732.6
13471,4505,85,1,4904.24
13472,4505,187,2,4100.63
13473,4505,71,5,3990.36
13474,4506,147,3,1662.27
13475,4506,22,2,289.11
13476,4506,259,3,4076.01
13477,4506,236,4,2141.38
13478,4506,202,5,1509.92
13479,4507,96,2,2970.68
13480,4507,212,1,591.34
13481,4507,70,4,4491.66
13482,4507,289,1,1064.79
13483,4507,114,2,2768.27
13484,4508,250,3,2072.35
13485,4508,238,2,3700.4
13486,4508,254,4,4284.93
13487,4509,170,5,2521.89
13488,4509,22,1,4118.99
13489,4509,190,2,3355.82
13490,4510,289,5,1139.07
13491,4510,209,5,644.28
13492,4511,19,5,3057.02
13493,4511,18,1,287.92
13494,4511,140,3,1724.6
13495,4511,173,5,532.06
13496,4512,128,5,3382.47
13497,4512,223,2,2913.14
13498,4512,61,1,121.32
13499,4512,131,1,484.65
13500,4512,149,3,3198.44
13501,4513,11,5,185.27
13502,4513,192,4,2697.48
13503,4513,101,4,4036.48
13504,4513,162,1,1393.78
13505,4513,266,5,4395.31
13506,4514,237,1,4132.42
13507,4514,217,1,4245.03
13508,4515,4,3,229.3
13509,4515,300,4,1034.74
13510,4516,289,1,2280.23
13511,4516,180,3,495.52
13512,4516,149,2,662.13
13513,4517,94,2,3969.36
13514,4517,190,3,4181.35
13515,4517,104,3,2601.09
13516,4517,27,2,3929.22
13517,4518,85,5,4938.43
13518,4518,261,3,1285.4
13519,4518,170,2,4809.31
13520,4518,244,2,2522.98
13521,4518,50,5,1676.7
13522,4519,61,4,3545.74
13523,4519,91,1,2733.23
13524,4519,252,1,2031.81
13525,4519,293,3,4750.57
13526,4519,251,4,4695.72
13527,4520,249,3,2753.77
13528,4520,288,3,4641.58
13529,4521,99,5,1593.78
13530,4521,131,5,2371.23
13531,4522,240,2,2842.02
13532,4522,123,1,1169.06
13533,4522,273,1,2499.32
13534,4522,115,1,317.22
13535,4522,211,1,3561.42
13536,4523,108,3,1512.23
13537,4523,23,2,2729.66
13538,4523,202,3,3315.16
13539,4524,79,2,4771.1
13540,4524,20,1,1208.0
13541,4524,248,3,980.46
13542,4525,117,1,1632.4
13543,4525,154,2,3314.29
13544,4525,114,5,1086.35
13545,4525,102,5,3854.15
13546,4526,229,5,2674.74
13547,4527,211,4,1166.83
13548,4527,195,2,135.16
13549,4528,96,5,251.7
13550,4528,280,2,2396.77
13551,4528,130,1,160.73
13552,4529,144,5,730.68
13553,4529,185,3,1660.34
13554,4529,38,4,3486.25
13555,4529,274,4,384.45
13556,4530,292,1,722.3
13557,4530,213,4,3473.91
13558,4530,50,5,3280.44
13559,4530,108,3,2536.35
13560,4530,190,2,1802.61
13561,4531,137,4,4903.07
13562,4531,64,2,185.05
13563,4531,73,4,2434.44
13564,4531,135,4,220.97
13565,4532,194,5,3513.14
13566,4532,50,3,1891.79
13567,4532,20,4,2837.57
13568,4532,181,1,4468.82
13569,4533,140,4,3591.4
13570,4533,48,4,2154.43
13571,4533,219,2,1441.89
13572,4533,291,4,2995.69
13573,4533,195,4,4907.76
13574,4534,176,3,4274.49
13575,4534,236,1,1379.63
13576,4535,86,4,3798.9
13577,4535,225,3,3117.4
13578,4535,259,1,2423.39
13579,4535,35,3,2801.8
13580,4535,213,4,4464.35
13581,4536,283,5,4975.75
13582,4536,189,3,561.53
13583,4536,177,4,3395.41
13584,4536,260,4,4392.78
13585,4536,27,1,4637.78
13586,4537,186,4,4410.83
13587,4538,125,3,4306.73
13588,4538,149,2,2049.37
13589,4538,255,3,545.06
13590,4538,6,4,1695.31
13591,4539,23,3,970.51
13592,4539,49,2,3360.03
13593,4539,193,5,1200.04
13594,4539,41,3,3003.16
13595,4539,295,3,4794.08
13596,4540,39,2,4489.96
13597,4540,90,5,3357.69
13598,4541,31,1,1632.1
13599,4541,172,3,2847.23
13600,4541,128,2,1674.27
13601,4541,97,5,4670.5
13602,4541,74,3,2213.04
13603,4542,236,2,2672.13
13604,4542,209,4,1946.79
13605,4542,111,2,2146.03
13606,4542,8,1,636.95
13607,4543,142,2,4267.01
13608,4543,53,3,762.75
13609,4543,191,2,4370.97
13610,4543,59,5,961.22
13611,4543,19,1,3032.89
13612,4544,185,4,4101.85
13613,4544,275,1,3996.38
13614,4544,207,2,3760.65
13615,4544,287,3,2999.16
13616,4544,87,3,4426.32
13617,4545,291,4,800.58
13618,4545,39,1,1431.1
13619,4545,62,4,458.05
13620,4546,15,4,1638.22
13621,4546,83,1,3118.11
13622,4546,129,2,4774.55
13623,4546,177,1,241.02
13624,4546,300,5,1129.92
13625,4547,81,2,1949.52
13626,4547,20,5,630.04
13627,4547,111,3,2420.78
13628,4547,282,1,1310.78
13629,4547,97,3,2454.63
13630,4548,127,1,2688.43
13631,4548,93,1,1524.66
13632,4548,27,4,516.98
13633,4549,272,5,2460.71
13634,4549,245,2,1403.07
13635,4550,81,5,496.75
13636,4550,276,3,4042.66
13637,4551,154,1,4807.31
13638,4551,214,4,4539.68
13639,4551,255,3,4583.88
13640,4551,182,1,2168.31
13641,4551,138,3,1021.99
13642,4552,226,5,281.02
13643,4553,238,5,2801.16
13644,4553,245,5,1014.04
13645,4553,150,1,3602.53
13646,4553,137,4,2229.84
13647,4554,138,1,3241.28
13648,4554,80,3,2586.7
13649,4554,297,4,663.76
13650,4555,179,4,4420.46
13651,4555,225,1,137.75
13652,4555,42,3,3195.99
13653,4555,250,4,441.38
13654,4556,163,3,683.17
13655,4556,217,1,327.97
13656,4556,227,3,2176.39
13657,4556,102,3,2723.53
13658,4556,200,3,4596.72
13659,4557,130,4,227.33
13660,4558,196,5,2157.65
13661,4558,300,4,2953.19
13662,4559,298,3,4430.55
13663,4560,203,5,4895.35
13664,4560,62,4,3609.12
13665,4560,218,2,4651.41
13666,4561,75,5,3710.88
13667,4561,236,5,1177.46
13668,4562,72,2,3386.61
13669,4563,19,3,1208.06
13670,4563,72,5,3123.35
13671,4563,201,4,636.34
13672,4563,175,3,1308.22
13673,4563,145,5,3232.42
13674,4564,146,1,898.86
13675,4564,203,1,235.23
13676,4564,68,2,749.57
13677,4564,57,4,2335.42
13678,4565,175,4,2421.19
13679,4565,43,3,1679.52
13680,4565,251,3,2547.69
13681,4565,274,3,1749.26
13682,4565,278,5,4443.75
13683,4566,84,4,1318.7
13684,4566,107,3,4096.56
13685,4566,121,1,3287.23
13686,4566,246,3,4277.44
13687,4566,229,5,2375.62
13688,4567,5,2,1425.5
13689,4567,146,5,1180.79
13690,4567,168,3,961.59
13691,4567,159,3,4123.16
13692,4568,178,4,4431.96
13693,4568,44,1,4466.69
13694,4569,223,5,2259.99
13695,4569,279,1,4087.17
13696,4570,158,3,3835.36
13697,4570,223,4,2606.39
13698,4571,114,1,3346.96
13699,4571,23,3,4770.6
13700,4572,274,4,191.26
13701,4573,16,4,1072.06
13702,4574,43,5,847.16
13703,4574,54,4,3215.75
13704,4574,107,3,391.74
13705,4574,153,3,2687.27
13706,4575,22,1,4664.41
13707,4575,19,1,365.37
13708,4575,272,5,1300.03
13709,4576,52,5,713.47
13710,4576,22,5,2717.26
13711,4576,81,3,1370.6
13712,4577,54,1,1265.09
13713,4577,206,1,1461.4
13714,4577,104,5,4568.52
13715,4578,21,2,4200.37
13716,4578,68,2,3011.98
13717,4578,279,5,2695.55
13718,4579,31,5,2786.76
13719,4579,88,5,4974.24
13720,4579,102,5,4968.72
13721,4579,114,4,2384.38
13722,4580,44,2,480.37
13723,4581,183,1,3316.37
13724,4581,181,2,1962.98
13725,4582,37,4,1871.52
13726,4582,75,2,3322.04
13727,4583,31,3,140.88
13728,4584,241,3,4750.08
13729,4585,268,4,3941.89
13730,4585,160,4,4294.03
13731,4585,66,2,2556.56
13732,4585,240,5,2290.0
13733,4585,157,4,3356.12
13734,4586,274,3,2763.12
13735,4586,181,1,4540.83
13736,4586,64,1,2924.58
13737,4586,103,3,3947.29
13738,4587,220,5,1538.25
13739,4587,160,3,2141.32
13740,4588,188,3,1395.84
13741,4588,236,5,1933.68
13742,4588,102,3,3370.97
13743,4588,260,5,433.72
13744,4589,98,2,2167.25
13745,4589,41,3,4273.19
13746,4589,263,5,2860.85
13747,4589,182,1,2515.77
13748,4589,211,2,584.0
13749,4590,47,3,1543.92
13750,4590,281,1,550.88
13751,4591,214,3,764.29
13752,4592,120,3,4903.34
13753,4592,245,2,4112.47
13754,4593,169,2,1629.81
13755,4593,26,1,2772.65
13756,4593,175,3,1477.51
13757,4593,114,5,2945.46
13758,4594,112,4,533.29
13759,4594,171,1,2103.11
13760,4594,293,1,3060.23
13761,4594,119,4,2958.58
13762,4594,82,3,3276.13
13763,4595,32,1,172.23
13764,4596,89,3,2821.43
13765,4596,172,4,920.32
13766,4597,147,1,3561.22
13767,4597,247,2,1579.97
13768,4598,55,1,4499.09
13769,4598,192,2,424.17
13770,4599,189,4,900.62
13771,4599,51,5,1051.3
13772,4599,163,4,4278.1
13773,4600,171,2,2528.57
13774,4600,174,3,3074.85
13775,4600,103,2,3785.82
13776,4601,33,5,2961.3
13777,4602,106,3,1324.54
13778,4603,48,1,2259.19
13779,4604,178,1,4453.27
13780,4604,207,1,223.98
13781,4604,284,3,4632.8
13782,4604,241,5,1064.85
13783,4604,221,1,4519.06
13784,4605,259,2,2443.8
13785,4605,219,1,2588.06
13786,4605,95,2,1264.28
13787,4605,4,1,3802.6
13788,4605,134,2,2453.99
13789,4606,149,3,123.91
13790,4607,156,4,3238.0
13791,4607,191,2,2039.64
13792,4607,78,2,2553.37
13793,4607,95,2,440.47
13794,4607,129,1,2290.75
13795,4608,210,2,1658.39
13796,4609,69,1,4072.45
13797,4609,264,5,2976.93
13798,4610,227,1,2224.73
13799,4610,92,1,786.54
13800,4611,211,3,1989.91
13801,4611,104,5,3209.97
13802,4611,299,3,344.09
13803,4611,145,5,2508.13
13804,4612,142,2,1487.53
13805,4612,235,3,3804.09
13806,4612,275,4,2706.31
13807,4612,158,3,4360.41
13808,4612,215,4,618.35
13809,4613,269,4,1637.79
13810,4613,156,5,1594.43
13811,4613,197,5,147.77
13812,4613,265,3,3509.45
13813,4614,27,2,2020.23
13814,4614,20,3,3813.75
13815,4614,35,3,1115.62
13816,4614,231,3,2273.2
13817,4615,178,4,2332.74
13818,4616,117,5,4363.89
13819,4616,236,1,2664.16
13820,4616,92,3,4484.37
13821,4616,41,2,1046.46
13822,4616,167,1,3265.17
13823,4617,109,2,593.25
13824,4617,10,1,1369.22
13825,4617,104,4,4145.68
13826,4617,58,4,3430.54
13827,4618,37,1,1038.25
13828,4618,3,2,4867.04
13829,4618,232,4,1077.28
13830,4619,190,5,3669.75
13831,4619,128,5,2631.78
13832,4619,286,4,3058.52
13833,4620,297,1,3561.74
13834,4621,148,3,233.87
13835,4621,101,2,1950.07
13836,4621,236,1,2122.97
13837,4622,58,1,4086.54
13838,4622,106,5,3519.96
13839,4622,181,5,825.54
13840,4622,53,3,1722.04
13841,4623,243,2,1627.34
13842,4623,23,2,1469.24
13843,4623,30,2,3951.22
13844,4624,121,3,3860.73
13845,4624,83,2,3203.95
13846,4624,168,2,2854.45
13847,4624,128,3,4491.19
13848,4625,3,4,2155.37
13849,4625,74,4,3609.23
13850,4625,268,2,2420.04
13851,4626,115,5,967.66
13852,4627,109,2,2745.05
13853,4628,251,2,2573.51
13854,4628,48,4,4558.23
13855,4628,126,3,4298.28
13856,4628,114,3,3672.44
13857,4629,74,5,2923.39
13858,4629,66,3,2776.75
13859,4630,286,4,554.9
13860,4630,229,3,231.04
13861,4631,50,3,1445.2
13862,4632,62,2,776.95
13863,4632,53,3,388.89
13864,4632,98,1,2651.34
13865,4632,232,4,2272.48
13866,4633,223,3,433.55
13867,4633,131,1,168.23
13868,4633,91,4,509.1
13869,4633,291,3,2303.51
13870,4634,112,1,475.04
13871,4634,67,4,3158.88
13872,4634,297,1,4221.44
13873,4634,118,4,540.14
13874,4635,259,3,2823.65
13875,4635,129,5,4625.27
13876,4635,262,4,167.36
13877,4635,71,4,2696.48
13878,4636,135,5,1246.04
13879,4636,5,2,4131.39
13880,4637,94,1,3058.67
13881,4637,66,2,4395.2
13882,4637,154,3,3785.98
13883,4637,23,4,385.26
13884,4638,247,1,4555.08
13885,4638,56,3,1630.78
13886,4638,154,5,2492.04
13887,4639,184,5,221.22
13888,4639,254,1,136.29
13889,4640,290,3,2445.84
13890,4640,96,4,1760.23
13891,4640,138,2,4173.76
13892,4640,259,2,791.2
13893,4641,41,2,3431.09
13894,4641,134,4,2999.8
13895,4641,50,2,3950.88
13896,4641,226,4,1242.1
13897,4641,128,4,1939.63
13898,4642,259,4,1889.09
13899,4642,85,3,1898.96
13900,4642,77,3,4807.51
13901,4643,168,5,2530.88
13902,4643,235,2,2839.91
13903,4644,104,2,522.02
13904,4644,278,3,1660.35
13905,4644,216,5,4413.34
13906,4645,17,5,3488.62
13907,4645,236,2,828.95
13908,4645,130,4,1201.33
13909,4646,65,4,4647.7
13910,4646,91,4,2275.08
13911,4646,209,1,3909.76
13912,4647,92,1,131.01
13913,4647,65,2,995.73
13914,4648,114,4,4129.31
13915,4648,54,3,4535.5
13916,4648,98,2,4380.12
13917,4648,191,3,2353.86
13918,4649,61,3,4668.95
13919,4649,257,1,1703.02
13920,4649,196,4,1483.57
13921,4649,36,4,2602.28
13922,4649,271,3,4581.97
13923,4650,34,1,2691.43
13924,4650,256,2,3509.17
13925,4650,53,4,883.57
13926,4650,294,2,2593.61
13927,4650,136,5,3282.39
13928,4651,229,2,3115.33
13929,4651,204,2,3256.54
13930,4651,199,5,4624.27
13931,4652,226,3,4327.81
13932,4652,35,2,3489.1
13933,4652,37,1,2492.3
13934,4653,103,5,4764.22
13935,4654,23,4,2621.16
13936,4654,50,2,3215.47
13937,4655,282,2,174.34
13938,4656,115,4,1481.53
13939,4657,21,4,1474.58
13940,4658,153,5,3260.28
13941,4658,21,3,4467.45
13942,4659,269,2,3076.26
13943,4660,100,3,3095.26
13944,4660,293,3,4909.69
13945,4661,212,1,2636.96
13946,4661,125,3,1172.32
13947,4662,211,5,2967.37
13948,4662,92,5,3933.07
13949,4662,212,3,1097.69
13950,4662,210,1,3712.49
13951,4663,191,1,4166.0
13952,4664,76,5,2129.85
13953,4664,248,1,3514.33
13954,4664,260,2,2434.03
13955,4664,48,2,2089.5
13956,4664,8,3,4135.37
13957,4665,256,1,3282.67
13958,4665,160,3,633.24
13959,4665,112,1,1513.84
13960,4665,40,3,267.41
13961,4665,265,5,4296.52
13962,4666,259,1,2589.83
13963,4666,222,5,2447.12
13964,4666,218,3,187.22
13965,4666,195,3,1656.0
13966,4666,35,5,4431.94
13967,4667,255,4,3381.2
13968,4667,104,4,866.93
13969,4667,280,5,4872.76
13970,4667,262,5,1356.73
13971,4667,233,2,1947.07
13972,4668,39,5,1550.35
13973,4668,15,4,1673.47
13974,4669,207,1,4265.97
13975,4670,85,1,3848.41
13976,4670,66,2,3079.39
13977,4670,230,1,979.98
13978,4670,226,2,2946.5
13979,4670,147,1,3857.85
13980,4671,97,4,2586.02
13981,4671,253,1,432.66
13982,4671,117,5,2310.31
13983,4672,41,5,2587.57
13984,4672,19,2,4649.83
13985,4672,74,2,1742.56
13986,4672,42,3,4431.98
13987,4672,226,2,1905.72
13988,4673,146,3,3259.03
13989,4674,238,2,708.08
13990,4674,13,5,4083.74
13991,4674,257,3,4689.37
13992,4674,79,3,384.47
13993,4675,185,3,4129.21
13994,4675,21,3,2249.36
13995,4675,106,5,2841.07
13996,4675,181,3,4850.22
13997,4675,272,5,1478.45
13998,4676,275,3,1637.08
13999,4676,79,5,3399.49
14000,4676,39,3,4526.77
14001,4676,47,2,1068.43
14002,4677,2,1,4797.77
14003,4678,204,2,3577.1
14004,4678,295,3,3520.17
14005,4679,267,4,293.9
14006,4680,230,2,4153.29
14007,4681,294,1,2220.15
14008,4682,135,1,1578.48
14009,4682,186,1,4517.06
14010,4683,253,3,2371.98
14011,4683,189,4,3716.28
14012,4684,39,3,4022.93
14013,4684,21,3,4651.99
14014,4684,133,4,4836.11
14015,4684,287,5,2201.05
14016,4685,197,2,866.06
14017,4685,12,4,4797.81
14018,4685,35,1,4530.25
14019,4685,137,3,3546.08
14020,4685,9,3,1894.24
14021,4686,162,5,3647.17
14022,4686,240,1,4584.39
14023,4686,189,3,2444.28
14024,4687,122,4,4275.61
14025,4687,13,3,801.08
14026,4688,143,1,1413.11
14027,4688,183,5,4536.19
14028,4688,271,4,3708.17
14029,4689,82,4,4619.91
14030,4689,140,1,2201.58
14031,4689,148,5,4192.21
14032,4689,97,2,2783.73
14033,4690,196,5,3429.5
14034,4690,106,1,1164.19
14035,4691,158,4,2800.54
14036,4692,23,5,3034.48
14037,4692,76,1,4181.63
14038,4692,5,5,664.46
14039,4692,285,5,1471.59
14040,4693,68,5,3615.16
14041,4693,272,5,3035.16
14042,4693,261,5,1867.21
14043,4693,117,2,3220.47
14044,4694,206,3,494.78
14045,4695,187,4,2702.96
14046,4695,216,2,1353.44
14047,4695,44,4,3434.89
14048,4695,226,1,4004.14
14049,4695,168,1,1374.98
14050,4696,99,3,554.57
14051,4696,184,2,3547.62
14052,4696,292,1,1148.58
14053,4697,140,4,2894.77
14054,4698,269,5,4824.75
14055,4698,110,2,1945.78
14056,4699,108,1,2906.81
14057,4699,68,4,690.35
14058,4699,154,1,1473.53
14059,4699,158,4,3386.0
14060,4699,23,5,1774.24
14061,4700,186,3,1862.34
14062,4700,51,1,4036.35
14063,4700,179,2,136.33
14064,4700,149,5,1162.21
14065,4701,2,1,4057.93
14066,4702,203,5,4838.92
14067,4702,180,2,1582.89
14068,4703,166,2,4309.72
14069,4703,14,2,3522.43
14070,4703,22,2,3392.93
14071,4703,243,2,2553.73
14072,4704,181,1,4446.01
14073,4704,159,5,4853.82
14074,4704,258,3,1023.34
14075,4704,187,4,359.74
14076,4705,234,3,3565.47
14077,4705,194,3,3148.39
14078,4705,210,1,4496.49
14079,4705,58,1,3162.42
14080,4705,251,4,2374.88
14081,4706,105,2,619.07
14082,4706,214,1,1466.23
14083,4707,261,4,1200.4
14084,4708,209,5,2556.2
14085,4708,21,4,4735.65
14086,4708,164,3,1871.64
14087,4709,31,4,1676.42
14088,4709,263,5,1280.73
14089,4710,256,1,1284.85
14090,4711,250,5,2964.86
14091,4712,115,4,2400.45
14092,4712,137,3,617.32
14093,4712,147,3,419.21
14094,4713,169,1,2405.89
14095,4713,280,5,1615.98
14096,4713,71,3,2548.12
14097,4713,20,5,1275.02
14098,4714,276,3,2934.22
14099,4714,154,5,2417.62
14100,4714,216,1,2984.5
14101,4715,181,2,4687.2
14102,4715,157,4,3278.18
14103,4716,115,5,461.74
14104,4716,217,4,1832.29
14105,4716,58,4,638.48
14106,4717,20,3,358.87
14107,4717,130,2,3969.36
14108,4717,45,2,3706.61
14109,4718,115,3,4388.67
14110,4719,46,3,4355.31
14111,4719,22,4,1498.51
14112,4719,250,4,4539.35
14113,4719,175,3,1999.88
14114,4720,185,3,4665.53
14115,4720,115,3,4492.38
14116,4720,169,2,3968.4
14117,4720,11,5,3472.02
14118,4720,106,4,2352.7
14119,4721,176,2,647.23
14120,4722,124,5,2540.09
14121,4722,187,3,4286.64
14122,4722,210,1,1859.82
14123,4722,196,2,1163.92
14124,4723,12,1,348.85
14125,4723,111,2,2705.84
14126,4723,33,5,2987.57
14127,4723,161,5,801.77
14128,4724,253,3,1261.64
14129,4724,209,4,3991.69
14130,4724,77,3,4284.95
14131,4724,208,5,1947.63
14132,4724,198,4,4257.18
14133,4725,89,3,1329.8
14134,4725,265,4,2309.88
14135,4725,240,3,3835.3
14136,4725,218,4,845.83
14137,4726,155,4,1302.84
14138,4727,117,5,778.56
14139,4727,180,5,3628.06
14140,4727,53,1,3344.75
14141,4727,248,4,476.15
14142,4727,153,3,2897.73
14143,4728,9,5,2325.91
14144,4729,4,3,4587.88
14145,4729,204,2,428.17
14146,4729,131,3,3238.03
14147,4730,107,1,4694.24
14148,4730,257,2,167.58
14149,4730,40,5,3688.42
14150,4730,241,4,3023.69
14151,4730,99,2,1983.17
14152,4731,156,4,1469.54
14153,4732,70,3,3597.32
14154,4732,61,5,1450.25
14155,4733,37,2,561.43
14156,4733,205,5,3558.58
14157,4733,71,4,4335.74
14158,4734,255,2,2303.24
14159,4735,184,4,3415.34
14160,4736,188,5,2435.13
14161,4736,69,2,1043.79
14162,4736,82,3,2698.07
14163,4737,226,1,306.76
14164,4737,61,1,4990.9
14165,4738,189,5,420.68
14166,4738,188,4,933.28
14167,4738,8,1,2980.23
14168,4738,215,2,798.68
14169,4739,202,4,4195.82
14170,4739,106,3,3551.0
14171,4739,55,3,3311.16
14172,4740,241,4,278.36
14173,4740,183,5,4829.93
14174,4740,213,3,4546.59
14175,4740,100,4,4654.45
14176,4740,96,5,744.53
14177,4741,243,5,1730.25
14178,4741,114,5,2811.79
14179,4741,273,1,1132.43
14180,4741,11,2,1145.34
14181,4741,256,4,3902.47
14182,4742,52,3,4765.26
14183,4743,6,3,4712.55
14184,4743,297,1,3808.46
14185,4743,167,5,2953.66
14186,4744,299,3,1828.68
14187,4744,85,4,4511.25
14188,4745,27,1,3046.19
14189,4746,175,2,1683.74
14190,4746,182,4,4170.72
14191,4746,212,1,4336.51
14192,4746,37,4,3779.72
14193,4747,298,5,588.19
14194,4747,69,3,3057.5
14195,4747,190,4,3562.23
14196,4747,159,5,3294.82
14197,4747,280,5,3806.54
14198,4748,273,4,3407.93
14199,4748,93,3,4319.54
14200,4749,221,4,2187.34
14201,4750,20,1,4132.75
14202,4750,284,2,2960.46
14203,4750,118,4,556.34
14204,4750,27,5,564.09
14205,4751,152,1,953.17
14206,4751,241,1,4624.31
14207,4751,100,5,4363.35
14208,4751,151,2,4642.63
14209,4751,165,4,2051.94
14210,4752,252,4,1802.58
14211,4752,39,2,1996.6
14212,4752,121,5,1148.21
14213,4752,173,2,2382.57
14214,4752,24,1,572.31
14215,4753,4,3,399.27
14216,4753,296,3,3874.11
14217,4754,19,5,2697.83
14218,4754,133,5,2428.31
14219,4754,234,3,1554.32
14220,4754,282,3,2225.32
14221,4755,14,3,3725.32
14222,4756,48,4,812.08
14223,4756,126,4,268.93
14224,4757,257,1,2123.77
14225,4757,203,1,1559.01
14226,4757,218,5,2908.85
14227,4758,126,3,4751.54
14228,4758,39,5,3909.15
14229,4759,188,2,4861.49
14230,4759,256,2,3264.55
14231,4759,280,2,1194.03
14232,4759,112,1,2699.28
14233,4760,154,2,4347.67
14234,4760,226,3,1690.74
14235,4761,77,5,4268.47
14236,4761,144,1,4182.01
14237,4762,204,1,3855.54
14238,4762,56,1,3316.9
14239,4762,33,2,4701.03
14240,4762,116,4,2656.37
14241,4762,168,1,909.15
14242,4763,282,2,2857.07
14243,4763,23,1,4593.98
14244,4764,243,5,3271.89
14245,4764,67,4,2202.83
14246,4764,58,3,216.2
14247,4764,234,5,2604.53
14248,4764,160,5,4579.22
14249,4765,274,4,194.66
14250,4765,225,5,467.08
14251,4765,125,2,4749.92
14252,4765,194,1,4222.01
14253,4766,16,1,2096.82
14254,4766,156,4,553.29
14255,4766,23,1,101.53
14256,4767,166,3,4267.76
14257,4767,158,3,4854.5
14258,4767,231,4,809.16
14259,4767,125,1,4296.57
14260,4767,229,1,2476.78
14261,4768,83,4,3776.95
14262,4768,102,4,4310.86
14263,4768,234,2,956.51
14264,4769,63,5,1116.91
14265,4769,236,3,2398.58
14266,4769,200,5,2113.52
14267,4769,209,5,377.17
14268,4770,232,3,3590.0
14269,4770,15,3,1607.79
14270,4770,48,3,3832.37
14271,4771,30,2,1942.9
14272,4772,36,4,210.27
14273,4772,116,2,2753.06
14274,4773,181,3,507.35
14275,4773,117,1,2454.01
14276,4773,167,4,2828.5
14277,4774,228,1,956.42
14278,4774,35,4,1302.77
14279,4774,75,5,2927.51
14280,4774,298,5,793.15
14281,4775,107,4,3497.68
14282,4775,247,4,1186.46
14283,4775,295,4,4182.11
14284,4775,230,1,4271.81
14285,4775,215,3,2110.27
14286,4776,165,5,1231.21
14287,4776,54,5,3699.49
14288,4776,196,2,1680.04
14289,4777,73,1,2230.17
14290,4777,149,3,4576.29
14291,4777,115,5,3372.09
14292,4777,189,5,4482.37
14293,4777,197,4,4072.87
14294,4778,100,2,504.67
14295,4778,82,5,2198.47
14296,4778,273,4,4094.28
14297,4778,28,4,153.63
14298,4779,222,5,4015.06
14299,4779,291,3,4428.95
14300,4779,151,2,4745.16
14301,4779,85,1,4287.21
14302,4779,289,2,2319.6
14303,4780,172,1,2651.71
14304,4781,271,1,1912.01
14305,4782,186,4,3377.19
14306,4782,220,5,597.04
14307,4783,260,2,3769.19
14308,4783,183,3,1553.02
14309,4783,30,2,3587.41
14310,4784,164,4,2367.11
14311,4784,153,5,1048.75
14312,4784,72,2,3254.25
14313,4785,35,4,673.33
14314,4785,237,4,1097.69
14315,4785,183,4,1186.74
14316,4785,28,2,3215.28
14317,4786,251,3,2257.79
14318,4786,104,5,2443.06
14319,4786,14,4,4832.37
14320,4786,224,4,428.22
14321,4786,58,2,2140.75
14322,4787,58,5,2761.43
14323,4787,235,2,4173.54
14324,4787,281,1,4012.33
14325,4787,299,5,4105.67
14326,4788,104,3,2696.56
14327,4788,241,4,3368.23
14328,4788,97,5,1277.11
14329,4789,77,3,3531.1
14330,4789,221,1,2768.74
14331,4789,154,2,4261.55
14332,4790,77,5,1059.97
14333,4790,85,5,3476.92
14334,4790,82,4,4198.09
14335,4790,258,4,1057.3
14336,4791,53,5,1142.93
14337,4791,96,1,3128.66
14338,4791,181,5,4303.09
14339,4791,142,4,3988.85
14340,4792,5,4,737.19
14341,4792,217,4,4691.73
14342,4792,31,1,1072.47
14343,4792,108,4,3101.64
14344,4792,78,1,4641.57
14345,4793,110,5,1594.06
14346,4793,258,3,413.71
14347,4793,137,4,300.23
14348,4793,206,5,1849.45
14349,4793,288,1,4107.97
14350,4794,75,5,3684.09
14351,4794,60,2,3859.77
14352,4795,235,5,271.76
14353,4795,298,2,3893.34
14354,4795,241,4,1725.2
14355,4796,291,5,1304.28
14356,4796,177,3,1779.36
14357,4796,204,2,2079.49
14358,4796,256,3,1215.5
14359,4797,4,3,3465.05
14360,4797,268,4,620.16
14361,4797,52,5,1365.15
14362,4797,140,1,3348.81
14363,4798,164,5,2004.99
14364,4799,269,5,4882.73
14365,4799,39,1,4922.35
14366,4799,48,3,1446.27
14367,4800,131,1,997.29
14368,4800,78,2,3410.99
14369,4800,148,5,879.93
14370,4800,63,5,2178.94
14371,4800,91,5,3602.98
14372,4801,28,2,798.53
14373,4802,79,5,336.24
14374,4802,10,3,865.37
14375,4803,74,2,465.84
14376,4803,204,2,1877.63
14377,4803,32,2,4970.55
14378,4804,100,3,3837.19
14379,4804,64,4,3855.43
14380,4804,74,4,611.0
14381,4804,200,1,4202.81
14382,4805,14,1,2814.33
14383,4805,244,4,275.82
14384,4805,35,4,1294.13
14385,4806,48,1,1891.89
14386,4806,140,5,2456.53
14387,4807,133,3,3438.24
14388,4807,54,1,1989.72
14389,4807,148,2,4066.79
14390,4808,70,2,4946.72
14391,4808,28,5,1182.24
14392,4808,268,3,4412.37
14393,4809,74,2,3484.27
14394,4809,206,4,3960.84
14395,4809,153,2,3696.89
14396,4809,170,2,1323.64
14397,4810,18,1,4347.85
14398,4810,167,4,790.37
14399,4810,270,2,2580.19
14400,4811,167,5,1045.42
14401,4811,60,1,3396.51
14402,4811,156,4,1830.98
14403,4811,195,4,615.65
14404,4811,80,5,1454.99
14405,4812,96,5,2343.42
14406,4812,72,2,2460.0
14407,4812,188,5,2939.89
14408,4813,145,1,4763.88
14409,4813,82,2,3094.96
14410,4813,169,5,4192.76
14411,4813,227,2,1508.62
14412,4814,166,1,1946.26
14413,4814,21,1,1930.83
14414,4814,199,1,2310.56
14415,4815,3,4,3552.57
14416,4815,243,1,2780.39
14417,4816,26,5,1465.89
14418,4816,78,1,2036.42
14419,4816,150,1,1300.72
14420,4816,132,1,3760.38
14421,4817,174,5,2806.46
14422,4817,91,3,4609.5
14423,4818,22,3,2051.03
14424,4818,75,3,2274.61
14425,4819,14,2,4551.01
14426,4819,100,2,2079.37
14427,4819,220,3,2378.53
14428,4819,7,2,2543.15
14429,4820,274,1,2204.65
14430,4820,121,1,3522.87
14431,4820,21,3,2831.91
14432,4820,211,4,1453.85
14433,4820,5,5,206.22
14434,4821,119,4,3615.39
14435,4822,92,3,1949.68
14436,4822,287,3,2424.45
14437,4823,239,1,950.84
14438,4823,267,4,1367.31
14439,4823,297,3,2267.95
14440,4823,111,3,1086.73
14441,4824,113,3,4327.48
14442,4824,17,2,418.26
14443,4824,183,1,1232.11
14444,4824,52,3,485.99
14445,4825,247,2,1764.19
14446,4825,103,5,800.16
14447,4825,270,1,3750.14
14448,4826,83,5,552.49
14449,4826,2,1,3426.3
14450,4826,59,1,1013.4
14451,4827,26,4,4455.38
14452,4827,227,2,4839.44
14453,4827,134,3,807.67
14454,4827,48,3,392.67
14455,4827,136,4,811.46
14456,4828,119,2,2869.52
14457,4828,185,4,1951.95
14458,4828,206,4,3879.9
14459,4828,178,3,3010.6
14460,4829,89,2,928.91
14461,4829,110,4,2891.0
14462,4829,248,2,708.77
14463,4829,240,2,2526.32
14464,4830,40,3,1700.53
14465,4831,232,5,3143.12
14466,4831,12,3,1304.4
14467,4831,130,3,2467.96
14468,4831,224,2,825.58
14469,4832,209,1,3597.29
14470,4832,240,1,3529.18
14471,4832,190,2,3567.22
14472,4832,37,2,1551.7
14473,4832,1,1,3240.19
14474,4833,190,3,884.36
14475,4833,132,1,3228.59
14476,4833,41,1,4444.76
14477,4833,48,5,4909.97
14478,4833,249,1,1670.31
14479,4834,286,2,3044.62
14480,4834,299,4,1013.86
14481,4834,42,5,2493.42
14482,4834,283,4,2214.9
14483,4835,12,2,3281.64
14484,4836,136,3,4263.15
14485,4836,172,1,4228.22
14486,4837,223,5,4892.97
14487,4837,258,5,1364.11
14488,4838,127,2,3289.48
14489,4838,264,3,537.88
14490,4838,102,3,1317.23
14491,4839,266,1,1003.07
14492,4839,54,1,3575.54
14493,4840,42,4,3743.45
14494,4840,88,4,1155.08
14495,4841,157,4,4371.06
14496,4841,162,3,4089.02
14497,4841,19,1,626.05
14498,4842,145,2,4343.12
14499,4842,70,1,107.23
14500,4842,161,4,1411.58
14501,4843,298,3,3407.7
14502,4843,106,4,3028.43
14503,4843,200,3,795.53
14504,4843,226,1,1678.86
14505,4844,105,1,4800.58
14506,4844,164,1,865.8
14507,4844,40,2,4847.31
14508,4844,200,4,976.93
14509,4844,272,2,3125.94
14510,4845,121,4,896.36
14511,4845,291,4,4902.85
14512,4845,11,4,1391.41
14513,4846,75,1,2685.07
14514,4846,238,2,2176.16
14515,4846,151,5,2488.01
14516,4846,133,1,4467.39
14517,4846,101,3,1823.61
14518,4847,285,2,3952.47
14519,4847,78,2,4156.54
14520,4847,105,1,4177.91
14521,4847,81,5,2488.15
14522,4848,255,3,867.99
14523,4848,153,5,4508.32
14524,4849,103,3,1615.07
14525,4849,52,1,2428.67
14526,4850,49,4,3504.71
14527,4850,105,2,1298.37
14528,4850,20,5,1046.03
14529,4851,288,4,3843.06
14530,4851,151,1,1816.72
14531,4851,12,2,2036.78
14532,4852,8,5,3525.33
14533,4853,246,4,1256.65
14534,4853,249,4,2617.76
14535,4853,89,5,1023.86
14536,4853,173,1,1684.32
14537,4853,168,1,848.06
14538,4854,151,4,4432.99
14539,4854,290,3,4865.1
14540,4854,107,4,4263.06
14541,4854,235,4,1384.27
14542,4855,136,3,3058.05
14543,4855,42,4,3277.19
14544,4856,17,2,4974.27
14545,4856,55,4,1061.27
14546,4856,43,5,4584.45
14547,4856,76,5,119.15
14548,4856,146,1,2473.72
14549,4857,273,4,3265.82
14550,4857,21,3,2072.93
14551,4858,202,3,4559.45
14552,4858,71,2,1904.33
14553,4858,218,2,3388.26
14554,4858,99,5,763.03
14555,4858,10,4,2803.0
14556,4859,254,3,4524.27
14557,4860,184,4,3801.6
14558,4860,51,5,1033.3
14559,4860,25,1,302.06
14560,4860,197,2,1991.7
14561,4860,269,2,510.48
14562,4861,277,5,4632.58
14563,4862,2,3,1077.78
14564,4862,282,3,3750.0
14565,4863,58,1,3334.62
14566,4863,146,3,3267.41
14567,4863,145,1,2625.56
14568,4863,179,1,3444.26
14569,4864,102,3,2015.62
14570,4864,91,2,1089.36
14571,4864,170,1,4988.04
14572,4865,246,2,2027.04
14573,4865,111,3,4464.86
14574,4865,113,3,3898.67
14575,4865,238,3,4632.8
14576,4866,249,5,1784.14
14577,4866,103,3,4823.73
14578,4866,212,4,3955.95
14579,4867,33,1,3842.65
14580,4867,137,1,2108.49
14581,4867,94,4,2784.1
14582,4868,98,2,2117.57
14583,4868,217,5,1178.97
14584,4869,134,2,2219.62
14585,4869,123,4,1990.16
14586,4869,232,1,3597.8
14587,4869,244,2,4463.42
14588,4869,223,4,4381.42
14589,4870,193,4,1484.81
14590,4870,72,3,2375.47
14591,4870,47,4,2581.41
14592,4871,287,4,1964.76
14593,4872,23,5,1335.32
14594,4872,210,3,1888.88
14595,4873,130,1,4104.74
14596,4873,69,2,2648.28
14597,4873,294,5,4852.84
14598,4874,56,3,1284.19
14599,4874,292,2,3393.92
14600,4874,143,4,4857.8
14601,4874,233,3,4296.7
14602,4875,250,2,1988.6
14603,4875,185,1,478.89
14604,4875,198,1,598.54
14605,4875,111,2,1685.39
14606,4876,270,5,1076.51
14607,4876,263,2,2301.86
14608,4877,36,4,4754.58
14609,4878,59,3,4677.54
14610,4878,149,4,692.78
14611,4878,250,3,2250.12
14612,4878,81,3,997.73
14613,4878,170,3,4302.95
14614,4879,53,4,3311.74
14615,4879,273,5,2407.28
14616,4879,269,2,3047.39
14617,4879,105,5,506.03
14618,4879,170,4,957.8
14619,4880,141,3,4175.0
14620,4880,128,3,2589.57
14621,4880,236,1,2519.66
14622,4880,86,5,4421.84
14623,4880,62,1,1797.73
14624,4881,261,2,4110.99
14625,4881,180,1,3824.0
14626,4882,109,4,4742.25
14627,4882,289,2,2319.01
14628,4882,2,5,4720.21
14629,4882,43,5,4345.54
14630,4883,52,5,3110.98
14631,4883,22,3,2027.93
14632,4884,183,5,3405.53
14633,4884,287,3,3396.11
14634,4884,27,2,3031.55
14635,4885,260,2,919.24
14636,4885,207,3,2646.85
14637,4885,271,1,572.08
14638,4885,208,5,2595.96
14639,4885,62,1,350.57
14640,4886,189,4,4739.19
14641,4886,84,2,2430.92
14642,4887,140,1,3890.01
14643,4888,264,5,1034.82
14644,4888,167,3,2257.44
14645,4888,300,1,346.24
14646,4888,138,3,2005.53
14647,4888,276,1,2848.97
14648,4889,216,2,1120.2
14649,4889,148,4,2966.17
14650,4889,230,2,4575.17
14651,4889,40,5,752.58
14652,4890,44,2,3972.46
14653,4891,10,1,2082.67
14654,4891,274,4,4428.53
14655,4892,25,4,1230.64
14656,4892,286,3,2397.67
14657,4892,23,4,3274.58
14658,4892,204,3,1298.42
14659,4893,170,4,4142.5
14660,4893,120,5,426.15
14661,4893,128,5,156.28
14662,4893,285,5,580.75
14663,4894,37,3,1793.1
14664,4894,281,2,3043.25
14665,4894,211,3,2507.8
14666,4895,287,2,2558.56
14667,4895,1,2,4445.98
14668,4895,189,5,4415.52
14669,4895,12,1,3876.06
14670,4896,172,5,4604.21
14671,4896,74,3,4060.36
14672,4896,206,2,2015.12
14673,4897,105,3,2655.04
14674,4897,296,5,1834.17
14675,4898,21,3,214.76
14676,4898,57,5,288.33
14677,4898,75,3,489.86
14678,4898,11,2,1944.13
14679,4898,115,2,2117.62
14680,4899,63,1,4891.82
14681,4899,174,3,3028.06
14682,4900,263,4,4183.32
14683,4900,248,3,4364.05
14684,4901,93,3,1380.64
14685,4901,260,1,3955.82
14686,4902,260,4,1430.98
14687,4903,136,1,2394.83
14688,4903,27,3,1832.64
14689,4903,113,3,4148.37
14690,4903,75,4,1120.01
14691,4903,83,2,1238.94
14692,4904,158,4,688.08
14693,4904,234,4,4970.91
14694,4904,56,3,1697.08
14695,4905,174,2,2356.15
14696,4906,3,2,4130.19
14697,4906,206,5,2197.84
14698,4907,262,2,4211.61
14699,4907,27,5,2612.98
14700,4907,269,5,4393.92
14701,4908,95,1,3993.82
14702,4909,234,5,675.5
14703,4910,169,1,1329.81
14704,4910,129,1,182.93
14705,4910,102,5,2896.0
14706,4910,98,2,3067.55
14707,4910,259,4,3596.12
14708,4911,234,5,2046.4
14709,4911,280,3,3472.29
14710,4911,197,3,4784.79
14711,4912,233,3,945.42
14712,4912,25,2,2910.76
14713,4912,222,1,668.94
14714,4912,36,5,4455.09
14715,4912,199,5,1243.07
14716,4913,99,2,2807.39
14717,4914,289,1,3767.51
14718,4914,101,3,2462.47
14719,4914,218,4,2096.13
14720,4915,126,3,1285.43
14721,4915,197,1,3345.38
14722,4915,50,1,1281.73
14723,4915,259,5,205.27
14724,4916,47,3,1019.57
14725,4917,212,2,4028.44
14726,4918,136,5,3707.58
14727,4918,34,4,503.22
14728,4918,183,5,1881.13
14729,4918,36,3,4724.5
14730,4918,21,5,290.78
14731,4919,43,3,412.39
14732,4919,11,5,309.78
14733,4919,47,5,3297.09
14734,4919,174,5,4466.27
14735,4919,24,1,3395.78
14736,4920,218,1,2110.28
14737,4920,74,2,1339.48
14738,4920,192,5,4077.87
14739,4921,60,3,2174.91
14740,4921,75,1,1307.86
14741,4921,185,5,630.24
14742,4922,288,1,2995.84
14743,4922,283,5,1271.76
14744,4922,27,1,769.5
14745,4922,213,1,1107.32
14746,4922,278,4,1321.32
14747,4923,221,3,4839.62
14748,4923,26,3,551.68
14749,4923,6,4,1327.81
14750,4924,14,2,3194.24
14751,4924,284,5,1944.0
14752,4925,261,5,3448.25
14753,4925,29,5,1395.03
14754,4925,268,2,626.11
14755,4925,146,1,3412.94
14756,4926,175,3,4058.99
14757,4926,68,3,544.89
14758,4926,102,5,4136.53
14759,4926,186,3,4698.31
14760,4926,298,4,781.48
14761,4927,11,3,783.59
14762,4928,188,4,1480.18
14763,4928,99,3,2550.69
14764,4929,28,1,1112.32
14765,4929,291,1,2992.97
14766,4930,4,3,4405.0
14767,4931,36,3,3200.74
14768,4931,133,4,2550.99
14769,4931,134,5,3143.46
14770,4931,1,1,2268.67
14771,4931,242,3,2453.81
14772,4932,252,5,2538.2
14773,4932,227,2,2977.05
14774,4933,169,2,4945.93
14775,4933,131,3,4834.23
14776,4933,62,5,987.79
14777,4933,25,2,876.88
14778,4934,79,2,225.94
14779,4934,137,4,3441.79
14780,4934,111,2,4590.52
14781,4935,74,2,3339.16
14782,4935,9,2,3575.54
14783,4935,85,4,1489.9
14784,4936,199,2,2551.11
14785,4936,224,2,3348.12
14786,4936,83,3,2279.77
14787,4936,174,3,3894.76
14788,4937,192,1,2277.62
14789,4937,146,3,843.27
14790,4937,242,2,742.33
14791,4937,160,5,1508.21
14792,4938,239,5,4272.71
14793,4939,117,4,2331.93
14794,4939,250,4,1171.03
14795,4939,190,2,789.99
14796,4939,156,4,3531.1
14797,4939,11,4,4932.16
14798,4940,32,3,2625.41
14799,4940,231,1,389.44
14800,4940,212,2,1973.72
14801,4940,250,5,4470.36
14802,4941,61,5,810.44
14803,4941,105,4,2704.46
14804,4942,258,1,2946.45
14805,4943,235,1,263.32
14806,4943,139,4,3557.34
14807,4944,237,2,109.85
14808,4944,244,5,2501.07
14809,4944,278,4,2165.8
14810,4944,36,3,3918.47
14811,4944,40,3,1480.1
14812,4945,82,5,3969.33
14813,4946,204,1,4532.03
14814,4946,11,2,4807.3
14815,4946,215,2,2409.04
14816,4946,158,1,4050.87
14817,4947,253,5,4259.36
14818,4947,278,2,2128.31
14819,4948,268,5,1833.66
14820,4948,300,2,4497.81
14821,4948,188,1,786.66
14822,4948,242,3,2231.13
14823,4949,251,2,2177.55
14824,4949,162,5,146.37
14825,4950,192,3,484.96
14826,4950,23,4,3897.67
14827,4951,166,1,2262.1
14828,4951,15,5,2365.7
14829,4951,181,4,1297.22
14830,4952,176,4,159.8
14831,4952,42,2,940.85
14832,4952,251,2,1705.01
14833,4952,154,5,3313.17
14834,4952,241,5,4235.99
14835,4953,294,3,1582.2
14836,4954,136,5,3099.41
14837,4955,70,4,2898.65
14838,4956,110,3,4082.93
14839,4956,194,1,1262.67
14840,4956,215,4,1152.25
14841,4957,31,4,856.3
14842,4958,2,5,1791.74
14843,4958,194,4,1980.95
14844,4959,265,4,4841.45
14845,4960,4,5,4547.68
14846,4961,114,5,4268.26
14847,4961,52,4,589.0
14848,4961,70,4,2261.41
14849,4961,216,4,2978.7
14850,4961,49,3,3833.57
14851,4962,192,3,879.99
14852,4962,204,2,793.23
14853,4962,74,2,4200.49
14854,4962,17,5,4991.65
14855,4962,207,2,4360.07
14856,4963,147,4,3747.65
14857,4963,152,2,4690.56
14858,4963,260,1,354.96
14859,4964,272,3,2988.93
14860,4964,152,4,3085.54
14861,4964,182,1,415.83
14862,4965,63,4,4109.59
14863,4966,46,5,439.64
14864,4966,184,2,2044.27
14865,4966,84,5,2687.87
14866,4966,270,2,918.49
14867,4967,145,3,1590.18
14868,4967,151,3,2062.06
14869,4967,143,3,4575.13
14870,4967,207,3,4473.93
14871,4967,232,3,1999.52
14872,4968,297,2,2549.3
14873,4968,187,1,2409.3
14874,4969,203,1,3144.7
14875,4969,167,5,574.61
14876,4969,202,4,4526.95
14877,4970,129,1,1834.68
14878,4971,212,1,1230.0
14879,4972,125,5,2940.27
14880,4972,36,1,3954.99
14881,4973,121,2,834.25
14882,4973,84,2,3276.53
14883,4973,270,4,1729.82
14884,4974,263,3,2785.52
14885,4974,125,4,2355.07
14886,4974,21,4,3285.09
14887,4975,39,1,4695.29
14888,4975,85,4,475.14
14889,4975,193,1,1994.06
14890,4976,152,4,1068.66
14891,4976,263,3,3290.25
14892,4976,209,2,3539.39
14893,4976,12,3,3971.66
14894,4976,287,4,4356.78
14895,4977,53,3,4595.37
14896,4977,31,3,3263.2
14897,4977,166,1,3410.42
14898,4977,235,5,2594.55
14899,4977,171,2,1518.2
14900,4978,235,2,4218.76
14901,4978,195,4,2481.87
14902,4978,123,5,3018.07
14903,4978,96,5,2790.05
14904,4978,4,2,485.15
14905,4979,213,4,497.87
14906,4979,78,5,4384.13
14907,4980,222,3,608.25
14908,4981,221,1,2476.22
14909,4981,158,5,559.61
14910,4981,71,5,3343.1
14911,4982,204,1,2920.22
14912,4982,286,4,2477.36
14913,4982,210,4,2051.63
14914,4982,80,5,1151.07
14915,4983,17,5,4591.09
14916,4983,168,2,4524.11
14917,4984,153,4,3970.65
14918,4984,206,2,1048.32
14919,4985,48,2,1613.14
14920,4985,70,1,3014.59
14921,4985,169,3,4874.85
14922,4985,236,5,2091.53
14923,4986,123,1,4273.74
14924,4986,154,4,2531.76
14925,4986,136,3,2073.5
14926,4986,109,2,595.78
14927,4987,36,1,3866.62
14928,4987,45,3,4676.44
14929,4987,67,1,1487.84
14930,4987,241,5,3002.66
14931,4987,179,4,115.05
14932,4988,100,4,2093.22
14933,4988,128,3,2890.11
14934,4988,49,3,1944.65
14935,4988,181,5,2722.64
14936,4989,126,2,1592.2
14937,4989,82,5,4683.9
14938,4989,2,1,1046.43
14939,4990,253,4,3870.52
14940,4991,71,5,2768.86
14941,4991,101,3,4232.95
14942,4992,59,4,4252.74
14943,4992,236,4,1288.06
14944,4993,90,1,3398.21
14945,4993,119,1,1381.61
14946,4993,232,4,1345.34
14947,4994,28,1,959.19
14948,4994,135,4,4644.81
14949,4994,134,2,3335.93
14950,4994,53,2,4808.99
14951,4994,133,5,4187.24
14952,4995,149,3,4118.08
14953,4995,175,3,1640.52
14954,4996,49,5,2378.03
14955,4997,292,5,4155.44
14956,4997,211,4,930.75
14957,4997,240,5,2149.29
14958,4997,132,3,3700.09
14959,4997,21,2,3306.49
14960,4998,248,4,4857.44
14961,4998,36,5,3525.44
14962,4998,133,2,1127.65
14963,4998,81,3,1399.41
14964,4998,28,1,4066.88
14965,4999,72,2,3745.75
14966,4999,55,4,3506.65
14967,4999,38,5,4982.32
14968,4999,268,2,2701.98
14969,4999,123,5,4671.09
14970,5000,162,5,521.67
