customer_id,customer_name,email,city,age,salary
1,Allison Hill,donaldgarcia@example.net,Chicago,19,66048.0
2,Angie Henderson,davisjesse@example.net,Seattle,32,48289.0
3,Cristian Santos,lrobinson@example.com,Chicago,61,101482.0
4,Abigail Shaffer,jpeterson@example.org,Chicago,55,85302.0
5,Gabrielle Davis,howardmaurice@example.com,New York,19,42280.0
6,Monica Herrera,smiller@example.net,,32,96237.0
7,Shannon Ray,williamsjeremy@example.com,New York,53,56062.0
8,Dr. Sharon James,xreid@example.org,Denver,32,88878.0
9,Daniel Adams,lynchgeorge@example.net,Boston,69,30851.0
10,Joel Nelson,gabriellecameron@example.org,Dallas,62,85392.0
11,Andrew Stewart,carl95@example.org,Miami,35,50379.0
12,Jennifer Rocha,ithomas@example.org,Seattle,66,74118.0
13,Kimberly Burgess,zhurst@example.com,Chicago,23,79797.0
14,Zachary Hicks,camposmichelle@example.org,Chicago,40,75082.0
15,Rebecca Henderson,cruzcaitlin@example.com,Boston,69,35695.0
16,Tricia Valencia,frazierdanny@example.net,Austin,52,46361.0
17,Patricia Peterson,ryan70@example.net,Denver,23,102357.0
18,Deborah Mason,williamrodriguez@example.net,Boston,58,111070.0
19,Mark Lynch,nathanielmartin@example.net,Miami,54,55203.0
20,Linda Burns,hickmannatasha@example.com,Chicago,20,116673.0
21,David Bradley,millertodd@example.org,Seattle,67,
22,Kim Martinez,karroyo@example.com,Chicago,32,43238.0
23,Lisa Brandt,jenniferross@example.net,Denver,35,89429.0
24,Jessica Holmes,wrightcaleb@example.org,Miami,28,78520.0
25,Crystal Robinson,zimmermanbrian@example.org,Miami,31,117841.0
26,Shannon Jones,joshuawashington@example.net,Boston,62,119593.0
27,Timothy Duncan,esanchez@example.com,Chicago,56,113227.0
28,Brent Jordan,ujenkins@example.org,Dallas,52,62087.0
29,Victoria Garcia,zchandler@example.org,Dallas,47,79735.0
30,Connor West,dwhite@example.org,Boston,58,103000.0
31,Angela Morton,williamsyvette@example.org,Seattle,61,72504.0
32,Tammy Allison,richardolson@example.com,New York,32,34207.0
33,Carmen Smith,ybaker@example.com,Miami,43,65093.0
34,Michael Cross,smoore@example.org,Chicago,31,104341.0
35,Lauren Daniels,brian97@example.net,Miami,31,115909.0
36,Kim Brown,yorkcasey@example.org,Austin,43,114259.0
37,Cynthia Wilson,bethwilliams@example.org,Austin,27,64718.0
38,Kevin Mills,james53@example.com,Dallas,33,103579.0
39,Michael Evans,sarah10@example.com,Boston,65,106622.0
40,Kristine Garcia,williamanderson@example.com,Denver,55,82350.0
41,Sherry Wood,samueldaniels@example.com,Miami,32,48131.0
42,Victoria Valdez,contrerasangela@example.net,Austin,23,36175.0
43,Shawn Baker,newtoneric@example.com,Chicago,27,112240.0
44,Michelle Harris,william40@example.org,Dallas,68,119192.0
45,Sandra Williams,kellie42@example.net,Denver,56,38326.0
46,Michael Hoffman,jonesnicole@example.org,Denver,42,108104.0
47,Sandra Aguilar,russellwilliams@example.com,Austin,51,62953.0
48,Rebecca Valencia,jason31@example.com,New York,61,45014.0
49,Stacey Russell,sarayoung@example.org,Boston,67,114012.0
50,Rita Keith,whitesandra@example.com,Miami,25,68469.0
51,Sharon Cochran,erik16@example.org,Denver,28,89470.0
52,Courtney Velasquez,ybailey@example.org,New York,64,64522.0
53,Matthew Ross,michelle45@example.net,Dallas,50,43947.0
54,Meghan Anthony,sheila14@example.org,Boston,58,96540.0
55,Victoria Johnson,yreed@example.com,Seattle,27,79009.0
56,William Wilson,jonathanfletcher@example.org,Dallas,52,99514.0
57,Renee Mcdaniel,michaeljones@example.net,New York,56,72487.0
58,Lisa Alvarado,cortezkevin@example.com,Austin,19,44662.0
59,Erika Terry,jamesortega@example.com,Miami,69,70306.0
60,Stephanie Gilbert,richard04@example.com,Seattle,21,61571.0
61,Richard Lawson,steven73@example.net,Chicago,23,93699.0
62,Steven Flynn,donnacampbell@example.net,Chicago,66,99822.0
63,Frances Cardenas,emilywalker@example.org,Dallas,26,116474.0
64,Angel Riggs,gibsonolivia@example.net,Austin,53,51643.0
65,Michael Snyder,dylanwatts@example.org,Boston,51,109507.0
66,Colleen Brock,pwilliams@example.org,Denver,31,100686.0
67,Robert Contreras,stephanie79@example.net,Seattle,63,70857.0
68,Jessica Meadows,vmerritt@example.com,Denver,60,115180.0
69,Paul Larsen,katie87@example.net,Miami,46,97839.0
70,Jeremiah Reeves,josephflores@example.net,Austin,25,62493.0
71,Chris Reyes,jasminebrown@example.com,Seattle,22,74313.0
72,John Brown,xprice@example.net,New York,55,102603.0
73,Alicia Gilmore,wwoods@example.com,Seattle,55,58864.0
74,Sarah Ashley,vmedina@example.net,New York,22,112719.0
75,Stephanie Freeman,ryan06@example.com,New York,32,38834.0
76,Rebecca Ramsey,ncalhoun@example.net,New York,39,39287.0
77,James Elliott,millerroy@example.com,Seattle,35,117684.0
78,David Murphy,wmurphy@example.com,Austin,31,100678.0
79,Trevor Fisher,ruizkaitlyn@example.org,Dallas,64,104847.0
80,Mrs. Marie Harrington DDS,herringjames@example.org,Austin,33,91993.0
81,Cynthia Wells,elliottjeffery@example.net,Denver,30,42363.0
82,Jacob Obrien,stricklandfrank@example.com,Chicago,60,86498.0
83,Alexander Collins,tsanders@example.org,Miami,45,83883.0
84,Michael Burton,terrykevin@example.net,Austin,64,37100.0
85,Barbara Riggs,reedross@example.com,Chicago,21,82772.0
86,Matthew Smith,gshort@example.com,Miami,69,44322.0
87,Madison Poole,ryangross@example.net,Seattle,30,54931.0
88,Robert Medina,umarshall@example.net,Austin,26,85296.0
89,Samuel Rivas,ramirezshannon@example.com,Dallas,35,90637.0
90,Mary Rogers,lrosales@example.com,Seattle,22,88082.0
91,Robert Peterson,angela83@example.org,Chicago,21,115477.0
92,Jason Peters,hannahbrewer@example.com,New York,23,60982.0
93,Alan Phillips,tholt@example.net,Dallas,44,93653.0
94,Kara Schmidt,jbarajas@example.com,Austin,31,82565.0
95,Jesse Parker,davidlee@example.org,New York,28,79672.0
96,Tiffany Vaughn,javierwashington@example.net,New York,42,64760.0
97,Paige Carlson,wallkenneth@example.com,Austin,36,85444.0
98,Adrian Ferguson,brandon08@example.com,Austin,27,54890.0
99,Beth Oneill,agarcia@example.net,Boston,31,37665.0
100,John Peterson,kingmichelle@example.org,New York,65,71104.0
101,Jennifer Jones,,New York,21,106569.0
102,David Grant,yobrien@example.net,Austin,50,99615.0
103,Joseph Hayes,levans@example.com,Dallas,21,96562.0
104,Marc Lynch,mezajared@example.org,Chicago,29,38981.0
105,Brad Allen,moorericky@example.net,Chicago,61,60828.0
106,Doris Hall,jacqueline71@example.net,Denver,25,104668.0
107,Dennis Moody,ronaldstephens@example.net,Seattle,55,107924.0
108,Derek Thomas,martinkyle@example.net,New York,57,40745.0
109,Tammy Gonzales,sbarker@example.com,Denver,60,106503.0
110,Kathryn Snyder,georgepamela@example.net,Miami,34,56772.0
111,David Davis,keyemily@example.com,Miami,33,64814.0
112,Pamela Thompson,lmoon@example.net,Denver,26,118039.0
113,Robert Costa,vbailey@example.com,Boston,47,71441.0
114,Shannon Rivera,zroberts@example.net,Chicago,18,90068.0
115,Brandon King,cordovarichard@example.net,Chicago,22,100468.0
116,April Booth,mgutierrez@example.net,Seattle,50,64760.0
117,Peter Garrett,harrisandrea@example.com,Dallas,40,39016.0
118,Michael Martinez,jennifercollins@example.org,Seattle,41,67353.0
119,Anna Gay,murraydavid@example.org,Dallas,46,101200.0
120,Dr. Jordan Hill PhD,jsanchez@example.org,Boston,57,115717.0
121,Thomas Romero,michellehill@example.com,New York,60,102692.0
122,Richard Adams,campbellkenneth@example.net,Boston,60,43577.0
123,Mary Grimes,wryan@example.com,Dallas,34,45129.0
124,Kimberly Gibson,molly39@example.com,Chicago,65,102512.0
125,Reginald Williams,zthornton@example.com,Dallas,35,66930.0
126,Matthew Hoover,tylerjohnson@example.net,Seattle,63,74942.0
127,Evelyn Garcia,dgarcia@example.org,Seattle,61,113130.0
128,Jennifer Pena,charlesharrington@example.com,Boston,50,94032.0
129,Michael Santos,melissa86@example.com,Boston,21,42097.0
130,Stacy Freeman,williamsonjimmy@example.net,Denver,35,35778.0
131,Yolanda Francis,wgood@example.net,New York,39,47146.0
132,Ashlee Jackson,rebecca05@example.org,Boston,28,87912.0
133,James Thomas,yknight@example.org,Denver,53,31267.0
134,Bob Pitts,tyleraguilar@example.org,Chicago,22,49536.0
135,David Scott,nolansteven@example.com,New York,41,106350.0
136,Brooke Alexander,vanessa46@example.net,Dallas,45,46704.0
137,Ryan Gonzalez,gcastaneda@example.org,New York,37,77795.0
138,Ian Phillips,andrew64@example.org,New York,40,57535.0
139,Melissa Garner,lozanojulie@example.com,Seattle,60,43473.0
140,Crystal Pham,danaoliver@example.net,Miami,67,103385.0
141,Patricia Becker,courtneyberger@example.net,Denver,57,50257.0
142,Richard Johnson,jessica14@example.com,Seattle,28,53206.0
143,Casey Anderson,alyssa42@example.com,Denver,19,53509.0
144,Terry Coffey,julie51@example.com,Miami,68,83964.0
145,Brenda Levy,zcoffey@example.net,Seattle,35,50866.0
146,Richard Smith,gibsonemily@example.net,Chicago,42,35075.0
147,James Little,daniel37@example.org,Austin,32,56158.0
148,Terri Murphy,deborahreid@example.com,Austin,40,70001.0
149,Elizabeth Ortiz,brandonjohnson@example.com,Seattle,32,33101.0
150,David Medina,qchavez@example.net,Seattle,43,73025.0
151,Kimberly Matthews,nicolepena@example.com,Boston,22,66585.0
152,Teresa Ramirez,jeff73@example.com,Miami,59,96768.0
153,Michael Stephens,bruce43@example.org,Denver,61,100282.0
154,Samantha Davis,darleneharper@example.org,Miami,19,45118.0
155,Gavin Zhang,caseyhubbard@example.org,Boston,29,106099.0
156,Robin Hall,kristinacarlson@example.com,Boston,20,44208.0
157,Brianna Anderson,lauren10@example.org,Denver,40,71114.0
158,Richard Young,alfred40@example.org,Denver,56,97033.0
159,Kelly Reese,xwest@example.net,Chicago,42,105574.0
160,Jodi Walker,acostaregina@example.net,Seattle,34,35817.0
161,Judith Maynard,lutzmelanie@example.com,Denver,18,98146.0
162,Katherine Browning,lammarc@example.org,Seattle,41,86531.0
163,Donald Schultz,oscar98@example.com,Chicago,60,73279.0
164,Larry Garcia,farrelldebra@example.net,Miami,60,46334.0
165,Cindy Hayes,robertwilcox@example.com,Boston,50,70538.0
166,Brandon Simmons,nicholas27@example.org,Denver,38,82743.0
167,Bradley Reynolds,lisa80@example.net,Boston,53,46683.0
168,Kristina Santiago,qgomez@example.com,Seattle,44,117153.0
169,Michelle Schmitt,michael98@example.org,Denver,61,52810.0
170,John Boone,megan51@example.com,Boston,43,101819.0
171,Renee Bruce,lynchdiane@example.net,New York,37,67606.0
172,Christopher Park,sandra50@example.org,Seattle,45,106019.0
173,Kylie Morales,joycebonilla@example.org,Miami,47,87905.0
174,Cindy Barnes,eric45@example.net,Austin,61,58010.0
175,Sophia Moore,craigjoseph@example.net,Austin,68,52241.0
176,Lawrence Perry,kariwilson@example.com,Chicago,36,97561.0
177,Michael Watkins,brandon69@example.org,Miami,23,60784.0
178,Eric Clark,kathrynroberts@example.org,Boston,32,56100.0
179,Paul Thompson,opatel@example.net,Dallas,19,36057.0
180,Mary Gomez,chensley@example.com,Seattle,48,110120.0
181,Thomas Atkins,tberry@example.net,Chicago,47,84321.0
182,Brian Smith,george97@example.net,Seattle,63,80328.0
183,Anita Richard,ryanmorales@example.org,Austin,43,61979.0
184,Eric Morgan,kimberly18@example.net,Dallas,59,30726.0
185,Jordan Bullock,michael23@example.org,Chicago,67,85724.0
186,Craig Morrison,thompsonkendra@example.com,Seattle,29,97889.0
187,Justin Riley,michelle52@example.com,Austin,21,103060.0
188,Jeremy Turner,brittany58@example.org,Seattle,25,89829.0
189,Jesse Brown,chase19@example.net,Dallas,69,90901.0
190,Julie Spencer,colelisa@example.net,Miami,66,88008.0
191,Larry Mason,hayeslisa@example.com,Denver,53,88446.0
192,Mrs. Maria Williams,hritter@example.net,Dallas,65,92216.0
193,Helen Hardin,vortiz@example.net,Austin,34,62406.0
194,Rachel Holland,riveraangela@example.com,Boston,67,98327.0
195,Nathaniel Douglas,mathewaguilar@example.org,Austin,58,61358.0
196,Emily Douglas,tanderson@example.org,Boston,46,40155.0
197,James Conner,elizabethcalderon@example.net,Boston,33,65614.0
198,Susan Davis DDS,andrew42@example.org,Miami,38,100798.0
199,Ralph Lee,ericphillips@example.org,Chicago,26,49769.0
200,Kimberly Rodgers,stanleynancy@example.net,Seattle,42,50028.0
201,James Martin,jenniferwilliams@example.com,Seattle,22,84377.0
202,Cynthia Wallace,karen73@example.net,Denver,39,101121.0
203,Vincent Mueller,michealvalentine@example.com,Austin,44,38161.0
204,Douglas Reyes,mburch@example.net,Seattle,44,81049.0
205,David Davidson,angela18@example.org,New York,66,105456.0
206,Phillip Nelson,mariahdavis@example.org,Denver,48,30772.0
207,Stacey Arias,gbrown@example.com,Miami,37,81116.0
208,Zachary Brooks,florescory@example.net,Denver,52,101582.0
209,Raven Taylor,samantha72@example.net,Seattle,49,58760.0
210,Luis Bullock,scottmary@example.net,Boston,45,93654.0
211,Lisa Henderson,john10@example.org,New York,42,74057.0
212,Riley Bryant,copelandvincent@example.net,Denver,64,51632.0
213,Jose Allen,kellysmith@example.com,Austin,26,111560.0
214,Jason Beck,millsmichael@example.net,New York,43,107580.0
215,Rachel Romero,myerstheodore@example.net,New York,23,114246.0
216,James Burgess,kristina53@example.net,Denver,26,90515.0
217,Ashley Perkins,dennis58@example.com,Dallas,21,64099.0
218,Carrie Maxwell,epollard@example.net,Denver,38,57742.0
219,Chad Baldwin,mjohnson@example.org,Austin,38,74236.0
220,Stacey Stewart,zachary87@example.com,Denver,35,85255.0
221,Matthew Mitchell,glennmartin@example.org,Boston,23,91644.0
222,Jessica Ross,ykline@example.com,New York,65,100702.0
223,Kathleen Jimenez,laurie61@example.com,New York,40,59389.0
224,Samantha Gardner,curtis54@example.com,Chicago,67,115426.0
225,Mitchell Jackson,cbell@example.net,New York,66,34067.0
226,Heather Bolton,danielle01@example.net,Seattle,30,32671.0
227,Heidi Owen,stephaniethomas@example.net,Dallas,33,46544.0
228,Jessica Martinez,kimberlydiaz@example.com,Austin,60,44993.0
229,Amanda Hernandez,xrush@example.com,Seattle,47,63586.0
230,Laura Moreno,redwards@example.org,Miami,28,109415.0
231,Allison Lopez,hmcintyre@example.com,Chicago,67,51465.0
232,Michele Lewis,heather73@example.org,Boston,24,105849.0
233,Benjamin Thompson,zosborn@example.net,New York,37,105470.0
234,Victoria Contreras,piercekelly@example.com,Denver,43,55995.0
235,Michelle Ho,laurahicks@example.org,Chicago,55,112213.0
236,Dr. Cynthia Snyder,angela57@example.net,Seattle,24,69529.0
237,Stephen Jones,ukey@example.com,Chicago,68,104177.0
238,Patricia Morrow,martinezlogan@example.org,New York,40,99827.0
239,Michael Cooper,katrinaanderson@example.net,Denver,60,78571.0
240,Amy Martinez,kevinmartin@example.net,Chicago,50,114874.0
241,Travis Stone,meghan43@example.net,Miami,18,85057.0
242,Denise Weber,shawgary@example.net,Austin,24,86822.0
243,Matthew Le,megan90@example.org,Miami,58,90258.0
244,Travis Wise,debra96@example.net,Dallas,45,53086.0
245,Kathleen Burton,dawn47@example.org,Boston,57,100539.0
246,Melinda Evans,barkereric@example.com,Austin,47,87091.0
247,Mr. Lawrence Edwards,jessica56@example.org,Boston,38,62177.0
248,Kayla Rodriguez,stevenadams@example.org,Chicago,35,89087.0
249,Anthony Dougherty,kwright@example.com,Seattle,66,90910.0
250,Michelle Lee,tyronerobertson@example.com,Denver,39,33761.0
251,Kathleen Davis,pwagner@example.org,Austin,38,53834.0
252,Amber Campbell,amitchell@example.org,Austin,31,76507.0
253,Stephen Luna,zdiaz@example.org,Boston,39,66655.0
254,Chloe Tran,hughesshannon@example.net,Boston,53,31330.0
255,William Becker,andersoncolin@example.com,Seattle,23,61635.0
256,Gina Mcmillan,jameshicks@example.net,Denver,49,102768.0
257,Andrew Reeves,jstone@example.net,Seattle,62,92402.0
258,Brenda Velazquez,francisco94@example.net,Austin,46,32260.0
259,Ronald Patel,thomas05@example.com,Chicago,36,59045.0
260,Veronica Silva,carlsonjoseph@example.net,Denver,62,61890.0
261,Paula Lane,silvageorge@example.net,Boston,60,106225.0
262,Patricia James,anthonyvaughan@example.org,Miami,48,102544.0
263,Jeremy Barnes,avaughn@example.net,Miami,45,102140.0
264,Tami Salas,thorntonapril@example.net,Miami,40,89473.0
265,Matthew Fox,sue78@example.com,Boston,37,62951.0
266,Megan Dillon,chelsea33@example.com,Seattle,25,55242.0
267,Courtney Dudley,kellie37@example.com,Miami,25,100236.0
268,Justin Michael,keith98@example.com,Dallas,30,58361.0
269,Jennifer Reed,kellyroberts@example.net,Austin,35,107278.0
270,Thomas Douglas,ilewis@example.com,Boston,24,55443.0
271,Melissa Taylor,johnsantiago@example.net,Boston,32,77301.0
272,David Garcia,jennifer12@example.org,Dallas,37,31854.0
273,Vanessa Moore,mwoods@example.com,Dallas,35,35965.0
274,Matthew Velez,pearsonjesse@example.net,New York,53,68290.0
275,Taylor Gentry,robertmonroe@example.org,Dallas,58,94340.0
276,Jennifer Simpson DVM,nancy04@example.net,Chicago,18,105243.0
277,Tanya Rogers,ihays@example.net,Boston,48,92746.0
278,Todd Rosales MD,lisarivera@example.net,Austin,39,54164.0
279,David Lopez,krystal93@example.org,New York,34,92616.0
280,Margaret Sullivan,frobertson@example.com,Chicago,70,38564.0
281,Cathy Taylor,shari04@example.com,Denver,49,39710.0
282,Paul Finley,brandi90@example.com,New York,27,49555.0
283,Melissa Brown,marshallerik@example.net,Boston,23,62530.0
284,Stephanie Padilla,hannah45@example.net,Chicago,53,84548.0
285,Tyler Mendoza,madkins@example.com,Seattle,67,98494.0
286,Joshua Ruiz,kathleenbecker@example.net,Denver,46,88028.0
287,Angela Griffin,christian91@example.org,Boston,55,86207.0
288,Stephanie Harris,franklinbond@example.com,Boston,54,111399.0
289,Daniel Aguilar,nolansean@example.org,New York,57,43006.0
290,Jose Bryant,hansenemily@example.com,Seattle,58,57659.0
291,Jennifer Velasquez,bethwilliams@example.com,Boston,60,40641.0
292,Kimberly Brown,andersenthomas@example.com,Dallas,33,52782.0
293,Randy Cannon,ybrooks@example.com,Chicago,28,30350.0
294,Susan Bennett,desireebailey@example.org,Denver,46,107832.0
295,Jenna Anderson DVM,avilatiffany@example.com,Austin,36,34278.0
296,Kimberly Patel,johnreed@example.com,Seattle,36,67056.0
297,Shaun Cannon,pachecorobert@example.org,Austin,22,60595.0
298,Austin Wheeler,tharper@example.org,Boston,68,111927.0
299,Andrew Gonzales,karenparsons@example.org,Seattle,45,45043.0
300,Donna Cabrera,barbara53@example.com,Seattle,59,49528.0
301,Victoria Boyd,dturner@example.net,Boston,70,48643.0
302,Sheryl Buck,dpeters@example.com,Chicago,21,51747.0
303,Megan Floyd,heather62@example.com,Boston,56,104607.0
304,Paul Wells,kevinzimmerman@example.com,Boston,46,46299.0
305,Kristina Faulkner,paulscott@example.com,Austin,62,69857.0
306,Tammy Boone,nicholsmaria@example.org,Denver,35,95597.0
307,Michael Morrison,lopezkathleen@example.net,Austin,46,40543.0
308,Claire Clark,kevin03@example.org,New York,45,72247.0
309,Autumn Key,srocha@example.net,Boston,19,41970.0
310,Jennifer Allen,kimberly67@example.net,Seattle,61,105392.0
311,Elizabeth Ward,zowens@example.net,New York,66,118117.0
312,Ryan Rocha,lawrence09@example.org,Boston,54,35273.0
313,Alexis Tran,mphillips@example.com,Dallas,48,98021.0
314,Kelly Sanchez,jonathan77@example.com,Austin,35,53788.0
315,Robert Jackson,iwhite@example.net,Denver,58,94451.0
316,Kelly Combs,landryelizabeth@example.org,Chicago,48,75607.0
317,Ryan Hall,albertwagner@example.com,Denver,39,72081.0
318,Mark Peck,bhopkins@example.org,Chicago,28,73228.0
319,Jennifer Smith,amanda40@example.net,Denver,62,94942.0
320,Megan Drake,danieldavis@example.org,Boston,60,82488.0
321,Manuel King,joseph61@example.com,New York,47,41542.0
322,Judy Sanchez,kevinclayton@example.org,Miami,34,72372.0
323,Shannon Malone,sullivannicholas@example.com,Chicago,67,82976.0
324,Adam Jackson,pbruce@example.com,New York,60,101118.0
325,Shannon Davis,hallrachel@example.net,Austin,44,37104.0
326,Karen Williams,cohenjuan@example.net,Seattle,51,77419.0
327,Amanda Mcfarland,alexis39@example.org,Austin,58,87939.0
328,Michelle Sanders,evansanne@example.net,New York,31,65003.0
329,Jasmine Mosley,patrick21@example.net,Dallas,36,87424.0
330,Haley Davis,marypeterson@example.net,Austin,25,33783.0
331,Jennifer Ayala,walterskristen@example.com,Seattle,63,50758.0
332,Henry Pugh MD,nmiller@example.com,Boston,53,31792.0
333,Michelle Miller,normanbowers@example.org,Denver,23,59451.0
334,Emily Rodriguez,hahnsean@example.com,Chicago,47,45396.0
335,Brandon Jordan,fgarcia@example.com,Dallas,49,68254.0
336,Linda Mueller,asmith@example.com,Boston,44,93242.0
337,Misty Hansen,ashleyjackson@example.com,Austin,33,89871.0
338,Derrick Adams,bryanhamilton@example.com,Dallas,42,54983.0
339,Richard Ward,jennifersimpson@example.net,Dallas,22,66208.0
340,Brian Torres,ncook@example.com,Denver,39,96550.0
341,Erin Cook,kevinmorrison@example.net,Boston,70,30336.0
342,Ernest Oconnell,kelly79@example.org,Boston,64,69132.0
343,Douglas Hartman,daniel93@example.net,Austin,27,88529.0
344,Catherine Saunders MD,nhahn@example.com,Austin,40,73573.0
345,Sandra Jones,ichambers@example.net,Denver,47,72176.0
346,David Moore,emccormick@example.com,Seattle,62,61300.0
347,Karen Morales DDS,ystephens@example.com,Denver,32,83841.0
348,Robin Wheeler,rodriguezjohn@example.net,New York,38,91993.0
349,Matthew Williams,vrasmussen@example.com,Denver,42,116991.0
350,Brett Walker,seanmyers@example.net,Dallas,49,34852.0
351,Kathryn Cooper,webbkenneth@example.org,Dallas,50,107356.0
352,Todd Thomas,matthew38@example.com,Miami,24,87711.0
353,Brent Bowen,tflores@example.org,Chicago,51,89890.0
354,Ashley Sweeney,byrdfrank@example.net,New York,64,48894.0
355,Christopher Moore,omullen@example.com,Denver,59,50232.0
356,Charlotte Sandoval,njohnson@example.org,Chicago,48,64737.0
357,Jeffrey Smith,jamiegoodwin@example.org,Miami,57,82098.0
358,Rebecca Herrera,mark71@example.com,Chicago,39,118389.0
359,Katherine Church,candice96@example.net,Denver,38,112155.0
360,Harold Ellis,lisamccarthy@example.com,Austin,52,34705.0
361,Leslie Powers,david41@example.org,Chicago,33,112727.0
362,Charles Price,baileyhenderson@example.com,Boston,32,41846.0
363,Melissa Brewer,angelaburns@example.org,Denver,24,113066.0
364,Ryan Harvey,stephanie72@example.org,Chicago,46,51805.0
365,Tracey Wagner,fortiz@example.com,Boston,19,36028.0
366,Jill Jackson,flynnjeffrey@example.org,Miami,68,37355.0
367,Joshua Jackson,xcunningham@example.com,Boston,40,79131.0
368,Ashley Wilson,amber07@example.net,Denver,27,62007.0
369,Jeffery Fitzgerald,kennethkidd@example.com,Denver,54,119364.0
370,Scott Miller,rowejoel@example.net,Dallas,28,52946.0
371,Heather Page,imartin@example.org,Chicago,57,80140.0
372,Renee Hudson,candice25@example.net,Seattle,49,106435.0
373,Kenneth Farley,taylorkaren@example.com,Dallas,32,90443.0
374,Wendy Camacho,jacquelineanderson@example.org,Boston,47,63466.0
375,Sandra Juarez,kburns@example.net,New York,69,90981.0
376,Jason Hayes,powellkara@example.net,Boston,61,101643.0
377,Jackie Clements,brandi17@example.net,Dallas,22,87898.0
378,Heather Brown,brobinson@example.org,Miami,55,69210.0
379,Frank Campbell MD,ashleewashington@example.com,Denver,62,62780.0
380,Pamela Williams,ksmith@example.com,Austin,37,56111.0
381,William Patterson,nicoleturner@example.com,Denver,48,43979.0
382,Isaac Miller,brettgarrett@example.net,Seattle,42,104963.0
383,Cynthia Rios,smiththomas@example.org,Miami,54,68780.0
384,Kelly Wallace,dominguezlisa@example.com,Boston,19,116275.0
385,Karen Perez,crosscurtis@example.com,Denver,35,31061.0
386,Edwin Reyes,darlenebyrd@example.org,New York,56,95107.0
387,Alejandra Santos,nbell@example.net,Boston,67,60162.0
388,Tamara Jensen,fheath@example.org,Miami,32,113442.0
389,Bryce Blair,sylvia52@example.org,Seattle,57,62850.0
390,Bradley Tran,kimberly04@example.org,Dallas,58,42735.0
391,Katrina Adkins,debbie37@example.com,New York,37,87779.0
392,Jonathan Wheeler,hatfieldsarah@example.org,New York,55,77823.0
393,Ryan Fisher,kathrynbest@example.org,Dallas,23,68680.0
394,Austin Baker,livingstonstacy@example.com,Miami,65,84460.0
395,Lori Mason,zhenderson@example.org,Dallas,30,47322.0
396,Kimberly Hernandez,collinswilliam@example.org,Miami,51,95771.0
397,Brittney Murphy,collinssamuel@example.org,Boston,28,63681.0
398,Brandon Hamilton,dsalazar@example.com,Austin,69,68684.0
399,Mary Thompson,zimmermanjacqueline@example.org,Miami,69,45095.0
400,Gregory Holmes PhD,gary24@example.net,Austin,22,48449.0
401,Patricia Johnson,enelson@example.com,Seattle,61,118395.0
402,Laura Jones,ddixon@example.com,Denver,69,103048.0
403,Carol Moore,shannonemily@example.org,Miami,23,81717.0
404,Jordan Williams,sanchezthomas@example.com,New York,34,100329.0
405,Cassidy Horne,tranrobin@example.net,Chicago,47,78311.0
406,Courtney Wright,joseph19@example.com,Boston,55,79941.0
407,Michael Williams,lindajarvis@example.com,Miami,24,118452.0
408,John Campbell,mark87@example.org,Seattle,48,33280.0
409,Eddie Mueller,stevenvargas@example.com,Miami,57,59015.0
410,Dr. Morgan Payne PhD,adamortiz@example.org,Chicago,58,90852.0
411,Makayla Steele,tapiaaaron@example.net,Boston,59,83516.0
412,Oscar Parker,alyssaallen@example.com,Chicago,26,35943.0
413,Valerie Thomas,christopher38@example.com,New York,37,94569.0
414,Jacqueline Villegas,carpenterwilliam@example.net,Chicago,24,60775.0
415,Angela Bradley,ibates@example.org,Dallas,42,89459.0
416,Samuel Howe,vhaynes@example.com,Miami,60,100804.0
417,Dillon Jones,derekcarrillo@example.org,Denver,55,50253.0
418,Christopher Owens,wmartinez@example.org,Denver,59,42978.0
419,John Phelps,mooregina@example.net,Austin,57,83492.0
420,Amanda Huff,eddie35@example.com,Boston,20,78566.0
421,Megan Green,anthonysullivan@example.com,Seattle,46,88287.0
422,Krista Davis,laradonald@example.org,Seattle,41,43022.0
423,Richard Walker,madisonwatson@example.net,Miami,52,114518.0
424,Angela Willis,johnsoncaleb@example.net,Miami,21,82184.0
425,Carl Stein,david70@example.org,Boston,30,46011.0
426,Jessica Ramsey,rjohnson@example.com,Austin,23,116870.0
427,Daniel Lopez,sean20@example.net,Seattle,59,113819.0
428,Danielle Phillips,eandrade@example.org,New York,21,73713.0
429,James Barnes,crystalpham@example.org,Seattle,26,104000.0
430,Rachael Howard DDS,kcooper@example.net,Seattle,22,102641.0
431,Devin Johnson,anthonycochran@example.com,Seattle,55,58305.0
432,William Moreno,terrigarcia@example.net,Seattle,39,49340.0
433,Joseph Moody,gallagherstacie@example.net,New York,35,48964.0
434,Rebecca Kelly,gregorywatkins@example.net,Dallas,52,62853.0
435,Suzanne Johnson,stacey92@example.net,Dallas,25,116646.0
436,Sara Cochran,lweaver@example.com,New York,26,31947.0
437,Anthony Guzman,foxaaron@example.net,Miami,68,61186.0
438,Carlos Love,brian29@example.net,Miami,19,52838.0
439,Patricia Mathis,susan56@example.net,Boston,21,46614.0
440,Eric Taylor,jessicakim@example.net,Denver,51,44896.0
441,Marie Thompson,jeffrey92@example.com,Chicago,48,88756.0
442,Michael Anderson,rushstacy@example.com,Miami,50,107812.0
443,Patricia Bradley,carriemccall@example.net,Chicago,46,96039.0
444,Keith Zuniga,markmiller@example.com,Seattle,57,35683.0
445,Mrs. Stacey Davis,sean43@example.org,Boston,47,114323.0
446,Hayley Buchanan,williamssamuel@example.com,New York,21,92781.0
447,Stacey Snyder,ybell@example.org,Denver,45,119928.0
448,Rachel Lane,franciscojones@example.org,Chicago,49,88138.0
449,Fernando Lynn,petersonpamela@example.org,Chicago,23,72219.0
450,Kimberly Villanueva,morgantricia@example.com,Dallas,22,46540.0
451,Jessica Valdez,gmoore@example.com,Boston,57,112978.0
452,Colton Terry,donna43@example.org,Miami,42,108301.0
453,Kenneth Larsen,briansmith@example.org,Boston,47,96263.0
454,Matthew Greene,collinclark@example.net,Denver,24,44996.0
455,Bradley Anthony,kristen77@example.net,Seattle,45,89186.0
456,Martin Hughes,nicole52@example.com,Seattle,44,74424.0
457,Jeremiah Baker,anne21@example.org,Austin,43,84524.0
458,Rhonda Gutierrez,angelarandall@example.net,Chicago,38,85936.0
459,Joseph Camacho,parmstrong@example.com,Miami,60,63408.0
460,James Nash,shawrachel@example.net,Miami,27,92163.0
461,Lisa Martinez,kthompson@example.org,Chicago,23,41188.0
462,Beth Henderson,oharris@example.org,Chicago,45,42656.0
463,Deanna Bartlett,millerangela@example.net,Miami,69,47054.0
464,Donald Ellis,buchanancindy@example.net,New York,55,103608.0
465,Ashley Hernandez,buckleyanna@example.org,Miami,60,46021.0
466,Sharon Beard,pbaker@example.com,Denver,40,117207.0
467,Kara Jackson,mthomas@example.net,Denver,64,36743.0
468,Amanda Preston,hannah07@example.com,Boston,56,70953.0
469,Alicia Roth,larry71@example.org,Miami,24,105748.0
470,William Ramos,joseph69@example.net,Seattle,27,116079.0
471,Jeremy Mcintyre,wfigueroa@example.net,Austin,32,44184.0
472,Samantha Robertson,cameronmckinney@example.com,Miami,53,78176.0
473,Samuel Suarez,thompsonnancy@example.org,Chicago,66,66512.0
474,Danielle Bryant,janet45@example.com,Seattle,69,86244.0
475,Madison Martinez,allentracy@example.com,New York,56,116223.0
476,Seth Matthews,max41@example.com,Boston,19,53647.0
477,Anthony Nash,mercedesholland@example.net,Boston,62,70499.0
478,Matthew Palmer,wellsdavid@example.org,Miami,40,30800.0
479,Alejandra King,jennifer46@example.com,Dallas,27,104228.0
480,Judy Robinson,erica96@example.net,Denver,22,48595.0
481,Jorge Bates,anna99@example.com,New York,23,99531.0
482,Brian Brown,danielle44@example.net,Seattle,42,85028.0
483,Stephanie Evans,zacharyallen@example.org,Austin,39,50631.0
484,Rebekah Greene,erin07@example.com,Miami,37,72517.0
485,Jason Price,aguilarwanda@example.org,Chicago,21,50392.0
486,Micheal Parks,qknox@example.com,Dallas,66,110981.0
487,Sarah Pittman,kellyruiz@example.net,New York,61,40693.0
488,Robert Hines,staceylam@example.net,Boston,46,116761.0
489,Henry Garner,robert55@example.com,Denver,49,109570.0
490,Julie Wilson,delacruzbrandy@example.net,Austin,44,65804.0
491,Steve Mason,amoreno@example.org,Seattle,66,97154.0
492,Brittany Gay,robert97@example.org,Chicago,40,86349.0
493,Mike Maxwell,lcook@example.com,Chicago,36,118895.0
494,Abigail Hill,barbaramoore@example.org,Austin,51,117442.0
495,Jeffrey Jordan,ysanford@example.org,Boston,20,58903.0
496,Curtis Watson,mcclainkatherine@example.net,Denver,56,37180.0
497,Michael Sims,jeremywiley@example.com,New York,31,69507.0
498,James Chapman,cameronwilliams@example.com,Seattle,67,47987.0
499,Joseph Warren,ibarron@example.com,Boston,36,73007.0
500,Katherine Christensen MD,osmith@example.net,Chicago,18,95193.0
501,Mrs. Alison Wagner,richardsondebra@example.org,Denver,29,46932.0
502,Martin Wise,wheelerbrandon@example.org,Denver,52,60161.0
503,Alicia Norris,hwallace@example.net,Miami,22,82044.0
504,Michael Harris,turnerdorothy@example.net,New York,45,32456.0
505,Lisa Haynes,grivas@example.net,Austin,22,71033.0
506,Autumn Wilson,jimenezchelsea@example.com,Denver,54,83008.0
507,Valerie Howard,cphillips@example.net,Denver,36,45096.0
508,Daniel Fitzpatrick MD,smithchristopher@example.org,Denver,19,72568.0
509,Maureen Hernandez,chancharles@example.net,Dallas,69,111018.0
510,David Hall,joseph01@example.org,Austin,62,77428.0
511,Sarah Ward,ronald11@example.org,Chicago,45,43875.0
512,Charles Holland,michael79@example.com,Seattle,45,107184.0
513,Anna Briggs,danielross@example.com,Denver,51,40308.0
514,James Jefferson,zbanks@example.org,Denver,37,74500.0
515,Michael Brown,dalepruitt@example.com,Seattle,39,52037.0
516,Meghan White,nmaxwell@example.org,Chicago,50,112998.0
517,Sheryl Acosta,timothyfreeman@example.com,Chicago,51,96840.0
518,Arthur Pena,busherica@example.net,Seattle,67,75793.0
519,Krystal Levine,april91@example.com,Miami,64,114599.0
520,Danielle Reed,jhernandez@example.net,Dallas,33,43474.0
521,Mason Moore,kchristian@example.org,Dallas,34,55856.0
522,Erica Rivera,brent38@example.net,Dallas,56,50036.0
523,Robert Miller,csolis@example.org,Chicago,29,112306.0
524,Jillian Wilson,bmcgee@example.org,Austin,47,103889.0
525,Andrew Dunn,connersylvia@example.net,Austin,61,103989.0
526,Jordan Clark,xclements@example.org,Miami,58,71436.0
527,Sarah Rivera,xmoran@example.net,Dallas,46,38950.0
528,Brent Hopkins,petersonmaria@example.com,Austin,46,112756.0
529,Jacqueline Rodriguez,travisunderwood@example.net,Boston,68,66002.0
530,Ashley Carr,davidphelps@example.org,New York,40,96497.0
531,Richard Love,shermanbrandon@example.net,Chicago,37,90521.0
532,Leah Barton,lellis@example.net,Austin,20,37456.0
533,Jonathan Moreno,tranryan@example.net,Miami,36,40057.0
534,Mr. Thomas Thompson,jessicaanderson@example.com,Chicago,57,107867.0
535,Lisa Morris,mbarnes@example.net,Denver,47,106064.0
536,Denise Stuart,shawn22@example.com,New York,46,104928.0
537,Stacey Hunt,jennifer83@example.org,Seattle,38,109299.0
538,Miguel Parks,tinasantos@example.org,Austin,50,49773.0
539,Melissa Morris,hodgesanna@example.net,New York,46,43566.0
540,Mary Butler,natalie60@example.net,Miami,63,41053.0
541,James Brown,gonzalezkaren@example.org,Dallas,20,62472.0
542,Miss Brianna Brown,james80@example.com,Austin,46,98690.0
543,Ashley Parrish,juliahoffman@example.org,Dallas,41,78870.0
544,Rebecca Horton,housepaul@example.net,Boston,42,83578.0
545,Juan Smith,james73@example.net,Miami,61,108366.0
546,Maria Fischer,kimberlybrandt@example.com,New York,68,112691.0
547,William Jones,jillwilson@example.org,Miami,22,73213.0
548,Justin Anderson,adam72@example.org,Chicago,53,118916.0
549,Frank Williams,tracy98@example.com,Denver,36,63029.0
550,Michael Fox,abigailhartman@example.org,Dallas,39,40682.0
551,Joshua Davis,nicolealvarado@example.com,Dallas,40,70662.0
552,Daniel Goodwin,wbarajas@example.net,Denver,26,107993.0
553,Michael Griffin,susanfleming@example.com,Chicago,37,103259.0
554,Robert Wilson,amber40@example.net,Denver,59,73054.0
555,Jaime Lang,stucker@example.net,Dallas,60,119838.0
556,Jose Vaughan,teresaayala@example.net,Chicago,59,117878.0
557,Austin Santiago,michellecoleman@example.org,Denver,50,77425.0
558,Ronald Johns,elucas@example.net,New York,41,70483.0
559,Allison Love,millerbrian@example.com,Dallas,31,74791.0
560,Laura Perez,rickey76@example.com,Austin,30,59693.0
561,James Wilson,maychristine@example.net,Dallas,27,40114.0
562,Mercedes Jones,robertsgina@example.net,Boston,68,43256.0
563,Preston Kim,bshort@example.com,New York,60,74140.0
564,Daniel Francis,susan24@example.net,Dallas,56,79377.0
565,Traci Camacho,susan08@example.net,Dallas,28,53703.0
566,Andrew Armstrong,fmedina@example.com,Dallas,64,87366.0
567,Patrick Swanson,robertbrewer@example.net,New York,44,77749.0
568,Clinton Jensen,james29@example.org,Seattle,46,110031.0
569,Tara Gamble,enewman@example.com,Boston,66,88841.0
570,Danielle Gonzalez,wlynn@example.org,Seattle,52,61348.0
571,Cynthia Mitchell,mcculloughlouis@example.com,Boston,69,91474.0
572,Matthew Steele,arianadiaz@example.com,Seattle,41,118907.0
573,Caroline Edwards,jenniferdavidson@example.com,Austin,47,66932.0
574,Brandy Quinn,wford@example.com,Denver,50,99135.0
575,Mr. Matthew Miller,michele28@example.org,Denver,28,56174.0
576,Stephen Jones,mcclainmelissa@example.net,Dallas,34,36839.0
577,Kevin Sullivan,rebeccaarnold@example.net,Austin,41,102684.0
578,Kimberly Valdez,michaelwalker@example.net,Chicago,63,97621.0
579,Donna Marshall,sanderswayne@example.net,Chicago,36,40993.0
580,Victor Holden,katherinetaylor@example.org,Dallas,35,88893.0
581,Travis Hopkins,jillwebb@example.com,Dallas,45,42021.0
582,Philip Hall,mike03@example.net,Seattle,70,89130.0
583,Heather Harrison,ckeith@example.net,Miami,19,84381.0
584,Michael Boyd,mary49@example.net,New York,43,95799.0
585,Jamie Gray,blacknicholas@example.org,Miami,33,80615.0
586,Heather Parrish,msparks@example.org,Chicago,41,59430.0
587,Brenda Martin,robertsonjuan@example.org,New York,38,42987.0
588,Jack Love,guerrerorobert@example.com,Miami,68,49142.0
589,Karen Mendoza,brittanyholland@example.com,Dallas,20,67601.0
590,Andrew Berry,dennishunt@example.net,Austin,62,48191.0
591,Christopher Nielsen,kgreene@example.net,Austin,46,110654.0
592,Nathan Stanley,stacey37@example.net,New York,23,32490.0
593,Sharon Jackson DVM,laurahoover@example.org,Boston,31,49597.0
594,Kayla Jackson,sandra99@example.org,Denver,25,67762.0
595,James Rodriguez,alexandrablankenship@example.net,Seattle,37,45970.0
596,Chase Davis,mvalenzuela@example.org,New York,33,85027.0
597,Kim Goodwin,olsondavid@example.net,Austin,22,44530.0
598,April Pace,xboyd@example.org,Austin,56,100261.0
599,Jessica Mays,yclarke@example.com,New York,58,97551.0
600,Natalie Juarez,colemanjonathan@example.org,Seattle,63,48818.0
601,Angela George,ascott@example.net,Boston,45,30205.0
602,Adrienne Mills,brooksjamie@example.com,Miami,33,104798.0
603,Brian Simmons,jose86@example.net,Denver,29,117080.0
604,Donald Becker,robertbowers@example.com,Chicago,51,77265.0
605,Justin Webb,becky62@example.net,Chicago,51,101313.0
606,David Logan,craigromero@example.com,New York,42,91621.0
607,Lisa Cohen,martintamara@example.org,New York,58,80709.0
608,Samantha Ruiz,qdavis@example.org,Miami,34,32128.0
609,Lee Ramsey,hmendez@example.com,Miami,68,38855.0
610,Linda Bautista,daniellegonzales@example.org,Miami,33,116127.0
611,Tara Holmes,arthurgreene@example.net,Chicago,67,106271.0
612,Lisa Craig,john02@example.org,Miami,26,35811.0
613,Penny Gomez MD,aprilmclaughlin@example.org,Miami,52,74374.0
614,Krista Barber,michael43@example.net,Dallas,67,119742.0
615,Jordan Powell,greenrichard@example.org,Austin,62,92722.0
616,Kathy Morgan,prattsue@example.net,Dallas,69,47675.0
617,Laura Benson,xhart@example.org,Chicago,63,89988.0
618,Tonya Ellis,bmosley@example.com,New York,36,56422.0
619,Austin Schultz,ericahall@example.com,New York,68,56144.0
620,Harry Nichols,john16@example.net,New York,38,70642.0
621,Gloria Spencer,thomasgomez@example.net,Denver,70,101176.0
622,Travis Vega,victorgonzalez@example.net,Austin,34,34799.0
623,Derek Perez,marykelly@example.org,Seattle,36,76789.0
624,Blake Sosa,waustin@example.net,New York,59,73506.0
625,Sarah Watson,travis94@example.com,Boston,25,78237.0
626,Phillip Dixon,kwalker@example.org,Denver,43,87637.0
627,Robert Mendoza,shawphillip@example.net,Denver,39,54486.0
628,Joyce Martinez,astewart@example.org,Austin,62,95211.0
629,Jamie Garcia,chloe42@example.net,Miami,69,98062.0
630,Derrick Mullen,michael76@example.org,Boston,69,40828.0
631,Paul Diaz,lramirez@example.net,Denver,23,86440.0
632,Kenneth Perez,lelinda@example.net,Dallas,52,68504.0
633,James Thomas,thomassmith@example.com,Miami,24,40494.0
634,Dr. Samuel Holmes DDS,jevans@example.net,Miami,60,68750.0
635,Brett Martin,lisawoods@example.net,Boston,46,108986.0
636,Patrick Green,ann45@example.org,Denver,28,88183.0
637,Gregory Frazier,barbarasantos@example.net,Miami,46,35551.0
638,Richard Kelly,champton@example.org,Miami,57,87008.0
639,Dustin Welch,mirandadavidson@example.com,Boston,58,37518.0
640,Logan Sullivan,millermatthew@example.com,Chicago,60,113560.0
641,Eddie Adams,cnelson@example.com,Denver,41,97251.0
642,Kelly Cole,ivanjohnson@example.net,Dallas,19,48714.0
643,David Manning,clarkrandy@example.org,Austin,20,46545.0
644,Shawn Kelley,wisealexandria@example.org,Chicago,33,114562.0
645,Luke Miller,pparker@example.net,Miami,41,80181.0
646,Mark Anderson,anthonyalvarado@example.com,New York,56,50111.0
647,Julie Pitts,amy28@example.org,Austin,41,78760.0
648,Joyce Curry,omills@example.net,Austin,66,40077.0
649,Gregory Fernandez,ramosmichael@example.com,Dallas,51,78096.0
650,Adam Mills,mauriceharrison@example.org,Denver,38,115139.0
651,Katherine Campos,albert64@example.net,Boston,33,44869.0
652,Adam Brooks,bkhan@example.com,New York,65,54385.0
653,Miguel Brewer,fwalker@example.com,Austin,51,80723.0
654,Kellie Marsh,justin84@example.com,Chicago,34,64116.0
655,Barry Taylor,walshchristine@example.com,Austin,31,110199.0
656,Katherine Flores,brandonnichols@example.org,Boston,62,94382.0
657,Diane Martinez,oacosta@example.org,Seattle,25,47790.0
658,Johnny Peterson,kristi75@example.com,Chicago,46,52630.0
659,Amanda Miller,brianrowe@example.org,Austin,23,119381.0
660,Catherine Huang,lisa01@example.net,Miami,60,75537.0
661,Ray Ramos,gonzalezjill@example.org,Chicago,53,101063.0
662,Vickie Kennedy,sharon20@example.net,Boston,37,50644.0
663,Kelly King,james03@example.org,Dallas,68,77381.0
664,Jeffrey Smith,brenda63@example.org,Seattle,25,56342.0
665,Lauren Vazquez,nathandavis@example.org,Dallas,33,94752.0
666,Mr. George Booker DDS,browndeanna@example.net,New York,41,102616.0
667,Ashley Freeman,tina57@example.net,Miami,47,102305.0
668,Michael Howard,johnwilliams@example.net,Dallas,57,41300.0
669,Edward Terry,ashleystephens@example.com,Chicago,37,82187.0
670,Denise Guerra,caseymoore@example.com,Austin,51,83843.0
671,Kimberly Gibson,bgross@example.net,Denver,70,105353.0
672,Patty Allen,barrettamber@example.com,Chicago,26,71553.0
673,Michael Cannon,chloemorris@example.net,Chicago,46,91057.0
674,Brent Hopkins,conleydavid@example.org,Miami,26,102260.0
675,John Garcia,hbarrett@example.net,Dallas,67,46912.0
676,Dawn Diaz,smithsamantha@example.net,Denver,50,37263.0
677,Steve Miller PhD,wardjulia@example.com,Chicago,51,50056.0
678,Rebecca Brown,allison14@example.org,Boston,28,51229.0
679,Toni Davis,amandalopez@example.net,Miami,63,59552.0
680,Laura Meza,xreese@example.net,Miami,51,67230.0
681,Megan Park,kandrade@example.org,Chicago,34,55729.0
682,Kathy Sandoval,umahoney@example.net,Boston,26,111922.0
683,Erika Watson PhD,umckenzie@example.net,Boston,57,99924.0
684,Joshua Brooks,michael77@example.com,Chicago,50,114015.0
685,Andrew Mitchell,holmesvictoria@example.com,Dallas,55,106106.0
686,William Lewis,andrew48@example.net,Dallas,28,116341.0
687,Tammy Moore,stevenseric@example.com,Miami,54,35399.0
688,Kevin Hall,christopher69@example.org,New York,23,35958.0
689,Misty Mcguire,tracynolan@example.net,Boston,59,57631.0
690,Susan Larson,benjamin96@example.org,Denver,57,113753.0
691,Tammy Cook,hbutler@example.org,New York,49,112203.0
692,Sarah Mcfarland,hbrown@example.org,Boston,59,69596.0
693,Karl Murphy,ericnunez@example.com,Austin,33,119783.0
694,Nicole Johnston,walkerkeith@example.com,Denver,37,89446.0
695,George Alvarez,kelleyjose@example.com,Chicago,62,37852.0
696,Patricia Anderson,timothygonzalez@example.com,Dallas,46,84476.0
697,Christina Gilbert,johnadams@example.com,Austin,47,56741.0
698,Thomas Davis,whenderson@example.org,Miami,56,48830.0
699,Kirk Johnson,gary59@example.com,Miami,63,71853.0
700,Jessica Glass,jamesbrooks@example.net,Miami,43,47139.0
701,Ashley Brown,mistywilkins@example.org,Miami,50,103616.0
702,Robert Torres,njohnson@example.net,Chicago,38,61685.0
703,Christina Mills,ana92@example.net,Austin,25,65058.0
704,Alicia Aguilar,scottbrian@example.org,Austin,33,48465.0
705,Lisa Brown,jonesdonna@example.net,Chicago,21,68038.0
706,Mary Lin,carternicole@example.com,Denver,57,84805.0
707,James Bray,mckeetodd@example.net,Seattle,28,72917.0
708,Charlotte Mason,tcastro@example.org,Miami,30,50885.0
709,Thomas Torres,klong@example.org,Austin,50,91186.0
710,Harold Garrett,wendyirwin@example.com,Austin,37,95191.0
711,Lori Johns,raymondstacy@example.org,New York,23,81543.0
712,Steven Sandoval,blairabigail@example.net,Austin,33,58199.0
713,Lori Perez,ashleysimmons@example.com,Miami,21,36624.0
714,Erin Daniels,denisecarpenter@example.net,Boston,49,108317.0
715,Shari Parker,russellstout@example.org,Austin,36,100345.0
716,Krystal Moore,grantstacy@example.org,New York,24,86482.0
717,Ryan Thomas,cannonnicole@example.com,Dallas,34,77943.0
718,Elizabeth Reese,edwin31@example.org,Denver,41,35930.0
719,Phillip Salazar,catherine93@example.net,Denver,21,104747.0
720,Michael Howard,manderson@example.com,Seattle,41,102512.0
721,Jacqueline Christian,kwells@example.org,Boston,22,80639.0
722,Jason Novak,stephanie33@example.org,Austin,66,102070.0
723,Timothy Duke,dwatts@example.org,Boston,70,111689.0
724,Ricardo Franklin,zcortez@example.net,Chicago,26,42672.0
725,Laura Herrera,meyershannon@example.org,Denver,41,74444.0
726,Danielle Medina,grantzachary@example.net,Miami,66,48909.0
727,Cheryl Gonzales,kim47@example.org,Seattle,56,96731.0
728,Louis Brown,stevenlucas@example.org,Denver,50,35276.0
729,Ashley Osborne,phillipmorris@example.org,New York,20,47961.0
730,Kevin Marquez,nicoledavis@example.com,Miami,69,92094.0
731,Susan Hogan,davisjasmin@example.net,Austin,27,109463.0
732,Joseph Cruz,nicholasjames@example.org,Dallas,38,110356.0
733,Krystal Keller,fernandothomas@example.net,Miami,28,81505.0
734,Eric Cross,lroberts@example.org,Boston,55,74089.0
735,Toni Smith,alexander77@example.net,Austin,63,103783.0
736,Lisa Snyder,briannaalvarez@example.com,Boston,48,32180.0
737,Kyle Smith,christine83@example.org,Miami,39,118317.0
738,Anthony Bailey,melissaestrada@example.net,Chicago,44,106507.0
739,Thomas Williams,kchaney@example.net,Boston,68,112478.0
740,Matthew Graves,tammycurry@example.com,New York,56,92205.0
741,Anna Evans,priscilla16@example.net,Boston,59,105821.0
742,John Martinez,mark68@example.org,Seattle,64,36731.0
743,Lisa Rodriguez,webbhaley@example.net,Austin,28,98712.0
744,Lee Stewart,sara99@example.com,Denver,27,119224.0
745,Lynn Vasquez,nicolehall@example.com,Seattle,20,105047.0
746,April Johnson,mclaughlinjared@example.net,Chicago,30,32482.0
747,Mrs. Felicia Castro DDS,davidsonhannah@example.com,Austin,38,84890.0
748,Elizabeth Hunter,katie15@example.com,Dallas,44,56724.0
749,Keith Choi,jamesbass@example.net,Denver,50,110147.0
750,John Johnson,timothyburton@example.net,Austin,65,38163.0
751,Julia Olsen,conleykevin@example.net,Dallas,51,57176.0
752,Kristen Smith,lauren51@example.org,Miami,60,92701.0
753,Andre Terrell,ashleyprice@example.net,Denver,38,52699.0
754,Richard Parker,jennifer46@example.org,Austin,52,74869.0
755,David Hayes DVM,aliciathompson@example.com,Miami,61,119226.0
756,Paula Gentry,zhunter@example.com,Boston,57,93462.0
757,Brittany Peterson,hoconnor@example.com,Seattle,33,66569.0
758,Briana Wiggins,jamiejohnson@example.com,Boston,32,69008.0
759,Kelly Smith,mcdanielbrooke@example.org,Boston,63,57168.0
760,Stephen Garcia,andrew43@example.com,Austin,38,92888.0
761,Dustin Patel,rlambert@example.org,Miami,53,65842.0
762,Brian Mullen,clarkmichael@example.com,Boston,25,105166.0
763,Tony Brock,georgecollins@example.com,Denver,43,75237.0
764,Amber Johnson,rodriguezbrian@example.com,Dallas,36,35513.0
765,Michael Vance,tjensen@example.com,Boston,63,40358.0
766,Michelle Lambert,beltrankatelyn@example.com,Miami,46,115979.0
767,Anna Lang,tdavis@example.net,Boston,65,92793.0
768,Pamela Ruiz,douglashuang@example.com,Seattle,30,100592.0
769,Jenna Lyons,kristina57@example.com,Boston,53,65601.0
770,John Bell,ssingleton@example.com,Dallas,24,110698.0
771,Bethany Garcia,nguyendebra@example.com,Seattle,33,36653.0
772,Jennifer Gutierrez,amydickson@example.com,Seattle,58,60518.0
773,Daniel Benson,bmueller@example.net,New York,24,84172.0
774,Kimberly Young,stevensonjennifer@example.com,Miami,63,91918.0
775,Kyle Nguyen,shortgregory@example.com,Chicago,61,48018.0
776,Brian Cervantes,pmurphy@example.net,New York,53,50701.0
777,Daniel Taylor,shermandonna@example.com,Denver,59,92350.0
778,Jean Lane,jamierich@example.com,Austin,59,56143.0
779,Susan Torres,wrobbins@example.org,Boston,38,67409.0
780,Lisa Dixon,melissabrown@example.net,New York,67,41725.0
781,April Castro,daniel40@example.org,Seattle,52,34888.0
782,Kevin Garrett,bsullivan@example.net,Dallas,44,53040.0
783,Christopher Taylor,xbridges@example.com,New York,43,94930.0
784,Zachary Santiago,alexanderwong@example.org,Dallas,65,67941.0
785,Katelyn Kim,christophermay@example.com,New York,18,69110.0
786,Stephanie Dominguez,dhanson@example.net,Chicago,39,67298.0
787,Robert Cruz,jacobjacobs@example.net,Austin,59,101211.0
788,Dr. Michael Adams DVM,arthur09@example.com,Austin,26,96088.0
789,Ashley Olson,thomasjessica@example.com,Austin,35,55272.0
790,Blake Wu,sanchezcrystal@example.net,Chicago,39,51298.0
791,Angela Schultz,chloe58@example.org,Austin,59,63720.0
792,Jose Harrison,robert44@example.org,Dallas,18,74185.0
793,Thomas Curry,bryan79@example.org,Boston,54,118395.0
794,Mary Carter,mitchellchristopher@example.net,Seattle,29,110079.0
795,Richard King,joshua40@example.net,Denver,70,86059.0
796,Christopher Vargas,donnawood@example.org,Miami,23,82538.0
797,Michael Washington,cooperchristopher@example.org,Chicago,29,48430.0
798,Samantha Monroe,ptownsend@example.net,Austin,38,62512.0
799,Mark Clark,brian41@example.org,New York,34,80275.0
800,James Turner,noahthornton@example.com,Seattle,46,64995.0
801,Joseph Graham,sara76@example.net,Miami,37,106344.0
802,Joseph Blanchard,hardindana@example.com,New York,34,115679.0
803,Marissa Nelson,joseph14@example.net,Miami,62,60972.0
804,Julia Leonard,jessicachapman@example.org,New York,60,45495.0
805,Megan Kaiser,amy01@example.org,Austin,37,50934.0
806,Joseph Jennings,jeffrey44@example.org,Denver,61,95866.0
807,Manuel Brown,stephanielittle@example.net,Boston,62,45389.0
808,Angelica Jacobs,pdouglas@example.net,Boston,41,110560.0
809,Cathy Rodriguez,jonowens@example.org,Seattle,32,47507.0
810,Tammy Hill,qschwartz@example.com,Austin,27,89634.0
811,Richard Ramirez,reyesmarvin@example.org,Miami,44,101989.0
812,Robert Thompson,vasquezsarah@example.net,Austin,66,100453.0
813,Matthew Rodriguez,probinson@example.org,Seattle,66,62435.0
814,Michelle Garcia,jonesjessica@example.com,Chicago,51,88556.0
815,Jonathan Delgado,fitzpatrickelizabeth@example.com,Miami,22,103946.0
816,Gary Myers,robertsonshelby@example.com,Chicago,21,101781.0
817,Jared Luna,fernandezaaron@example.net,Seattle,54,100341.0
818,Karen Bradley,mathew46@example.org,Dallas,28,73007.0
819,Tina Davis,christopher74@example.net,Austin,25,119167.0
820,Julian Ponce,kentprice@example.org,Seattle,63,106434.0
821,Heather Miller,imoss@example.org,Austin,23,96895.0
822,Nathan Watkins,yprice@example.net,Austin,69,37292.0
823,Kathryn Hanna,blevy@example.org,Austin,26,97272.0
824,George Le,zwilson@example.net,Denver,47,103912.0
825,Judy Gregory,joycehall@example.org,New York,53,90604.0
826,Charles Valdez,nmeadows@example.org,Boston,64,32853.0
827,Matthew Smith,conwaylori@example.org,Denver,34,30395.0
828,Christopher Garza,wilsonbrooke@example.net,Seattle,55,39572.0
829,Robert Simmons,rnguyen@example.net,New York,45,75158.0
830,Erica Oconnell,kathrynwatkins@example.com,Chicago,52,37897.0
831,Donald Todd,heathertran@example.com,Chicago,48,34159.0
832,Kevin Anderson,bstrickland@example.com,Boston,44,53590.0
833,Adam Howe,robert72@example.org,Dallas,67,114085.0
834,Devin Cole,sharonbishop@example.org,Denver,41,80132.0
835,Michelle Salazar,burtonkimberly@example.com,Austin,42,79236.0
836,Justin Lee,montgomerymichelle@example.net,Chicago,61,116742.0
837,Julie Sims,joshualee@example.org,Dallas,59,75582.0
838,Tracy Wells,ernestlivingston@example.org,Chicago,29,100419.0
839,Dominique Hamilton,christina70@example.org,Denver,51,46691.0
840,Tammy Thompson,washingtondarren@example.org,Seattle,18,32979.0
841,Leslie Nguyen,julievillanueva@example.org,Boston,47,118276.0
842,Erika Garcia,ykane@example.org,Denver,52,79712.0
843,Kevin Brown,nthomas@example.com,Seattle,33,90375.0
844,James Ellis,crystalcantrell@example.org,Miami,27,66129.0
845,Andrew Carroll,derek77@example.com,Seattle,64,44790.0
846,Greg Tanner,kristinelittle@example.net,New York,69,116533.0
847,Laura Tran,christophervincent@example.com,Denver,57,32050.0
848,Cindy Wells,uramirez@example.com,Seattle,31,38819.0
849,Danielle Murphy,patriciavargas@example.org,Chicago,56,34400.0
850,Stephanie Butler,williamsthomas@example.net,Austin,56,118083.0
851,Joseph Mendoza,chavezjohn@example.net,New York,33,35798.0
852,Melissa Russell,davidphillips@example.net,Denver,46,60715.0
853,Mrs. Maureen Martin DDS,braysteven@example.org,Seattle,66,37398.0
854,Jennifer Clarke,courtney01@example.com,Dallas,50,67914.0
855,Faith Johnson,smullins@example.net,Seattle,70,105511.0
856,Rebecca French,olivermatthew@example.org,Miami,54,108370.0
857,Susan Cox,rodriguezmichael@example.net,Miami,33,69552.0
858,Jacob Wong,castrokim@example.org,Dallas,60,98321.0
859,Mrs. Ashley Mendoza,karenhodges@example.com,Seattle,44,69387.0
860,Derek Frazier,brian55@example.com,Boston,21,102970.0
861,Mr. Bryan Mckinney,shannon51@example.org,Dallas,58,118965.0
862,Judith Miller,keithfrye@example.org,Denver,53,94962.0
863,Brian Hernandez,nancymeyer@example.net,New York,40,114320.0
864,Jason Fleming,thomasfisher@example.net,Denver,68,98742.0
865,Dorothy Brown,marystone@example.com,Miami,62,84568.0
866,Grant Lucas,todd88@example.com,Denver,27,69306.0
867,Keith Villanueva,george43@example.com,Denver,29,100507.0
868,Dwayne Bruce,michaelbryant@example.org,Austin,33,59536.0
869,Caitlyn Nichols,teresafranco@example.net,Boston,63,48920.0
870,Rebecca Martin,williamsleslie@example.org,Austin,21,103713.0
871,Jacob Harris,wadetiffany@example.org,Denver,44,103044.0
872,Joshua Martin,david06@example.com,Dallas,42,61831.0
873,Theresa Reilly,adamrodgers@example.net,Boston,31,73288.0
874,Michael Wells,tara92@example.net,Chicago,46,78637.0
875,Tammy Morgan,dennisrachel@example.org,Chicago,52,54966.0
876,Audrey Johnson,seandavis@example.org,New York,35,79436.0
877,Christie Fox,james18@example.com,New York,22,54662.0
878,Tina Daugherty,ulee@example.net,Seattle,48,57379.0
879,Terri Kerr,raymond65@example.com,Miami,37,32009.0
880,Dustin Bell,fsawyer@example.org,Seattle,30,45376.0
881,Jill Riddle,zroberts@example.net,Austin,33,109220.0
882,Jessica Mosley,maryharper@example.org,Seattle,43,61369.0
883,John Dillon,carl96@example.org,Miami,67,67101.0
884,Mark Nelson,angelapage@example.org,Denver,47,99946.0
885,Ronnie Roberts,twilliams@example.net,Miami,37,64283.0
886,Justin Ford,moodyeric@example.com,Miami,50,95179.0
887,Sandra Kennedy,robert73@example.org,Austin,24,91537.0
888,Donald Gamble,georgemichael@example.com,Miami,31,78589.0
889,Sheena Burton,hmccann@example.com,Miami,44,35992.0
890,Laura Bruce,bonniethomas@example.com,Seattle,65,49126.0
891,Brandy Martin,michael50@example.com,New York,34,102523.0
892,Mark Jones,katiewhite@example.org,Denver,36,49976.0
893,Carol Morris,margaret44@example.net,Seattle,39,60149.0
894,Heidi Ferguson,madeline02@example.net,Denver,54,62208.0
895,Richard Jenkins,curtismoore@example.org,Austin,53,115800.0
896,Rebecca Hansen,butlersabrina@example.org,Miami,34,94044.0
897,Tammy Mendoza,hannah27@example.net,Austin,47,52050.0
898,Tracy Jackson,anthony13@example.org,Miami,28,48344.0
899,Brenda Perez,jasonzavala@example.com,Austin,29,101058.0
900,Rachel Jones,ctodd@example.org,New York,51,34433.0
901,Ricky Palmer,harrisonrebekah@example.org,Chicago,70,117584.0
902,Michael Webster,morajamie@example.org,New York,66,30836.0
903,Gregory Davis,stacy55@example.org,Denver,26,112667.0
904,Phyllis Austin,garciabelinda@example.org,Seattle,22,49795.0
905,Michelle Brandt,rachelmedina@example.net,New York,31,96287.0
906,Daniel Gordon,lrichardson@example.org,Austin,41,37923.0
907,Tyler White,tina63@example.net,Austin,60,93944.0
908,Brian Rollins,owensapril@example.com,New York,18,99758.0
909,Michele Hawkins,millertristan@example.com,Denver,18,32192.0
910,Kyle Collins,aperez@example.com,Boston,52,67576.0
911,Mrs. Shannon Jacobson,xcrosby@example.org,New York,50,118346.0
912,Michael Powers,qkim@example.net,Denver,69,53496.0
913,Charles Morales,figueroapatricia@example.org,Chicago,24,98732.0
914,William Morgan,bmartinez@example.net,Dallas,33,55156.0
915,Dr. Ralph Wheeler DDS,qkelly@example.net,Boston,70,76457.0
916,Victoria Dixon,katrinarodriguez@example.com,Boston,68,82022.0
917,David Dunlap Jr.,greertyrone@example.org,Chicago,41,83218.0
918,Janet Shelton,kevinhanson@example.org,Austin,54,61877.0
919,Kelly Vasquez,qharris@example.com,Seattle,37,119658.0
920,Dennis Cooper PhD,cisnerosanthony@example.com,Chicago,59,115182.0
921,Barbara Cole,cramos@example.org,New York,23,83120.0
922,Matthew Chan,travistaylor@example.net,Denver,42,102443.0
923,Phillip Carroll,rkeller@example.net,Austin,21,113459.0
924,Karen Dickerson,myerstroy@example.com,New York,62,52463.0
925,Heather Levine,bryan90@example.org,Chicago,49,86873.0
926,Hannah Harmon,hubbardcolleen@example.com,Miami,54,42499.0
927,Gregory Howard,brian33@example.org,New York,32,57710.0
928,Leslie Lozano,meltondanny@example.org,Austin,35,36102.0
929,Gabriel Murray,abradley@example.com,Chicago,61,66749.0
930,John Johnson,nicholas65@example.net,New York,29,71220.0
931,John Vazquez,matthewshaw@example.net,New York,31,106943.0
932,Lucas Cox,oharris@example.org,Dallas,66,82205.0
933,Kimberly Mitchell,evansashley@example.org,Chicago,37,51292.0
934,Tina Robbins,vargasjoshua@example.net,Seattle,54,81007.0
935,Karen Clark,pearsonkevin@example.com,Miami,42,48343.0
936,Joshua Gonzalez,gking@example.com,Chicago,50,75332.0
937,Kimberly Ibarra,barbaralewis@example.net,New York,24,87290.0
938,Debra Little,umichael@example.net,Seattle,22,74642.0
939,Curtis Ford,edwardjennings@example.com,Denver,67,72778.0
940,Jennifer Dalton,waltersmeghan@example.com,New York,58,65825.0
941,Maria Scott,richardwilson@example.org,Austin,49,59902.0
942,Robert Collins,bcastro@example.com,Miami,53,79207.0
943,Amanda Moore,anthonyclarke@example.com,Denver,29,119088.0
944,Casey Phelps,dcasey@example.org,Denver,23,111083.0
945,Edward Brown,qmosley@example.net,Boston,69,62302.0
946,Jennifer Larsen,joelduncan@example.net,Chicago,23,65123.0
947,Kelly Calderon,tyler13@example.net,Dallas,42,113086.0
948,Robert Murphy,vshaffer@example.org,Dallas,65,81068.0
949,Claudia Rodriguez,taragonzales@example.com,Miami,41,43965.0
950,Amy Ferguson,stewartrodney@example.net,Chicago,18,70405.0
951,Donald Mueller,michaelbaldwin@example.com,Austin,41,65358.0
952,Walter Obrien,vazquezkristina@example.org,Chicago,26,41442.0
953,James Fowler,rebecca18@example.org,Dallas,45,88830.0
954,Jasmine Browning,qpennington@example.com,Denver,24,33442.0
955,Rodney Young,michelemartin@example.com,Chicago,40,102642.0
956,Sherry Wang,rmccormick@example.org,Chicago,56,108386.0
957,Teresa Ruiz,vhouse@example.net,Miami,42,31617.0
958,Thomas Garcia,hollyhunter@example.com,Boston,44,80829.0
959,Nicholas Kelley,shawn00@example.net,Chicago,64,103339.0
960,Lorraine Gibbs,aarongonzalez@example.com,Seattle,54,98302.0
961,Bradley Moore,melaniejennings@example.com,Dallas,61,79903.0
962,Shane Anderson,graceserrano@example.com,Dallas,26,65247.0
963,Jason White,kduffy@example.org,Boston,35,94634.0
964,Alexander Hansen,rebeccamccann@example.org,Dallas,22,51916.0
965,Samuel Williams,jburke@example.org,Denver,35,85194.0
966,Carolyn Bradley,higginsryan@example.com,Boston,48,40082.0
967,Kathleen Walker,jamesatkins@example.com,Miami,34,62321.0
968,Johnny Anderson,carolcarney@example.com,Austin,56,110828.0
969,Chelsey White,anthonycherry@example.org,Seattle,47,44021.0
970,Susan Wood,emiller@example.org,Dallas,37,30887.0
971,Valerie Sanders,jennifererickson@example.net,Denver,39,111289.0
972,Angel Hawkins,cookjimmy@example.com,Denver,69,73193.0
973,Teresa Coffey DDS,smithwilliam@example.com,Austin,39,86441.0
974,James Wood,carpenterjorge@example.net,Dallas,37,72030.0
975,Gerald Mcdonald Jr.,hthomas@example.com,Seattle,48,71180.0
976,Carl Savage,julie64@example.com,Dallas,43,71830.0
977,Pam Baker,ryan25@example.net,Boston,65,112955.0
978,Pamela Hernandez DVM,jbrown@example.org,Austin,54,61775.0
979,Andrew Green,fgraham@example.org,Miami,42,66739.0
980,William Hoffman,uvasquez@example.org,Denver,41,44927.0
981,Brandon Oneill,marybrady@example.com,Seattle,55,101516.0
982,Mary Lewis,foxashley@example.com,Dallas,61,102102.0
983,Danielle Jimenez,clayanthony@example.net,New York,64,90505.0
984,Mrs. Jacqueline Hickman,hooderic@example.org,Seattle,46,68185.0
985,Michael Castillo,brooke05@example.org,Chicago,70,83627.0
986,Tiffany Nguyen,jasonwilliams@example.net,Austin,26,113012.0
987,Robert Manning,qdavis@example.org,Boston,33,63119.0
988,Randy Ross,phelpsfrank@example.com,Dallas,63,85460.0
989,Paul Valdez,evanslaurie@example.net,Denver,22,88860.0
990,Emily Cohen,michaeldavis@example.com,Austin,55,82534.0
991,Katherine Mcclure,madams@example.com,Denver,52,34818.0
992,Jay Richardson,ryansimmons@example.org,Miami,62,100373.0
993,Valerie Rhodes,sarahrose@example.net,Chicago,24,62536.0
994,Donna Kim,ievans@example.net,Miami,28,114803.0
995,Sarah Mills,ashley81@example.org,New York,54,114545.0
996,Kayla Gutierrez,kguerrero@example.com,Denver,66,73463.0
997,Kevin Mack,wilsondorothy@example.org,Denver,24,31382.0
998,Sarah Williams,tmcdowell@example.com,Chicago,34,59098.0
999,Jordan Santiago,matthew23@example.org,Seattle,46,79036.0
1000,William Green,hamiltonandrew@example.com,Denver,47,119070.0
1001,Christopher Woods,vmelton@example.net,Dallas,40,33219.0
1002,Elizabeth Li,hannah64@example.org,Austin,24,68722.0
1003,Adrian Rodriguez,hortonjacob@example.org,Denver,23,45213.0
1004,Matthew Santos,ywilkinson@example.net,Dallas,40,70880.0
1005,Eric Ford,hhenderson@example.org,Miami,47,57114.0
1006,Nancy Wallace,cruiz@example.net,Austin,40,92411.0
1007,Edward Gallegos,awilliams@example.org,Chicago,46,89303.0
1008,Michelle Petty,mmclaughlin@example.net,Miami,22,69356.0
1009,Donna Freeman,upalmer@example.net,New York,69,45084.0
1010,Susan Dillon,jenniferrice@example.com,New York,39,114930.0
1011,Kristen Adams,hsmall@example.com,Chicago,61,51542.0
1012,Maria West,ssmith@example.net,Seattle,51,52865.0
1013,Gregg Hall,brianacohen@example.net,Dallas,39,103380.0
1014,Michelle Mcdonald,jennifer66@example.net,Denver,47,60389.0
1015,Heather Kennedy,christycampbell@example.net,Denver,58,54176.0
1016,John Thompson,catherinegarcia@example.com,Dallas,58,116154.0
1017,Katherine Young,kiddmichael@example.com,Denver,43,33826.0
1018,Christopher Clayton,romanmatthew@example.org,Seattle,46,107621.0
1019,Barbara Walker,victoria50@example.net,Denver,42,30583.0
1020,Chris Vaughn,mccarthysara@example.com,Seattle,31,66483.0
1021,Tonya Campos,harringtonchelsea@example.org,Chicago,54,43336.0
1022,Amanda Garcia,pittsrhonda@example.org,Dallas,41,72727.0
1023,Michelle Gill,goconnor@example.org,Seattle,47,44936.0
1024,Felicia Taylor,scottperry@example.org,Boston,60,94157.0
1025,Robert Peterson,christopherwatson@example.com,Miami,56,80939.0
1026,Maurice Hernandez,icobb@example.com,Denver,55,44972.0
1027,Jason Ellis,sherry72@example.org,Miami,40,90012.0
1028,Kelly Jones,leroy26@example.org,Dallas,70,118288.0
1029,Andrew Nielsen,rachelbrown@example.net,Boston,57,107354.0
1030,Rebecca Liu,robert84@example.net,Chicago,61,47556.0
1031,Susan Smith,rachel92@example.net,Miami,25,61270.0
1032,Mathew Clay,zterry@example.net,Boston,25,53992.0
1033,Craig Turner,medinapeter@example.net,Miami,62,48528.0
1034,Beth Braun,jason88@example.com,Denver,44,108174.0
1035,Nicole Moore,zamoraamber@example.com,Dallas,54,80293.0
1036,Raymond Barber,dennismckenzie@example.com,Denver,29,93788.0
1037,Heather Williams,westashley@example.org,Dallas,53,51871.0
1038,William Trujillo,michaelmitchell@example.net,Austin,36,48388.0
1039,Brenda Gray,danielblack@example.org,Dallas,38,89113.0
1040,Heather Garcia,fpoole@example.org,New York,40,31256.0
1041,Stephen Alvarez,rmiller@example.net,Austin,26,55575.0
1042,Justin Maxwell,breanna67@example.net,Denver,53,96248.0
1043,Katherine Mcpherson,drewmartinez@example.net,Austin,44,119744.0
1044,Walter Palmer,bensonstanley@example.org,Austin,44,88176.0
1045,Terry Wood,guzmanricky@example.org,Austin,28,40835.0
1046,Dylan Mills,watsonvickie@example.com,New York,68,58905.0
1047,Alfred Thomas,twilliams@example.com,Boston,20,66025.0
1048,Robert Burns,kelleycarlos@example.org,Seattle,52,67836.0
1049,Kenneth Knight,kimberly79@example.org,Dallas,67,89942.0
1050,Kathy Murray,jcontreras@example.net,Austin,53,96952.0
1051,Robert Beck,zhughes@example.com,Chicago,54,44969.0
1052,Tina Wu,debbie20@example.net,Boston,67,101186.0
1053,Patricia Parker,schneiderchristopher@example.net,Miami,52,35453.0
1054,Nina Bernard,karenshaw@example.org,Austin,52,58644.0
1055,Timothy White,hilljamie@example.net,Denver,24,115678.0
1056,Lauren Miller,richard07@example.org,Seattle,37,34224.0
1057,Christopher Johnson,patrick11@example.org,Austin,34,75688.0
1058,Dominique White,moorestephanie@example.net,Chicago,46,45386.0
1059,Lucas Nguyen,reeveskenneth@example.org,Seattle,31,107060.0
1060,Jason Nguyen,hdavid@example.org,Miami,63,109988.0
1061,Paul Willis,gromero@example.com,Denver,28,110760.0
1062,Debra Flores,bjones@example.com,Dallas,68,57082.0
1063,Susan Smith,sanchezangela@example.org,Seattle,69,37780.0
1064,Jason Miller,kristathomas@example.net,Miami,52,66842.0
1065,Dr. Kimberly Henderson,dwilliams@example.net,Dallas,38,68356.0
1066,William Smith,qnelson@example.net,Boston,54,65041.0
1067,Gregory Chen,brandon89@example.org,Chicago,26,83948.0
1068,James Martinez,jessicalutz@example.com,New York,35,115969.0
1069,Jonathan Pham,cynthia74@example.org,Dallas,62,47392.0
1070,Erica Clark,allen20@example.net,Seattle,27,72217.0
1071,Steven Chambers,speters@example.net,Seattle,66,118635.0
1072,James Miller PhD,ryanpatricia@example.net,Denver,49,48634.0
1073,Caleb Stanton,wcarey@example.com,Boston,58,84293.0
1074,Randy Terry,martinezmitchell@example.org,Denver,46,39898.0
1075,Daniel Smith,erin53@example.org,Chicago,43,97582.0
1076,Lori Stokes,jimsnyder@example.com,Boston,62,78374.0
1077,Johnathan Padilla,adrianjoyce@example.net,Austin,49,72898.0
1078,Sergio Carroll,mjackson@example.net,New York,67,42208.0
1079,Megan Morrison,cameronanderson@example.org,Austin,58,117050.0
1080,Timothy Foley,james08@example.net,Miami,22,100048.0
1081,Justin Gibson,pdavidson@example.org,Denver,31,86314.0
1082,Erica Richard,rhill@example.net,Seattle,49,65197.0
1083,Isaiah Blake,brandonhull@example.net,Miami,36,74270.0
1084,Aaron Lee,beardlindsey@example.net,Dallas,54,93614.0
1085,Michael Rosario,jamesmurphy@example.org,Miami,61,36345.0
1086,Anne Castillo,watkinsconnie@example.com,New York,24,112074.0
1087,Danielle Wells,marissa58@example.org,Austin,19,46284.0
1088,Patricia Harvey,garrettbeth@example.org,Dallas,46,89836.0
1089,Sydney Bennett,pattonbryan@example.com,New York,45,56518.0
1090,Leslie Reynolds,byrdanita@example.com,Dallas,59,69566.0
1091,Jennifer Williamson,mhall@example.net,Dallas,35,42234.0
1092,Jody Marshall,nhobbs@example.org,Miami,34,40803.0
1093,Timothy Logan,lholmes@example.org,Miami,60,115054.0
1094,Adam Reeves,rebeccamartinez@example.net,Dallas,21,81949.0
1095,Jason Hardy,ilopez@example.org,Boston,64,60689.0
1096,Eric Graham,larry82@example.org,Denver,59,41953.0
1097,Larry Carter,holmesdiane@example.org,Chicago,18,57973.0
1098,Jonathon Conley,hendersonjames@example.org,Austin,22,47393.0
1099,Christina Jones,elizabethneal@example.com,Seattle,51,119126.0
1100,Erin Lane,christina65@example.org,Austin,18,31056.0
1101,Shawn Lozano,arobinson@example.net,Miami,70,45806.0
1102,David Hanson,timothytate@example.com,Denver,62,47324.0
1103,Jamie Ross,coxcharles@example.org,Austin,22,60008.0
1104,Brenda Alexander,bradley03@example.org,Denver,23,43425.0
1105,Daniel Green,matthewspencer@example.org,Chicago,38,78177.0
1106,Christopher Green,smitherica@example.com,Boston,26,80164.0
1107,Stacey Morgan,kevinallen@example.com,Dallas,59,118753.0
1108,Teresa Rowland,ejohns@example.org,Dallas,22,99534.0
1109,Thomas Norton,amandabenson@example.com,New York,57,115199.0
1110,Vanessa Sanchez,hinesbrenda@example.net,Dallas,46,76030.0
1111,Charles Wright,monique89@example.com,Seattle,58,49840.0
1112,Brad Ruiz,jacksonpaul@example.net,Denver,57,119989.0
1113,Jacqueline Stone,marcbrooks@example.net,Austin,31,41362.0
1114,Dr. John Perkins,clarkpatricia@example.com,Chicago,26,46142.0
1115,Jennifer Torres,xduncan@example.com,Denver,40,86280.0
1116,Brandy Miller,ostone@example.net,Miami,68,48327.0
1117,Jose Rogers,amcdonald@example.com,Seattle,35,114491.0
1118,Emily Reyes,scottbaker@example.org,Chicago,33,102534.0
1119,Bradley Kirby,hartmansara@example.org,Boston,67,33515.0
1120,Isaac Payne,james54@example.com,Boston,31,97862.0
1121,Patricia Bruce,janicebolton@example.net,Seattle,65,81347.0
1122,Susan Smith,juan56@example.com,Boston,59,37152.0
1123,Norma Smith,michelleperez@example.net,Seattle,49,80578.0
1124,Kara Black,dsharp@example.com,Chicago,33,95481.0
1125,Emily Lopez,cclark@example.net,Chicago,51,31581.0
1126,Charles Russo,sherry07@example.net,Miami,38,47299.0
1127,Gina Barnes,sfarmer@example.net,Denver,54,85163.0
1128,Kevin Bradley,weekseric@example.com,Miami,52,119514.0
1129,Rebecca Mcintyre,nbaird@example.com,Dallas,66,91736.0
1130,James Wells,ashley74@example.org,Chicago,19,106986.0
1131,Michael Thompson,mjohnson@example.org,Chicago,18,64365.0
1132,Jasmin Harris,donna17@example.org,Seattle,20,37925.0
1133,Adam Murphy,hmyers@example.org,Denver,50,67550.0
1134,Karen Jones,davidharris@example.com,Denver,45,82727.0
1135,Mary Moore,briana87@example.com,Chicago,58,100328.0
1136,William Griffin,pjacobs@example.net,Dallas,35,40957.0
1137,Keith Henry,vjohnston@example.org,Boston,23,97017.0
1138,Stanley Bryant,peter26@example.org,Seattle,69,50365.0
1139,Luke Reynolds,lbartlett@example.net,Miami,43,106865.0
1140,Jennifer Bautista,nicolemoore@example.net,Chicago,37,87342.0
1141,Mary Jones,reginajenkins@example.net,Seattle,21,62044.0
1142,Jacob Campos,robert24@example.org,Chicago,45,45202.0
1143,Julia Jones,vjames@example.com,Austin,57,109800.0
1144,Jennifer Smith,fletcherderek@example.net,New York,37,117304.0
1145,Kari Jones,jenniferkim@example.com,Dallas,25,31660.0
1146,Sarah Jackson,lawsongregory@example.org,Dallas,62,31487.0
1147,Jeanne Jones,byrderic@example.com,Dallas,49,75443.0
1148,Miguel Stafford,scottwilliams@example.net,Boston,28,78741.0
1149,Margaret Moran,myerskyle@example.org,Dallas,65,65227.0
1150,Amber Bennett,sarahbrooks@example.org,Chicago,67,33847.0
1151,Alan Johnson,rogersjames@example.net,Miami,69,86272.0
1152,Tyler Davis,jenniferwilliams@example.net,Boston,51,38371.0
1153,Gabriel Hart,colleenvilla@example.com,Boston,63,105582.0
1154,Barbara Lewis,marcus06@example.net,Chicago,49,89663.0
1155,James Ellis,barrettjoshua@example.net,Miami,21,95484.0
1156,Austin Robinson,katrina71@example.net,Dallas,41,50618.0
1157,Wanda Jefferson,johnathandavis@example.com,Boston,67,43487.0
1158,Miss Megan Compton,martinreid@example.net,Chicago,32,96692.0
1159,Samuel Olson,andres97@example.com,New York,20,31610.0
1160,Natalie Gordon,hallchristina@example.org,Seattle,20,91835.0
1161,Oscar Todd,brownnicholas@example.com,Miami,42,49671.0
1162,James May,sandrageorge@example.com,Dallas,20,102465.0
1163,Erin Ramirez,meyertiffany@example.net,Denver,32,72179.0
1164,Nicole Perez,matthew38@example.org,Seattle,44,71934.0
1165,Mary Wright,cathyjames@example.com,Boston,70,40208.0
1166,Mark Brown,mjones@example.org,Miami,25,95803.0
1167,Brenda Harris,thompsonana@example.org,New York,29,59253.0
1168,Blake Hardy,frank33@example.com,New York,43,39034.0
1169,David Mitchell,mfaulkner@example.com,Austin,36,70723.0
1170,Karen Tapia,raymond27@example.com,Miami,23,102494.0
1171,Leon Hamilton,lorileon@example.org,Austin,18,78354.0
1172,Jessica Miller,brooke28@example.net,Seattle,36,103899.0
1173,James Torres,nicholas97@example.org,Boston,65,111620.0
1174,Miguel Gonzalez,adamhensley@example.net,Seattle,47,78270.0
1175,Katherine Frost,xwaller@example.com,Austin,67,55614.0
1176,Martin Chapman MD,riddledavid@example.net,Seattle,27,30835.0
1177,Phillip Krueger,william75@example.net,Denver,19,60539.0
1178,James Coleman,johnjohnson@example.com,Miami,58,31257.0
1179,Megan Terry,josegibson@example.net,Miami,18,116154.0
1180,David Lane,alexanderwise@example.net,Denver,65,70306.0
1181,Janice Mccarthy,stonejacob@example.com,Chicago,31,99443.0
1182,Jeffery Holt,uwillis@example.com,Seattle,44,94491.0
1183,Tammy Booth,fieldskimberly@example.com,New York,27,66677.0
1184,Debra Clark,ahale@example.org,Chicago,20,60339.0
1185,April Jones,pwarren@example.com,Denver,62,78823.0
1186,Carolyn Brooks,jameswhite@example.org,Austin,65,41128.0
1187,Robert Lopez,bradylisa@example.org,Chicago,50,47499.0
1188,Steven Ortiz,oneillgabriel@example.com,Denver,22,107580.0
1189,Caleb Brown,richardstimothy@example.net,New York,45,116827.0
1190,Alexandra Adams,ortegakristina@example.org,Dallas,33,68230.0
1191,Joseph Smith,sarah75@example.net,Boston,38,81505.0
1192,Jacob Wu,lisa56@example.com,Miami,38,89343.0
1193,Vanessa Marks,smithmonica@example.com,Boston,32,39789.0
1194,Stacy Taylor,meltonjoshua@example.net,Seattle,26,106638.0
1195,Danielle Hayes,qrobertson@example.org,Chicago,27,43848.0
1196,Mark Mcmahon,allen50@example.net,Dallas,46,91086.0
1197,Jeremy Lawson,ystevenson@example.org,Miami,44,45825.0
1198,Todd David,shatfield@example.org,Miami,67,57215.0
1199,Elizabeth Lee,mollywalter@example.net,Austin,37,90731.0
1200,Bethany Robles,marisa87@example.org,Boston,25,41851.0
1201,Tina Olson,johnjackson@example.net,Dallas,69,119922.0
1202,Ashley Holder,martinsarah@example.com,Boston,70,109076.0
1203,Connie Scott,qlynn@example.org,New York,31,72964.0
1204,Tammy Schultz,sdavis@example.com,Dallas,23,62534.0
1205,Tara Miranda,schneidernicholas@example.net,Miami,43,97300.0
1206,Molly Valdez,ostokes@example.com,New York,61,69169.0
1207,Brandon Davis,juliewilson@example.com,Boston,70,52789.0
1208,Erik James,collinsbrittany@example.org,New York,43,89270.0
1209,Veronica Flores,lauren28@example.net,Seattle,24,90560.0
1210,Courtney Foster,sstewart@example.org,Chicago,69,48322.0
1211,Mr. Kyle Thomas DDS,georgekyle@example.net,Chicago,18,38083.0
1212,Zachary Mccarthy,nwelch@example.com,Seattle,26,55969.0
1213,Vincent Brown,eric33@example.net,Denver,41,119952.0
1214,Tammy Parsons,tluna@example.net,Chicago,55,106823.0
1215,Caitlin Smith,rrogers@example.com,Boston,70,39828.0
1216,Norma Myers DDS,justin38@example.com,New York,22,55919.0
1217,Frank Moody,hornjenna@example.com,Austin,69,46880.0
1218,Laura Ramos,jcarter@example.org,Chicago,69,73456.0
1219,Paul Moss,coxmelissa@example.org,Chicago,20,90423.0
1220,Virginia Hernandez,kshelton@example.org,New York,28,105220.0
1221,William White,wilsonzachary@example.com,Denver,70,81773.0
1222,Tracy Sims,hsanchez@example.org,Austin,19,80165.0
1223,Eric Carlson,denisebennett@example.net,Denver,29,76392.0
1224,Megan Davis DDS,phill@example.com,Seattle,29,66042.0
1225,Bryan Miller,gmay@example.org,Boston,46,49481.0
1226,Kenneth Armstrong,heather19@example.org,New York,57,111156.0
1227,Zachary Park,ashley15@example.org,Seattle,59,68680.0
1228,Shannon Medina,bhess@example.com,Austin,44,102179.0
1229,Kimberly Burnett,lbrown@example.net,Austin,21,41497.0
1230,Rachel Martinez,tammymerritt@example.org,Boston,42,47987.0
1231,Melissa Smith,hmcbride@example.org,Denver,30,114233.0
1232,Daniel Martin,melissa01@example.org,Seattle,58,101258.0
1233,Heidi Stephens,qrowland@example.org,New York,42,77069.0
1234,Angel Bautista,donna72@example.net,Austin,52,93527.0
1235,Erik Bartlett DVM,haileybates@example.org,Miami,54,95849.0
1236,Cole Evans,susanguzman@example.org,Miami,42,65446.0
1237,Destiny Daniel,qjones@example.com,Dallas,19,71795.0
1238,Steven Ross,duffyerica@example.net,Seattle,19,66822.0
1239,Dalton Soto,wanda35@example.net,New York,69,91824.0
1240,Samantha Jacobs,uunderwood@example.com,Miami,67,106544.0
1241,Victor Wright,david18@example.com,Seattle,28,43124.0
1242,Mark Cox,kimberly23@example.com,Seattle,60,61608.0
1243,James Novak,ylynn@example.org,Boston,52,37328.0
1244,Nicholas Parker,wdavis@example.net,Seattle,54,80911.0
1245,Diane Nelson,mosleygeorge@example.com,Miami,29,53081.0
1246,Robert Byrd,iwoods@example.com,Seattle,55,71681.0
1247,Jose Moore,douglasbradley@example.com,Miami,55,33697.0
1248,Nicholas Villegas,erikabarnes@example.com,Miami,54,103873.0
1249,William Lindsey,joshua68@example.net,Dallas,54,54672.0
1250,Robin Torres,mezarichard@example.com,Austin,52,70508.0
1251,Madison Jones,shirleymartin@example.org,Dallas,49,34975.0
1252,Dustin Noble,haydenroger@example.net,Chicago,21,60490.0
1253,Breanna Jimenez,sullivanchristina@example.net,Seattle,19,99002.0
1254,Jeffery Ferguson,john89@example.org,Austin,18,73481.0
1255,Traci Craig,gregoryrichardson@example.org,Seattle,69,47103.0
1256,Tiffany Henderson,hjackson@example.com,Miami,63,53260.0
1257,Danielle Ryan,robertstimothy@example.com,Miami,21,32872.0
1258,Oscar Carroll,sandrahickman@example.net,Dallas,55,48566.0
1259,Stephanie Walls,abrown@example.net,Chicago,51,77826.0
1260,Edwin Rodriguez,pamela26@example.com,Chicago,41,116787.0
1261,Jeffrey Gonzalez,robertgentry@example.org,Denver,55,43242.0
1262,Matthew Perez,xbrooks@example.com,Miami,37,72284.0
1263,Kimberly Adams,cdouglas@example.org,Dallas,28,87261.0
1264,Paul Smith,danielmitchell@example.org,Austin,59,71586.0
1265,Patrick Santana,elizabethvaughan@example.net,Dallas,63,103659.0
1266,Mrs. Katherine Simpson,markduran@example.com,Miami,32,117232.0
1267,Tammy Cameron,ganderson@example.org,Dallas,42,70215.0
1268,Gregory Smith,brettgallegos@example.com,Boston,26,53292.0
1269,Nancy Hamilton,justin16@example.org,New York,62,105082.0
1270,Monica Lopez,katie43@example.net,Denver,67,104381.0
1271,Christina Mccarthy,hayneswayne@example.org,New York,29,108956.0
1272,Scott Fuller,jeromeanderson@example.org,Miami,69,110134.0
1273,Corey Thomas,jensenchristopher@example.org,Seattle,58,104127.0
1274,Joseph Graves,jeffreysimmons@example.org,Chicago,49,48434.0
1275,Maria Torres,michael56@example.org,Miami,65,40198.0
1276,Anthony Williams,guerreromarc@example.com,Seattle,40,71879.0
1277,Terry Garcia,johnnyhenry@example.com,Dallas,58,41629.0
1278,Brent Smith,markfigueroa@example.com,Miami,46,31493.0
1279,Leah Jacobs,debraclark@example.com,Boston,31,62707.0
1280,Brian Soto,williamstanya@example.net,Chicago,40,63640.0
1281,Cheryl Griffin,jonesamy@example.com,Chicago,64,30167.0
1282,John Juarez,bradleylee@example.net,New York,42,87438.0
1283,Stephanie Malone,patricia71@example.com,Denver,28,84266.0
1284,Jason Velazquez,jacksonjoshua@example.org,Austin,42,76036.0
1285,Tyler Brown,joysanders@example.net,Denver,24,92847.0
1286,Kayla Jones,ychristensen@example.net,Seattle,28,89151.0
1287,Jennifer Nelson,adamarmstrong@example.net,Chicago,69,34379.0
1288,Sherry Gibbs,ugordon@example.net,Boston,19,71774.0
1289,Samuel Phillips,andrea23@example.org,Boston,24,39725.0
1290,Dorothy Bowman,sara40@example.net,Miami,28,79212.0
1291,Wanda Clark,smithmichael@example.net,Dallas,64,39830.0
1292,Erika Potts,jennifer69@example.com,Chicago,39,107860.0
1293,Anthony Cabrera,jeffrey42@example.com,Austin,63,34062.0
1294,Kimberly Irwin,sharphailey@example.net,Denver,59,51626.0
1295,Mark Munoz,lisawalker@example.com,Denver,28,37019.0
1296,Mark Garrison,omoore@example.net,Chicago,39,56941.0
1297,Jackie Barrera,crawfordstephen@example.org,Seattle,44,102628.0
1298,John Blair,andrew22@example.com,Boston,60,66899.0
1299,Chelsea Thomas,psanchez@example.com,Boston,33,42571.0
1300,Joseph Acosta,morrisonnicholas@example.org,New York,43,104943.0
1301,Adam Rivas,andersonkayla@example.com,Austin,27,37144.0
1302,Mark Smith,rosariodaniel@example.net,Miami,18,86047.0
1303,Sarah Miller,timothyhart@example.com,Chicago,36,116772.0
1304,Elizabeth Mendoza,brianholt@example.net,Austin,30,42712.0
1305,Alisha Williams,curtis62@example.org,New York,31,52391.0
1306,Allison Simmons,michaelmitchell@example.net,Boston,23,92071.0
1307,Stephen Carson,vasquezvicki@example.org,Chicago,37,82096.0
1308,Tyler Howard,david10@example.net,Austin,49,116643.0
1309,Jeffrey Rogers,erinhernandez@example.net,Boston,23,114130.0
1310,Lori Mitchell,nelsonvictor@example.com,Denver,29,78630.0
1311,Rita Dawson,mccormickmichelle@example.org,Denver,41,54455.0
1312,Bridget Hernandez,ygriffith@example.com,Austin,20,64510.0
1313,Ashley Simmons,duane52@example.org,Austin,47,64524.0
1314,Heather Snyder,asteele@example.net,Seattle,35,103956.0
1315,Felicia Pham,patrickdunn@example.net,New York,27,117486.0
1316,Kim Underwood,tmiller@example.com,Chicago,23,117574.0
1317,Paula Shepherd,jacquelineyoung@example.org,Miami,69,100968.0
1318,Samuel Cox,hrosario@example.org,Denver,66,107296.0
1319,Heather Atkinson,kenneththomas@example.net,Seattle,53,37993.0
1320,Susan Sanchez,briantaylor@example.net,Denver,70,98495.0
1321,Jamie Johnson,swatson@example.org,Denver,52,92236.0
1322,Angela Monroe,anthonydiaz@example.org,Seattle,48,69171.0
1323,Adam Guerra,lhernandez@example.com,Chicago,43,34551.0
1324,Nicole Hale,theodore57@example.net,Dallas,25,88856.0
1325,Donna Moore,munozglenn@example.org,Dallas,28,57772.0
1326,Ronnie Frazier,qspencer@example.net,Seattle,26,35593.0
1327,Michelle Henderson,josephdavis@example.com,Denver,23,119538.0
1328,Beth Lewis,robinsonisaiah@example.net,Denver,30,112211.0
1329,Lisa Jones,pwoods@example.net,Dallas,56,63801.0
1330,James Brown,deborah34@example.org,Miami,64,38783.0
1331,Jack Maxwell,anthony42@example.net,Chicago,42,102923.0
1332,Daniel Smith,jacob30@example.org,Denver,53,72746.0
1333,William Cunningham,uwilliams@example.org,Boston,51,90051.0
1334,Alejandra Kelly,susan83@example.com,New York,68,111665.0
1335,Molly Dickson,riverapeggy@example.net,Denver,25,84321.0
1336,Robert Hernandez,cwoods@example.com,Dallas,27,104264.0
1337,Michael Miller,cisnerosjesse@example.org,Chicago,24,103752.0
1338,Martha Mack,victoriamason@example.net,Chicago,68,67498.0
1339,Kelly Mack,vfloyd@example.com,Miami,44,64620.0
1340,Scott Jordan,nallen@example.net,Denver,59,93646.0
1341,Christian Burton,adavis@example.org,Austin,20,52570.0
1342,Emily Dillon,portershawn@example.org,Boston,43,48855.0
1343,Candice Ramirez,michael12@example.net,Denver,20,81877.0
1344,Deanna Kennedy,kathryn72@example.org,Miami,62,61139.0
1345,Katherine Cox,richard92@example.com,New York,65,92287.0
1346,Ryan Crane,christopher68@example.com,Boston,41,32651.0
1347,Shawn Fleming,figueroajohn@example.net,Miami,70,69722.0
1348,Samuel Roberts,ashleynash@example.org,Boston,35,94437.0
1349,Joel Davis,imcdonald@example.com,Chicago,32,47614.0
1350,Christopher Rodriguez,mtate@example.com,Boston,65,88079.0
1351,Evan Davies,vlewis@example.com,Miami,35,84627.0
1352,Jesse Gardner,nthomas@example.com,Chicago,30,87896.0
1353,Victoria Schroeder,mayermichael@example.com,Seattle,70,83368.0
1354,Cindy Lewis,cisnerosgabriela@example.com,Austin,66,97698.0
1355,Christopher Thomas,richard47@example.com,Miami,70,37367.0
1356,Mckenzie Green,davisrachel@example.com,Dallas,22,70779.0
1357,Elizabeth Gonzalez,iolson@example.net,Denver,26,98719.0
1358,Tracie Kim,jmorrow@example.net,New York,29,55265.0
1359,Nathan Lane,mariodowns@example.net,Seattle,21,62701.0
1360,Nancy Stewart,peggypeck@example.com,New York,47,36626.0
1361,Ashley Cordova,ubaker@example.org,Miami,63,56097.0
1362,Terri Mathews DDS,johnsonjulie@example.org,Boston,41,90846.0
1363,Joshua Martin,nrobinson@example.org,Denver,58,46236.0
1364,Laura Smith,allen48@example.org,New York,33,78819.0
1365,Mariah Bryant,ibell@example.com,Austin,56,88471.0
1366,Pamela Wilson,stephenbrooks@example.net,Dallas,48,106923.0
1367,Kimberly James,swalters@example.net,Miami,40,51432.0
1368,Susan Garcia,shafferdale@example.net,Boston,65,41847.0
1369,Timothy Garcia,schultzwesley@example.org,Boston,19,80667.0
1370,Sarah Lewis,harnold@example.org,New York,28,105007.0
1371,Tiffany Bell,pgutierrez@example.net,Seattle,32,114853.0
1372,Jennifer Ayers,williamadams@example.net,Seattle,61,57096.0
1373,Ryan Pope,anunez@example.com,Boston,59,83674.0
1374,Alexander Gibbs,matthew96@example.org,New York,67,119417.0
1375,Jenna Jensen,zpoole@example.net,New York,48,47342.0
1376,Todd Myers,richardflores@example.org,Dallas,56,31109.0
1377,Brett Owen,welchkristen@example.net,Seattle,34,109736.0
1378,Sara Moore,james10@example.com,Boston,63,114245.0
1379,Randy Hernandez,armstronganthony@example.net,Boston,45,79345.0
1380,Jesse Welch,jacob34@example.org,Miami,47,63029.0
1381,Danielle Deleon,qtownsend@example.org,Seattle,47,69602.0
1382,Timothy Burton,rodriguezsara@example.org,Denver,55,43410.0
1383,Douglas Kline,jonesmegan@example.org,New York,50,116816.0
1384,John Johnson,tuckerconnie@example.org,Miami,53,114848.0
1385,Jaime Edwards,lstokes@example.com,Boston,37,119707.0
1386,Christopher Bradley,wilsonmatthew@example.com,Chicago,48,38367.0
1387,Mr. Joshua Moore,sara39@example.org,Miami,35,113964.0
1388,Kelly Hodges,michellewilson@example.org,Miami,35,64229.0
1389,Charles Miller,josepholson@example.org,Boston,30,49651.0
1390,Juan Phillips,zgraham@example.org,Seattle,21,108647.0
1391,Craig Mathis,suzanne19@example.net,Denver,60,71888.0
1392,Robert Mckay,chamilton@example.com,Dallas,64,33336.0
1393,Denise Flores,lawsonruben@example.net,Austin,36,64003.0
1394,Steven Weiss,cjackson@example.net,Denver,43,80891.0
1395,Jason Munoz,raymond12@example.com,New York,55,104978.0
1396,Cody Sanchez,dianewatson@example.com,Seattle,39,59145.0
1397,Fernando Smith,jason95@example.org,Austin,60,76988.0
1398,Janice Guzman,dakotaramirez@example.net,Boston,28,116194.0
1399,Rhonda Powers,bfleming@example.com,Dallas,36,42793.0
1400,Christina Williams,rjimenez@example.com,Austin,26,63902.0
1401,Jesse Guzman,byoung@example.com,Dallas,61,73992.0
1402,Richard Johnston,buckjustin@example.com,Chicago,32,76567.0
1403,Joseph Rose,deanna17@example.org,Seattle,65,70250.0
1404,Jennifer Turner,karen61@example.net,Denver,68,73426.0
1405,Katherine Williams,heather77@example.net,Miami,34,106751.0
1406,Barbara Brooks,johnsonbrandon@example.org,Boston,47,45437.0
1407,Wyatt Callahan,fperez@example.org,Austin,21,113151.0
1408,Robin Cabrera,villamiranda@example.com,Chicago,48,55499.0
1409,Amanda Williams,charles59@example.com,Chicago,61,80026.0
1410,Christopher Taylor,uwilson@example.org,Boston,44,37086.0
1411,Stacy Church,qwalsh@example.org,Dallas,26,56253.0
1412,Cynthia Woods,ubray@example.net,Miami,44,104632.0
1413,Mr. Ralph Dawson,angelica33@example.net,Austin,27,71469.0
1414,Wesley Brown,santiagotaylor@example.com,Dallas,67,40592.0
1415,Brian Clark,kathleen47@example.net,Austin,39,112710.0
1416,Jonathan Sloan,sabrinacruz@example.com,Dallas,38,113165.0
1417,Kayla Deleon,caseyhenderson@example.net,New York,18,89251.0
1418,Sergio Wong,stevenrodriguez@example.org,Boston,31,52099.0
1419,Steven Lopez,alvarezalyssa@example.com,Dallas,49,41539.0
1420,Timothy Miller,zlewis@example.net,Dallas,57,86847.0
1421,Gene Alexander,corey66@example.org,Denver,43,86233.0
1422,James Wheeler,gstone@example.net,Austin,42,30611.0
1423,David Rodriguez,brownaustin@example.com,New York,52,56137.0
1424,Joseph Hill,gmyers@example.org,Miami,18,72233.0
1425,Sherry Adams,georgeharris@example.net,Seattle,19,118702.0
1426,Kyle Gross,lopezrebecca@example.net,New York,58,62613.0
1427,Eric Knox,georgemaldonado@example.org,Seattle,62,75134.0
1428,Steven Thomas,waderonnie@example.org,Boston,26,43462.0
1429,Dennis Jones,wheelertara@example.net,Denver,50,107158.0
1430,Shane Kennedy,fuentesashley@example.com,Boston,28,38557.0
1431,Kelly Jackson,kimberlygarcia@example.net,New York,37,68119.0
1432,John Bell,elizabeth45@example.com,Austin,64,98195.0
1433,Harold Mckinney,rrodriguez@example.net,Miami,45,47536.0
1434,Alicia Irwin,donnathomas@example.com,Miami,49,77087.0
1435,Kenneth Dominguez,vhoward@example.org,Seattle,28,82873.0
1436,Troy Fowler,natalie87@example.net,New York,32,59402.0
1437,Thomas Bailey,peter64@example.com,Dallas,31,32872.0
1438,Kevin Miles,hamiltonspencer@example.com,Dallas,25,78049.0
1439,Wayne Porter,stevenhernandez@example.com,New York,42,113928.0
1440,Mary Torres,calvin40@example.com,Boston,67,100088.0
1441,Douglas Watkins,freemanadam@example.com,New York,56,36286.0
1442,April King,natasha88@example.org,Chicago,59,32587.0
1443,Michelle Thomas,ryanhull@example.com,New York,62,45176.0
1444,John Gomez,ghenderson@example.com,Denver,46,79840.0
1445,Linda Thompson,ushelton@example.net,Chicago,53,63126.0
1446,Randall Wright,tspencer@example.com,Austin,62,50070.0
1447,Keith Fuller,nicholasliu@example.com,Seattle,62,119881.0
1448,Joseph Benson,taylor67@example.com,New York,37,85164.0
1449,Julia Gaines,bernardrobert@example.org,Chicago,60,98197.0
1450,Elizabeth Sanchez,david89@example.com,Boston,57,109381.0
1451,Ryan Martinez,fordkathryn@example.net,Dallas,44,43751.0
1452,Anthony Brown,cookconnor@example.com,Chicago,36,44943.0
1453,Melissa Lin,yangemily@example.net,Chicago,49,56037.0
1454,Meredith Black,rtaylor@example.net,Seattle,67,64471.0
1455,Elizabeth Collins,shaffercindy@example.org,Seattle,40,83707.0
1456,Aaron Munoz,meyerjohn@example.org,Boston,28,35164.0
1457,Ross Wallace,howekevin@example.com,Austin,31,93001.0
1458,Dr. Sarah Payne,nvillarreal@example.org,Miami,33,30358.0
1459,Mark Lopez,georgeharmon@example.net,New York,60,41665.0
1460,John Roberts,haleytrevor@example.net,Chicago,54,117690.0
1461,James Marsh,bbutler@example.org,Austin,27,41807.0
1462,Jim Elliott,carpenteraustin@example.net,Chicago,64,43276.0
1463,Lisa Williams,sydney77@example.com,Boston,59,60298.0
1464,Christopher Mason,michaelmccarthy@example.com,Austin,36,64619.0
1465,Carrie Hernandez,stephen24@example.net,Austin,21,43082.0
1466,James Hendricks,ebennett@example.net,Dallas,20,68085.0
1467,Laura Pennington,david59@example.net,Miami,69,118705.0
1468,Luis Powell,johnsonjessica@example.org,Miami,45,45191.0
1469,Brian Villa,omorris@example.net,Chicago,66,36014.0
1470,Ashley Gilmore,acampos@example.org,New York,26,116947.0
1471,David Johnson,alexandernicholas@example.net,Dallas,39,76861.0
1472,Tammy Morris,ogray@example.net,Austin,57,65167.0
1473,Christina Henry,jeremiah26@example.net,Chicago,41,74921.0
1474,Cheryl Perkins,harrislisa@example.org,Dallas,25,82530.0
1475,Jason Payne,petersonfaith@example.net,Denver,47,65629.0
1476,Kathleen Collier,wmason@example.net,Denver,62,92684.0
1477,Sarah Solis,ypatterson@example.org,Denver,59,51860.0
1478,Bethany Holmes,wilsonjerry@example.net,Chicago,26,37686.0
1479,Alison Nicholson,sandra46@example.net,Dallas,24,84529.0
1480,Shane Moore,charles93@example.net,Austin,69,104572.0
1481,Kathryn Ross,gardnerpatricia@example.net,Austin,29,110127.0
1482,Thomas Baker,johnsonrobert@example.org,Denver,67,77002.0
1483,Phillip Taylor,sandra03@example.com,New York,61,47125.0
1484,Travis Strong,reedchad@example.com,Austin,49,44802.0
1485,Lisa Miller,rpotts@example.net,Denver,46,36025.0
1486,Andrew Romero,ryan43@example.org,Chicago,34,115848.0
1487,Allison Casey,amandadalton@example.net,Miami,18,118857.0
1488,Alicia Olson,scannon@example.org,Seattle,60,74341.0
1489,Jeffery Taylor,nwilson@example.com,Chicago,45,116732.0
1490,Greg Hull,jessechapman@example.org,Seattle,48,75318.0
1491,Paul Morton,ritteralexis@example.net,Denver,27,103183.0
1492,Anthony Brown,cwhite@example.com,New York,18,114331.0
1493,Matthew Sanchez,david67@example.net,Dallas,50,91510.0
1494,Billy Wright,troymoss@example.com,Austin,28,39812.0
1495,Shannon Wallace,shelly84@example.net,Austin,38,61574.0
1496,Steven Flores,brownrachel@example.net,Miami,35,36599.0
1497,Katelyn Miller,maureenmeyer@example.com,Seattle,53,114320.0
1498,Christine Watson,barryyoung@example.com,Denver,43,60801.0
1499,Jordan Wilson,rhuff@example.com,Chicago,47,88220.0
1500,Elizabeth Hanna,ramirezchelsea@example.com,Austin,23,95333.0
1501,James Wallace,jamielopez@example.com,Austin,38,45559.0
1502,Mary Johnson,sharon95@example.com,Austin,65,115638.0
1503,Leslie Todd,jessica96@example.com,New York,24,82879.0
1504,Tanya Goodwin,transtephanie@example.net,Denver,20,103024.0
1505,William Nichols,karmstrong@example.net,New York,70,41913.0
1506,Tyler Mcdonald,davidsmith@example.net,Boston,50,103706.0
1507,Angela Wright,matthew60@example.net,Seattle,59,118011.0
1508,Derrick King,martinezashley@example.com,Austin,39,77624.0
1509,Sarah Wallace,gonzalessteven@example.com,New York,70,59218.0
1510,Dr. Daniel Brown,hillcheryl@example.com,Austin,39,103420.0
1511,Jessica Scott,jordan72@example.org,Austin,63,116136.0
1512,Bridget Williamson,halldiamond@example.org,Miami,63,89314.0
1513,Shannon Riley,tranjeremy@example.net,Chicago,24,116364.0
1514,Vanessa Smith DVM,amber09@example.org,Seattle,18,74742.0
1515,Billy Wallace,youngmark@example.com,Miami,58,68270.0
1516,Melanie Jones,jliu@example.org,Miami,62,43935.0
1517,Richard Rogers,xmerritt@example.com,New York,28,94542.0
1518,Elizabeth Johnson,bradley29@example.org,Dallas,70,83636.0
1519,Daniel Edwards,shelby69@example.org,Chicago,34,110065.0
1520,Brittany Farmer,friedmansusan@example.org,Seattle,30,45826.0
1521,Yolanda Mccoy,hryan@example.net,Denver,31,89905.0
1522,Lisa Hopkins,mstewart@example.net,Seattle,63,74293.0
1523,David Sanchez,jerry51@example.net,Chicago,66,84325.0
1524,Nicholas Beard,christopher88@example.org,New York,58,118098.0
1525,Martha Jacobs,ohartman@example.net,Chicago,67,89048.0
1526,Victoria Frost,kimberlyrussell@example.net,Austin,60,107242.0
1527,Lisa Flynn,lee16@example.com,Dallas,49,30568.0
1528,Brittany Snyder,rachelwalter@example.org,New York,53,86729.0
1529,Jason Cannon,inewton@example.org,Austin,50,53226.0
1530,Allison Jackson,andersonmichelle@example.com,Dallas,64,46827.0
1531,Heather Morales,jenniferwilson@example.com,Chicago,42,116182.0
1532,Lisa Mcknight,jonessamantha@example.com,Miami,50,80418.0
1533,Lynn Yang,eroberts@example.net,Denver,56,62537.0
1534,Clifford Cannon,hernandezalan@example.net,Boston,43,74939.0
1535,Matthew Gray,uthompson@example.net,Boston,46,47481.0
1536,Raymond Hall,kpeterson@example.net,Dallas,44,108974.0
1537,Lauren Anthony,ymitchell@example.com,Boston,62,101802.0
1538,Tiffany Williams,russellramirez@example.net,Miami,63,102559.0
1539,Gregory Martin,joshua73@example.org,Seattle,30,57487.0
1540,Thomas Zhang,middletonelizabeth@example.org,Boston,61,75258.0
1541,Juan Romero,anthonyorr@example.net,Dallas,63,115208.0
1542,Chloe Freeman,woodjuan@example.net,Dallas,50,101105.0
1543,Jeremy Martinez,hphillips@example.net,Miami,63,45126.0
1544,Sarah Wallace,fsnyder@example.org,Miami,53,92963.0
1545,Monique Wilson MD,garnerjeffrey@example.org,Denver,61,99979.0
1546,Jonathon Hill,mannleroy@example.org,Boston,45,31673.0
1547,Timothy Bauer,james80@example.net,Chicago,19,79921.0
1548,Danielle Willis,emilybaker@example.org,Dallas,21,117851.0
1549,Mr. Jonathan Anderson,tapiamercedes@example.net,New York,30,64993.0
1550,Jeffrey Henry,jenniferwilliams@example.net,Dallas,36,119573.0
1551,James Silva,todd24@example.org,Boston,27,38130.0
1552,Mary Henry,iharper@example.com,Boston,31,100932.0
1553,Daniel Mccarty,robert75@example.org,New York,40,89322.0
1554,Audrey Marshall,donna56@example.net,Chicago,57,118542.0
1555,Stephen Larsen,rburke@example.org,Seattle,65,114819.0
1556,Derek Lewis,xbrown@example.com,Denver,33,96967.0
1557,Evan Myers,qcoleman@example.org,Boston,62,117096.0
1558,Nicholas Morgan,parkerrobert@example.net,New York,42,80797.0
1559,Kimberly Chan,gouldchristina@example.com,Denver,68,119803.0
1560,Joshua Clements,langchristopher@example.net,Miami,53,37051.0
1561,Harold Miranda,penaapril@example.com,New York,65,62943.0
1562,Victoria Massey,oheath@example.com,Seattle,57,88073.0
1563,Susan Rivera,angelawright@example.org,Seattle,58,114886.0
1564,Alejandro Bentley,masonlacey@example.org,Miami,66,107120.0
1565,Eric Hall,arthurbrady@example.com,Seattle,67,55362.0
1566,Bonnie Yang,michelle11@example.net,Boston,46,53255.0
1567,Pamela Perry,newtonamber@example.org,Chicago,29,52779.0
1568,Kevin Myers,kristen68@example.net,Chicago,42,35326.0
1569,Donald Harris,tanya97@example.com,Denver,35,102954.0
1570,Brandon Rasmussen,timothy88@example.org,Boston,26,51093.0
1571,Willie Luna,kathryn17@example.org,Boston,18,73327.0
1572,Allison Wise,kwood@example.org,Austin,63,50290.0
1573,Evelyn Pacheco,davisgary@example.com,New York,27,72287.0
1574,Angela Powell,kmills@example.org,New York,67,111968.0
1575,Johnny Jenkins,mary05@example.net,Boston,49,105061.0
1576,Jennifer Smith,karinorton@example.net,Miami,22,71662.0
1577,Dr. David Murray MD,morseronald@example.org,Seattle,29,98236.0
1578,Peter Martin,martinsamuel@example.org,Chicago,68,96209.0
1579,Jeff Jackson,jtaylor@example.com,Dallas,44,101182.0
1580,Edward Graham,jennifer48@example.com,Denver,23,75796.0
1581,Jacqueline Santos,kellycohen@example.net,Seattle,31,116944.0
1582,Jacqueline Munoz,vford@example.net,Miami,39,77290.0
1583,Sarah Taylor,asmith@example.org,Boston,31,111039.0
1584,Austin Rowland,jacqueline31@example.net,Austin,53,115105.0
1585,Brandon Weber,carlfields@example.org,New York,25,117679.0
1586,Adrian Lee,lori69@example.net,Miami,46,61502.0
1587,Marcus Powell,ann31@example.net,Seattle,20,119463.0
1588,Nicholas Ramirez,anne28@example.net,Miami,42,44860.0
1589,Janet Johnston,tammy97@example.org,Denver,34,100809.0
1590,Richard Hays,noblechristina@example.org,Boston,19,97746.0
1591,Shannon Morris,taylorlindsay@example.com,Miami,50,96680.0
1592,Erin Mason,allenphillip@example.com,Austin,49,35747.0
1593,Heather Roberson,alyssa93@example.org,Boston,59,55232.0
1594,Sandra Dawson,fcastro@example.net,Miami,50,40793.0
1595,Melissa Grant,lpearson@example.org,Chicago,28,100513.0
1596,Savannah Townsend,jessica39@example.net,New York,58,38581.0
1597,Tammie Lee,harold03@example.com,Seattle,60,112511.0
1598,Cory Willis,clinton54@example.net,Seattle,61,85601.0
1599,Lisa Johnson,darlene60@example.net,Chicago,31,100484.0
1600,Denise Brown,roysara@example.net,Denver,59,39452.0
1601,Katherine Wells,johnsonanthony@example.net,Dallas,19,90191.0
1602,Noah Pitts,christopherflowers@example.org,Miami,20,41471.0
1603,Mark Brown,hodgejoshua@example.org,Chicago,21,53329.0
1604,Nancy Cook,rachael29@example.net,Boston,53,39232.0
1605,Kelli Shepard,qbutler@example.net,Seattle,34,83429.0
1606,Corey Juarez,jessicamiller@example.com,Denver,46,112603.0
1607,Lee Barker,vthompson@example.org,Denver,45,71471.0
1608,Justin Wilson,scarroll@example.org,New York,42,118250.0
1609,Julie Wilson,whitechristopher@example.com,Chicago,52,30773.0
1610,Tracy Wang,robinsonnicholas@example.org,Chicago,66,106756.0
1611,Terri Parker,julierojas@example.com,New York,62,39514.0
1612,Michael Thompson,annettegutierrez@example.org,Miami,50,43911.0
1613,Curtis Krause,heidi41@example.com,Boston,68,119899.0
1614,Jack Barton,rgallegos@example.org,Boston,56,41338.0
1615,Ruben Cruz,victoriahamilton@example.net,Boston,66,87367.0
1616,Rebecca Clark,christopher34@example.org,Denver,43,116602.0
1617,Andre Wilson,thomasmcdonald@example.com,New York,48,50489.0
1618,James Chapman,morrisdaniel@example.com,Seattle,26,81248.0
1619,Aimee Fisher,matthew12@example.com,Boston,58,48884.0
1620,John Lopez,gonzaleschristina@example.net,Boston,61,114926.0
1621,Jessica Ross,johnnybrooks@example.com,Miami,18,102551.0
1622,Mr. Andrew Hickman,kathrynsantana@example.net,Dallas,25,35475.0
1623,Jeffery Adams,kwatkins@example.net,New York,54,108204.0
1624,Eric Carlson,stephaniebradley@example.org,Denver,52,101765.0
1625,Gary Choi,parkerkatie@example.com,Chicago,37,57532.0
1626,Christopher Smith,jamesjackson@example.com,Miami,31,84087.0
1627,David Harris,ramseyeric@example.net,Dallas,28,54116.0
1628,Jacqueline Woods,cory86@example.net,Seattle,57,63127.0
1629,John Bennett,wmccarthy@example.org,Seattle,25,53770.0
1630,Fernando Mcconnell,smejia@example.net,New York,66,101939.0
1631,Jessica Long,reedelizabeth@example.net,Austin,59,102045.0
1632,Stephen Thompson,mikemorgan@example.org,Chicago,36,118039.0
1633,Nicole Melendez,devinlopez@example.org,Chicago,34,42871.0
1634,Brandon Cruz,ronaldmitchell@example.com,Seattle,64,106099.0
1635,Karen Green,zwhite@example.net,Austin,39,76810.0
1636,Ashley Drake,gina16@example.org,Dallas,60,115914.0
1637,Carl Hunter,psmith@example.net,Seattle,24,67373.0
1638,Raymond Turner,judy19@example.com,Chicago,30,71652.0
1639,Priscilla Joseph,daniel26@example.net,Austin,46,73036.0
1640,Sheila Miller,rogerssarah@example.net,Boston,62,106568.0
1641,Jose Mendez,dgraham@example.com,Dallas,54,104299.0
1642,Sean Stevens,smallgina@example.com,Miami,69,71462.0
1643,Michael Wang,danielsguy@example.com,Denver,28,30633.0
1644,Jeremy Evans,larsonmichael@example.org,Miami,33,59035.0
1645,Jennifer Thompson,martinezduane@example.com,Denver,35,77118.0
1646,Donald Bonilla,samanthaberger@example.net,Dallas,61,73458.0
1647,Laura Williams,nathan29@example.net,Austin,47,88373.0
1648,Sonia Reyes,morgandana@example.com,Miami,67,70038.0
1649,Alex Clements,jennifer16@example.org,Austin,53,44264.0
1650,Laura Cooley,heatherwilliams@example.net,Dallas,59,109511.0
1651,Philip Kim,joshuapowers@example.net,Chicago,35,48350.0
1652,Christopher Mitchell,russellandrew@example.com,Seattle,34,112132.0
1653,Denise Ford,colton30@example.net,Chicago,64,39882.0
1654,Arthur Roberts,omatthews@example.net,New York,50,112788.0
1655,James Spears,cooperluis@example.com,New York,70,106269.0
1656,Scott Porter,emilyscott@example.org,Denver,67,107337.0
1657,Laura Miller,whoffman@example.org,Seattle,20,102298.0
1658,William Wood,karen77@example.org,Boston,52,100736.0
1659,Kevin Weber,wperry@example.org,Austin,59,49481.0
1660,Diane Manning,nicholasmedina@example.com,Miami,43,59269.0
1661,Sarah Davis,jasonrodriguez@example.com,Boston,26,90909.0
1662,Christopher Waters,wpierce@example.org,Chicago,43,77692.0
1663,Kyle Flores,crystal58@example.net,New York,60,61310.0
1664,Courtney Powell,cmitchell@example.org,Dallas,66,97388.0
1665,Cassandra Roberts,kathryn21@example.com,Dallas,46,50869.0
1666,Jennifer Barnes,danamontgomery@example.org,Dallas,54,104162.0
1667,Kathy Miller,udougherty@example.net,Dallas,65,93373.0
1668,Keith Kennedy,craneandrew@example.net,Miami,20,58681.0
1669,Martha Arnold,melissamartin@example.com,Austin,32,38239.0
1670,Cynthia Kennedy,marcuscarter@example.org,Boston,41,60673.0
1671,Joel Sanchez,yfritz@example.org,New York,60,57102.0
1672,Kathryn Rodriguez,monica23@example.com,Miami,42,91561.0
1673,Andrea Goodman,ecamacho@example.com,Austin,20,35230.0
1674,Jason Green,baldwincatherine@example.net,Miami,24,98337.0
1675,Jessica Carey,carterraymond@example.net,Boston,65,64513.0
1676,Heidi Moran,hpatterson@example.org,Dallas,42,115678.0
1677,Dennis Bryan,bowenmichael@example.net,Denver,41,107028.0
1678,Thomas Pope,josephrivera@example.net,Chicago,51,62975.0
1679,Steven Vasquez,katherinepeterson@example.net,Denver,32,97681.0
1680,Richard Lyons,brooke22@example.net,Denver,40,75224.0
1681,Daniel Wood,jennifer42@example.net,Austin,68,93191.0
1682,Karen Gonzales,eric22@example.net,New York,50,48214.0
1683,James Walsh,rosalesbrandy@example.org,Austin,28,60145.0
1684,Deanna Griffith,kwoods@example.com,Chicago,50,114341.0
1685,Laurie Mason,nicholas72@example.net,Boston,31,49692.0
1686,Mr. James Barnett,petersonkyle@example.org,Dallas,28,77477.0
1687,Lee Daniel,santosmichael@example.com,Chicago,60,60191.0
1688,Margaret Smith,judithcox@example.org,Denver,69,73283.0
1689,Brett Rivera,nelsonsuzanne@example.net,Chicago,48,118503.0
1690,Angela Yates,pknight@example.org,Austin,48,57617.0
1691,Patrick Norris,jeremylove@example.org,Dallas,59,83857.0
1692,Lee Arnold,pauljessica@example.org,New York,33,35655.0
1693,Brandi Turner,jeremywillis@example.net,Dallas,54,107640.0
1694,Brett Keith,florescynthia@example.org,Dallas,26,112515.0
1695,Jeremy Alvarez,danielsjason@example.com,New York,54,49249.0
1696,Adam Jordan,cortezscott@example.net,New York,28,63850.0
1697,Robert Mendez,qgay@example.com,Dallas,51,83143.0
1698,Katherine Thompson,ppalmer@example.com,New York,64,116736.0
1699,Joseph Peterson,connie12@example.com,Boston,23,58389.0
1700,Steven Hicks,emartin@example.com,Austin,56,91789.0
1701,Anna Atkins,dana82@example.org,Austin,28,58752.0
1702,Pamela Lewis,luke87@example.org,Denver,56,48705.0
1703,Tanya Clark,mariolee@example.com,Dallas,57,116461.0
1704,Sarah Bishop,markblack@example.com,Boston,28,119861.0
1705,Rachel Chan,jeremy47@example.com,Miami,47,108188.0
1706,Eric Acosta,shannon69@example.com,Chicago,32,79572.0
1707,Abigail Case,schmittmichael@example.org,Denver,26,44230.0
1708,Pamela Smith,jasonmoran@example.com,New York,30,98512.0
1709,Allison Simmons,jnguyen@example.net,Denver,70,49603.0
1710,Daniel Shaw,daniel32@example.com,Chicago,29,92373.0
1711,Teresa Watkins,harringtonpeter@example.net,New York,68,99655.0
1712,Mr. Lawrence Brooks,brownmatthew@example.net,Chicago,23,93208.0
1713,Thomas Rodriguez,nicolejones@example.net,Dallas,56,100685.0
1714,Christian Hernandez,audrey81@example.com,New York,67,118940.0
1715,Kenneth Farmer,angela40@example.org,Denver,51,85139.0
1716,Andrea Hartman,susan57@example.net,Miami,20,99444.0
1717,Cathy Mcdonald,mcox@example.net,Denver,32,93192.0
1718,Deanna Munoz,taylordawn@example.com,Denver,40,107207.0
1719,John Williams,durhamwilliam@example.org,Chicago,45,47548.0
1720,Whitney Moyer,kristy74@example.net,Boston,48,60475.0
1721,Austin Jones,mccannkimberly@example.net,Chicago,36,108419.0
1722,Jose York,mbishop@example.org,Denver,34,54775.0
1723,Jessica Hill,vpreston@example.org,New York,63,30932.0
1724,Angel Holland,shawn60@example.com,Chicago,51,30942.0
1725,Abigail Clayton,smithmarcus@example.org,Denver,59,56924.0
1726,Daniel Craig,amanda39@example.com,Miami,44,77483.0
1727,Michelle Ray,kendraharris@example.org,Chicago,27,85846.0
1728,Joseph Blackburn,chanamber@example.org,Boston,34,100268.0
1729,Ethan Hall,jamesmartin@example.com,Denver,54,77925.0
1730,Thomas Barton,taylorrachel@example.com,Boston,61,82095.0
1731,Travis Johnson,omargriffin@example.com,Seattle,44,102365.0
1732,Ray Lawrence,davisgregory@example.net,Austin,29,78524.0
1733,Barbara Sherman,shepardjoy@example.com,Austin,34,70193.0
1734,Emily Lee,marshmichael@example.com,Miami,67,82183.0
1735,Theresa Smith,zlara@example.org,Dallas,60,45608.0
1736,Tracy Copeland,pbautista@example.com,Seattle,46,51206.0
1737,Michael Santos,bliu@example.com,Chicago,31,96629.0
1738,Stephanie Williams,gregorysmith@example.net,Denver,68,74359.0
1739,Michael Farmer,carlsonjason@example.net,New York,28,81000.0
1740,Jacqueline Perry,robertthompson@example.net,New York,69,41939.0
1741,Natalie Patrick,michaelbuckley@example.org,Dallas,48,108675.0
1742,Damon Powell,regina49@example.com,Denver,23,38399.0
1743,Alexander Johnson,jjohnson@example.com,Boston,32,78606.0
1744,James George,ericsmith@example.org,Chicago,56,34948.0
1745,William Rodriguez,amarshall@example.net,Denver,43,110473.0
1746,Scott Pacheco,collinsterrance@example.com,Boston,63,108311.0
1747,Matthew Diaz,woodskaitlyn@example.net,New York,67,52973.0
1748,Daniel Anderson,jeremiahmiller@example.org,Austin,46,31403.0
1749,Diane Gilbert,jeremylopez@example.net,Seattle,60,97915.0
1750,Michael Murray,kathleen25@example.com,Boston,30,34405.0
1751,Charles Doyle,adkinslauren@example.net,Seattle,57,52214.0
1752,Craig White,cynthiaconley@example.org,New York,41,61359.0
1753,Frank Armstrong,mmathews@example.net,New York,28,41382.0
1754,Tricia Sullivan,shawnbaker@example.com,Boston,67,82354.0
1755,Douglas Mack,matthew24@example.com,Miami,60,81792.0
1756,Katherine Dunn,barnettmatthew@example.net,Denver,55,56255.0
1757,Richard Simmons,oconnelldavid@example.org,New York,65,38993.0
1758,Sandra Martinez,david54@example.com,Chicago,53,67289.0
1759,William Miller,raymondpugh@example.net,Miami,40,66242.0
1760,Ryan Walker,gonzalezjulie@example.net,Seattle,56,55496.0
1761,Brittany Heath,mcbridemichael@example.org,Austin,43,105354.0
1762,Yolanda Jackson,craigmartin@example.net,New York,34,52942.0
1763,Courtney Arias,amberfriedman@example.com,Denver,50,43954.0
1764,Diana Haley,hphillips@example.com,Chicago,50,68568.0
1765,Julie Taylor,aaron48@example.net,Miami,25,97277.0
1766,Thomas Austin,brownrobert@example.org,Boston,52,105352.0
1767,Mr. William Bray,petermoore@example.com,Boston,62,88034.0
1768,Corey Flowers,perezstacy@example.org,Denver,54,93390.0
1769,Becky Singh,jamiethomas@example.com,Seattle,66,74520.0
1770,Alexandra Wilson,alexandria97@example.org,Austin,61,90387.0
1771,Elizabeth Martinez,whernandez@example.net,New York,48,45239.0
1772,Dillon Travis,qmassey@example.org,Boston,22,80157.0
1773,Jessica Jackson,oblake@example.net,Seattle,61,60137.0
1774,Zachary Morrison,john76@example.com,Miami,44,76281.0
1775,Brian Carrillo,rebecca85@example.com,New York,62,64517.0
1776,Danielle Kelly,garcialinda@example.org,Seattle,36,42190.0
1777,Connie Hamilton,dalton78@example.net,Denver,61,74825.0
1778,Jamie Stone,gwilliams@example.net,Chicago,53,53394.0
1779,Maria Garcia,wilsonkathryn@example.com,Austin,38,76338.0
1780,Michelle Munoz,chiggins@example.com,Seattle,54,65268.0
1781,Jessica Murray,bentleylisa@example.net,Dallas,65,119536.0
1782,Jessica Odonnell,ashleyjohnson@example.com,Seattle,49,56170.0
1783,Thomas Pham,qatkinson@example.com,Seattle,65,61726.0
1784,Hailey Beltran,joshuabowers@example.com,Boston,31,60042.0
1785,William Baker,jasontownsend@example.net,Seattle,33,111080.0
1786,Natalie Mullins,megangates@example.com,Miami,27,43983.0
1787,Joshua Trujillo,leslietorres@example.net,Chicago,23,118580.0
1788,Jared Howell,katherineharris@example.net,Austin,57,30868.0
1789,Mr. Jeffrey Ward,susanmorris@example.org,New York,48,78653.0
1790,Eric Hunter,katherine82@example.com,Miami,49,105303.0
1791,Angela Davis,jphelps@example.net,Boston,49,53969.0
1792,Hector Anderson,vgarcia@example.com,Boston,43,59110.0
1793,Tricia Nguyen,scottwilliams@example.net,Dallas,21,98909.0
1794,Willie Johnson,marthalucero@example.org,Denver,48,100879.0
1795,Jessica Cain,alexandersanchez@example.org,New York,50,75519.0
1796,Karen Gonzales,robertabbott@example.net,Denver,61,52911.0
1797,Kenneth Barrera,tfrancis@example.com,Austin,25,97922.0
1798,Deborah Wood,lukekelly@example.net,Austin,38,31103.0
1799,Scott Andersen,laurariley@example.org,New York,61,57623.0
1800,Dr. Katie Alvarez,daniel93@example.net,Denver,55,43205.0
1801,Michael Bray,stevenandrews@example.org,Miami,41,110318.0
1802,Jeffrey Garza,bentongeorge@example.net,Boston,29,101901.0
1803,Matthew Huang,jdillon@example.org,Boston,33,65311.0
1804,Ana Higgins,stacey09@example.com,Austin,57,74970.0
1805,Phillip Anderson,clewis@example.com,Miami,29,95374.0
1806,Megan Rivera,ithomas@example.net,Denver,31,84931.0
1807,Shari Arellano,josephmichael@example.org,Miami,41,82506.0
1808,Andrea Brown,ucross@example.org,Boston,46,53578.0
1809,Kyle Blake,maryjohnson@example.com,Dallas,54,119916.0
1810,Evelyn Davis,rberry@example.com,Seattle,70,43090.0
1811,Jane Wells,isaac45@example.org,Boston,69,60907.0
1812,Sherry Porter,jorgegonzalez@example.com,Denver,42,55698.0
1813,Miss Gina Walton,andrew90@example.net,Dallas,69,49601.0
1814,Jake Jackson,smithpaul@example.org,Austin,69,31276.0
1815,Laura Brooks,sosajacob@example.net,Dallas,44,95483.0
1816,Mr. William Davis DDS,carolberry@example.com,Dallas,58,97765.0
1817,Sheryl Thompson,lisawallace@example.net,Miami,68,93782.0
1818,Joshua Rubio,aguirrelarry@example.com,Boston,34,103680.0
1819,Michael Lawrence,racheljimenez@example.net,New York,43,42972.0
1820,Louis Rogers,jmcfarland@example.com,Dallas,21,58241.0
1821,Terry Barnett,morganmichael@example.org,Boston,48,112557.0
1822,Katherine Bauer,howardsabrina@example.com,Chicago,46,73864.0
1823,Susan Zimmerman,abbottchristopher@example.net,Boston,41,77226.0
1824,Joseph Andrews,psherman@example.org,Boston,40,32599.0
1825,Chad Gallagher,sheryl66@example.com,Denver,25,76018.0
1826,John Henry,anna96@example.com,Seattle,54,105483.0
1827,Dr. Dustin Sutton Jr.,lopezchristopher@example.net,Dallas,67,67304.0
1828,Laura Thompson,jocelyn80@example.org,Miami,38,118236.0
1829,Janice Bell,colongabrielle@example.com,Austin,67,88580.0
1830,Kelly Thompson,erin03@example.org,Chicago,42,110434.0
1831,Cody Walker,charles37@example.org,Boston,47,112799.0
1832,Lisa Williams,sharris@example.org,Dallas,28,113962.0
1833,Abigail Allen,tracey63@example.com,Miami,44,112742.0
1834,Jennifer Moore,christyscott@example.com,Denver,22,40369.0
1835,Michelle Barrera,jamie46@example.net,Dallas,39,59912.0
1836,Rodney Bennett,lisafreeman@example.net,Miami,38,115591.0
1837,Michael Williams,sanderson@example.org,Boston,63,65058.0
1838,Brian Moore,ijones@example.com,Denver,35,88313.0
1839,Patrick Moses,smitchell@example.com,Miami,65,106928.0
1840,Deborah Juarez,mcarson@example.org,Austin,44,51930.0
1841,Kathleen Martinez,harrisondaniel@example.org,Dallas,19,46389.0
1842,James Miller,allenchristina@example.com,Seattle,60,62983.0
1843,Jessica Hammond,kaylahardy@example.org,Chicago,31,51877.0
1844,Tiffany Peterson,sandra57@example.org,Denver,24,42524.0
1845,Amy James,william32@example.net,Chicago,48,101884.0
1846,Matthew Gonzales,pjones@example.net,New York,19,82037.0
1847,Kristin Thomas,brian16@example.net,Chicago,24,64400.0
1848,Lisa Jackson,mitchell21@example.net,Dallas,23,115830.0
1849,James Hart,hmack@example.org,Denver,37,60062.0
1850,Amanda Gardner,banksrenee@example.net,Seattle,65,67247.0
1851,Diane Jensen,pkent@example.net,Austin,58,46569.0
1852,David Baird DDS,jcalhoun@example.com,Dallas,51,52361.0
1853,Heather Thomas,sylviaprice@example.com,New York,20,116972.0
1854,Isabel Smith,douglas76@example.net,Miami,38,92410.0
1855,Sarah Archer,marygomez@example.com,Austin,52,65705.0
1856,Jason Quinn,dfarley@example.com,Austin,26,100685.0
1857,Maurice Anderson,johnmarquez@example.net,Dallas,55,108326.0
1858,Shane Hopkins,rachel86@example.com,Austin,58,113342.0
1859,Cindy Thomas,danielsshaun@example.net,Denver,51,113858.0
1860,Curtis Morgan,donnagiles@example.com,Boston,40,93131.0
1861,Jeremy Benson,lbradley@example.com,Seattle,69,41738.0
1862,Miss Patricia Davidson,edwardstewart@example.org,Austin,37,77943.0
1863,Bianca Velazquez,cheryl98@example.net,Denver,34,50410.0
1864,Amanda Davis,milleralan@example.org,Boston,18,30012.0
1865,Brandon Huynh,james23@example.com,Dallas,40,67586.0
1866,Heidi Blankenship,talvarez@example.org,Austin,52,31090.0
1867,Brian Hoffman,frankwilson@example.net,Austin,66,92530.0
1868,Justin Fuller,hannah31@example.net,Boston,18,86418.0
1869,Susan Davis,taylorparker@example.com,Boston,56,60305.0
1870,Randall Willis,sarah99@example.org,New York,53,78974.0
1871,Alejandro Vasquez,nicole15@example.org,Seattle,44,103472.0
1872,Marcus Byrd,danieldonovan@example.net,Denver,43,62754.0
1873,Mark Carter,gomeztonya@example.com,Dallas,63,114671.0
1874,Steven Butler,michaelking@example.net,Denver,42,58913.0
1875,Joseph Moon,kflores@example.org,Boston,23,85343.0
1876,Melody Baker,rmorgan@example.net,Seattle,51,110375.0
1877,Mary Hopkins MD,andersontiffany@example.net,Boston,36,114994.0
1878,Kenneth Turner,rebeccajames@example.org,Boston,44,54641.0
1879,Debra Brooks,linda66@example.net,Chicago,29,47907.0
1880,Tommy Ball,tracyadams@example.com,Boston,25,113478.0
1881,Angela Wade,michelle10@example.org,Austin,57,89345.0
1882,Ashley Jones,calvin93@example.org,Boston,62,111625.0
1883,Alexandra Smith,molly91@example.org,Austin,30,72027.0
1884,Tracie Costa,kristi19@example.org,New York,27,36505.0
1885,Charles Hardin,lopezjennifer@example.org,New York,29,43405.0
1886,Rickey Hall,lovepaul@example.net,Boston,35,46389.0
1887,Karen Gonzalez,ljacobs@example.com,Austin,64,31075.0
1888,Michael Hancock,ramoswilliam@example.org,Seattle,23,49750.0
1889,Craig Thomas,hollywarner@example.org,New York,49,58467.0
1890,Samuel Avila,franciscoreid@example.net,Miami,44,70838.0
1891,Jason Davidson,ronaldsummers@example.net,Austin,41,90776.0
1892,Adam Zamora,juan21@example.org,New York,39,40515.0
1893,Gregory Quinn,wmiller@example.net,Dallas,21,64931.0
1894,William Craig,brianna59@example.net,Denver,22,101197.0
1895,Laura Acosta,shannon75@example.com,Austin,29,55191.0
1896,John Gardner,jeremyjackson@example.net,Boston,70,80014.0
1897,John Murray,dford@example.com,New York,25,62631.0
1898,Oscar Cruz,markskristina@example.com,Denver,67,88059.0
1899,Lynn Ross MD,edwardshah@example.org,Seattle,65,34392.0
1900,James Hernandez,james76@example.org,Seattle,47,42315.0
1901,Tyler Dunn,jameslawson@example.com,Seattle,48,81003.0
1902,Travis Moore,gomezdaniel@example.com,Boston,38,50789.0
1903,Lisa Thomas,alara@example.com,New York,65,102034.0
1904,Eric Moore,gabriella69@example.org,Chicago,34,93075.0
1905,Kendra Peterson,lindsay25@example.net,Boston,30,77241.0
1906,Amy West,usanchez@example.net,New York,60,58545.0
1907,Shane Edwards,jbuchanan@example.com,Chicago,33,112956.0
1908,Erin Lee,tammyharrington@example.net,Denver,38,31974.0
1909,Crystal Watkins,lisawright@example.net,Dallas,68,66188.0
1910,Alec Dixon,cruzeddie@example.com,Chicago,43,61862.0
1911,John Morrison,carl63@example.com,New York,20,106162.0
1912,Helen Strickland,owright@example.org,Austin,62,108146.0
1913,Roger Olson,kristenfrye@example.com,Dallas,41,41728.0
1914,Miss Kimberly Holloway,susanharper@example.org,Seattle,28,95525.0
1915,Antonio Dyer,john66@example.net,Chicago,61,111087.0
1916,Alexandra Green,kennethjohnson@example.net,Miami,66,111937.0
1917,Angela Marshall,seanreyes@example.org,New York,21,76598.0
1918,Olivia Rodriguez,stephen39@example.com,Dallas,62,100300.0
1919,Kevin Morris,martinezmindy@example.net,Chicago,26,93942.0
1920,Charles Decker,opierce@example.com,Seattle,38,103184.0
1921,Jennifer Nguyen,schneidermario@example.net,Miami,69,87503.0
1922,Jorge Sharp,tylermcintosh@example.org,Seattle,19,79514.0
1923,Joseph Bentley,christopherward@example.com,Miami,64,47659.0
1924,Jason Potter,dmorales@example.net,Boston,20,93609.0
1925,Richard Neal,olsenshane@example.org,Austin,53,68628.0
1926,Sheila Perez,newmanangela@example.org,Austin,30,104278.0
1927,Melissa Mendoza,robinsonjesse@example.org,Dallas,52,75569.0
1928,Brenda Flores,qavila@example.com,Miami,64,91393.0
1929,Ralph Vasquez,cpierce@example.org,Boston,56,102682.0
1930,Christine Aguilar,baileychristopher@example.com,Dallas,22,99617.0
1931,Sandra Sanders,amandaherman@example.net,Dallas,46,68754.0
1932,Deborah Brooks,mmoore@example.net,Boston,52,78118.0
1933,Craig Hurst,swilson@example.com,Austin,18,113627.0
1934,Larry Curtis,hharris@example.org,Denver,64,54318.0
1935,Brian Fitzpatrick,jameshudson@example.net,New York,57,77720.0
1936,Michael Lewis,michael03@example.net,Seattle,38,38302.0
1937,Sarah Robinson,collinsjavier@example.org,Denver,30,98690.0
1938,Christine Arroyo,dcortez@example.com,Austin,67,102281.0
1939,Carmen Vasquez,laura31@example.net,Dallas,57,67110.0
1940,Aaron Johnson,vincentstacey@example.org,Miami,44,114004.0
1941,James Carroll,coltonrichardson@example.net,Miami,25,42616.0
1942,Jay Walter,ramirezdesiree@example.com,Chicago,20,47009.0
1943,Stephanie Turner,stephen31@example.net,Dallas,20,56486.0
1944,Melanie Johnson,hthompson@example.org,Chicago,49,55115.0
1945,Jordan Tanner,joseph97@example.org,Chicago,20,104843.0
1946,Brittany Brown,fjohnson@example.com,Denver,60,94213.0
1947,Jennifer Dudley,douglassusan@example.com,Boston,21,78018.0
1948,Michelle Harris,andrew43@example.org,Seattle,56,39289.0
1949,Rita Forbes,russomary@example.com,New York,31,115950.0
1950,Michele Conner,mitchellchristopher@example.com,Austin,23,91349.0
1951,John Martin,jessica82@example.com,New York,41,103140.0
1952,Hannah Thompson,wwatson@example.com,Denver,70,78374.0
1953,Michael Preston,bward@example.org,New York,70,110862.0
1954,Stacey Cook,debbie78@example.net,Boston,51,35328.0
1955,Andrew Hunter,carolfernandez@example.net,Chicago,37,40215.0
1956,Robert Taylor,makaylasanders@example.com,Seattle,51,42729.0
1957,Wanda Stephens,johnstonjonathan@example.net,Chicago,64,60279.0
1958,Carmen Perez,tracy55@example.net,Denver,30,55312.0
1959,Kelly Weiss,barbarabrady@example.net,Seattle,54,111962.0
1960,Ashley Bowman,smoore@example.org,Dallas,53,103156.0
1961,Stephanie Costa,simpsonruth@example.net,Denver,65,43829.0
1962,Dana Sullivan,amberdavis@example.org,Miami,61,90125.0
1963,Andre Martinez,mariabecker@example.org,Denver,24,51864.0
1964,Trevor Henderson,dorothy09@example.com,Dallas,53,82632.0
1965,James Torres,lreid@example.org,Miami,60,50732.0
1966,Vanessa Porter,anthony76@example.net,Austin,40,71307.0
1967,Jenny Matthews,stacy70@example.com,Miami,41,84046.0
1968,John Bullock,fking@example.org,Denver,70,72395.0
1969,Ronald Welch,gibsonkaitlyn@example.org,Seattle,54,101516.0
1970,Julie Morris,arobinson@example.org,Seattle,42,102120.0
1971,Carl Huffman,wallssean@example.net,Boston,41,89297.0
1972,Donald Cunningham,kingdavid@example.net,Austin,43,30025.0
1973,Steven Carter Jr.,carolyn61@example.net,New York,36,108087.0
1974,Ryan Gonzalez,ywright@example.net,New York,51,47705.0
1975,Susan Barton,turnerjeffrey@example.net,Boston,18,69365.0
1976,Katherine Reeves,garciadonald@example.net,Seattle,31,71275.0
1977,Lisa Johnson,srichardson@example.com,New York,67,66170.0
1978,Joseph Benson,barnesarthur@example.com,Dallas,24,34946.0
1979,Jennifer Brown,natalie57@example.com,Austin,40,50461.0
1980,Dana Reilly,davidmartin@example.net,Dallas,34,78114.0
1981,Craig Keller,angela71@example.net,Seattle,32,63586.0
1982,Jason Castro,jamesevans@example.net,Boston,23,104774.0
1983,Alexandra Brown,rodriguezelizabeth@example.net,Denver,54,58499.0
1984,Elizabeth Cain,samantha73@example.org,Chicago,64,72558.0
1985,Karen Lewis,paulschultz@example.net,Austin,29,93999.0
1986,Andrea Estrada,michellejones@example.net,Chicago,56,114181.0
1987,Angel Martin DDS,xfranco@example.org,Boston,20,105534.0
1988,Jennifer Goodwin,harrellkimberly@example.org,Denver,23,37329.0
1989,Nicholas Brooks,oobrien@example.net,Miami,40,86925.0
1990,Karen Avery,wlucas@example.net,Denver,25,59716.0
1991,Kyle Roberts,reynoldsanthony@example.org,New York,58,112862.0
1992,Michele Waters,woodphillip@example.com,Denver,21,69948.0
1993,Victoria Peterson,samantha78@example.com,New York,38,100769.0
1994,Seth Barker,taylordavis@example.com,Dallas,38,95850.0
1995,Kim Jensen,kingjoseph@example.com,Seattle,27,36621.0
1996,Linda Perez,rebecca93@example.com,Denver,46,108005.0
1997,Cheryl Rogers,mramirez@example.com,Chicago,32,86614.0
1998,Chelsea Austin,leahbarker@example.org,Boston,68,81684.0
1999,Heather Daniels,james79@example.net,Dallas,26,74062.0
2000,Nathaniel Walter,jamietyler@example.com,Chicago,48,104899.0
2001,Matthew Crawford,peterlove@example.net,New York,53,82322.0
2002,Glenn Scott,kingtammy@example.net,Boston,23,82235.0
2003,Mrs. Chelsea Villa,jgibson@example.net,Denver,67,47088.0
2004,Kayla Fisher,brent67@example.net,Dallas,48,103308.0
2005,Jeffrey Edwards,herbertward@example.org,Seattle,49,81815.0
2006,Benjamin Rodriguez,david16@example.org,Seattle,53,110739.0
2007,Matthew Brown,morganclaudia@example.com,Seattle,33,39390.0
2008,David Robinson,sarah53@example.org,Boston,67,86369.0
2009,Kevin Farmer,lindabryan@example.org,Miami,61,105499.0
2010,Alicia Martin,lisa11@example.org,Chicago,25,118047.0
2011,Connie Stevens,patricialowery@example.com,Denver,45,77876.0
2012,David Parker,ogriffin@example.org,Miami,30,72039.0
2013,Jennifer Wallace,jocelyncruz@example.net,Miami,56,115905.0
2014,Allison Hubbard,nicolehenry@example.net,New York,67,69953.0
2015,Alex Romero,mmassey@example.org,Dallas,40,110769.0
2016,Michael Burke,zjackson@example.org,Austin,57,49112.0
2017,Harry Hill,rachel69@example.com,Austin,20,60603.0
2018,Melissa Elliott,chavezlauren@example.com,Seattle,61,78997.0
2019,Heather Smith,bramsey@example.org,Dallas,66,41247.0
2020,Gregory Adams,timothy23@example.net,Chicago,65,37148.0
2021,Linda Patrick,wernermichael@example.org,Seattle,57,49356.0
2022,Thomas Davis,wrightalicia@example.com,Boston,18,74993.0
2023,Edward Garrison,monica23@example.com,Chicago,37,88990.0
2024,Joseph Hall,oliverashley@example.net,Austin,19,73499.0
2025,Joshua Mcmahon,joelmorton@example.org,Seattle,65,100517.0
2026,Angela Mejia,lisa28@example.org,Seattle,31,101620.0
2027,Kristen Wood,ericfrederick@example.org,Boston,53,93311.0
2028,Erika Jackson,william08@example.net,Dallas,62,117590.0
2029,Jennifer Jackson,imoore@example.org,New York,42,106415.0
2030,Sandra Berry,steven72@example.net,New York,34,52324.0
2031,David Bowman,jonesnicholas@example.org,New York,36,56305.0
2032,Joseph Burns,upierce@example.com,Boston,21,90943.0
2033,Julie Holland,kristin96@example.com,New York,22,80940.0
2034,Jennifer Gordon,cmartinez@example.org,Boston,60,116520.0
2035,Zachary Wilkinson,munozrobert@example.com,Miami,24,32500.0
2036,Alexander Freeman,lewiskimberly@example.org,Boston,59,80662.0
2037,Kevin Blake,deborahturner@example.org,Seattle,42,96655.0
2038,Steven Mckee,tommy77@example.com,Chicago,38,93525.0
2039,Julie Perry,sanchezdustin@example.net,Chicago,29,56066.0
2040,Elizabeth Brown,pblankenship@example.com,Austin,53,32816.0
2041,Edward Nicholson,ewilliams@example.org,New York,33,99391.0
2042,Corey Weeks,alexgarcia@example.net,Boston,39,94216.0
2043,Debra Johnson,crystalwatson@example.com,Denver,65,50578.0
2044,Robert Stevens,justin08@example.net,New York,40,119694.0
2045,Jeffrey Freeman,estradaamy@example.net,Miami,40,111950.0
2046,Andrea Donaldson,trivera@example.com,Boston,33,95700.0
2047,Madison Thomas,christopherreyes@example.com,Boston,69,38127.0
2048,Andrew Smith,jameshudson@example.com,Boston,42,33862.0
2049,Sonya Simmons,veronica30@example.org,Boston,32,49884.0
2050,Andrew Acosta,robinsonrose@example.org,Miami,43,116105.0
2051,Katherine Miller,vcain@example.net,Dallas,23,80096.0
2052,Jacqueline Harrison,barbara85@example.net,Seattle,44,61504.0
2053,Kelsey Contreras,linda33@example.org,Dallas,45,70944.0
2054,Dillon Case,victor60@example.net,Miami,46,101071.0
2055,Scott Rodriguez,angelarichard@example.org,Dallas,31,115520.0
2056,Danielle Stein,terrywilliam@example.com,Dallas,55,100956.0
2057,Jennifer Rivera,sanchezcindy@example.net,Seattle,26,70501.0
2058,Erik Small,bsullivan@example.org,Dallas,45,49025.0
2059,William Cook,david37@example.com,Dallas,38,38888.0
2060,Jennifer Lewis,satkinson@example.org,Chicago,29,71628.0
2061,Carmen Moore,brittney11@example.org,Dallas,64,33864.0
2062,Omar Hernandez,fvasquez@example.net,Miami,44,83903.0
2063,Wendy Smith,antoniocarter@example.com,Boston,46,113472.0
2064,Tamara Graves,williamspatricia@example.com,Boston,27,54632.0
2065,Zachary Miller,mendezlori@example.org,Chicago,26,54215.0
2066,Stephanie Holloway,lrodriguez@example.com,New York,66,110213.0
2067,Kelly Decker,dillon79@example.com,Boston,56,104323.0
2068,Ricardo Robertson,sobrien@example.com,Seattle,56,60432.0
2069,Samuel Ortega,wpatrick@example.net,Seattle,61,33418.0
2070,Matthew Briggs,proman@example.com,Miami,23,92469.0
2071,Christine Murray,benjaminbrown@example.org,Dallas,50,109260.0
2072,Zachary Martinez,campbellmarvin@example.com,Austin,63,115140.0
2073,Michelle Graham,spearselizabeth@example.net,Miami,29,80785.0
2074,Laurie Pineda,pauladouglas@example.com,Austin,48,48024.0
2075,Corey Jones,randalllinda@example.com,Dallas,30,59658.0
2076,Jonathan Barrett,ubowers@example.com,New York,44,31967.0
2077,Gabriel Levy,wbarrett@example.net,Boston,44,59170.0
2078,Catherine Booth,stephanieperry@example.com,Seattle,66,56812.0
2079,Felicia Williams,johnmunoz@example.com,Chicago,29,87577.0
2080,Michelle Butler,welchjennifer@example.net,Austin,62,72584.0
2081,Aaron Webb,jasoncook@example.net,Austin,33,86040.0
2082,Natasha Hill,lpreston@example.net,Denver,67,35482.0
2083,Christina Carrillo,gibsonjennifer@example.net,Denver,64,71012.0
2084,Zachary Bryant,marvin69@example.net,Denver,57,104964.0
2085,Amy Gallegos,mhickman@example.net,New York,51,44328.0
2086,Ethan Garza,pbaker@example.org,Austin,47,35559.0
2087,Mary Riley,hbaker@example.org,Seattle,51,100499.0
2088,Trevor Cole,dsmith@example.org,Denver,65,35144.0
2089,Denise Olsen,usmith@example.net,Denver,51,112660.0
2090,Patricia Alvarado,nzhang@example.net,New York,30,68165.0
2091,Donna Wilson,saraprice@example.net,Austin,43,69918.0
2092,Joshua Gonzalez,pmiller@example.org,Boston,47,51821.0
2093,Alicia Anderson,gary44@example.com,Denver,36,110364.0
2094,Jeffery Daniel,connor44@example.net,New York,62,97760.0
2095,Margaret Jones,morganfarrell@example.org,Dallas,47,114685.0
2096,Andrea Townsend,tammy17@example.com,Austin,23,95622.0
2097,Ralph Chan,edixon@example.net,Chicago,29,106735.0
2098,Rachel Kelly,gomezpaul@example.org,Dallas,43,84206.0
2099,Danielle Smith,gayfrancis@example.com,Miami,46,33265.0
2100,Robert Nichols,writter@example.net,Dallas,47,107373.0
2101,Gerald Price,ggarcia@example.com,Seattle,47,41820.0
2102,Connor Walsh,cherryjulie@example.net,Boston,38,115010.0
2103,Phyllis Grant,phughes@example.com,Dallas,63,46193.0
2104,Andrew Chavez,duncanandre@example.net,Chicago,25,88903.0
2105,Mariah Perry,montesmichelle@example.org,Miami,23,98657.0
2106,Brendan Meyer,watkinsthomas@example.net,Denver,64,97065.0
2107,Molly Peterson DDS,hartmandanielle@example.org,Dallas,42,102134.0
2108,Rodney Carter,brownkevin@example.org,Denver,20,52398.0
2109,Robyn Kidd,matthew61@example.net,Miami,54,116445.0
2110,Jonathan Rodgers,sjohnson@example.com,Dallas,28,48953.0
2111,Brandon Taylor,coxcody@example.com,Dallas,67,36725.0
2112,Emily Martinez,brandimiller@example.org,Denver,37,70569.0
2113,Ryan Pierce,cainana@example.net,Austin,36,112110.0
2114,Kimberly Escobar,craig60@example.com,Dallas,25,47245.0
2115,Jennifer Barrett,joyce21@example.org,Seattle,18,111600.0
2116,Leah Rodriguez,zwilliams@example.com,Boston,18,90115.0
2117,Brian Moore,christopherjackson@example.net,Austin,49,101237.0
2118,Mercedes Garcia,ruizjessica@example.org,New York,56,94679.0
2119,Tyler Shields,veronicasmith@example.net,Seattle,31,107183.0
2120,Laura Blair,travisyoung@example.com,Austin,47,83759.0
2121,Michael Lee,max69@example.com,Austin,23,108802.0
2122,Donna Wright,mannjonathan@example.net,New York,33,101741.0
2123,Dr. Jared Lee III,barbaraolsen@example.net,Boston,57,112396.0
2124,Michael Anderson,halljohn@example.org,Seattle,21,54227.0
2125,Melinda Anderson,joshuarodriguez@example.org,Dallas,21,115626.0
2126,Michelle Greer,gutierrezmatthew@example.com,Miami,20,49054.0
2127,Nathaniel Floyd,mark66@example.net,New York,60,105771.0
2128,Denise Alvarado,jamiegomez@example.net,Boston,39,41495.0
2129,Mary Burns,samuel40@example.com,New York,24,84651.0
2130,Antonio Small,goodmanalice@example.org,Dallas,28,118092.0
2131,Stanley Taylor,gregory07@example.net,Boston,57,116628.0
2132,Jesse Turner,shannonbarker@example.com,Dallas,47,105886.0
2133,Tracey Nelson,iwalker@example.org,Miami,20,42206.0
2134,Maria Cruz,danielgriffith@example.net,Boston,38,78309.0
2135,Brett Atkins,julie01@example.net,Denver,70,38869.0
2136,Ashley Roach,lisa89@example.net,Denver,53,38509.0
2137,Kendra White,amadden@example.org,Boston,48,47635.0
2138,Erin Norris,abradley@example.com,Chicago,62,65968.0
2139,Brian Torres,zking@example.com,Miami,51,84232.0
2140,Lori Santiago,cody79@example.org,Seattle,62,57400.0
2141,Erika Hodge,thomas38@example.com,New York,24,104890.0
2142,Jeffrey Hart DDS,cunninghamderrick@example.com,Chicago,48,109269.0
2143,Christine Gutierrez,garciaveronica@example.net,Boston,45,109802.0
2144,Chad Rojas,nathanjohnson@example.org,Miami,34,98864.0
2145,Jennifer Esparza,forozco@example.com,Miami,26,110516.0
2146,Lisa Davis,kylie83@example.org,Austin,51,112818.0
2147,Donald Jackson,howetracy@example.org,Austin,49,53580.0
2148,Stacy Garcia,sandyramirez@example.com,Seattle,63,68074.0
2149,Taylor Mullins,anthonydavis@example.net,Seattle,18,45493.0
2150,Mary Lee,jimwilliams@example.org,New York,47,111980.0
2151,Daniel Anderson,cbrown@example.org,Chicago,65,57175.0
2152,Amanda Swanson,michaelsherman@example.com,Denver,44,35962.0
2153,Jessica Watts,thomassmith@example.com,Miami,40,103454.0
2154,Christopher Cameron,wrodriguez@example.org,Seattle,18,113967.0
2155,Christian Rodriguez,hollymartin@example.net,Seattle,62,66913.0
2156,Kristen Byrd,olivia29@example.net,Boston,68,38891.0
2157,Cindy Cole,cherylnorton@example.com,Boston,37,96412.0
2158,Larry Howe,gonzalezkenneth@example.net,Miami,67,30803.0
2159,Brandon Perkins,rachelhall@example.net,Chicago,61,73684.0
2160,Shannon Castro,lblankenship@example.net,Miami,43,104569.0
2161,Brandy Holmes,laurenallen@example.org,New York,29,55430.0
2162,Lisa Wilkerson,ambermiller@example.net,Miami,39,118142.0
2163,Debbie Rivera,mariawilliams@example.com,Austin,48,34660.0
2164,Christine Pratt,hollydavis@example.org,Dallas,48,50366.0
2165,Andrea Le,rojasmarc@example.org,Austin,52,73923.0
2166,Wendy Morgan,cannonkimberly@example.net,Austin,68,84257.0
2167,Shari Sharp,morriskatherine@example.net,New York,51,69235.0
2168,Angela Lee,gonzalespatricia@example.net,Miami,53,100239.0
2169,Richard Goodman,ballvanessa@example.com,New York,31,105680.0
2170,Brian Rocha,karen42@example.org,Miami,69,76346.0
2171,Brittany Barnett,hmitchell@example.org,Chicago,27,66760.0
2172,Roger Roberts,edwardstaylor@example.net,New York,39,79183.0
2173,Alexander Greene,stanleynina@example.com,Dallas,54,109388.0
2174,Glenn Ward,alyssa66@example.net,Denver,29,108012.0
2175,Jason Salinas,vickiwood@example.org,Chicago,68,70407.0
2176,Roberto Glover,jblair@example.net,Miami,63,34145.0
2177,John Russell,robertchase@example.net,Boston,44,41376.0
2178,Henry Lutz,davidbrown@example.org,Austin,33,78704.0
2179,Sharon King,zamorarose@example.net,Austin,37,58329.0
2180,Mario Green,amywells@example.org,Boston,29,44710.0
2181,Jamie Gallagher,rossjohn@example.net,Miami,68,34901.0
2182,Michael Montgomery,jessica89@example.net,Seattle,23,88166.0
2183,Monica Russell,andrewsuarez@example.net,New York,69,93263.0
2184,Nathan Kirk,tlewis@example.com,Dallas,30,74579.0
2185,Shane Short,sonia62@example.com,Austin,64,98632.0
2186,Jacqueline Roberts,lopezkristina@example.net,Boston,67,72904.0
2187,Gina Vega,james01@example.com,Dallas,67,42878.0
2188,Jason Ramirez,william88@example.org,Dallas,31,34791.0
2189,Monica Richardson,mariahill@example.net,Austin,42,98464.0
2190,Julie Decker,nunezmatthew@example.com,Chicago,18,70760.0
2191,Amy Farrell,jamesrobinson@example.com,New York,61,107894.0
2192,Joseph Matthews,fosterjeffrey@example.org,Chicago,39,91194.0
2193,Ann Dawson,ufox@example.org,New York,24,98233.0
2194,Lisa Gonzalez,mccoyjames@example.org,Boston,19,105701.0
2195,Mathew Key,khanmelissa@example.net,Boston,58,57504.0
2196,Bradley Brady,uchang@example.com,Miami,30,55237.0
2197,Tyler Garrison,smithjack@example.org,Boston,35,99766.0
2198,Alyssa Rodriguez PhD,dunnmary@example.net,Miami,67,87817.0
2199,Dana Bennett,fwalsh@example.com,Chicago,35,49571.0
2200,Samantha Carlson,nrangel@example.net,Dallas,35,45002.0
2201,Jacob Conner,normajones@example.net,New York,57,103351.0
2202,Bryce Fox,daniel43@example.org,Chicago,31,101110.0
2203,John Massey,katherinerussell@example.org,Miami,53,71744.0
2204,Brooke Lewis,charleshayes@example.com,Boston,27,67128.0
2205,Billy Scott,dominguezmeredith@example.com,Seattle,28,39337.0
2206,Joshua Shepard,gallegoscrystal@example.com,Boston,57,74399.0
2207,Timothy Patterson,stonecody@example.net,Austin,21,47049.0
2208,Richard Smith,acevedonancy@example.org,New York,48,118538.0
2209,Christina Myers,meyerskathryn@example.com,New York,24,80279.0
2210,Jesus Flores,corythompson@example.org,New York,23,85897.0
2211,Gilbert Williams,lhicks@example.com,Denver,29,108134.0
2212,Karina Boone,phines@example.org,Austin,57,76612.0
2213,Victoria Guerra,kara01@example.org,Boston,39,55971.0
2214,Julian Leon,vdeleon@example.com,Chicago,66,91039.0
2215,Scott Durham,ricklewis@example.net,Dallas,23,91377.0
2216,Nathaniel Brown,shannon09@example.org,Chicago,47,70683.0
2217,Wendy Carpenter,prattjustin@example.org,Austin,48,60368.0
2218,Michelle Chavez,brandi26@example.net,Seattle,27,110863.0
2219,Loretta Garrett,qkane@example.com,Boston,41,81390.0
2220,Maria Malone,hdavis@example.com,Dallas,62,117186.0
2221,Richard Riley,dylancunningham@example.com,Miami,68,72567.0
2222,Jonathan Collins,stephaniezamora@example.org,Austin,49,33966.0
2223,Richard Weiss,kimberly66@example.net,Chicago,48,44796.0
2224,Teresa Russell,branchthomas@example.com,Miami,48,90455.0
2225,Joyce Butler,maygordon@example.org,Dallas,36,75693.0
2226,Tommy Ramsey,markbates@example.com,Dallas,50,43491.0
2227,Stephanie Meyer,hufftina@example.org,Denver,70,44022.0
2228,Toni Clay,jarvisrachel@example.net,Miami,53,115124.0
2229,Gloria Dunn,richardhines@example.net,Chicago,68,69599.0
2230,Jessica Adams,wberry@example.com,Austin,43,107402.0
2231,Tammy Robinson,gstokes@example.net,Denver,33,111379.0
2232,Sonya Miranda,ashley14@example.org,Seattle,53,50843.0
2233,Jennifer Hernandez,melissa40@example.org,Austin,42,38658.0
2234,Carly Goodwin,smithmelissa@example.com,Miami,31,107459.0
2235,Susan Price,wilsontina@example.com,Denver,68,87062.0
2236,Angela Barnett,madison00@example.org,Miami,52,60953.0
2237,Anthony Wong,cartercatherine@example.net,Dallas,60,117766.0
2238,Jesse Ayala,monicaavery@example.net,Chicago,65,105260.0
2239,Charles Blair,dananelson@example.com,Austin,25,107616.0
2240,Kyle Myers,kleinshane@example.org,Austin,38,102756.0
2241,Pamela Jenkins,caitlyncooper@example.net,Chicago,70,88355.0
2242,Nichole Vasquez,dlivingston@example.org,Dallas,37,83188.0
2243,Tara Jones,andrew88@example.com,Chicago,56,44253.0
2244,Cory Harris,christopheranderson@example.com,Denver,38,94788.0
2245,Timothy Harris,irodriguez@example.org,New York,23,58522.0
2246,Daniel Ferrell,erikamiller@example.org,Dallas,55,113379.0
2247,Brian Christensen,mandypetty@example.com,New York,66,49231.0
2248,Jon Berry,nicholas33@example.com,Dallas,46,99632.0
2249,Michael Phillips,brittany29@example.com,Boston,42,110684.0
2250,Sean Carter,dudleycody@example.com,Austin,30,56956.0
2251,Anthony Hayes,marilyn67@example.net,Miami,37,104747.0
2252,Charles Ford,kcontreras@example.org,Boston,45,75123.0
2253,Roy Fowler,lshannon@example.net,Chicago,55,31064.0
2254,Ashley Lee,ijackson@example.com,Denver,26,68559.0
2255,Katherine Simon,bhall@example.org,New York,41,101943.0
2256,Kimberly Mcdowell,amyferrell@example.com,New York,18,103404.0
2257,Darryl Christensen,vasquezjacqueline@example.net,Miami,25,66989.0
2258,Jessica Becker,chavezisabel@example.com,New York,33,86585.0
2259,Kathleen Mccullough,michellesmith@example.org,Denver,58,71697.0
2260,Charles Hopkins,henrysoto@example.com,Denver,43,80012.0
2261,Angelica Long,alexis58@example.com,Denver,52,57684.0
2262,Melissa Sullivan,jessicamills@example.org,Dallas,48,48228.0
2263,Kenneth Murphy,wnovak@example.net,Seattle,53,80409.0
2264,Kristin Ferguson,joe99@example.net,Miami,44,50220.0
2265,Joshua Smith,davidsellers@example.com,Boston,60,46455.0
2266,Tiffany Holt,eileendaniels@example.net,Dallas,18,39403.0
2267,Melissa Romero,deborah49@example.com,New York,27,93792.0
2268,Lisa Spencer,hollandjustin@example.com,Denver,26,41097.0
2269,Katie Rivers,dominguezscott@example.com,Dallas,59,84507.0
2270,Cynthia Stephens,mmyers@example.net,Austin,68,109223.0
2271,Mary Johnson,xhill@example.org,Denver,57,53566.0
2272,Amy Burton,isimpson@example.com,Austin,50,85590.0
2273,Chris Hanson,twagner@example.org,Austin,42,76570.0
2274,Beverly Black,troybrady@example.net,Seattle,29,85675.0
2275,Melanie Smith,faithsparks@example.com,New York,54,95294.0
2276,Derrick Johnson,karla66@example.net,Seattle,63,95762.0
2277,Melissa Carroll,nunezgary@example.net,Boston,44,101587.0
2278,Paul Phelps,john86@example.com,Miami,20,34963.0
2279,Christina Gomez,jacob32@example.net,Austin,63,78310.0
2280,Laura Adams,ogreer@example.org,Chicago,55,93115.0
2281,Stephanie Armstrong,petersonfrank@example.org,Chicago,27,98997.0
2282,Sydney Lopez,jennifer72@example.com,Boston,47,97757.0
2283,Wayne Jackson,mirandawalker@example.net,Chicago,51,109963.0
2284,Melissa Garcia,castropeter@example.com,Chicago,33,91925.0
2285,Matthew Stone,jherring@example.com,Chicago,61,113058.0
2286,Frank Freeman,mallory30@example.org,Boston,57,36917.0
2287,Marcus Rich,housedaniel@example.com,Miami,52,31413.0
2288,Carmen Gonzalez,brandi40@example.org,Austin,47,97195.0
2289,Christine Parker,kelly15@example.com,Austin,54,73452.0
2290,Daniel Thompson,lisaalvarez@example.net,Denver,40,68616.0
2291,Robert West,brandon94@example.org,Boston,28,34630.0
2292,Maria Rodriguez,johnsonmichael@example.com,Boston,64,103886.0
2293,Joseph Bright,mhoffman@example.net,Boston,21,112483.0
2294,Norma Smith,david88@example.net,Austin,55,52161.0
2295,Hannah Martin,savannahgrant@example.com,New York,60,68240.0
2296,Tyler Shields,csparks@example.net,New York,36,93538.0
2297,Edwin Jackson,gmccarthy@example.com,Chicago,26,96269.0
2298,Dr. Diana Chen,yoconnell@example.com,Chicago,68,66418.0
2299,Sarah Roberts,kevinmendez@example.org,Boston,26,110713.0
2300,Robin Patterson,anthony00@example.org,Boston,35,63679.0
2301,Eric Fowler,charlesyoung@example.net,New York,65,44621.0
2302,Sonya Wilcox,miranda13@example.org,Dallas,55,49809.0
2303,John Boyd,lpeters@example.net,Austin,41,52989.0
2304,Eric Rosales,ncruz@example.net,Boston,68,60958.0
2305,Jonathan Jefferson DVM,rodneynolan@example.com,Austin,29,99125.0
2306,Eileen Gutierrez,andersonmeghan@example.net,New York,39,41062.0
2307,Tamara Roberts,foxlinda@example.org,Dallas,56,50204.0
2308,Rhonda Rodriguez,jamesbrown@example.org,Austin,66,84125.0
2309,Sherry Brewer,claire06@example.net,Denver,33,116594.0
2310,Brandon Sanchez,tracy38@example.com,Austin,64,113568.0
2311,Joseph Wang,fstone@example.net,Dallas,31,105727.0
2312,Richard Yoder,qmarshall@example.net,Miami,21,114182.0
2313,Kristina Baker,nicholashuffman@example.org,Boston,66,45203.0
2314,Luke Dixon,qreyes@example.net,New York,28,90819.0
2315,Brian Brown,jenniferhorne@example.net,Denver,48,69500.0
2316,Arthur Mcdaniel,scottlove@example.org,Austin,65,99798.0
2317,Mary Levy,nguyengerald@example.net,Seattle,42,119589.0
2318,Susan Lewis,gkeith@example.net,Denver,48,64422.0
2319,Gabriel Nash,bowmanjoel@example.net,Dallas,51,86981.0
2320,Steven Nguyen,jacqueline39@example.net,New York,36,88827.0
2321,Justin Parker,umartinez@example.net,Denver,61,71377.0
2322,Patrick Snyder,lindseyroberts@example.org,New York,24,99637.0
2323,Debbie King,ucarr@example.org,Miami,45,110017.0
2324,Jeremy Summers,ksmith@example.org,Boston,39,65432.0
2325,Christopher Rivera,fwolf@example.net,Boston,69,42881.0
2326,John Woodard,devon88@example.org,Boston,59,106569.0
2327,Alfred Leonard,taylormichael@example.net,Denver,47,118511.0
2328,Shari Kelley,benjaminwilliams@example.net,Seattle,64,118065.0
2329,Robert Parks MD,nbailey@example.net,Seattle,51,74224.0
2330,Michele Watson,jack86@example.org,Dallas,38,101776.0
2331,Tammy Tyler,harrisjoshua@example.com,New York,61,31110.0
2332,James Miller,daniel15@example.org,Chicago,18,83903.0
2333,Shelby Duncan,johnsonedward@example.net,Chicago,51,43619.0
2334,Timothy Mcmahon,elizabeth14@example.org,Austin,40,58759.0
2335,Matthew Moss,brianmorrow@example.org,Boston,34,55307.0
2336,Wendy Miller,hdavis@example.org,New York,19,111185.0
2337,Mark Dennis,clarkdavid@example.net,Chicago,21,107874.0
2338,Toni Ortiz,brianobrien@example.net,Seattle,56,113634.0
2339,Audrey Reyes,andersonhenry@example.org,Chicago,63,45725.0
2340,Amanda Taylor,dorothy87@example.org,Chicago,56,47027.0
2341,Marcus Blair,carterjames@example.com,Denver,60,114922.0
2342,Joshua Guerrero,qcurtis@example.com,Dallas,25,54151.0
2343,Ashley Duran,gregory14@example.org,Boston,36,91204.0
2344,Melanie Garrett,sandraheath@example.net,Chicago,58,89433.0
2345,Vicki Hernandez,nicholas09@example.org,Boston,67,85965.0
2346,Holly Ponce,efranco@example.net,Miami,34,51229.0
2347,April Galvan,david97@example.org,Chicago,35,38177.0
2348,Crystal Chavez,joshuacoleman@example.com,Denver,42,73601.0
2349,Kimberly Hughes,jasonjohnson@example.org,New York,34,64690.0
2350,Paula Johnson,bconrad@example.org,Dallas,46,39096.0
2351,Christopher Hall,kramirez@example.net,Austin,30,109993.0
2352,Jessica Griffith,reynoldsmichelle@example.org,Denver,29,114604.0
2353,Carlos Heath,petersonjose@example.org,Austin,24,48857.0
2354,Melinda May,jacquelinedelacruz@example.org,Denver,31,110473.0
2355,Caleb Jensen,kfrye@example.net,Chicago,46,63947.0
2356,Jay Buchanan,woodbrittany@example.com,Chicago,20,39557.0
2357,Jeffery Thompson,johnskinner@example.org,Chicago,54,62846.0
2358,Danielle Hamilton,williamsbrian@example.org,Austin,19,95234.0
2359,Kayla Williams,shafferjill@example.com,Dallas,59,113930.0
2360,Ashlee Ross,burnsrodney@example.org,New York,20,117111.0
2361,Kelly Burnett,seth29@example.org,Denver,35,49871.0
2362,Ashley Cooper,fordjames@example.org,Miami,43,105319.0
2363,Brian Brown,martinnovak@example.com,New York,50,94314.0
2364,Joseph Hill,james62@example.org,Austin,45,82941.0
2365,Allison Cunningham,michaelvillarreal@example.net,Chicago,52,59602.0
2366,Jeffery Jordan,tyler31@example.net,New York,42,93185.0
2367,Cristian Lambert,catherinemoore@example.com,Chicago,54,100163.0
2368,Sara Preston,fmorrow@example.com,Miami,39,119369.0
2369,Kelly Rivas,dsmith@example.com,Boston,43,37234.0
2370,Jeffery Collins,courtney01@example.org,Chicago,41,100074.0
2371,Kevin Estrada,sloanbenjamin@example.net,Miami,23,90245.0
2372,Lauren Stephens,hooveranna@example.net,Boston,59,56623.0
2373,Lynn Adams,edwardselizabeth@example.net,Dallas,53,35155.0
2374,Richard Williams,mortonkenneth@example.net,Denver,60,55035.0
2375,Tanya Foster,pfowler@example.org,Boston,62,81131.0
2376,Kevin Jennings,jreyes@example.net,Chicago,58,77089.0
2377,Jason Reyes,hernandeztodd@example.org,Austin,23,112941.0
2378,Mr. David Rivas,samuel38@example.net,Austin,65,54833.0
2379,Donna Carroll,forbessean@example.org,Dallas,20,55309.0
2380,Rodney Baker,qcharles@example.org,New York,64,107718.0
2381,John Robertson,danieljenkins@example.org,Seattle,49,80956.0
2382,Mary Mccoy,cody81@example.org,Chicago,68,100851.0
2383,Michael Gilbert,hlester@example.org,Boston,49,99984.0
2384,Tonya Simon,sarah80@example.org,Austin,19,34855.0
2385,Tanya Shannon,amanda21@example.com,Miami,21,74265.0
2386,Sophia Boyd,ashleyalexander@example.net,New York,43,45491.0
2387,Timothy Ryan,cainjordan@example.org,Seattle,69,115701.0
2388,Francisco Estrada,meganjames@example.org,Austin,61,100328.0
2389,Jamie Duran,villawilliam@example.com,Dallas,65,105936.0
2390,Leslie Moody,gcastro@example.org,Seattle,22,34833.0
2391,Paul Lane,dbeck@example.com,Dallas,49,115699.0
2392,Henry Reeves,rebecca19@example.com,New York,48,111051.0
2393,Jeffery Snyder,gregorymitchell@example.net,New York,33,115037.0
2394,Courtney Sharp,daniel79@example.net,Dallas,18,52577.0
2395,Jennifer Carter,dyersara@example.net,New York,37,42752.0
2396,Sandy Bennett,jenniferwalls@example.com,Austin,57,52372.0
2397,Jesse Edwards,wallaceeric@example.com,Chicago,70,43937.0
2398,Charles Zavala,bethany36@example.com,Chicago,49,107984.0
2399,Beth Shaw,josephross@example.net,Seattle,22,56560.0
2400,Lisa Beard,tracifoster@example.org,Denver,39,118918.0
2401,Nicole Wallace DDS,ejohnson@example.org,Denver,38,45833.0
2402,Daniel Gallegos,michaelcampos@example.net,Dallas,38,57948.0
2403,Carla Hoover,jenniferrodriguez@example.org,New York,55,52734.0
2404,Jason Smith,tinawilliams@example.com,Miami,22,45826.0
2405,Jorge Morales,kentmichael@example.com,Boston,27,84415.0
2406,Kathleen Baker,pattersondebra@example.org,Dallas,62,78487.0
2407,Denise French,emorales@example.com,Dallas,46,61934.0
2408,Kari Buck,bartondavid@example.com,New York,26,43102.0
2409,Laura Payne,paynestephanie@example.net,Denver,67,50677.0
2410,James Whitaker,collinmiller@example.com,New York,49,40580.0
2411,Ryan Garcia,marydean@example.com,New York,18,53516.0
2412,Theresa Gardner,hollyperkins@example.net,Chicago,63,115426.0
2413,Jessica Conrad,sbradley@example.org,Boston,44,92391.0
2414,Kevin Werner,rodriguezchristina@example.net,Dallas,31,48754.0
2415,Catherine Kirk,pvang@example.net,Boston,51,89037.0
2416,Stacy Williams,joneschristian@example.net,Denver,33,52878.0
2417,Crystal Carlson,uclark@example.org,New York,56,53593.0
2418,Michael Martinez,mark90@example.com,Austin,57,41537.0
2419,Mr. Kristopher Curtis,lindsay48@example.net,Boston,40,84891.0
2420,Anthony Knapp,rfleming@example.net,New York,53,60885.0
2421,Lisa Reynolds,ywilliams@example.com,Seattle,25,99494.0
2422,Adrian Gibbs,leroy57@example.com,Chicago,57,77435.0
2423,Steven Duncan,kayla33@example.net,Seattle,47,112111.0
2424,Alyssa Anderson,jonathan66@example.org,Seattle,35,36955.0
2425,Cathy Barnes,brian65@example.net,Seattle,25,49558.0
2426,Crystal Brown,lmartin@example.org,Austin,49,53111.0
2427,Edward Richmond,epatterson@example.net,Dallas,60,35651.0
2428,Emily Taylor,christina60@example.org,New York,59,77735.0
2429,Douglas Lucero,watsonteresa@example.net,Boston,31,86973.0
2430,Danielle Robles,aholder@example.net,Boston,39,110847.0
2431,John Black,folson@example.net,Austin,20,43686.0
2432,Shannon Thompson,scott04@example.com,New York,52,53053.0
2433,Nathan Sparks,daniellecoleman@example.org,Dallas,68,33809.0
2434,Tamara Brown,jeremy75@example.org,Austin,50,45212.0
2435,Michael Blair,murraymichael@example.net,Chicago,33,88303.0
2436,William Gould,kylemartinez@example.net,Miami,44,56050.0
2437,Crystal Nguyen,michael40@example.org,Miami,32,44435.0
2438,Jessica Torres,justin75@example.net,Miami,32,42853.0
2439,Craig Beard,taylorjames@example.net,Seattle,65,84079.0
2440,Mrs. Kimberly Cannon,nfleming@example.net,Seattle,42,58922.0
2441,Angela Gonzales,pduran@example.net,Chicago,48,106689.0
2442,Martin Newton,mjackson@example.net,Austin,21,87129.0
2443,Melinda Weiss,agomez@example.net,Dallas,31,109879.0
2444,Rebecca Jones,crivers@example.com,Austin,29,80768.0
2445,Mark Johnson,markgardner@example.org,Miami,26,89996.0
2446,Steven Rivera,nicolesmith@example.net,Seattle,58,77001.0
2447,Natalie Robertson,galexander@example.com,Boston,30,74025.0
2448,Andrea Coleman,joshuaking@example.net,Dallas,20,104536.0
2449,Deborah Simmons,lorikoch@example.net,New York,35,47891.0
2450,Lance Robinson,smithgina@example.net,Chicago,47,90106.0
2451,Daisy Larson,amandahorne@example.net,Denver,28,75033.0
2452,Shelly Moss,hmcneil@example.net,Seattle,36,109119.0
2453,Stacey Duran,torrestricia@example.com,Dallas,68,113623.0
2454,Brandi Mendoza,mary24@example.com,Dallas,54,102450.0
2455,Robert Hensley,lpage@example.com,Seattle,23,83961.0
2456,Dalton Hawkins,brittanymartin@example.org,Austin,31,107539.0
2457,Ricky Hernandez,gallowaydonna@example.com,Austin,47,66591.0
2458,Thomas Moore,tonyaholmes@example.net,New York,64,86113.0
2459,Michelle Hawkins,garymartinez@example.org,Seattle,33,72899.0
2460,David Small,brownalexa@example.com,Denver,55,59151.0
2461,Brian Kent,hespinoza@example.org,Dallas,54,30665.0
2462,Sabrina Lopez,srobles@example.org,Denver,20,35250.0
2463,Cynthia Tran,debra19@example.net,Austin,64,96088.0
2464,Rachel Hill,jamesparker@example.net,New York,45,99615.0
2465,Michael Davis,gonzalezkendra@example.org,Denver,48,42844.0
2466,Paul Moon,woodlisa@example.com,Austin,49,61524.0
2467,Leah Kim,riverarebecca@example.org,Chicago,53,31628.0
2468,William Barnett,eadams@example.org,Denver,31,47394.0
2469,Jenna Watson,fletcherjanet@example.org,Miami,36,61334.0
2470,Mrs. Jillian Nguyen,lmendez@example.com,Chicago,19,92886.0
2471,Julie Mills,richardsonanna@example.org,Boston,28,90199.0
2472,Joshua Phillips,nicholasswanson@example.net,New York,47,90786.0
2473,Caitlin Lawson,riceamber@example.net,Dallas,63,83131.0
2474,Stephanie Knight,rrice@example.net,Dallas,68,78551.0
2475,Rachael Jones,watsonbrittany@example.org,Austin,63,113021.0
2476,Ryan Hudson,mjohnson@example.org,New York,58,39266.0
2477,Tony Anderson,shawn89@example.net,Denver,62,73634.0
2478,Chelsea Smith,tranadam@example.net,New York,36,85823.0
2479,Charles Jones,gward@example.com,Boston,62,110281.0
2480,Autumn Tucker,janice27@example.com,Seattle,68,119740.0
2481,Cody Jones,juanfranklin@example.net,Chicago,57,74000.0
2482,Chad Adams,donaldhahn@example.com,New York,50,118428.0
2483,Angela Brown,jennifer54@example.org,Miami,21,44544.0
2484,Juan Becker,todd05@example.com,Denver,41,90994.0
2485,Beth Kirk,davidkane@example.com,New York,41,78029.0
2486,Michelle Smith,brownreginald@example.net,Dallas,59,103241.0
2487,Jennifer Sampson,ijackson@example.com,Chicago,53,56832.0
2488,Julie Thompson,samanthacarr@example.net,Dallas,39,61278.0
2489,Diana Brown,hmeyer@example.org,Chicago,59,92717.0
2490,Dennis Chavez,taylorrobert@example.com,Seattle,66,59548.0
2491,Kimberly Velazquez,adam10@example.com,Miami,40,65043.0
2492,Margaret Mullins,davisautumn@example.org,Denver,35,37138.0
2493,Sarah Blackwell,zavaladiane@example.com,Chicago,41,75249.0
2494,Brad Beard,jeremy70@example.net,Austin,49,95726.0
2495,Andrew Ford,rwheeler@example.org,Chicago,48,99717.0
2496,John Escobar,wileyaudrey@example.com,Boston,46,111389.0
2497,Erin Carter,laurenboyd@example.com,Miami,69,118251.0
2498,Laura Grimes,mcooper@example.com,Chicago,30,90014.0
2499,John Wilson,chunglaura@example.net,Chicago,23,81207.0
2500,Vanessa Harris,lisa13@example.net,Dallas,36,40085.0
2501,Amanda Cook,michaelhoffman@example.net,Chicago,28,66168.0
2502,Michael Jones,jason57@example.com,Chicago,62,49392.0
2503,Sierra Allen,robertbrown@example.com,Austin,27,56772.0
2504,Jessica Mcgee,jlee@example.org,New York,36,84596.0
2505,Whitney Macdonald DVM,amyponce@example.com,Dallas,48,75442.0
2506,Janet Jarvis,richard28@example.org,Denver,46,114500.0
2507,Anthony Velasquez,janet65@example.com,New York,36,54780.0
2508,Heather Diaz,kmoore@example.org,Chicago,19,60451.0
2509,Alexandra Johnson,rachel51@example.org,Miami,44,105851.0
2510,Michael Cross DDS,prestoncory@example.org,Miami,59,114679.0
2511,Julie Romero MD,thomaslinda@example.net,Miami,49,107772.0
2512,Melanie Brown,garyjohnson@example.net,Austin,47,69856.0
2513,Tamara Edwards,holly12@example.org,Dallas,68,70172.0
2514,Mary White,kristen95@example.org,Dallas,68,64079.0
2515,Scott Malone,millerdaniel@example.org,Seattle,48,78745.0
2516,Tara Knox,tammy94@example.com,Boston,67,36202.0
2517,Lisa Johnson,bradley71@example.com,Dallas,40,67274.0
2518,Sarah Ford,galvanjeanette@example.net,Austin,28,111085.0
2519,Maria Mcintyre,williamstoni@example.com,Dallas,63,100165.0
2520,Lisa Booker,harrisphyllis@example.org,Boston,29,52984.0
2521,Gregory Pace,rosshunter@example.net,Dallas,28,61182.0
2522,Diane Jones,courtney13@example.net,Chicago,20,71500.0
2523,Luis Mcclain,michael35@example.net,Dallas,46,64132.0
2524,Brianna Ward,johnsonrick@example.com,Miami,29,56890.0
2525,Laura Schneider,jduncan@example.org,New York,60,71542.0
2526,James Gonzales,bradley37@example.net,Miami,27,78878.0
2527,Michael Moran,eileenhudson@example.com,Austin,52,51311.0
2528,Michael Downs,andrewlong@example.com,Boston,25,33266.0
2529,Ryan Moore,alan25@example.org,Denver,49,49055.0
2530,Daniel Gray,david62@example.com,Austin,38,50454.0
2531,Joshua White,burtondoris@example.net,New York,65,101584.0
2532,Brittany Mccormick,mark11@example.org,Miami,59,68739.0
2533,Amanda Williams,ccombs@example.com,Austin,36,105199.0
2534,Mark Haley,pdixon@example.org,Dallas,69,104086.0
2535,Steven Davis,ywallace@example.org,Austin,39,44721.0
2536,Abigail Kemp,susan75@example.net,Austin,20,48274.0
2537,Vicki Hayes,christopherwatkins@example.net,Chicago,37,33250.0
2538,Emily Foster,stephanieallen@example.net,Denver,57,58883.0
2539,Cassidy Smith,stephengomez@example.org,Austin,40,42121.0
2540,Joel Ford,nealdavid@example.com,Miami,21,109711.0
2541,Robert Wilkinson,jenniferpierce@example.org,Seattle,55,99000.0
2542,Michael Jackson,carlosmeadows@example.net,Seattle,68,66428.0
2543,Kelly Browning,parksariana@example.com,Seattle,19,40956.0
2544,Brian Kim,martin81@example.net,Austin,61,118022.0
2545,Emily Brady,sjackson@example.org,Chicago,50,81697.0
2546,Jose Fletcher,sally78@example.net,Seattle,49,71649.0
2547,Cindy Kelley,jfranklin@example.net,New York,60,77325.0
2548,Karen Jackson,martin40@example.net,Denver,27,86051.0
2549,Jose Jackson,dmartin@example.org,Miami,42,78867.0
2550,Lisa Herrera,derekdougherty@example.org,New York,36,75209.0
2551,Donald Freeman,diana28@example.net,Miami,37,88402.0
2552,Jason Ashley,barbara30@example.net,Chicago,31,88224.0
2553,Mark Smith,walterstiffany@example.com,Denver,69,87999.0
2554,Melissa Robinson,davidgonzales@example.com,Boston,28,85552.0
2555,Bethany Liu,nathanlee@example.org,Denver,26,106962.0
2556,Jennifer Mercado,mking@example.org,Chicago,27,57234.0
2557,Samantha Cooper,sarahgonzales@example.com,Boston,48,98852.0
2558,Steven Davis,davidjones@example.org,Miami,22,107421.0
2559,Wanda Davis,harrisonnicholas@example.net,Denver,23,30867.0
2560,Tony Perkins,davidglover@example.com,Denver,58,65825.0
2561,Vincent Weaver,carl66@example.org,Denver,29,102851.0
2562,Brad Melton,barnesalexis@example.org,Austin,63,104437.0
2563,Justin Richardson,zskinner@example.com,Dallas,30,54380.0
2564,Sherri Williams,jackiespears@example.org,Denver,36,102596.0
2565,Regina Cox,turnerjustin@example.com,Austin,20,69582.0
2566,Andrew Sanford,rpetty@example.com,Boston,49,103306.0
2567,Chelsea Walker,tcooper@example.net,Austin,32,33517.0
2568,Carol Lopez,paulhamilton@example.org,New York,27,64429.0
2569,Wayne Scott,vwade@example.com,Boston,58,113435.0
2570,Kristen Flores,craigrobertson@example.net,Austin,25,115696.0
2571,Tina Ferguson,mavery@example.net,Boston,44,53510.0
2572,Natalie Conrad,danielleramsey@example.net,Austin,62,114513.0
2573,Kyle Fleming,jeffrey85@example.org,Seattle,19,45644.0
2574,Michelle Rivers,stacey25@example.net,Boston,49,38745.0
2575,Joseph Walker,stacy03@example.org,Miami,55,92978.0
2576,Ruben Charles,xsullivan@example.net,Denver,34,112312.0
2577,Scott Osborne,khendricks@example.net,Austin,62,45674.0
2578,Gary Chavez,jennifer53@example.com,Miami,50,105400.0
2579,Jessica Elliott,phillip98@example.com,New York,34,51344.0
2580,Amy Clark,david25@example.com,New York,27,71901.0
2581,Joseph Odonnell,sara94@example.net,Austin,62,47759.0
2582,Glenn Hodges,marcuscase@example.net,Miami,28,36932.0
2583,Eric Griffin,castanedajohn@example.com,Boston,41,84986.0
2584,Desiree Allen,bakerpaul@example.com,Miami,21,67992.0
2585,Michael Baker,johnmerritt@example.com,Boston,51,113747.0
2586,Elizabeth Stewart,jason07@example.net,Chicago,50,55403.0
2587,Matthew Ellis,woodwarderin@example.org,Dallas,66,42387.0
2588,Matthew Simon,wbentley@example.org,Dallas,52,72284.0
2589,Bryan Richardson,jdavis@example.com,Miami,70,119780.0
2590,Daniel Ochoa,jocelyn26@example.net,Boston,35,119842.0
2591,Debbie Richard,fwilliams@example.org,Miami,24,100047.0
2592,Carla Wong,holtrobert@example.com,Miami,70,48837.0
2593,Samantha Walker,iford@example.net,New York,26,97917.0
2594,Michael Russell,taylorrodriguez@example.org,Boston,41,93556.0
2595,Amber Hines,lisa78@example.org,Denver,39,51368.0
2596,Timothy Nguyen,johnsonsamantha@example.com,Chicago,31,50257.0
2597,Cassandra Anderson,jacob73@example.org,Seattle,30,103224.0
2598,Larry Perez,hammondjeff@example.com,Chicago,44,90357.0
2599,Lori Miller,rebekahgonzalez@example.org,Chicago,25,47200.0
2600,Gregory Fletcher,uthompson@example.org,New York,48,75640.0
2601,Charlotte Barber,wbowers@example.org,Boston,62,77522.0
2602,Tracy Bell,reneehernandez@example.org,Dallas,70,87925.0
2603,Patricia Ramos,patriciamorrison@example.org,Miami,29,69935.0
2604,Jack Wells,kimberlyperez@example.org,New York,65,45544.0
2605,Brandon Bell,harrisonchristopher@example.org,Seattle,26,48659.0
2606,Judy Dixon,ylawson@example.org,Seattle,37,46429.0
2607,Renee Gallegos,patrickgarcia@example.com,Seattle,26,40302.0
2608,James Gomez,patriciagrant@example.net,Denver,62,44643.0
2609,Catherine Davis,owade@example.com,Chicago,19,93472.0
2610,Pamela Ferguson,kimberly73@example.com,Denver,20,55736.0
2611,Dennis Thomas,tinahaas@example.org,Chicago,20,116479.0
2612,Tamara Romero,websterkelly@example.org,New York,48,45587.0
2613,William Hodge,jenniferortega@example.net,Boston,20,38683.0
2614,Cathy Navarro,richard62@example.net,Boston,60,31346.0
2615,Gail Watson MD,oallen@example.net,Chicago,68,46225.0
2616,Robert Jones,schmidtjoseph@example.net,Seattle,55,56217.0
2617,Desiree Carey,washingtonleslie@example.net,Dallas,60,76076.0
2618,Patricia Delgado,eddie13@example.com,New York,23,49078.0
2619,Matthew Hicks,elizabeth39@example.net,Boston,55,75591.0
2620,Jacob Brown,krystal05@example.com,Miami,28,95619.0
2621,Benjamin Thompson,richardsonronnie@example.net,Seattle,50,104741.0
2622,Billy Miranda,mark40@example.net,Chicago,24,105777.0
2623,Anna Le,brittanyhayes@example.com,New York,51,58442.0
2624,Cody Woods,shepherdandrew@example.org,Seattle,36,52514.0
2625,Christopher Smith,udavis@example.net,New York,64,42934.0
2626,Eric Everett,karenjordan@example.net,Seattle,50,92221.0
2627,Joseph Holland,hjohnson@example.com,Miami,62,107251.0
2628,Christopher Henry,zhall@example.net,Dallas,46,118280.0
2629,Mrs. Jessica Price,stevensmatthew@example.net,Chicago,29,76507.0
2630,Kimberly Alvarez,ogomez@example.org,Denver,45,58085.0
2631,Melinda Mccullough,james91@example.net,Seattle,44,44790.0
2632,Erin Lopez,hunter12@example.org,Miami,25,91066.0
2633,Kevin Bell,hamptontom@example.com,Chicago,51,47814.0
2634,Douglas Bowman,timothy00@example.org,Austin,66,77349.0
2635,Justin Foster,amy67@example.com,Boston,53,35322.0
2636,Jerome Cole,nicole16@example.org,Chicago,38,94711.0
2637,Gregory Vazquez,scottmark@example.org,Chicago,42,67173.0
2638,Harry Hale,lgonzalez@example.net,Austin,56,70895.0
2639,Dominic Simmons,sydneyalexander@example.org,Austin,32,102602.0
2640,Krystal Howard,nwalker@example.org,Denver,36,86093.0
2641,Linda Ball,michealrodriguez@example.net,Seattle,22,92347.0
2642,Jason Clark,jimmy15@example.net,Miami,29,31675.0
2643,Joseph Horn,cheryl54@example.com,Austin,61,43785.0
2644,Danielle Compton,nancy43@example.com,Denver,46,98506.0
2645,Rachel Conner,cheryl69@example.net,Chicago,25,48791.0
2646,Nicole Sanchez,joshua74@example.org,Denver,43,107405.0
2647,Debra Ortiz,foxerica@example.net,Chicago,65,52114.0
2648,Carolyn Walker,vincent29@example.net,Chicago,41,56094.0
2649,Timothy Mcneil,cory21@example.org,Miami,30,107982.0
2650,Dr. Jill Brown MD,egill@example.com,Denver,25,60522.0
2651,Samuel Bailey,crystal65@example.com,Denver,64,95419.0
2652,Kevin Villarreal,benjaminsmith@example.com,Boston,66,106273.0
2653,Jeffrey Torres,hernandezcheryl@example.net,Boston,66,114388.0
2654,Alexander Merritt,daniel13@example.net,Denver,40,92367.0
2655,Felicia Long,allison96@example.org,Denver,49,97032.0
2656,George Byrd,jmaynard@example.com,Boston,27,89589.0
2657,Angela Berry,sherylgreen@example.com,Chicago,25,62858.0
2658,Chelsea Dominguez,fhughes@example.org,Austin,49,60254.0
2659,Joshua Watson,kennethwhite@example.com,Dallas,19,43055.0
2660,Michael Taylor,jamesellis@example.org,New York,22,95291.0
2661,Daniel Rodriguez,jesse79@example.com,New York,29,80152.0
2662,Melissa Owen,iharrington@example.org,Miami,27,69682.0
2663,Rick Hinton,jennifer29@example.com,Chicago,66,40029.0
2664,Kevin Williams,lucasteresa@example.com,Austin,68,91082.0
2665,Amy Baker,turnermckenzie@example.org,Seattle,36,116781.0
2666,Joshua Moody,stacey22@example.net,Austin,49,96164.0
2667,Diana Myers,shanerogers@example.org,Boston,52,75038.0
2668,Casey Mcknight,albertsmith@example.com,New York,66,34141.0
2669,William Lewis,halljeffrey@example.com,Denver,25,80283.0
2670,Jeremy Gross,santiagoronald@example.com,Austin,38,79327.0
2671,Robert Kim,ethomas@example.net,Austin,47,34716.0
2672,Nicole Edwards,thompsondarlene@example.org,New York,29,102963.0
2673,Todd Thompson,jessicahawkins@example.com,Boston,63,51514.0
2674,Carolyn Johnson,jennifer20@example.org,Austin,45,47627.0
2675,Judy Potts,davisjennifer@example.org,Boston,63,80997.0
2676,Brandi Williams,brian64@example.net,Austin,66,44336.0
2677,Julia Parsons,deckerthomas@example.net,Austin,60,102585.0
2678,Erica Green,deanmarisa@example.org,Austin,48,103695.0
2679,Amber Ward,amandaknapp@example.org,Dallas,50,37305.0
2680,Julie Hernandez,whitelevi@example.org,Denver,34,94840.0
2681,Lauren Watts,ilong@example.com,Denver,57,118668.0
2682,Suzanne Hardy,staceywashington@example.net,Miami,67,67281.0
2683,Kenneth Shepard,corymiller@example.org,Miami,21,33689.0
2684,Jimmy Palmer,heidihaas@example.net,New York,26,78026.0
2685,Thomas Mendez,gibsonbrandon@example.com,Miami,69,106541.0
2686,Andrew Soto,carmengomez@example.net,New York,66,111940.0
2687,Lisa Benson,carlymoss@example.org,Miami,42,42759.0
2688,Christopher Thomas MD,pgoodman@example.org,Denver,40,76840.0
2689,Catherine Smith,edward16@example.org,Denver,40,37398.0
2690,Frank Cochran,mhorn@example.org,Seattle,33,60752.0
2691,April Ryan,jamesroberts@example.com,Boston,55,41133.0
2692,Taylor Smith,lromero@example.com,Chicago,37,45003.0
2693,John Brock,daltonchristina@example.com,Miami,28,32583.0
2694,Melinda Jones,jake77@example.com,Miami,20,90412.0
2695,Stephanie Sanders,ernestrich@example.net,Denver,54,97470.0
2696,David Lopez,ywells@example.org,Denver,35,32674.0
2697,Ian Hernandez,zmiller@example.com,Austin,55,32914.0
2698,Brenda Jacobs,valdezashley@example.org,Miami,42,104757.0
2699,Dustin Jones,jrobinson@example.net,Denver,38,105043.0
2700,Peter Haynes,phall@example.com,Chicago,69,94010.0
2701,Robin Brewer,margaretsharp@example.net,Chicago,62,118488.0
2702,Catherine Reynolds,rogersjonathon@example.net,Seattle,39,95107.0
2703,Michael Morgan,jamierodriguez@example.net,Miami,28,110586.0
2704,Sarah Williams,janetmoore@example.net,Boston,41,87146.0
2705,Samuel Davis,kimberlywatson@example.com,Seattle,49,113288.0
2706,Susan Rodriguez,amanda68@example.com,Chicago,52,58059.0
2707,Wendy Evans,garciabrandi@example.net,Boston,34,36230.0
2708,Justin Brown,vanessa20@example.org,Boston,54,82694.0
2709,Cassandra Reilly,hramos@example.com,Seattle,57,42053.0
2710,Erik Murphy,slittle@example.com,Chicago,55,74150.0
2711,Patricia Wilson,nramsey@example.com,Boston,22,104242.0
2712,Ashley Thomas,lstokes@example.org,Austin,45,57490.0
2713,Alan Vaughn,mitchellcheryl@example.net,Miami,68,40048.0
2714,William Campbell,kpace@example.net,Boston,50,69309.0
2715,Ann Huffman,whernandez@example.com,Denver,60,100772.0
2716,Linda Austin,pearsonwillie@example.org,Miami,30,84304.0
2717,Joshua Brown,bhenderson@example.net,Denver,34,111915.0
2718,Carol Smith,baileyjames@example.org,Austin,60,101770.0
2719,Cheryl Foster,smithcrystal@example.com,Dallas,19,112292.0
2720,Debra Mercado,andreasmith@example.com,Dallas,54,95431.0
2721,Candice Butler,donnacunningham@example.net,Seattle,60,91249.0
2722,Jerry Ferguson,dmartin@example.com,Boston,58,99824.0
2723,Shannon Thompson,nicolemason@example.com,Denver,54,112150.0
2724,Sonya Harris,vrussell@example.org,New York,51,56299.0
2725,Madison Ware,dthompson@example.org,Miami,47,49365.0
2726,Juan Sanford,smithcharles@example.org,Seattle,27,119824.0
2727,Raven Harris,jenniferhernandez@example.net,Boston,45,83773.0
2728,Katie Arellano,rachael79@example.net,Miami,22,113090.0
2729,Kelsey Nguyen,sullivanpaula@example.com,Seattle,44,64987.0
2730,Matthew Henderson,margaret20@example.net,Boston,59,51048.0
2731,Kimberly Garcia,john19@example.org,Boston,61,108804.0
2732,Jeremy Ortiz,shull@example.org,Seattle,43,61258.0
2733,Kevin Riley,amberevans@example.net,Chicago,27,55154.0
2734,Nicholas Smith DDS,jacquelinebennett@example.net,New York,33,70703.0
2735,Jennifer Cruz,cherylgomez@example.org,Austin,49,103377.0
2736,Jerome Parker,matthewwalker@example.com,Denver,45,114793.0
2737,Lori Smith,irojas@example.net,New York,30,50887.0
2738,Alison Adams,nthomas@example.com,Boston,26,33819.0
2739,William Torres,zandrews@example.com,Boston,68,66408.0
2740,Aaron Casey,rparker@example.com,Dallas,59,35535.0
2741,Harold Williamson,richard18@example.org,Austin,68,32609.0
2742,Rebecca Boone,jenkinsjohn@example.com,New York,23,71144.0
2743,Lori Clark,osbornkelly@example.net,Boston,22,83347.0
2744,Deborah Stewart,elizabethrobertson@example.com,Miami,60,116170.0
2745,Erin Jackson,martindonald@example.com,Chicago,43,48423.0
2746,James Tran,smithamy@example.com,Seattle,25,104838.0
2747,Dawn Meyer,aaronwiley@example.net,Chicago,51,117060.0
2748,Sheri Ballard,timothy88@example.org,Boston,49,41829.0
2749,Nancy Green,tranrobert@example.org,Seattle,56,46027.0
2750,Timothy West,rose00@example.org,Miami,39,106588.0
2751,Gregory Myers,xgarcia@example.net,Denver,69,60924.0
2752,Dalton Pruitt,paul18@example.com,Denver,31,48910.0
2753,Cheryl Gonzales,ryan90@example.net,Chicago,29,58063.0
2754,Suzanne Gaines,schmidtfernando@example.net,Boston,46,83526.0
2755,Amanda Welch,ronaldoneal@example.org,Boston,55,37330.0
2756,Devon Phillips,david90@example.com,Austin,52,79113.0
2757,Mr. Troy Hansen,xcardenas@example.org,Chicago,38,101531.0
2758,Andrew Thomas,darrylkent@example.net,Denver,48,119487.0
2759,Shelby Taylor,ltate@example.org,Seattle,35,48993.0
2760,Adam Young,scott04@example.com,Miami,48,78200.0
2761,Steven Torres,gail55@example.net,Boston,19,114593.0
2762,Jeffrey Jackson,amandaedwards@example.com,New York,65,116798.0
2763,Tracy Roberts,jeffery29@example.org,New York,62,118027.0
2764,David Anderson,staceyarias@example.org,Seattle,34,102447.0
2765,Peggy Young,cynthiaford@example.org,Denver,37,113748.0
2766,Devin Day,christinapeters@example.net,Miami,69,119816.0
2767,Kristen Jackson,george52@example.net,Chicago,52,60983.0
2768,Ashley Wilson,tracy91@example.com,Austin,42,31031.0
2769,George Williams,coxcarol@example.com,Denver,34,69438.0
2770,Eric Ruiz,danielle52@example.com,Chicago,70,60862.0
2771,Joseph Paul,daniel71@example.com,Boston,31,51001.0
2772,Michaela Whitney,sgonzalez@example.net,Austin,58,71573.0
2773,Gavin Freeman,walkerdavid@example.org,Denver,68,34440.0
2774,Shane Jones,johnnewman@example.net,Boston,23,94447.0
2775,Mrs. Amanda Wells,lisahawkins@example.com,Austin,65,84127.0
2776,Karen Alvarez,mitchellangela@example.org,Miami,63,85360.0
2777,Arthur White,aholt@example.com,Chicago,70,51016.0
2778,Christy Murphy,timothyshaffer@example.net,Boston,50,38698.0
2779,Jose Boyer,roger73@example.com,Miami,44,108920.0
2780,James Miller,yramos@example.org,Miami,47,33584.0
2781,Jennifer Frederick,jeffrey62@example.net,New York,59,114094.0
2782,Dawn Bennett,vgreen@example.org,Dallas,58,88117.0
2783,Laura Tyler,rodriguezamanda@example.net,Dallas,18,82515.0
2784,Darren Smith,marissasutton@example.com,Seattle,58,70048.0
2785,Michael Fernandez,salvarado@example.com,Miami,54,40778.0
2786,Edward Hill,christine97@example.net,Chicago,28,62716.0
2787,Christopher Bartlett,madison75@example.net,Dallas,56,119883.0
2788,Hannah Meyer,kirbybrett@example.org,Denver,68,71864.0
2789,Patrick Ford,wilkinskevin@example.net,Austin,48,47499.0
2790,Lee Heath,murraysara@example.net,Boston,29,107728.0
2791,Sydney Baker,lisa43@example.com,Miami,69,66935.0
2792,Shane Mills MD,millerjessica@example.net,Seattle,23,84328.0
2793,Joseph Peterson,hsweeney@example.org,Miami,29,81576.0
2794,Lisa Odom,hillsabrina@example.net,Denver,54,59423.0
2795,Roberto Rojas,marthagriffin@example.net,New York,19,103207.0
2796,Ethan Castro,lmiddleton@example.org,Seattle,23,90610.0
2797,Richard Davis,julie80@example.net,Seattle,34,52119.0
2798,Paul Mack,james60@example.net,New York,43,111003.0
2799,Barbara Allen,smithsusan@example.net,Denver,56,64099.0
2800,Kenneth Wells,debbieedwards@example.org,Dallas,23,78224.0
2801,Jeffery Berry,margaret18@example.net,Dallas,54,45381.0
2802,Drew Brown,kevinespinoza@example.org,New York,63,98922.0
2803,Taylor Cantu,wharris@example.com,Denver,67,89468.0
2804,Jeremiah Robinson,william96@example.net,Austin,25,59423.0
2805,Harry Lindsey,bushcourtney@example.net,Seattle,30,64891.0
2806,Shane Potter,odavis@example.com,Boston,65,94771.0
2807,David Curtis,phoover@example.net,Denver,26,86532.0
2808,Mr. Gregory Wiley,jamesjohn@example.net,Seattle,56,58254.0
2809,Mary Massey,thomaswhite@example.org,Boston,64,118760.0
2810,Kimberly Fisher,vortiz@example.org,Seattle,44,53641.0
2811,Joseph Gray,jonathan61@example.org,Denver,68,49129.0
2812,Loretta Horton,cynthia35@example.net,New York,36,64314.0
2813,Madison Evans,brad51@example.org,Seattle,57,89110.0
2814,Justin Smith,abaird@example.com,Seattle,41,106402.0
2815,Jason Henderson,bakerjonathon@example.com,Austin,23,31352.0
2816,Joseph Riley,laura09@example.com,Austin,26,72368.0
2817,Amanda Simpson,heather90@example.net,Denver,61,57815.0
2818,Jonathan Gallagher,sheena87@example.com,Denver,63,85481.0
2819,Nicole Bell,mariahwang@example.net,Boston,22,42488.0
2820,Jody Singleton,chavezpamela@example.org,New York,21,73628.0
2821,Jessica Tran,mccormickkatherine@example.com,Seattle,48,76439.0
2822,Pamela Johnson,stacey98@example.net,New York,18,63247.0
2823,Katie Harris,vramos@example.com,Denver,37,81733.0
2824,Courtney Young,ecampbell@example.com,Miami,26,103342.0
2825,David Hall,jacobscindy@example.org,New York,55,53510.0
2826,Hannah Hunt,lcosta@example.net,Boston,28,96027.0
2827,Casey Baker,tarabradshaw@example.org,Austin,39,91352.0
2828,Carolyn Kane,carrjennifer@example.com,Dallas,23,71591.0
2829,Cesar Adams,carl07@example.net,Denver,27,64131.0
2830,Michele Garcia,erikwatson@example.org,Chicago,38,35788.0
2831,Maria Brown,tklein@example.org,Dallas,49,66831.0
2832,Tammy Thomas,amy70@example.net,Miami,45,67083.0
2833,Kristin Hernandez,kbird@example.com,Boston,57,64571.0
2834,Christopher Miller,ywilkinson@example.org,Miami,45,51624.0
2835,Adrian Collier,geraldgarcia@example.net,Miami,65,94392.0
2836,Amber Lee,gfox@example.net,Dallas,53,116169.0
2837,Anthony Smith,pwest@example.org,Austin,21,54762.0
2838,Timothy Maxwell,wheelerkimberly@example.org,Dallas,21,60128.0
2839,Robert Griffith,duncanjames@example.net,Dallas,20,91636.0
2840,Alexandra Marshall,anthony17@example.org,Boston,28,91228.0
2841,Tyler Hart,johnsonsteven@example.net,Denver,25,94868.0
2842,Collin Osborne,fjackson@example.org,New York,46,76729.0
2843,Robert Knight,pwilkerson@example.com,Austin,47,94616.0
2844,Cody Johnson PhD,molly46@example.org,Chicago,64,49405.0
2845,Mrs. Carol Morton DVM,dflowers@example.com,Chicago,40,42265.0
2846,Jason Lucero,mandymalone@example.com,Seattle,36,53678.0
2847,Tara Anderson,douglas60@example.org,Dallas,65,96681.0
2848,Daniel Matthews,thomasjessica@example.net,Boston,54,116918.0
2849,Lauren Torres,esalinas@example.org,Seattle,55,30540.0
2850,Alexander Craig,wmay@example.com,Dallas,44,40070.0
2851,Thomas Ruiz,pearsoncarrie@example.com,Seattle,67,95288.0
2852,Allison Arellano,josephcooper@example.net,Chicago,39,33402.0
2853,Joshua Rodriguez,andersondaniel@example.net,Boston,61,119212.0
2854,Troy Herrera,jacksonrussell@example.com,Chicago,43,78963.0
2855,Michele Oconnor PhD,jscott@example.com,Chicago,38,50155.0
2856,Susan Palmer,dmartinez@example.com,New York,23,90323.0
2857,Dr. Kathryn Adams DDS,dixonjerry@example.net,Austin,47,112359.0
2858,Ann Cunningham,henrychristine@example.net,Boston,56,116246.0
2859,Jeffrey Williams,uduncan@example.net,New York,39,35747.0
2860,Patricia Dunlap,philliphayden@example.net,Austin,38,104600.0
2861,Craig Nguyen,joshuaadams@example.com,Dallas,31,36380.0
2862,Tony Williams,davidandrews@example.net,Boston,38,37279.0
2863,Donald Lopez,jacksonwhitney@example.org,Chicago,53,108943.0
2864,Katherine Mcmillan,michellehoward@example.com,Denver,23,82279.0
2865,Daniel Robinson,smithamy@example.com,Boston,29,61467.0
2866,Eddie Klein,lchavez@example.org,Denver,23,32688.0
2867,April Meyer,martinezdavid@example.org,Seattle,28,80921.0
2868,Troy Jefferson,vbradley@example.net,Denver,36,114825.0
2869,David Jennings,sarahharmon@example.net,Dallas,25,69131.0
2870,Theresa Ray,nsingh@example.org,Austin,69,86670.0
2871,Joshua Quinn,amy18@example.com,Boston,61,109103.0
2872,David Sanchez,johnsoncandice@example.net,Dallas,40,117231.0
2873,Melinda Wright,zamorajennifer@example.org,Chicago,41,97194.0
2874,Angela Davis,floreseileen@example.net,Seattle,49,88385.0
2875,Melissa Rivera,katherinemccarty@example.com,Denver,48,65190.0
2876,Albert Fields,jonesjames@example.org,Denver,23,85382.0
2877,Jason Griffin,mharding@example.net,Miami,57,54426.0
2878,Kevin Padilla,jreynolds@example.net,Denver,58,85838.0
2879,Anthony Taylor,patrickjasmine@example.net,Chicago,20,97284.0
2880,Melissa Hernandez,denisepalmer@example.net,Miami,47,118662.0
2881,Donna Smith,htaylor@example.com,Seattle,59,119946.0
2882,Andrea Baker,rebecca73@example.com,Dallas,49,99111.0
2883,Cheryl Collins,maxwellgibson@example.org,Chicago,36,91370.0
2884,Christopher Davis,andrearivera@example.net,Denver,23,92601.0
2885,Jason Jones,kristievillegas@example.com,Boston,27,46749.0
2886,Donna Cline,cwilson@example.org,Boston,33,98562.0
2887,Christopher Brown,dortiz@example.org,Denver,36,104519.0
2888,David Thomas,johnsonjennifer@example.net,New York,53,40031.0
2889,Christina Strong,fjones@example.org,New York,50,44107.0
2890,Tanner Potts,alexander66@example.com,Denver,44,42384.0
2891,Robert Vance,larry04@example.net,Austin,60,104511.0
2892,Charles Gonzales,melissaevans@example.org,Boston,40,63405.0
2893,Brandon Young,victor34@example.com,Chicago,67,95987.0
2894,Debbie Bailey,amiller@example.net,New York,25,116714.0
2895,Todd Sherman,margaretbarnett@example.org,Austin,29,53882.0
2896,William Hicks,ypadilla@example.com,Denver,20,40917.0
2897,Rachel Cisneros,joshuajones@example.net,Denver,63,69013.0
2898,Stacey Ortiz,rdixon@example.net,Miami,55,89637.0
2899,John Miller,belindafowler@example.com,Austin,57,64743.0
2900,Jason Cantu,vincent74@example.org,Miami,69,54535.0
2901,Erik Nelson,kyleparker@example.com,Seattle,29,40252.0
2902,Nicole Kelley,hernandezmatthew@example.net,Boston,61,43936.0
2903,David Rodgers,frank49@example.org,Denver,52,32348.0
2904,James Vazquez,dawn11@example.org,New York,43,45293.0
2905,Lisa Schroeder,schmidtsteven@example.org,New York,28,115957.0
2906,Jessica Parker,erica48@example.net,Austin,47,83096.0
2907,Misty Rice,brenda68@example.org,Austin,37,111067.0
2908,Jennifer Cline MD,velasquezvictoria@example.org,Miami,62,118316.0
2909,Robert Watson,dianaramirez@example.net,Denver,69,69669.0
2910,Scott Wilson,nwilliams@example.net,Chicago,26,47709.0
2911,Jessica Colon,tylergarcia@example.net,New York,30,44668.0
2912,Kathy Brown,harrisbryan@example.net,New York,62,54670.0
2913,Kristopher Pierce,millerlindsey@example.org,New York,31,93060.0
2914,Christine Ellison,pli@example.org,Dallas,59,61690.0
2915,Kathleen Garcia,jgill@example.com,Denver,58,100593.0
2916,Paul Wilkerson,jhenson@example.com,Seattle,23,69441.0
2917,Lisa Potter,bowenjonathan@example.net,Austin,27,92126.0
2918,Sarah Fields,michelle01@example.org,Denver,19,45264.0
2919,Jeffrey Walker,jasminjohnson@example.org,Dallas,27,88361.0
2920,Megan Hood,ruizkimberly@example.net,Austin,48,32572.0
2921,Michelle Mcdonald,brodriguez@example.net,Austin,55,61801.0
2922,Ashley Gilbert,davidharris@example.net,Seattle,36,104636.0
2923,Leah Travis,timothy18@example.org,Denver,21,73758.0
2924,Dr. Andrew Johns,yoderadam@example.com,New York,24,112629.0
2925,Megan Moran,kristen78@example.org,Denver,44,94972.0
2926,Matthew Caldwell,james23@example.com,Boston,20,93897.0
2927,Carla Holloway,yrichards@example.com,Denver,49,97286.0
2928,Pamela Arnold,qgreen@example.com,Austin,32,37956.0
2929,Robert Fleming,carl91@example.org,New York,45,105550.0
2930,Vickie Huynh,christopherbrown@example.org,Miami,53,38324.0
2931,Stephanie Colon,ejones@example.org,Boston,59,84675.0
2932,Jack Krause,patricia24@example.org,Austin,25,94852.0
2933,Melissa Harvey,beckyroberts@example.com,Miami,46,87177.0
2934,Connie Smith,rodgerscaroline@example.org,New York,28,67750.0
2935,Emily Perez,craigbuck@example.com,Seattle,48,75068.0
2936,Jacob Aguirre,zwolfe@example.net,Austin,32,96536.0
2937,Crystal Parrish,jesse81@example.org,Seattle,55,119780.0
2938,Alan Wilson,rhonda64@example.org,Miami,56,116108.0
2939,Robert Richards MD,floresjohn@example.com,Austin,26,68455.0
2940,Phillip Lin,amyjones@example.com,Denver,44,118225.0
2941,Erin Garcia,brittanyhubbard@example.com,Miami,68,91908.0
2942,Gloria Green,odickerson@example.org,Dallas,57,57159.0
2943,Robin Murray,jessicasmith@example.com,Boston,62,41297.0
2944,Jessica Rojas,kelsey67@example.com,Austin,26,52713.0
2945,Hunter Alexander,murraybruce@example.net,Seattle,28,109396.0
2946,Isaiah Trujillo,pschmidt@example.org,Austin,24,84523.0
2947,Dr. Daniel Tucker,tiffany80@example.org,Austin,37,60765.0
2948,Elizabeth Jones,wesley57@example.net,Seattle,53,36166.0
2949,Anthony Hart,jordan68@example.com,New York,40,64184.0
2950,Dr. Charlene Black,wendy76@example.com,Miami,61,50788.0
2951,Adam Delgado,jvega@example.com,Dallas,70,95991.0
2952,Shannon Mccarthy,jared86@example.com,New York,69,38344.0
2953,Charles Munoz,patriciareynolds@example.net,Miami,45,44938.0
2954,Lisa Russell,salinaszachary@example.net,Seattle,25,103660.0
2955,Leslie Hall MD,kimberly34@example.org,Seattle,49,63793.0
2956,Alexander Warren,thomaslane@example.net,Miami,68,76562.0
2957,Taylor Carlson,qpatterson@example.org,New York,67,103010.0
2958,Michael Rojas,vcole@example.com,Boston,27,97552.0
2959,Sierra Porter,max26@example.org,Chicago,63,36608.0
2960,Shari Allen,dylan27@example.org,Austin,69,89917.0
2961,Nicole Anderson,henrymccarthy@example.org,Chicago,24,110028.0
2962,Bridget Garcia,huffmaria@example.net,Chicago,70,103724.0
2963,Jessica Martinez,krodriguez@example.org,New York,50,43816.0
2964,Brooke Ware,daniel48@example.com,Dallas,58,45474.0
2965,Crystal Brooks,houstonstephanie@example.org,Seattle,41,50582.0
2966,Scott White,roachjulie@example.net,Boston,63,87870.0
2967,Alexis Shea,jack64@example.com,Austin,64,43014.0
2968,Amy Payne,hayesnicole@example.org,Dallas,59,77675.0
2969,Renee Miller,seanosborne@example.com,Miami,70,48058.0
2970,Teresa Carter,jasongutierrez@example.com,Chicago,30,87554.0
2971,Thomas Bennett,melissaroy@example.com,Denver,67,30863.0
2972,Donald Wallace,ruthsmith@example.org,Seattle,69,92084.0
2973,Amanda Sanders,jordan25@example.net,Miami,36,96194.0
2974,Sabrina Pierce,halejeffery@example.net,Dallas,23,64867.0
2975,Joel Moore,fwhite@example.org,Miami,63,84396.0
2976,Bailey Hughes,denise49@example.com,Miami,58,117162.0
2977,Ronald Higgins,vfoster@example.org,Seattle,27,99422.0
2978,Christopher Newman,tiffany97@example.com,Denver,68,59908.0
2979,Lori Brooks,gsharp@example.net,Dallas,69,86206.0
2980,Robert Barnes,wchaney@example.com,Denver,44,90129.0
2981,Alison Williams,ortegasandra@example.net,Miami,19,88009.0
2982,Sarah Larson,jacobjones@example.com,Dallas,67,31303.0
2983,Terry Macias,christineramirez@example.net,Chicago,23,74342.0
2984,Amanda Perez,michaellee@example.org,Miami,43,51538.0
2985,Tyler Sanchez,williamslisa@example.net,Denver,21,81546.0
2986,Hailey Mcpherson,montgomeryjessica@example.com,New York,60,114078.0
2987,Robert Vega,perezrichard@example.net,Dallas,54,37577.0
2988,Rhonda Mitchell,cindyfischer@example.org,Boston,44,82691.0
2989,Christopher Horn,lellison@example.com,Boston,64,71116.0
2990,Robert Johnson,daviddecker@example.com,Miami,18,66671.0
2991,Ann Hobbs,wallacemathew@example.net,Dallas,62,82944.0
2992,Terry Carr,stephaniewilson@example.org,Austin,59,56887.0
2993,Jennifer Jones,xparker@example.com,Austin,62,75252.0
2994,Terrence Cruz,danielle93@example.com,Denver,67,55859.0
2995,William Davis,henrygriffin@example.net,Boston,23,34845.0
2996,John Hall,banderson@example.com,Miami,42,46515.0
2997,Chris Farrell,gking@example.org,Boston,31,42166.0
2998,Stefanie Simmons,ostokes@example.org,Boston,51,74657.0
2999,Kevin Keller,leslie24@example.org,Dallas,19,33655.0
3000,Michael Brown,michellegomez@example.com,Boston,33,69838.0
3001,Daniel Ingram,perkinsdaniel@example.org,Denver,50,44475.0
3002,Amber York,dlowery@example.net,New York,41,64046.0
3003,John Dickson,heather42@example.org,Miami,25,36256.0
3004,Kathryn Young,courtney58@example.org,Chicago,46,69054.0
3005,Nancy Costa,kelsey77@example.org,New York,47,74430.0
3006,Mark Gallegos,suzannegilmore@example.org,Seattle,69,106230.0
3007,Victoria Jordan,howardchristina@example.org,Seattle,40,69216.0
3008,John Daniels,susan40@example.net,Boston,60,105073.0
3009,Jonathan Mueller,mariaweaver@example.com,Dallas,63,79501.0
3010,Michelle Woods,bkramer@example.net,Seattle,24,72971.0
3011,Jennifer Martinez,michaelbradshaw@example.net,Seattle,70,77352.0
3012,Nancy Miller,kjackson@example.org,Austin,24,49209.0
3013,Gregory Fischer,michaelflynn@example.net,Denver,44,40740.0
3014,Peter Zhang,ajackson@example.org,Chicago,21,85690.0
3015,Darlene White,davissonya@example.org,Dallas,48,58152.0
3016,Donald Roberts,brookefrench@example.net,Austin,22,78404.0
3017,Jennifer Jackson,awilliams@example.com,Denver,55,103265.0
3018,Thomas Snow,mccartymichael@example.org,Denver,34,106585.0
3019,John Mitchell,smithjesse@example.org,Austin,58,85498.0
3020,Philip Andrews,nathangonzalez@example.net,Austin,62,94165.0
3021,Christopher Huff,millerbrittany@example.com,Denver,70,51344.0
3022,Melissa Barnes,huynhdouglas@example.com,Dallas,50,46662.0
3023,Erica Campbell,mcleankaitlin@example.org,Austin,63,89993.0
3024,Jeffrey Anderson,jeffery85@example.org,Dallas,63,97264.0
3025,Gabriel Ford,josephdavis@example.com,Chicago,62,57871.0
3026,Shannon Nunez,tonyamercado@example.com,Austin,48,34273.0
3027,Marvin Sparks,justin16@example.com,Dallas,53,78409.0
3028,Curtis Garcia,joshua41@example.net,Chicago,56,83558.0
3029,Christopher Harrison,emills@example.com,Chicago,25,78442.0
3030,Nicole Henderson,kristymunoz@example.org,Boston,20,98521.0
3031,Amanda Ramirez,elamb@example.com,Dallas,25,78688.0
3032,Ariel Pierce,boltonmary@example.com,Boston,41,69748.0
3033,Krystal Thompson,blakejackson@example.net,Boston,49,33667.0
3034,Eric Ingram,mackgary@example.com,Dallas,27,107283.0
3035,Richard Flynn,carmstrong@example.net,Denver,21,69998.0
3036,Alexandra Howard,kendra53@example.com,Boston,31,53996.0
3037,Breanna Hansen,campbelltaylor@example.org,Austin,18,46033.0
3038,Morgan Adams,krauseaaron@example.com,Miami,22,35856.0
3039,Shannon Garrett,timothy42@example.org,Denver,48,105112.0
3040,Donald Morris,conleyantonio@example.org,Boston,54,89293.0
3041,Billy Powers,torresmeghan@example.net,Miami,68,79454.0
3042,Brandon Walker,joshua70@example.com,Austin,64,109391.0
3043,Angela Goodwin,natalie46@example.com,Dallas,66,48156.0
3044,Shawn Fischer,ztran@example.org,Austin,66,88973.0
3045,Edward Benson,lisa99@example.org,Austin,27,72626.0
3046,Brittany Alvarez,barbararodriguez@example.net,Chicago,69,111889.0
3047,Andrew Gibson,psmith@example.com,Denver,42,60516.0
3048,Stephen Johnson,perezjohn@example.com,Denver,39,100909.0
3049,Leslie Sanchez,sandersdeanna@example.net,New York,60,88077.0
3050,Robert Ruiz,kelleyderek@example.net,Boston,59,41603.0
3051,Jason Mathews,kimberly90@example.net,Dallas,63,33251.0
3052,Matthew Jordan,waynerivera@example.net,Boston,53,114562.0
3053,Amber Ruiz,ashleyharris@example.net,Chicago,59,103315.0
3054,Melissa Steele,barcher@example.net,Chicago,30,111094.0
3055,Rebecca Little,anthonydana@example.net,New York,54,98387.0
3056,Ronald Benson,bakermelissa@example.com,Seattle,66,92368.0
3057,Pamela Gardner,cvega@example.org,New York,25,116278.0
3058,Daniel Combs,moralesfrancisco@example.net,Dallas,19,66039.0
3059,Alexis Lee,katiehicks@example.net,Seattle,33,105963.0
3060,Zachary Velasquez,tracyhoffman@example.com,Austin,23,99932.0
3061,Tracy Hammond,stevenellis@example.org,Miami,43,107187.0
3062,Samantha Parker,george94@example.org,New York,49,33049.0
3063,Mitchell Garza,teresamiller@example.org,Miami,45,53659.0
3064,Elizabeth Mayo,rodriguezmichael@example.net,Denver,19,99193.0
3065,Jennifer Johnson,egeorge@example.net,Miami,42,63708.0
3066,Joshua Lee,jonathan98@example.org,Chicago,25,43019.0
3067,Denise Hoffman,donna30@example.net,Dallas,36,48878.0
3068,Seth Gregory,owensamber@example.com,Dallas,34,41747.0
3069,Scott Smith,rfinley@example.net,Dallas,37,83382.0
3070,Brian Ware,garciadebra@example.com,Dallas,21,110540.0
3071,Lauren Sharp,rachelvaldez@example.org,Miami,29,33561.0
3072,Curtis Cole,wilsonbrian@example.net,New York,37,81110.0
3073,Jennifer Evans,nhobbs@example.org,Chicago,38,48672.0
3074,Kimberly Holmes,gibsonrichard@example.net,Denver,38,63807.0
3075,Tracy Pierce,marissa85@example.org,Denver,70,45855.0
3076,Alicia Thomas,stephanie27@example.net,New York,30,61407.0
3077,Benjamin Fernandez,rgiles@example.org,Seattle,49,96666.0
3078,Stacey Cruz,jacksonthomas@example.com,Denver,25,65296.0
3079,Justin Moreno,allendavid@example.org,New York,38,90925.0
3080,Regina Gamble,qlee@example.com,Denver,22,93461.0
3081,Gabriel Larson,dawncook@example.net,New York,44,113039.0
3082,Sheri Yoder,whitejill@example.com,Seattle,19,65279.0
3083,Tara Thomas,dianebrooks@example.com,Chicago,33,102706.0
3084,Lauren Mcmillan,summerellis@example.org,Dallas,37,104481.0
3085,Juan Adams,tsullivan@example.org,Denver,46,40998.0
3086,James Juarez,andersonkaren@example.org,Seattle,68,48660.0
3087,Casey Hubbard,bobby53@example.net,Miami,52,52044.0
3088,Dawn Molina,xclarke@example.com,Seattle,52,85542.0
3089,Tricia Russo,mary88@example.org,Austin,20,30131.0
3090,Shannon Hudson,xwright@example.com,Austin,57,67912.0
3091,Jennifer Hernandez,susanhall@example.org,Dallas,18,37887.0
3092,Robert Munoz,ecampbell@example.org,Austin,35,108363.0
3093,Eric Velasquez,denniswilliams@example.com,Boston,61,79827.0
3094,Joseph Lopez,ielliott@example.org,Miami,58,57886.0
3095,James Levy,wthompson@example.com,Boston,20,51157.0
3096,Leslie Preston,briannamclaughlin@example.net,Chicago,37,41759.0
3097,Cindy Walton,zgrimes@example.net,Denver,62,46118.0
3098,Michelle Hayes,nathannorman@example.org,Dallas,64,102938.0
3099,David Fox,millsmichelle@example.com,Boston,45,57636.0
3100,Robin Davis,carriereese@example.net,Miami,61,74909.0
3101,William Powell,smithcarl@example.com,Boston,66,89338.0
3102,William Hale,nthomas@example.net,Boston,33,116805.0
3103,Andrea Sparks,melissaharrell@example.net,Miami,39,57606.0
3104,Andrea Turner,harrislisa@example.com,Austin,56,73051.0
3105,Steven Bridges,landerson@example.net,New York,62,47527.0
3106,Maria Wall,vphillips@example.net,New York,56,92459.0
3107,Brandy Kerr,christine20@example.net,New York,18,118172.0
3108,George Hall,bholder@example.net,Dallas,44,102848.0
3109,Ashley Harding,kmartinez@example.net,Austin,66,81483.0
3110,Veronica Johnson,richard20@example.org,Chicago,68,115078.0
3111,Jacob Burton,westricky@example.org,Chicago,52,34056.0
3112,Jessica Cook,whernandez@example.net,Austin,61,46176.0
3113,Maria Wise,collinslaura@example.com,Miami,70,79332.0
3114,Bryan Martin II,douglastimothy@example.net,Miami,42,53224.0
3115,Jared Smith,mhenry@example.net,New York,25,90646.0
3116,Jon Arellano,perezchristopher@example.net,Miami,30,88271.0
3117,Cassie Williams,martha99@example.net,New York,32,32592.0
3118,Craig Washington,stevelee@example.net,Boston,61,76900.0
3119,Edward Davies,melanie48@example.net,Seattle,23,110405.0
3120,Devin Reynolds,ibrady@example.com,Boston,69,58986.0
3121,Patricia Edwards,leblancnicole@example.net,Seattle,49,77579.0
3122,Jennifer Jones,hartmancrystal@example.net,New York,35,94597.0
3123,Rachael Howard,qneal@example.org,Seattle,18,55701.0
3124,Leslie Miller,patrick40@example.net,Denver,25,66352.0
3125,Kristin Gomez,cooperamy@example.org,Austin,28,102323.0
3126,Rhonda Morris,tgreen@example.net,Seattle,60,104148.0
3127,Jacob Guzman,weeksbrandon@example.com,Dallas,22,107091.0
3128,April Mitchell,patriciaowen@example.net,Dallas,65,38526.0
3129,Steven Wilson,traci39@example.net,Dallas,34,104698.0
3130,Cassandra Brock,beckerbrianna@example.com,Seattle,51,65956.0
3131,Pamela Rodgers,allennathan@example.net,Seattle,61,33030.0
3132,Melinda Ramirez,kelleramanda@example.org,Boston,61,103415.0
3133,Frank Franklin,christopher64@example.net,Austin,18,85982.0
3134,Kyle Camacho,matthewbutler@example.org,New York,38,86694.0
3135,Colton Duke,joseph08@example.net,Denver,35,45953.0
3136,Pamela Pittman,uwilliams@example.net,Austin,49,77378.0
3137,Wendy Williams,blakeshelton@example.org,New York,64,59431.0
3138,Lisa Fernandez,michelle11@example.org,New York,35,85058.0
3139,Susan Cochran,vgarcia@example.net,Austin,38,30676.0
3140,George Williams,laurenallen@example.net,Denver,30,73870.0
3141,Kirk Powell,virginia22@example.org,Chicago,54,33325.0
3142,Kyle Ruiz,alvarezstephanie@example.com,Seattle,62,85550.0
3143,Elizabeth Barber,boyererika@example.net,Chicago,33,55805.0
3144,Tamara Woodard,wallacebryan@example.com,Dallas,39,70737.0
3145,Samantha Armstrong,barbarafisher@example.com,Chicago,58,111958.0
3146,Yolanda Anderson,uwhite@example.net,Chicago,19,92910.0
3147,Jamie Smith,theresataylor@example.com,Denver,69,33148.0
3148,Joseph Smith,todd87@example.org,Miami,34,62394.0
3149,James Morales,sarah06@example.org,Chicago,48,61242.0
3150,James Hamilton,watsondavid@example.net,Miami,21,73724.0
3151,Anita Schultz,mary98@example.net,Seattle,22,108638.0
3152,Scott Willis,mcneilbrian@example.net,Austin,66,42539.0
3153,Allen Diaz,franklinmatthew@example.net,Austin,55,46361.0
3154,Tommy Sherman,xhorton@example.org,Chicago,21,34370.0
3155,Laura Holloway,nwilliams@example.net,Denver,38,38523.0
3156,Amanda Roy,fbailey@example.com,Dallas,21,87923.0
3157,Deanna Nelson,bradleymitchell@example.net,New York,37,110050.0
3158,Diane Mitchell,jeffrey11@example.net,Denver,22,43346.0
3159,Justin Higgins,wbailey@example.net,New York,53,36842.0
3160,Stephen Bruce,raymond62@example.org,Boston,42,82649.0
3161,Melissa Hernandez,djensen@example.com,Chicago,57,83884.0
3162,Jamie Young,agarcia@example.org,Seattle,56,116471.0
3163,Jay West,shane26@example.com,New York,47,80321.0
3164,Craig Marsh,diazmichael@example.org,Austin,68,86112.0
3165,Cristian Smith,uhall@example.net,Chicago,39,115317.0
3166,Jenny Lamb,rodney58@example.com,New York,47,97792.0
3167,Jacqueline White,charles39@example.com,Miami,55,55228.0
3168,Keith Brown,uschmitt@example.net,Chicago,24,31610.0
3169,Brent Cain,usilva@example.net,Chicago,55,55377.0
3170,Kenneth Moss,vgraham@example.com,Dallas,58,96702.0
3171,Jennifer Lewis,paul18@example.org,Boston,40,85182.0
3172,Frank Lawson,courtney87@example.com,Austin,64,111376.0
3173,Adriana Parks,ingramtara@example.net,Austin,29,61870.0
3174,Sarah Solis,weaverjohn@example.org,Dallas,69,35776.0
3175,Ariel Lopez,morrisonryan@example.org,New York,26,70850.0
3176,Samuel Thomas,rlewis@example.org,Denver,50,115420.0
3177,Zachary Sullivan,bill82@example.com,Miami,37,106502.0
3178,Christopher Foster,lbennett@example.net,Dallas,27,91541.0
3179,Christopher Kennedy,christyfletcher@example.org,Boston,56,74944.0
3180,Sharon Pearson,taylorgina@example.org,Boston,41,31059.0
3181,Danielle Frey,hendersonjacob@example.org,Dallas,21,61114.0
3182,Elaine Lewis,troy19@example.net,New York,45,75064.0
3183,Stacy Smith,urivera@example.org,Seattle,30,113958.0
3184,Derrick Peterson,cbrown@example.com,Seattle,68,38965.0
3185,Michael Dean,andreawalker@example.org,Miami,30,117537.0
3186,Ronnie Kramer,jasonmoore@example.com,Austin,62,91263.0
3187,Misty Hernandez MD,nmcdonald@example.org,Miami,55,104199.0
3188,Jennifer Barber,friedmanrichard@example.com,Miami,57,69273.0
3189,Alyssa Lang,clarkmichael@example.org,Denver,39,51270.0
3190,Andrew Mendez,claireflynn@example.org,Chicago,47,35530.0
3191,Angela Holloway,tmoody@example.net,Austin,32,30484.0
3192,Steven Nelson,wkennedy@example.com,Seattle,62,60182.0
3193,Jessica Fisher,ashley06@example.org,Austin,57,57936.0
3194,Andrew Mann,lindabates@example.com,Seattle,48,73452.0
3195,Rebecca Acevedo,sonya14@example.net,Denver,31,82469.0
3196,Ethan Tucker,danschaefer@example.net,Dallas,70,30881.0
3197,Laura Washington,megan91@example.com,Miami,18,39664.0
3198,Michelle Simmons,lisa04@example.net,Miami,19,102704.0
3199,Mary Thomas,bhampton@example.com,Chicago,27,68086.0
3200,Carlos Walker,patricia12@example.org,Austin,30,112750.0
3201,Joshua Padilla,guerrerorenee@example.com,Miami,20,33890.0
3202,Kristina Morgan,allen12@example.net,Seattle,30,67237.0
3203,Patrick Huerta,derricklee@example.net,Dallas,32,64340.0
3204,Michele Torres,oevans@example.org,Dallas,39,102680.0
3205,Mike Francis,gbrown@example.net,Seattle,29,55688.0
3206,Susan Anderson,ifox@example.net,New York,29,64313.0
3207,Mr. Joshua Abbott,hughesbrandon@example.net,Chicago,19,118795.0
3208,Nicholas Wolfe,barbara56@example.com,Dallas,42,115835.0
3209,William Greene,peter58@example.com,Chicago,39,57556.0
3210,Loretta Bradley,rlee@example.net,Boston,47,61476.0
3211,Aaron Oliver,zmoore@example.org,Miami,69,78804.0
3212,Joshua Berry,robertcruz@example.org,Dallas,51,111684.0
3213,Jason Kelly,jessica86@example.com,Denver,63,38569.0
3214,Max Mills,wmorris@example.com,Chicago,27,47143.0
3215,Heather Esparza,jonathanjordan@example.org,Seattle,30,99803.0
3216,James Griffin,istokes@example.com,Denver,62,79054.0
3217,Heather Perry,jonathan12@example.org,Miami,56,86300.0
3218,Shannon Green,afitzpatrick@example.org,Seattle,20,110744.0
3219,Sandra Harris,bbarr@example.org,Seattle,52,68559.0
3220,Cynthia Flores,ucamacho@example.org,Dallas,38,62397.0
3221,Tyler Russell,maciaskenneth@example.com,New York,58,66709.0
3222,Daniel Day,thompsonlaura@example.com,Dallas,50,106556.0
3223,Kimberly Fitzgerald,anthonyfranklin@example.com,Austin,31,40670.0
3224,Christy Contreras,silvaryan@example.org,Austin,68,116966.0
3225,Karen Washington,rtaylor@example.com,Chicago,28,96665.0
3226,Kristi Rodriguez MD,alisha45@example.org,Denver,66,114550.0
3227,Hector Carrillo,gevans@example.org,Miami,49,98012.0
3228,Kathleen Fowler,ashleyrhodes@example.com,Austin,29,72182.0
3229,Lori Dunn,dianereynolds@example.org,Miami,51,93346.0
3230,Danielle Thomas,solistara@example.com,Austin,48,65171.0
3231,Lindsay Farmer,abigail90@example.com,Denver,58,106543.0
3232,Erik Williams,elliottscott@example.com,New York,31,58773.0
3233,Joseph Stevens,stephanie14@example.org,Seattle,46,60721.0
3234,Jessica Adams,jamesmason@example.net,Denver,31,70107.0
3235,Larry Buchanan,zhorton@example.com,Denver,42,104890.0
3236,Jason Sanchez,garysnow@example.org,Dallas,41,63361.0
3237,Heather Dunn,gabriel67@example.com,Chicago,26,41013.0
3238,Christine Sweeney,alee@example.com,Boston,46,98002.0
3239,Ryan Lewis,watsontina@example.net,Miami,32,106541.0
3240,Rebecca Davis,kenneththomas@example.com,New York,47,97143.0
3241,Samantha Hart,ldean@example.org,Miami,45,89133.0
3242,Tanya Young,ohardy@example.net,Austin,45,83602.0
3243,Jerry Shaw,hoopernicole@example.org,Miami,69,95213.0
3244,Ronald Brown,rstewart@example.net,Miami,35,80118.0
3245,Marcia Brown,lisa79@example.com,New York,29,87892.0
3246,Andrea Moody,ucrawford@example.org,Seattle,34,114587.0
3247,Angela Cardenas,cameronkaitlyn@example.com,Chicago,40,40802.0
3248,Heather Brown,jmorrison@example.net,Boston,50,97212.0
3249,Jordan Franklin,jjackson@example.org,Chicago,68,66231.0
3250,Krista Ramos,aliciacallahan@example.org,Seattle,24,45543.0
3251,Jennifer Hernandez,lmaldonado@example.org,Chicago,41,35017.0
3252,Rachel Morrison,joanna88@example.org,Seattle,39,55774.0
3253,Keith Mccormick,yboone@example.org,Miami,34,69677.0
3254,Brandi Stokes,zsmith@example.com,Boston,30,109171.0
3255,Sarah Carlson,williamsbrenda@example.org,Dallas,66,101188.0
3256,Mr. Justin Hughes,jeffreywhitehead@example.net,Boston,18,69252.0
3257,Sarah Stanley,pmorse@example.net,Boston,70,75433.0
3258,Jason Murphy,yatkins@example.net,Denver,43,106015.0
3259,Whitney Lee,hannah07@example.com,New York,48,115733.0
3260,Brian Jackson,craigmurphy@example.net,Dallas,43,59829.0
3261,Ryan Flores,howarddawn@example.net,Seattle,64,57508.0
3262,Larry Wiley,zacharypage@example.com,Austin,32,97610.0
3263,Eric Holden,danieljones@example.org,Austin,64,90476.0
3264,John Williams,goodwinsharon@example.net,Miami,68,41255.0
3265,Sarah Gonzalez,owilson@example.com,Miami,30,86202.0
3266,Paula Guzman,aguilarsamuel@example.com,Denver,31,87498.0
3267,Kimberly Russo,jessebeltran@example.net,Austin,53,33945.0
3268,Jeffery Carter,kcherry@example.com,Miami,26,105695.0
3269,Philip Hall,bswanson@example.com,Dallas,37,31268.0
3270,Andrea Robinson,christiecastillo@example.com,Austin,69,116356.0
3271,Christine Wilson,tdiaz@example.org,Miami,39,59555.0
3272,Michele Thomas,ghall@example.com,Denver,45,119884.0
3273,Patricia Clark,taylormaria@example.com,Denver,66,100464.0
3274,Tammy Stanley,wendyperez@example.org,Boston,38,106933.0
3275,James Haney,casey54@example.net,New York,54,34221.0
3276,Jeffrey Price,tlozano@example.com,Dallas,27,73286.0
3277,Sarah Fletcher,hthompson@example.com,Denver,42,56765.0
3278,Laura Gardner,dorseytony@example.net,Denver,22,100056.0
3279,Tanya Wilson,ramosmatthew@example.org,Denver,30,92230.0
3280,Angela Beck,ecunningham@example.net,Chicago,39,104647.0
3281,Donna Murillo,kristinevans@example.com,Austin,58,69930.0
3282,Jasmine Preston,lisa37@example.com,Chicago,28,43672.0
3283,Noah Anderson,amandaroberts@example.net,Dallas,20,109084.0
3284,Tricia Townsend MD,rogerfarrell@example.com,Austin,19,54470.0
3285,Nicole Andrews,lmann@example.org,Seattle,22,80579.0
3286,Chelsea Bennett,vmartinez@example.com,Boston,31,60544.0
3287,Jennifer Cisneros MD,julie34@example.org,Boston,60,98733.0
3288,Tammy Taylor,dennishale@example.org,Chicago,47,37530.0
3289,Kevin Williams,jessicastanton@example.net,Miami,51,31447.0
3290,Jason Howard,davismichelle@example.net,Dallas,38,83852.0
3291,Chase Torres,smartinez@example.org,Denver,28,44515.0
3292,Christine Frank,bryan46@example.com,Dallas,52,84842.0
3293,Eric Oneill,hli@example.net,Austin,65,39012.0
3294,John Anderson,carlrichards@example.com,Denver,31,47030.0
3295,Maria English,michael22@example.com,Seattle,37,86649.0
3296,Jaime Gilmore,evansbrady@example.org,Austin,28,109129.0
3297,Tracy Calhoun,aaron25@example.com,Boston,55,56604.0
3298,Nathan Clark,kimberly48@example.com,Austin,35,56437.0
3299,Mr. Thomas Perez,turnerkari@example.org,New York,27,88422.0
3300,Timothy Hill,brookstimothy@example.net,Chicago,70,82328.0
3301,Brittany Davis,heather97@example.net,Seattle,51,73108.0
3302,Leah Stewart,andersonhaley@example.com,Austin,47,90646.0
3303,Frank Sanchez,bcurtis@example.org,New York,65,41941.0
3304,Amber Rice,wayne01@example.net,Boston,59,89809.0
3305,Karen Sanchez,jamie15@example.org,Miami,62,68987.0
3306,Danielle Hamilton,gjackson@example.org,Denver,57,52954.0
3307,Mr. Joshua Davis,umccoy@example.com,Denver,33,53537.0
3308,Gary Gibson,russellamy@example.org,Denver,47,80418.0
3309,Jeffrey Lane,johnstokes@example.org,Dallas,62,104529.0
3310,Dennis Mann,alexanderjohnson@example.org,Chicago,43,35723.0
3311,Cody Shaw,tiffany50@example.net,Seattle,28,65884.0
3312,Ronald Jackson,daviskristina@example.org,Boston,60,38748.0
3313,John Garcia,scottjoanna@example.net,Seattle,49,83907.0
3314,Brandon Heath,norozco@example.net,Chicago,41,40031.0
3315,Betty Farrell,benjamin53@example.net,Chicago,50,72731.0
3316,Maurice Williams,btaylor@example.org,Denver,46,51605.0
3317,Nancy Todd,wilsonjared@example.net,Boston,31,96330.0
3318,Danny Garcia,darlenecox@example.net,New York,47,33501.0
3319,William Hogan,johnharper@example.com,Chicago,58,118555.0
3320,Jennifer Campbell,jaylopez@example.com,Austin,42,75043.0
3321,Robert Lynch,lmcguire@example.com,Denver,30,81992.0
3322,Jessica Lee,julieblair@example.net,New York,18,62847.0
3323,Danielle Christensen,pweber@example.com,Chicago,63,47888.0
3324,Krista Weber,christygreer@example.com,Miami,60,90849.0
3325,Raymond Cook,wendyholden@example.com,Austin,47,38943.0
3326,Gary Boone,tony62@example.com,Chicago,53,116117.0
3327,Shelia Dixon,gbutler@example.com,Seattle,63,87373.0
3328,Willie Robinson,ssweeney@example.com,Dallas,48,66587.0
3329,Shawn Waters,sandra66@example.net,Dallas,28,32367.0
3330,David Clark,omartinez@example.net,Chicago,29,68554.0
3331,Gina Wright,james67@example.net,Chicago,52,81229.0
3332,Brian Wells,danielleboyer@example.net,Dallas,22,118000.0
3333,Tiffany Mcgee,mariolewis@example.net,New York,61,65815.0
3334,Joshua Porter,ksanchez@example.org,Dallas,46,76935.0
3335,Brian Cross,kennethruiz@example.net,Dallas,31,34514.0
3336,Lee Preston,perrymichael@example.org,Seattle,46,36259.0
3337,Kathryn Garcia,heatherdavis@example.org,Chicago,42,70412.0
3338,Robert Wells,sbrown@example.org,Austin,21,108407.0
3339,Patricia Hahn,amanda67@example.net,New York,21,79465.0
3340,Alicia Kemp,kdennis@example.org,Seattle,33,79105.0
3341,William Werner,lbowers@example.com,Seattle,30,41978.0
3342,Jessica White,mary92@example.com,New York,44,33662.0
3343,Elizabeth Christensen,sallylee@example.org,New York,39,55185.0
3344,Paul Richards,alexander69@example.com,Chicago,32,42661.0
3345,Mary Holder,whiterobert@example.com,Dallas,64,51895.0
3346,Latoya Davis,rhayes@example.org,New York,44,97174.0
3347,Stephen Walker,jeffrey10@example.org,Chicago,70,72879.0
3348,Ashley Bell,wilsonkimberly@example.org,Miami,53,112154.0
3349,Denise Richards,leejesse@example.com,Seattle,57,57147.0
3350,Thomas Barnes,ndouglas@example.net,Denver,45,45834.0
3351,Robert Campbell,christopher01@example.com,Seattle,31,43878.0
3352,Daniel Jones III,garciaalex@example.com,Miami,38,52756.0
3353,Michelle Alvarado,ingrambrandon@example.com,New York,43,115720.0
3354,Tammy English,hernandezanna@example.com,Miami,18,81011.0
3355,Tammy Powell,adkinscharles@example.net,Seattle,47,58848.0
3356,Danielle Thomas,jonathanwoodard@example.com,Chicago,60,66497.0
3357,Dean Moore,clarkjames@example.com,Miami,20,38825.0
3358,John Joyce,tuckersheila@example.net,Seattle,44,69522.0
3359,Thomas Reyes,nguyentimothy@example.net,Austin,24,100278.0
3360,Rachel Wilson,kirstendavis@example.net,Dallas,34,42418.0
3361,Ryan Smith,kevinmarshall@example.org,Miami,58,80930.0
3362,Timothy Peters,robertsdavid@example.net,Dallas,39,52980.0
3363,Mark Stewart,epeck@example.net,Miami,60,93193.0
3364,Jeffrey Sweeney,travis46@example.org,Chicago,39,32313.0
3365,Cynthia Kramer,johnsondana@example.com,Austin,42,96981.0
3366,Ashley Odom,pattonyolanda@example.org,Seattle,50,107000.0
3367,Christian Bailey,jonesjohn@example.com,New York,32,32780.0
3368,Anthony Carlson,lchurch@example.com,Chicago,37,60984.0
3369,Joshua Olsen,gary52@example.net,Denver,66,61922.0
3370,Eric Jones Jr.,justin17@example.net,Chicago,21,48029.0
3371,Michele Hill,ronald94@example.net,Miami,49,68877.0
3372,Tiffany Walker,johnsondaniel@example.net,Seattle,27,79250.0
3373,Gina Hayes,xclark@example.net,Seattle,59,34968.0
3374,Charles Mooney,flittle@example.com,Seattle,64,108390.0
3375,Jared Hodges,richard04@example.com,Austin,65,73082.0
3376,Karen Alvarado,carteryolanda@example.com,Dallas,35,71620.0
3377,Daniel Hatfield,ahicks@example.org,New York,51,84380.0
3378,Richard Hunt,mcdowelladam@example.net,Boston,66,33105.0
3379,Mrs. Kimberly Brown,vanessa17@example.org,Seattle,64,73420.0
3380,Aimee Russell,walterrodriguez@example.com,Miami,33,56976.0
3381,Mary Taylor,andreawhite@example.net,New York,60,62550.0
3382,Adam Ramirez,michelle83@example.com,Seattle,56,80002.0
3383,Ms. Elizabeth Smith MD,shaun13@example.com,Miami,29,87981.0
3384,Ashley Wilson,michaeljohnson@example.com,New York,22,94440.0
3385,Walter Acevedo,fredday@example.net,Chicago,30,36829.0
3386,Roger Moody,oroberts@example.net,Dallas,31,46457.0
3387,Heather Burns,georgesteven@example.org,Chicago,29,107677.0
3388,Timothy Smith,johnsonkevin@example.net,Seattle,33,96509.0
3389,Sean Harding,kevinaustin@example.org,Chicago,45,91220.0
3390,Kayla Escobar,keith86@example.com,Boston,28,55891.0
3391,Stephen Anderson,thompsondarlene@example.net,Seattle,45,53125.0
3392,Lisa Johnson,katelynjimenez@example.net,Seattle,37,67401.0
3393,Tracy Nunez,stevenrichards@example.org,Austin,58,56398.0
3394,Anne Holloway,pking@example.net,Boston,68,93068.0
3395,Kenneth Flores,angela57@example.com,Chicago,41,82198.0
3396,Elizabeth Tate,jacob06@example.net,Denver,28,91697.0
3397,Lacey Williams,michael28@example.net,Austin,45,96229.0
3398,Jessica Bennett,pricerobert@example.org,Denver,66,50431.0
3399,Peter Watson,millerlucas@example.com,Austin,19,79993.0
3400,Timothy Barnes,evansrachel@example.org,Denver,23,69351.0
3401,Daniel Smith,james69@example.net,Dallas,53,53029.0
3402,Louis Sanders,kevin72@example.com,Boston,42,90771.0
3403,Robin Schmidt,johntaylor@example.com,Boston,47,67122.0
3404,Eric Smith,hillshawn@example.org,Denver,53,109432.0
3405,Nathan Peterson,uburke@example.net,Austin,22,73677.0
3406,Jimmy Singleton,cruzmary@example.net,Dallas,63,91506.0
3407,Alexis Ramirez,shannon33@example.org,Seattle,27,54854.0
3408,Lisa Morgan,michael31@example.com,New York,18,95627.0
3409,Tammy Taylor,rperez@example.org,Miami,49,83025.0
3410,Brenda Graham,rebeccavaughn@example.net,Denver,43,78908.0
3411,Christopher Washington,carolinecalderon@example.org,Denver,49,70345.0
3412,Jason Weaver,rebeccahoward@example.org,Chicago,44,35089.0
3413,Stephanie Reyes,thomasmooney@example.org,Chicago,42,104135.0
3414,William Weiss,maddoxdavid@example.org,Dallas,30,87186.0
3415,Kathryn Turner,adrian20@example.com,Boston,67,75688.0
3416,Kevin Rodriguez,dawnlewis@example.net,Austin,58,78258.0
3417,Larry Miller,smithdebbie@example.org,New York,59,80506.0
3418,Maria Jordan,vthomas@example.com,Denver,65,62347.0
3419,Megan Graves,palmermiguel@example.net,Seattle,48,34522.0
3420,Nicholas Riley,jeremymitchell@example.com,Miami,58,118660.0
3421,Vanessa Taylor,christophercruz@example.net,New York,62,117251.0
3422,Thomas Ferguson,mitchellnicholas@example.com,Dallas,34,109355.0
3423,Sara Wallace,mendezsierra@example.com,Austin,61,49315.0
3424,Lucas Gaines,santiagoterri@example.com,Boston,33,108924.0
3425,Michelle Morgan,gregory76@example.org,Dallas,18,45300.0
3426,Richard Moore,underwooddeborah@example.com,Chicago,59,80377.0
3427,Jennifer Jones,moorejohn@example.net,Denver,63,106829.0
3428,John Payne,ojohnson@example.com,Chicago,51,54749.0
3429,Christine Sanchez,jamestucker@example.net,Denver,28,85950.0
3430,Christopher Melton,hcardenas@example.net,Boston,62,69612.0
3431,Jose Gutierrez,smiller@example.org,Denver,55,70367.0
3432,Cheryl Williams,shawnrogers@example.org,Denver,66,41648.0
3433,Kimberly Velez,morganwarner@example.org,Chicago,58,105053.0
3434,David Cooper,njames@example.org,Miami,70,48705.0
3435,Nicole Nichols,dakota83@example.net,Boston,65,57462.0
3436,Grant Jones DVM,samanthataylor@example.org,Denver,62,70383.0
3437,Donald Harrell,klara@example.net,New York,28,94451.0
3438,Edward Jordan,monicawood@example.org,New York,24,39154.0
3439,Wyatt Stewart MD,tracydavenport@example.net,Denver,51,84636.0
3440,Timothy Cruz,qmadden@example.net,Boston,64,86485.0
3441,Edward Simmons,joshuapham@example.com,Dallas,29,79106.0
3442,Sandra Smith,ugarrett@example.org,Dallas,63,47607.0
3443,Lauren Arellano,imurphy@example.com,Seattle,49,53853.0
3444,Brenda Chambers,wcannon@example.com,Chicago,46,104329.0
3445,Michelle White,jodipark@example.net,Seattle,29,56337.0
3446,Richard Scott,michelle12@example.net,New York,65,53950.0
3447,Jeffrey Patton,rachel22@example.org,Seattle,34,83581.0
3448,Johnny Pierce,mitchellmichael@example.com,Austin,58,111844.0
3449,Julie Wiley,darren84@example.net,Chicago,58,51774.0
3450,Judy Harris,claytonchavez@example.net,Chicago,36,41233.0
3451,Terri Meza,jamesbrewer@example.org,Denver,25,66275.0
3452,Tammy Hale,levi67@example.com,Chicago,39,33888.0
3453,Jill Foster,qmccoy@example.org,Seattle,48,93595.0
3454,Rachel Morton,hgonzalez@example.org,Chicago,18,38002.0
3455,Sophia Petersen MD,vancejennifer@example.net,Boston,66,30947.0
3456,Thomas Martinez,kerri83@example.org,New York,24,57665.0
3457,Christy Sweeney DDS,yjohnson@example.net,New York,42,109034.0
3458,William Fernandez,vjimenez@example.net,Boston,49,92027.0
3459,Daniel Smith,danielle49@example.com,Miami,56,86289.0
3460,Sherri Greene,hartmitchell@example.com,Miami,41,119372.0
3461,Mike Williams,dustinhowell@example.org,Miami,38,61404.0
3462,Tara Brooks,jonesrachel@example.com,Miami,60,82228.0
3463,John Cobb,fernandezbrandon@example.net,Denver,57,37502.0
3464,Laura Todd,mitchelldanielle@example.org,Miami,39,43130.0
3465,Dillon Brown,gcruz@example.com,New York,47,82665.0
3466,Daniel Rivera,hilldebbie@example.com,Dallas,19,108893.0
3467,Francisco Wagner,bobbyfowler@example.org,Chicago,51,66630.0
3468,Kelli Stewart,seth77@example.net,Seattle,41,89233.0
3469,Brandon Ho,mooresteven@example.net,Austin,50,84149.0
3470,Steven Rose,timothygarcia@example.org,Seattle,18,113633.0
3471,Jose Price,krodriguez@example.net,Miami,19,113070.0
3472,Ronald Gonzales,elizabethmoore@example.org,Miami,20,72667.0
3473,Andrew Flores,cooktiffany@example.org,Austin,32,109529.0
3474,David Schneider,chapmanrobert@example.com,Austin,43,110293.0
3475,Kimberly Wright,vanessalane@example.net,Chicago,40,86087.0
3476,Katrina Campbell,jross@example.org,Austin,60,43166.0
3477,Ricardo Olson,jonesmark@example.com,Denver,36,109583.0
3478,Jessica Washington,adamgolden@example.org,Seattle,63,48764.0
3479,Richard Peterson,rachelmurray@example.com,New York,26,95264.0
3480,Jessica Castro,jonathanjones@example.com,Chicago,37,118219.0
3481,Michelle Martin,nancywood@example.com,Austin,28,88495.0
3482,Walter Smith,ameyers@example.net,Chicago,48,116853.0
3483,Tammy Martinez,fowlerkathy@example.org,Seattle,33,57740.0
3484,Michelle Jackson,eleon@example.com,Dallas,66,116474.0
3485,Tiffany Wilson,donald27@example.net,Chicago,24,87002.0
3486,Jean Smith,smithrebecca@example.org,New York,28,72795.0
3487,Ronald Moran,donald44@example.com,Denver,67,66747.0
3488,Michael Williams,sallison@example.net,Seattle,64,63767.0
3489,John Todd,rmichael@example.net,Austin,60,46134.0
3490,Karen Bennett,zbailey@example.com,Dallas,52,113040.0
3491,Jennifer Williams,pwarren@example.org,Austin,23,73620.0
3492,Derek Smith,edwin42@example.net,Seattle,54,108732.0
3493,Micheal Gonzalez,sweber@example.org,Chicago,59,74987.0
3494,Brandon Jones,john90@example.com,Denver,63,80023.0
3495,Michael Mendoza,robertfarmer@example.com,Denver,69,60587.0
3496,Martin Wilson DVM,benjamin10@example.org,Seattle,34,45163.0
3497,Ronald Hernandez,johnsonantonio@example.com,Boston,23,44599.0
3498,Kenneth Clark,megan59@example.com,Chicago,39,107620.0
3499,Tamara Harris,keith83@example.com,Seattle,65,45218.0
3500,Brandon Lopez IV,fkennedy@example.com,Miami,26,71074.0
3501,Wesley Page,ymercer@example.com,Denver,54,30220.0
3502,Cynthia Moore,christophercooley@example.com,Boston,21,107340.0
3503,Ruth Russell,dustin82@example.com,Seattle,42,85535.0
3504,Gary Garrison,vanessajimenez@example.org,Miami,67,77844.0
3505,Andrew Johnson,andrewmyers@example.org,Dallas,51,116998.0
3506,Melvin Bennett,floresbridget@example.net,Seattle,24,81814.0
3507,Diana Holloway,zrich@example.net,New York,52,90372.0
3508,Anthony Newman,vanessaflores@example.com,Miami,27,68905.0
3509,Susan James,lisadavis@example.org,Seattle,49,119126.0
3510,Andrew Williams,cameronramos@example.org,Austin,27,108835.0
3511,Rhonda Collins,thompsondawn@example.org,Boston,27,117208.0
3512,Trevor Brown,colleenwilliams@example.net,New York,56,71961.0
3513,Thomas Mccarthy,fbutler@example.org,Boston,50,46182.0
3514,Jennifer Ferguson,huntlisa@example.org,Boston,63,105231.0
3515,Miss Jessica Jones,kimberly47@example.org,Austin,58,58272.0
3516,Susan Robinson,johnsonmichael@example.net,Austin,36,79375.0
3517,Megan Harmon,atkinsryan@example.org,New York,69,73665.0
3518,Lisa Roberts,codyrichards@example.org,Dallas,70,57605.0
3519,Brenda Henderson,thomasrussell@example.com,Seattle,62,36889.0
3520,Nina Garcia,ssimmons@example.org,Dallas,49,81355.0
3521,Karen Kane,dominiquedaniels@example.org,Boston,70,116409.0
3522,David Gardner,angel62@example.com,Dallas,19,101819.0
3523,Carolyn Moore,creynolds@example.net,Denver,39,85369.0
3524,Kayla Hudson,sethsanders@example.com,Austin,40,81296.0
3525,Erika Lopez DVM,fordbeverly@example.org,Denver,22,99185.0
3526,Krystal Rodriguez,matthew77@example.com,Boston,36,55571.0
3527,Frank Morrison,bjames@example.net,Denver,24,47157.0
3528,Susan Wood,stewartsandra@example.net,Miami,66,106072.0
3529,Donna Mejia,mcclainkimberly@example.com,New York,63,69855.0
3530,Mr. Kenneth Ashley,brittanyrush@example.com,Austin,59,51455.0
3531,Heather Davis,hmiller@example.com,Dallas,46,93234.0
3532,Amanda Marks,kim09@example.org,Boston,27,57494.0
3533,Kristopher Little,fhoffman@example.com,Seattle,69,55644.0
3534,Wendy Sims,schroederbrittany@example.org,New York,41,105455.0
3535,Nicholas Hernandez,brownwilliam@example.net,Chicago,61,49346.0
3536,Donald Duncan,moralesdawn@example.com,Denver,45,119056.0
3537,Christopher Perez,rickyclark@example.org,Dallas,21,42589.0
3538,Alexis Jackson,smithstephanie@example.net,Miami,48,53544.0
3539,Todd Burnett,rebeccacurtis@example.com,New York,25,97559.0
3540,Michael Andrews,john40@example.net,Miami,55,86861.0
3541,Kathleen Casey,romankathryn@example.com,Dallas,58,82952.0
3542,Matthew Harper,fgregory@example.com,Seattle,20,45571.0
3543,James Leach,michaeltorres@example.com,Seattle,43,94045.0
3544,Gary Jones,jrios@example.net,Boston,62,108139.0
3545,Jennifer Pennington,elizabethbrennan@example.net,Dallas,59,79200.0
3546,Edward Figueroa,donnamcintosh@example.net,Chicago,67,90774.0
3547,Jessica Moore,ncollier@example.com,Denver,35,112881.0
3548,Sandra Holmes,ericvalencia@example.com,Austin,41,31520.0
3549,Joseph Smith,john69@example.net,Chicago,25,40831.0
3550,Ronald King,monicadaniel@example.net,Chicago,49,114070.0
3551,Sharon Johnson,hineskrystal@example.com,Seattle,19,106919.0
3552,Heather Le,amandamorales@example.org,Austin,35,42393.0
3553,Alejandra Ellis,gerald93@example.net,Dallas,42,93463.0
3554,John Perez,lmeadows@example.com,Denver,37,104897.0
3555,Richard Reed,allensara@example.org,Dallas,24,72628.0
3556,George Haney,gomezerica@example.net,Chicago,63,100452.0
3557,Abigail Riddle,barrettsusan@example.org,Dallas,43,32588.0
3558,Greg Dyer,reginacarlson@example.net,Denver,53,100309.0
3559,Melinda Holloway,woliver@example.com,Austin,22,98013.0
3560,Robert Hardy,rodriguezjohn@example.com,Chicago,66,57192.0
3561,Denise Melton,dhoward@example.com,Chicago,29,108525.0
3562,Jeffrey Lowe,lindacooper@example.net,Dallas,18,102708.0
3563,Jack Walker,angelarhodes@example.com,Austin,69,71195.0
3564,Troy Green,zdavila@example.net,Chicago,20,46884.0
3565,Lori Richards,clayton74@example.com,Seattle,59,51130.0
3566,Emily Sutton,whale@example.com,Chicago,53,63654.0
3567,Cody Bruce,pbryant@example.com,New York,23,46346.0
3568,Brandon Bridges,contrerasmaria@example.com,Boston,41,101359.0
3569,Michelle Farmer,kathleenscott@example.org,Dallas,45,116266.0
3570,Jeff Palmer,dixonkristen@example.com,New York,33,69400.0
3571,Adrian Howell,colemanjim@example.net,New York,51,68456.0
3572,Cynthia Tyler,sandraharper@example.org,Austin,26,105637.0
3573,Johnny Brown,antonio59@example.net,Austin,62,71017.0
3574,Tabitha Martinez,ralexander@example.org,Miami,56,100544.0
3575,Tiffany Lewis,mariaschmidt@example.net,Seattle,62,42977.0
3576,Amanda Shaw,sandovaldebra@example.org,New York,33,34814.0
3577,Lawrence Allen,michael28@example.org,Seattle,27,69283.0
3578,Cynthia Sanchez,thomaswang@example.com,Seattle,26,108924.0
3579,Cody Lynch,higginskelly@example.org,Seattle,55,77063.0
3580,Lori Lee,boydjasmine@example.net,Boston,26,111567.0
3581,Jeffrey Gilbert,rosemiller@example.org,Denver,22,102069.0
3582,Savannah Beck,rwebb@example.net,Boston,34,80040.0
3583,Alan Thomas,frysharon@example.net,Dallas,43,89777.0
3584,Steven Choi,browningjason@example.org,Chicago,34,118673.0
3585,Sarah Thomas,manningjessica@example.com,Denver,62,48775.0
3586,Luke Moore,randyyoder@example.com,Seattle,22,112518.0
3587,Michael Graham,bwilson@example.com,Boston,58,114616.0
3588,Jose Hayes,ramoskelly@example.net,Seattle,63,78777.0
3589,Sara Miller,brianhill@example.org,Dallas,44,50118.0
3590,William Smith,hnewton@example.org,Miami,68,86836.0
3591,Kristen Johnson,juliecollins@example.com,Denver,19,109116.0
3592,Carolyn Stewart,zchavez@example.org,Seattle,22,65405.0
3593,Richard Nelson,joshuacohen@example.com,Chicago,52,44416.0
3594,Elizabeth Jones,johncoleman@example.net,Denver,22,73169.0
3595,Bernard Sanchez,seanjones@example.com,Chicago,41,73714.0
3596,David Brooks,gardnererik@example.org,Boston,27,59591.0
3597,Joseph Payne,laura20@example.net,Boston,18,42838.0
3598,Melinda Jones,umills@example.net,Denver,32,79628.0
3599,Jason Smith,wongjacqueline@example.org,Chicago,68,46187.0
3600,Lindsay Owens,deborah67@example.org,Dallas,51,70180.0
3601,Alexander Anderson,holly10@example.com,Austin,24,99331.0
3602,Joyce Hamilton,ann08@example.net,Miami,62,104993.0
3603,Christopher Ellis,christopher19@example.org,Boston,53,65527.0
3604,Rebecca Torres,sarah69@example.com,Chicago,21,52380.0
3605,James Morgan,greeneshawn@example.com,Miami,66,81060.0
3606,Jeffrey Navarro,wattsemma@example.net,Dallas,40,118842.0
3607,Charles Coleman,richard26@example.com,Denver,48,107635.0
3608,Jessica Robinson,watsontroy@example.com,Dallas,34,31244.0
3609,Joshua Christian,cburgess@example.org,Dallas,60,46563.0
3610,Claudia Rios,elizabeth14@example.com,Dallas,42,104391.0
3611,Stacey Thompson,nharris@example.org,Boston,21,113780.0
3612,Michael Jones,gbutler@example.net,Miami,63,62651.0
3613,Mark Garcia,kennethperez@example.net,Denver,63,90003.0
3614,Joseph Fisher,bgreen@example.com,Dallas,46,76399.0
3615,James Davila,ewatkins@example.org,Austin,50,67594.0
3616,Juan Chan,aaronramirez@example.org,Boston,45,98235.0
3617,Mr. Martin Morales,hannahmiller@example.com,Seattle,37,113313.0
3618,Catherine Crane,stanleygary@example.org,Chicago,37,83282.0
3619,Kyle Ramirez,velezbrendan@example.net,Miami,23,113188.0
3620,Brianna Davis,gjackson@example.org,Chicago,22,61462.0
3621,Caleb Lee,herrerasean@example.net,Chicago,28,105407.0
3622,Theresa Pearson,ccook@example.net,New York,23,67467.0
3623,Rachel Acosta,marissa74@example.net,Austin,69,31401.0
3624,Lori Brown,sarahtaylor@example.com,Denver,61,96674.0
3625,Douglas Nash,vanessa58@example.net,Dallas,48,95248.0
3626,Manuel Alvarado,reynoldstravis@example.net,Chicago,43,31821.0
3627,Sarah Grimes,richard31@example.com,Seattle,65,30955.0
3628,Brandon Carlson,marissa72@example.net,Denver,62,100035.0
3629,Jennifer Barnes,chelsea37@example.net,Miami,33,116661.0
3630,Ann Combs,alicianorris@example.net,New York,56,88805.0
3631,Stacy Brown,heidiwilson@example.org,Dallas,61,98618.0
3632,Alexandria Jones,ybailey@example.net,Seattle,29,39846.0
3633,Ashley Walker,robertmartinez@example.org,Miami,26,97329.0
3634,Louis Rose,beth04@example.net,Miami,21,85407.0
3635,Amy Alvarez,carolynbrady@example.com,Austin,42,52345.0
3636,Faith Walker,pmckee@example.net,Miami,25,74296.0
3637,Laurie Blake,hernandezmelissa@example.net,Seattle,52,45448.0
3638,Mark Thomas,kimberly51@example.com,Boston,37,93324.0
3639,Andrea Greene,marcusgilmore@example.org,Boston,34,57926.0
3640,Sarah Leach,marilyn62@example.org,New York,65,112729.0
3641,Wendy Mann,hshepherd@example.net,Denver,31,69953.0
3642,Cynthia George,jonathan38@example.com,New York,47,110969.0
3643,Brandon Price,morrisonalan@example.com,Austin,21,76628.0
3644,Kelly Doyle,curtisroy@example.net,New York,57,90339.0
3645,Stephen Riley,rtaylor@example.net,Miami,37,76385.0
3646,William Carr,jacquelinemurray@example.net,Chicago,18,75838.0
3647,Chelsea Curtis,barneswilliam@example.org,Dallas,43,76469.0
3648,Cindy Howell,sarahchavez@example.com,New York,24,86466.0
3649,Barbara Sandoval,theresa24@example.org,Austin,30,41107.0
3650,Maria Moss,clifford98@example.net,Dallas,44,46232.0
3651,Robert Jenkins,jackyoung@example.com,Austin,18,50398.0
3652,Adrian Snow,bankskyle@example.com,Boston,32,91695.0
3653,Philip Tran,eric02@example.net,Denver,41,69227.0
3654,Robert Molina,wolfekyle@example.com,Miami,45,53878.0
3655,Steven Davis,vsandoval@example.com,Boston,24,87484.0
3656,Aimee Lang MD,troy39@example.net,Austin,28,48333.0
3657,Ana Lee,floresmariah@example.org,Miami,65,86880.0
3658,Frederick Davis,romeromakayla@example.com,New York,40,56013.0
3659,Mary Underwood,johnsonjames@example.com,Chicago,30,67342.0
3660,Derek Curry,austinfrye@example.org,New York,26,81713.0
3661,Dr. Jeffrey Beck,xgreene@example.org,Denver,65,73412.0
3662,Cynthia Medina,carrollchristopher@example.org,New York,28,117320.0
3663,Kimberly Webster,houstonlaura@example.com,Seattle,48,117194.0
3664,Matthew Trevino,aaron62@example.net,Boston,25,85193.0
3665,Debra Lee,emily89@example.org,Austin,53,94955.0
3666,Dawn Kennedy,crosbyjoan@example.com,Dallas,38,82412.0
3667,Logan Dennis,xparsons@example.com,Denver,26,44382.0
3668,David Hoffman,iacevedo@example.net,Chicago,68,32772.0
3669,Alex Adams,lori09@example.com,Dallas,27,75104.0
3670,Peter Hansen,chelsea70@example.org,New York,67,119710.0
3671,Renee Jacobs,ncampbell@example.com,Seattle,21,118907.0
3672,Sara Ruiz,bradley71@example.net,Miami,45,108261.0
3673,Abigail Gill,joshua88@example.com,New York,45,92939.0
3674,Donald Mitchell,hestrada@example.com,Boston,36,93691.0
3675,Kevin Carr,stephen61@example.com,Chicago,66,86223.0
3676,Sarah Johnson,fsilva@example.com,Seattle,57,49987.0
3677,Susan Miller,laurengreen@example.net,Dallas,33,66849.0
3678,Joan Rogers,acalderon@example.com,Chicago,34,62421.0
3679,April Morgan,racevedo@example.org,Denver,30,92114.0
3680,Matthew Green,jamesbenson@example.com,Chicago,62,95841.0
3681,Margaret Graham,andrew45@example.org,Dallas,30,107489.0
3682,Rachael Ortiz,toddcollins@example.org,Dallas,32,45789.0
3683,Nicole Baker,laurahamilton@example.com,Dallas,43,35028.0
3684,Kimberly Jackson,laurie14@example.org,Boston,30,49163.0
3685,Erin Baird,ambersavage@example.com,Denver,19,110801.0
3686,Christopher Bennett,willie16@example.org,Seattle,23,36678.0
3687,Donna Sanchez,dvillarreal@example.net,Denver,44,98809.0
3688,Frank Bell,cortezchristopher@example.org,Boston,62,113009.0
3689,Brenda Dunn,fburke@example.net,Seattle,32,74063.0
3690,April Carter,dylan77@example.com,Denver,48,38041.0
3691,Olivia Williams,paulperry@example.org,Denver,59,36770.0
3692,Nicole Lewis,erin39@example.com,Boston,25,65290.0
3693,Richard Gray,jessemedina@example.net,Miami,35,76009.0
3694,Christina Wood,tdavis@example.net,Denver,33,71922.0
3695,Joan Robinson,blackwellkevin@example.com,New York,29,35359.0
3696,Stephen Thompson,yzamora@example.org,New York,21,116563.0
3697,Jill Edwards,hicksrachel@example.net,Miami,31,67397.0
3698,Lisa Cervantes,kristen59@example.com,Austin,35,109498.0
3699,Marie Everett,devon53@example.com,Chicago,45,54227.0
3700,Rachel Humphrey,riverskristen@example.com,Boston,49,77655.0
3701,Jason Alvarez,bakeredward@example.com,Miami,37,44618.0
3702,Henry Parker,tbell@example.org,Chicago,60,31790.0
3703,Paul Miranda,brianchapman@example.org,Dallas,39,77260.0
3704,Amber Rosales,hogannathan@example.com,Miami,65,107189.0
3705,Brittany Garner,matthew85@example.net,Miami,33,115229.0
3706,Holly Peterson,robinhancock@example.org,Boston,31,106588.0
3707,Jessica Johnson,hensleybenjamin@example.com,Denver,23,43941.0
3708,Zachary Doyle,brownjohn@example.com,Dallas,58,108883.0
3709,Nicole Ward,mmiller@example.net,Chicago,20,106881.0
3710,Kathryn Vargas,fbass@example.org,Seattle,30,88427.0
3711,Melanie Flores,kaitlynwest@example.com,Chicago,22,101641.0
3712,Billy Cross,fwest@example.net,Miami,37,92154.0
3713,Maria Dixon,ramirezsteven@example.net,Seattle,52,50142.0
3714,Michael Garrison,jkelley@example.net,New York,26,55127.0
3715,Natalie Joseph,richard99@example.com,Denver,53,63099.0
3716,Martin Jones,jacquelineholt@example.org,Miami,41,88783.0
3717,Laura Lopez,bodonnell@example.com,Chicago,45,38874.0
3718,John Allen,jthompson@example.org,Austin,44,98650.0
3719,Henry Robinson,patelnicholas@example.com,New York,28,108532.0
3720,Mr. David Arnold,kingjessica@example.net,Boston,62,46899.0
3721,Dean Evans,maria03@example.com,Boston,20,104209.0
3722,Diane Smith,sabrinaperez@example.net,New York,68,54928.0
3723,Mr. Hunter Miller,fgutierrez@example.com,Denver,49,119744.0
3724,Damon Montes,charles30@example.org,Chicago,28,87376.0
3725,James Adams,ibarton@example.org,Denver,53,81150.0
3726,Trevor Walls,dana17@example.net,Denver,56,65585.0
3727,Hailey Dean,lambalexandra@example.net,Seattle,29,30471.0
3728,Rebecca Jones,teresaspencer@example.com,Dallas,54,58548.0
3729,Robert Franco,bennettmichael@example.net,New York,68,97213.0
3730,Joshua Dunlap,matthewslarry@example.net,Austin,50,98822.0
3731,Steven Cannon,haneysusan@example.org,Boston,37,58879.0
3732,Sharon Lopez,jadehendrix@example.org,Boston,63,65194.0
3733,Christopher Norris,audrey30@example.net,Chicago,28,59350.0
3734,Ashley Brown,eric34@example.org,New York,52,61223.0
3735,Elizabeth Morales MD,cookdanielle@example.com,Boston,20,113835.0
3736,Anthony Brown,benjaminbrown@example.com,Dallas,35,47428.0
3737,Jerry Patel,englishchristina@example.net,Boston,68,36752.0
3738,Louis Turner,luis66@example.org,Seattle,70,57521.0
3739,Elizabeth Travis,david82@example.net,Chicago,18,115019.0
3740,Brenda Mcmillan,matthew06@example.com,Miami,58,109319.0
3741,Taylor Lowery,johnsonteresa@example.net,Miami,38,40911.0
3742,Vickie James,smithpaula@example.net,Boston,64,47512.0
3743,Mallory Moore,dennis16@example.net,Denver,57,68652.0
3744,Roger Buckley,gloriachen@example.com,Miami,21,112045.0
3745,Mark Jackson,khouston@example.com,New York,70,76593.0
3746,Amanda Lee,tyler10@example.org,Seattle,64,66659.0
3747,David Bates,travis28@example.net,Dallas,34,32049.0
3748,Michael Moore,williamsdeanna@example.com,Chicago,64,80067.0
3749,Debra Morgan,qmoss@example.org,Boston,58,113139.0
3750,Teresa Thomas,christopher52@example.net,Seattle,70,87958.0
3751,Erin Forbes,mccarthydylan@example.net,Seattle,38,65231.0
3752,Jennifer Shaffer,robertsanthony@example.org,Seattle,55,112549.0
3753,Jason Howard,olivia47@example.com,Denver,27,88465.0
3754,Lisa Peterson,scottchristopher@example.net,Seattle,64,86872.0
3755,Lauren Rivera,qmccarty@example.org,Miami,27,92784.0
3756,Steven Murphy,ryan23@example.net,Chicago,49,53791.0
3757,Kiara Mcintosh,yluna@example.com,Austin,29,53083.0
3758,William Davila,charlesprice@example.org,Seattle,54,94293.0
3759,Carl Pennington,dyervictoria@example.net,Dallas,59,66968.0
3760,Kristi Smith,timothy94@example.net,New York,37,51354.0
3761,Stephanie Miller,lewisallen@example.com,Dallas,70,81668.0
3762,Nathan Scott,jessica82@example.net,Seattle,22,48811.0
3763,Elizabeth Lawrence,greenlisa@example.net,Chicago,45,62145.0
3764,Isaiah Parker,annchapman@example.org,Austin,59,82757.0
3765,Jennifer Lewis,wilkinsmark@example.org,Chicago,64,99045.0
3766,Nicholas Snyder,michelle86@example.net,Dallas,64,31545.0
3767,Patricia Davenport,norman29@example.org,Chicago,42,80330.0
3768,Matthew Bates,moniquemoore@example.org,New York,25,31776.0
3769,Stephanie Wolf,roseeric@example.com,New York,26,62550.0
3770,Jeffrey Hicks,ronald46@example.com,Chicago,35,48695.0
3771,Margaret Shaw,zramirez@example.net,New York,68,31231.0
3772,William Gross,mariah75@example.org,Chicago,52,74353.0
3773,Hunter Gonzalez,wmorris@example.net,Chicago,30,48249.0
3774,Erin Fuller,thill@example.com,Austin,66,103774.0
3775,Angie Jennings,tara62@example.com,Austin,70,51383.0
3776,Philip Combs,tylerchristine@example.com,Boston,39,92771.0
3777,Danny Austin,kristin15@example.net,Dallas,33,37323.0
3778,Stephen Carr,bmoreno@example.org,Boston,58,101252.0
3779,Aimee Lamb,michaelgordon@example.org,Chicago,19,35836.0
3780,Brian Mueller,millerjill@example.net,Chicago,52,68894.0
3781,Mark Thompson,duane84@example.net,Chicago,50,84432.0
3782,Cindy Barton,timothyortiz@example.org,Dallas,18,59401.0
3783,Kelly King,friedmanlinda@example.net,New York,32,85985.0
3784,Denise Leon,reneespencer@example.org,Denver,27,76309.0
3785,Felicia Robinson,nicholasibarra@example.com,Boston,32,119707.0
3786,Paul Garcia,mark46@example.org,Denver,61,44733.0
3787,Kevin Stafford,gilbertsamuel@example.com,Austin,28,44435.0
3788,Samantha Powell,tylerwilliams@example.com,Seattle,24,66937.0
3789,Jennifer Horton,claire11@example.net,Miami,22,110700.0
3790,Michelle Nicholson,riley28@example.com,Miami,25,77250.0
3791,Carolyn Miller,tara38@example.org,Chicago,20,109233.0
3792,Megan Gibson,ana12@example.com,Dallas,29,86181.0
3793,David Dunlap,raymond84@example.com,Miami,56,53771.0
3794,April Hoffman,guerramaria@example.org,Denver,27,117460.0
3795,Stephanie Terry,lawsoncalvin@example.com,Boston,57,67618.0
3796,Barry Armstrong,kerry49@example.org,Miami,24,65532.0
3797,Michael Jordan,christine28@example.net,Austin,60,78380.0
3798,Kelly Schneider,cnelson@example.com,Boston,69,40009.0
3799,Richard Aguilar,olsonmichael@example.com,New York,27,115964.0
3800,Deborah Leon,danielletorres@example.com,Dallas,38,49369.0
3801,Mary Garcia,lowen@example.org,Denver,46,92709.0
3802,Sandra Baker,tuckerstacey@example.net,Chicago,25,105739.0
3803,Sean Reed,brittney71@example.org,Denver,64,66500.0
3804,Ashley Herring,steven34@example.net,Dallas,23,72343.0
3805,Cynthia Jones,heather72@example.org,Dallas,29,80465.0
3806,Jacob Hayden,richard13@example.com,Miami,38,94776.0
3807,Vincent Walters,cody85@example.net,Denver,48,84256.0
3808,Daniel Ortega,johnthomas@example.com,Miami,26,115715.0
3809,Hannah Smith,todd94@example.com,Seattle,42,84874.0
3810,Jonathan Valdez,ywilliams@example.net,Austin,52,99962.0
3811,Deborah Bowman,robertallen@example.net,Austin,52,100282.0
3812,Rachel Little,bsmith@example.com,Seattle,42,40959.0
3813,James Watkins,gschultz@example.com,Denver,51,105743.0
3814,Katherine Lawrence,terrimartinez@example.com,Seattle,62,41436.0
3815,Laura Vang,victorcampbell@example.net,Seattle,41,30375.0
3816,Amanda Murray,charlotteprice@example.org,Seattle,19,77500.0
3817,Gregory Byrd,changsamuel@example.org,Austin,26,44438.0
3818,Julia Gibbs,autumn78@example.com,New York,40,77298.0
3819,Cassandra Rice,erin62@example.org,Dallas,36,90344.0
3820,Holly Cochran,elizabethtownsend@example.net,Dallas,53,85191.0
3821,James Wright,krystaltucker@example.org,Seattle,31,59437.0
3822,Michael Kelly,dwilliams@example.com,New York,65,48061.0
3823,Joseph Lewis,rasmussenjerry@example.com,Chicago,62,48753.0
3824,Nicole Salazar,nelsonbrandon@example.com,Denver,64,33453.0
3825,Emily Vasquez,theresa36@example.com,Denver,41,37088.0
3826,Tammy Edwards,ealexander@example.net,Chicago,60,106232.0
3827,Victor Gonzalez,beckrobin@example.net,Chicago,48,107847.0
3828,Regina Schroeder,jbridges@example.org,Dallas,19,49252.0
3829,Alexander Thompson,howard63@example.net,Miami,27,40353.0
3830,Kevin Baker,thomaswilliam@example.net,Seattle,22,31635.0
3831,Todd Garcia,emilykrueger@example.org,Denver,27,53910.0
3832,Mark Jackson,lindamiller@example.org,Austin,65,48364.0
3833,Rachel Payne,meganpatrick@example.com,Boston,48,83939.0
3834,Peter Flores,crystal46@example.com,Miami,46,114521.0
3835,Catherine Parks,joshua11@example.net,New York,36,44583.0
3836,Raymond Patel,christopher67@example.org,Dallas,21,114207.0
3837,Alicia Morgan,harrismargaret@example.net,New York,56,52751.0
3838,Melissa Robinson,xpalmer@example.org,Dallas,18,81955.0
3839,Stephanie Atkins,greenemily@example.org,Denver,61,89545.0
3840,Benjamin Stanley,jamesmorris@example.org,Boston,54,95781.0
3841,Ashley Ramos,rhondasmith@example.org,Boston,63,59794.0
3842,Sherry Foster,taylor70@example.net,Denver,28,65628.0
3843,Wendy Stanley,igraham@example.org,Chicago,51,79487.0
3844,Jamie Yang,aaron67@example.net,Dallas,65,57769.0
3845,Mallory Lopez,porterbobby@example.net,Denver,57,37339.0
3846,Kelli Hoffman,dakota69@example.org,Seattle,43,54077.0
3847,Stephen Lambert,pkirk@example.com,Chicago,70,91398.0
3848,Dawn Jordan,daniel91@example.com,Austin,38,115550.0
3849,Mitchell Cohen,chelseasmith@example.com,Denver,70,79868.0
3850,Laura Sanford,obrewer@example.com,Dallas,21,78690.0
3851,Robert Bolton,hfleming@example.net,Denver,30,65378.0
3852,Scott Hansen,lopezvictoria@example.org,Chicago,24,40198.0
3853,Julie Smith,gregory53@example.org,Miami,56,73970.0
3854,Marcia Sanders,kimberlypeterson@example.org,New York,33,66989.0
3855,Aaron Thompson,wduncan@example.org,Dallas,52,43954.0
3856,Katrina Richardson,wyatt29@example.org,Chicago,31,108264.0
3857,Wyatt Gardner,james91@example.org,New York,66,70516.0
3858,Jerry Mcclure,melissa74@example.com,Seattle,53,56440.0
3859,Jamie Robinson,david21@example.com,New York,33,65280.0
3860,Robert Davis,jaimeduncan@example.com,Chicago,54,104029.0
3861,Madison Mann,huynhmatthew@example.net,New York,54,93413.0
3862,Johnathan Vasquez,mlyons@example.org,New York,21,71232.0
3863,Jonathan Solomon,charles46@example.org,Chicago,37,31111.0
3864,Victor King,kathleenwelch@example.net,Miami,66,67015.0
3865,David Cruz,darius87@example.com,Denver,50,55543.0
3866,Sean Graham,smithjoshua@example.com,Miami,66,81202.0
3867,Troy Cameron,qrhodes@example.org,Miami,26,118432.0
3868,Margaret Kennedy,bradleyperez@example.com,Chicago,39,83383.0
3869,Jennifer Poole,wcook@example.com,Chicago,50,49685.0
3870,Deborah Oneill,chankevin@example.com,New York,55,80084.0
3871,Shannon Willis,nswanson@example.org,Austin,55,34903.0
3872,Wanda Hughes,megan27@example.org,Boston,28,49862.0
3873,Richard Silva,lisa47@example.com,Austin,23,112044.0
3874,Ashley Williams,cmyers@example.com,Chicago,63,60352.0
3875,Patrick Barnes,khernandez@example.com,Seattle,69,119320.0
3876,James Ray,william40@example.org,Dallas,67,51108.0
3877,Lisa Scott,wrice@example.net,Miami,46,47196.0
3878,Ryan Gray,sandrafinley@example.net,Miami,36,77227.0
3879,Andrea Stone,ecasey@example.org,Denver,20,119505.0
3880,Shannon Ware,xgonzales@example.com,Denver,33,57370.0
3881,Matthew Hudson,othomas@example.com,Chicago,27,104304.0
3882,Clinton Mcgee,yjones@example.org,Austin,24,31958.0
3883,Jeffrey Allen,david89@example.com,Dallas,67,70572.0
3884,Matthew Johnson,karlmartin@example.org,Chicago,49,42335.0
3885,Paula Williams,jasonlawrence@example.org,Austin,38,52245.0
3886,James Cobb,davenportstephanie@example.com,Boston,28,38934.0
3887,Valerie Zimmerman,rossmaurice@example.org,Boston,54,77622.0
3888,Jeffrey Hobbs,kimberly94@example.org,Miami,23,39323.0
3889,Greg Olson,johnsonpatrick@example.com,Dallas,63,90390.0
3890,Stephen Peters,amanda53@example.org,Boston,48,63557.0
3891,Kenneth Molina,scottmichael@example.com,Austin,59,48408.0
3892,Kendra Smith,terriortiz@example.com,Chicago,54,93997.0
3893,Holly Owen,bhawkins@example.net,New York,41,67568.0
3894,Toni Stephens,sheltonbobby@example.net,Denver,44,111223.0
3895,Beverly Martinez,starkaustin@example.org,Dallas,46,78068.0
3896,Michelle Nguyen,nbrandt@example.net,Miami,41,40943.0
3897,Mary Fernandez,xknight@example.com,Denver,50,88994.0
3898,Stephen Crawford,kingeric@example.com,Boston,61,35593.0
3899,Rebecca Thompson,wellselizabeth@example.com,New York,65,62088.0
3900,Brian Smith,kathleenweaver@example.net,New York,27,43801.0
3901,Aaron Nguyen,whitetony@example.com,Boston,42,50736.0
3902,Brittany Smith,jessicadouglas@example.org,Denver,22,59235.0
3903,Stephen Ward,stacey16@example.com,Denver,47,117706.0
3904,Lisa Barrett,brownpamela@example.com,Chicago,40,91063.0
3905,Shannon Flores,chanmichael@example.com,Austin,59,100138.0
3906,Laura King,marciahall@example.net,Austin,24,41248.0
3907,John Kerr,kelly83@example.org,Dallas,64,44201.0
3908,Walter Romero,pthomas@example.net,Denver,67,86769.0
3909,Jennifer Mann,simmonslaura@example.com,Seattle,43,73086.0
3910,William Hernandez,richardjones@example.net,Chicago,38,74882.0
3911,Gloria Padilla,xsmith@example.org,Austin,31,92419.0
3912,Krystal Crawford,bcaldwell@example.net,Chicago,35,89582.0
3913,Benjamin Anderson,allisoneric@example.net,New York,52,50413.0
3914,Beth Perez,taracole@example.org,Austin,27,113914.0
3915,Laura Rosales,grichards@example.org,Seattle,38,104475.0
3916,Ashley Nichols,robin11@example.com,New York,56,79844.0
3917,Rebekah Brewer,campbellfrederick@example.org,New York,69,77381.0
3918,Julie Rivas,hturner@example.com,Denver,48,57973.0
3919,Elizabeth Cochran,brandimoore@example.org,New York,31,33007.0
3920,Bobby Frost,heatherthompson@example.net,Denver,35,63039.0
3921,Vanessa Conner,pluna@example.net,Dallas,23,48577.0
3922,Richard Castillo,kenneth43@example.net,Chicago,35,83093.0
3923,Shannon Dean,kstone@example.net,Chicago,37,89168.0
3924,Jamie Woods,rebecca43@example.net,Denver,51,58063.0
3925,Maria Conley,hinesjeremy@example.net,Boston,29,37044.0
3926,Margaret Martinez,aperkins@example.org,Chicago,45,74829.0
3927,Michelle Bradley,guzmanrobert@example.com,Boston,28,56031.0
3928,Mr. Cameron Koch,xreyes@example.net,Miami,44,93127.0
3929,Beth Green,sandrawalker@example.net,Austin,52,51061.0
3930,Kyle Miller,sandra01@example.net,Denver,40,104752.0
3931,John Rodriguez,goodwinjack@example.org,Denver,70,31301.0
3932,Thomas Green,robert00@example.net,Seattle,22,117551.0
3933,Derek Hull,jeffrivera@example.net,Dallas,38,117040.0
3934,Mrs. Rebecca Martin,maryestes@example.net,Miami,18,49727.0
3935,Lisa Cohen,zcobb@example.org,Austin,27,95463.0
3936,Mrs. Linda Clarke,ryandurham@example.net,Miami,25,118335.0
3937,Nicholas Young,alex32@example.net,Denver,34,98248.0
3938,Laura Warner,reynoldsmegan@example.com,New York,46,46478.0
3939,Ryan Collins,shannonburns@example.net,Austin,58,105809.0
3940,Emily Hopkins,kleinjustin@example.net,Chicago,20,58655.0
3941,James Vasquez,jenniferbrady@example.net,Seattle,44,101576.0
3942,Trevor Shepherd,sophia39@example.org,Dallas,56,79487.0
3943,David Andrews,ramirezmelissa@example.net,Seattle,40,57494.0
3944,Leslie White,greg78@example.net,Seattle,61,105607.0
3945,Jesus Wright,mcclainjohn@example.com,New York,41,77683.0
3946,Gerald Soto,brentodom@example.com,New York,37,70234.0
3947,Ryan Hernandez,bmahoney@example.net,Chicago,62,95422.0
3948,Jacqueline Klein,pmoore@example.org,Austin,44,83790.0
3949,Frederick Jones,martinezlorraine@example.com,Miami,40,101102.0
3950,Allen Erickson,stacey58@example.com,Denver,51,74017.0
3951,Kevin Burch,hilledwin@example.net,Chicago,29,90138.0
3952,Megan Shah,ftorres@example.net,Denver,41,53186.0
3953,Jacqueline Watson,andersonjesse@example.org,Dallas,52,87131.0
3954,Patricia Jones,richardlynn@example.net,Denver,36,116455.0
3955,Haley Smith,jessicacollins@example.com,Denver,58,67125.0
3956,Valerie Jensen,srodriguez@example.com,Chicago,23,43606.0
3957,Emily Crawford,shannonphilip@example.org,Chicago,59,32153.0
3958,Jose Banks,robert06@example.org,Denver,24,95064.0
3959,Brandi Christian,patricia63@example.com,Chicago,58,88209.0
3960,Shane Smith,uayers@example.org,New York,60,67998.0
3961,Anthony Lawson,wmason@example.net,Denver,31,59213.0
3962,Linda Murray,torresgina@example.net,Austin,53,79948.0
3963,Allison Mahoney,mcgeebrittany@example.org,Chicago,30,91548.0
3964,Thomas Hubbard,doconnor@example.net,Chicago,40,90810.0
3965,Charles Guerra,medinajamie@example.com,Denver,70,114523.0
3966,Stephanie Douglas,jmays@example.net,Denver,18,79105.0
3967,Walter Kennedy,christopher56@example.net,Seattle,50,67172.0
3968,Gregory Johnson,zcook@example.net,Boston,60,64668.0
3969,Caitlin Mendoza,smithstacy@example.net,Boston,68,84357.0
3970,Roger Ramsey DVM,nunezsherry@example.com,Seattle,18,84336.0
3971,Mark Ellis,robert07@example.net,New York,18,33440.0
3972,Nathaniel Norman,brandonross@example.com,Dallas,68,79074.0
3973,Kelly George,dakota45@example.com,Miami,39,52336.0
3974,Christine Murray,greentimothy@example.net,Denver,33,102841.0
3975,Jeffrey Rose,ecole@example.net,Denver,30,110775.0
3976,John Garcia,btorres@example.org,Denver,21,105740.0
3977,Lawrence Diaz,tclark@example.org,Denver,26,113397.0
3978,Ann Williams,jclark@example.org,Denver,64,52769.0
3979,Brandy Moreno,roy33@example.com,Denver,38,97800.0
3980,Karen Allen,corysimpson@example.net,Dallas,45,60273.0
3981,Mr. Christopher Perry,justin72@example.org,Chicago,63,46558.0
3982,Briana Ortega,stephaniemoses@example.com,Chicago,58,105619.0
3983,Alexander Brown,kenneth08@example.net,Denver,66,112223.0
3984,Mary Willis,ashleycrawford@example.net,Boston,53,50847.0
3985,Joseph Mendoza,nicholas63@example.org,Miami,31,42223.0
3986,Ricky Campbell,kelseybrown@example.org,Chicago,19,87333.0
3987,Donna Edwards,christine30@example.com,New York,58,107763.0
3988,Michelle Rodriguez,redwards@example.com,Dallas,19,111015.0
3989,Brittany Harvey,michaelboyd@example.com,Chicago,54,80122.0
3990,George Chavez,crystal00@example.org,New York,65,47111.0
3991,Andrew Walker,benjamin67@example.com,Austin,58,112772.0
3992,Vanessa Garcia,christian58@example.net,Miami,29,61420.0
3993,Samantha Garcia,kelseyhunter@example.org,Seattle,37,55405.0
3994,Jason Reynolds,hornjeff@example.org,Seattle,64,79559.0
3995,Juan Wise MD,silvapatrick@example.org,Boston,60,36782.0
3996,Gabriel Wells,maria44@example.com,Boston,23,48844.0
3997,Charles Lloyd,heather24@example.net,New York,58,105937.0
3998,Jenna Ramsey,mirandayoung@example.org,Chicago,25,90178.0
3999,Andrew Hahn,gentryanthony@example.org,Chicago,24,48590.0
4000,James Matthews,morakristin@example.net,Boston,34,53675.0
4001,Maureen Ortiz,qmiller@example.com,Chicago,22,94781.0
4002,Rachel Marks,rivaslisa@example.net,Miami,31,81222.0
4003,Ethan Gould,pamelabarber@example.com,Chicago,49,32877.0
4004,Maureen Lewis,novakjeffrey@example.org,Denver,22,93768.0
4005,Craig Jones,rodriguezmichaela@example.net,Chicago,31,85038.0
4006,Emily Rush,sandra32@example.com,Denver,38,113040.0
4007,Jill Matthews,collinsshannon@example.net,Austin,69,51116.0
4008,Aaron Garner,romanraven@example.com,Dallas,37,31329.0
4009,Matthew Gordon,chadgonzalez@example.com,Dallas,60,104356.0
4010,Heather Lozano,leroy22@example.com,New York,25,74932.0
4011,William Greene,gibsonjoseph@example.org,Miami,48,110478.0
4012,Willie Cole,christine99@example.net,New York,28,98386.0
4013,Larry Hall,ericksonphillip@example.net,Boston,25,55276.0
4014,Cody Mccoy,chad60@example.org,New York,52,33019.0
4015,Peter Hayes,shelbywarner@example.net,Dallas,31,77826.0
4016,John Gould,christophercopeland@example.org,Chicago,31,33866.0
4017,Joseph Sullivan,kenneth12@example.com,Miami,26,58804.0
4018,Andrew Galvan,brownscott@example.net,Chicago,64,46591.0
4019,Kyle Mcdowell,ohampton@example.net,Boston,35,93120.0
4020,Leslie Hicks,mcdonaldrachael@example.org,Seattle,23,75685.0
4021,Brian Mcneil,ayates@example.org,Boston,47,94985.0
4022,Travis Hubbard,desireeedwards@example.com,Denver,50,82421.0
4023,Rhonda Cabrera,wallacedakota@example.org,Seattle,34,52670.0
4024,Kenneth Blake,haneyjoshua@example.org,Seattle,61,66842.0
4025,Brandon Mitchell,duffylisa@example.com,Denver,24,106499.0
4026,Jenny Ramirez,jesusstanley@example.com,Boston,28,56978.0
4027,Monica Mercer,nathaniel23@example.net,Austin,45,88478.0
4028,Mrs. Meghan Cardenas,michaelmeadows@example.org,Denver,56,65608.0
4029,Michael Richards,paulpowell@example.com,Miami,57,44097.0
4030,James Rodriguez,dholland@example.org,Denver,45,56177.0
4031,Jesse Nixon,kathryn24@example.net,Miami,41,112929.0
4032,Nathan Hickman Jr.,megan65@example.net,Chicago,46,51921.0
4033,Marc Glenn,qtran@example.org,New York,50,63169.0
4034,Blake Schaefer,joshuagonzalez@example.org,Denver,36,109152.0
4035,Karen Lynch,bpineda@example.org,Miami,43,33924.0
4036,Justin Garcia,malloryford@example.org,Chicago,29,72294.0
4037,Mitchell Price,angel98@example.net,Denver,68,54368.0
4038,Shawn Christensen,nturner@example.net,Miami,33,39521.0
4039,Linda Smith,elaine55@example.com,Seattle,60,78714.0
4040,Shane Greene,johnanderson@example.net,Miami,27,71215.0
4041,Annette Weaver,vsanders@example.net,Chicago,18,71758.0
4042,Heidi Martinez,murphychristine@example.org,New York,63,73105.0
4043,Anthony Williams,bowerslaura@example.org,Seattle,47,104379.0
4044,Nicole Miller,roger61@example.net,Miami,32,103615.0
4045,Justin French,taylorchristopher@example.org,Chicago,42,67173.0
4046,Michael Hawkins,dianalee@example.com,Seattle,51,58503.0
4047,Jaime Berry,duranglenda@example.net,Chicago,53,66444.0
4048,Sarah Woods,emilyrobinson@example.org,Chicago,54,114707.0
4049,Dennis Martinez,pfry@example.net,Denver,61,87043.0
4050,Savannah Mcmillan DVM,ijones@example.org,Miami,70,71958.0
4051,Patricia Moreno MD,andrewlewis@example.org,Seattle,30,36509.0
4052,Victoria Short,castillobryan@example.net,Austin,49,36133.0
4053,Michelle Poole,jakegreen@example.org,Boston,44,45631.0
4054,Jessica Allen,logangarrett@example.net,Chicago,46,52431.0
4055,Ryan Hamilton,copelanddylan@example.net,Miami,55,80181.0
4056,Michelle Gross,tiffanytaylor@example.net,Seattle,54,32787.0
4057,Stephen Trujillo,lbuck@example.com,Boston,19,114366.0
4058,Cynthia Aguilar,megan22@example.com,New York,47,67272.0
4059,Lucas Gill,kevin84@example.org,Dallas,43,34850.0
4060,Nicole Patterson,hhunter@example.org,New York,39,114512.0
4061,Wesley Walker,mscott@example.net,New York,22,91589.0
4062,Erica Porter,randalllogan@example.com,Chicago,69,84405.0
4063,Mary Benson,khale@example.com,Boston,35,71574.0
4064,Tanya Williams,barbara20@example.net,Miami,43,40455.0
4065,Tiffany Mckay,ajackson@example.org,Miami,49,110258.0
4066,Tracy Foster,robinsonjames@example.net,New York,43,69117.0
4067,Joseph Smith,melvin99@example.net,Austin,49,114029.0
4068,Julie Perez,ycordova@example.net,Chicago,41,110999.0
4069,Ronald Davila,kathryn19@example.net,Chicago,19,59362.0
4070,Dawn Hayes,jonestimothy@example.org,New York,70,31362.0
4071,Tracey Bryant MD,whernandez@example.com,Dallas,24,72317.0
4072,Julie Jordan,martinstacy@example.com,Denver,32,52307.0
4073,Caitlyn Clark,danielsmichael@example.org,Chicago,30,78349.0
4074,Travis Lyons,courtneygamble@example.net,New York,62,36880.0
4075,John Nixon,laurenwilliams@example.com,Boston,68,35646.0
4076,Kelly Harris,danaperez@example.com,Chicago,21,69883.0
4077,Dr. Donna Bailey,aaronanderson@example.org,Chicago,34,73165.0
4078,Sarah Pierce,amyking@example.net,Denver,35,52326.0
4079,Michael Moore,ngill@example.net,Dallas,55,90384.0
4080,Austin Weber,michael10@example.org,Chicago,26,71855.0
4081,Stacey Johnson,montgomeryhaley@example.com,Dallas,66,106563.0
4082,Betty Wiley,hannahsmith@example.com,Denver,58,88560.0
4083,Jesse Anderson,benjamin83@example.org,Chicago,51,99152.0
4084,Cheryl Nelson,nataliebowman@example.org,Seattle,54,92642.0
4085,Erin Harris MD,jsaunders@example.net,Austin,35,72193.0
4086,Larry Pitts,bwalker@example.com,Austin,32,42032.0
4087,Sara Ruiz,albert30@example.com,Boston,67,68828.0
4088,Theodore Brown,priceryan@example.com,Chicago,40,103205.0
4089,April Jennings,kelly58@example.org,Seattle,60,114821.0
4090,Nicholas Davis,levans@example.com,Seattle,62,40225.0
4091,Carolyn Smith,kennethwilson@example.org,Chicago,49,37899.0
4092,Albert Bishop,tgilbert@example.com,Seattle,18,117883.0
4093,Nathan Lee,mary55@example.org,Seattle,47,80470.0
4094,Melissa Anderson,nguyenmary@example.org,Seattle,49,43701.0
4095,Miss Makayla Young,jody47@example.com,Miami,31,107401.0
4096,Gerald Berg,caitlinwilliams@example.org,Miami,66,70871.0
4097,Thomas Parsons,luis62@example.com,Austin,59,50184.0
4098,Joshua Medina,fwilliams@example.com,Chicago,26,58676.0
4099,Kevin Montes,scotttamara@example.net,Miami,42,89301.0
4100,Katie Mann,iwilson@example.com,Seattle,67,82455.0
4101,Stephen Bridges,gregoryfrey@example.org,Seattle,22,66416.0
4102,Michael Moyer,donna59@example.org,Denver,28,119950.0
4103,Noah Gomez,cramos@example.com,Boston,54,114984.0
4104,Vickie Davis,kristenmayo@example.net,Chicago,27,90418.0
4105,Michael Blake,jjenkins@example.com,Chicago,65,44444.0
4106,Erika Parrish,millerpaul@example.net,Seattle,19,90404.0
4107,Stephanie Kelly,cbuck@example.org,Dallas,35,33746.0
4108,Mary Brandt,darrenharris@example.com,Austin,60,99584.0
4109,Linda Bennett,sextonjames@example.com,Austin,40,64809.0
4110,Paul Anderson,adrianmcneil@example.com,Chicago,53,41018.0
4111,Steven Yang,jessicaarmstrong@example.net,Miami,45,57795.0
4112,Stephen Singleton,stevenschultz@example.com,Dallas,43,95823.0
4113,Taylor Gaines,jasonrhodes@example.net,Denver,50,73743.0
4114,Kelly Gomez,williamgross@example.net,New York,46,65728.0
4115,Kayla Hunt,paynekatie@example.org,Miami,24,36440.0
4116,Julie Horton,josephpeggy@example.org,Denver,64,85389.0
4117,Julie Crawford,christina94@example.com,Seattle,36,54831.0
4118,Michael Day,molly44@example.org,Denver,29,107863.0
4119,Amanda Powell,juliataylor@example.net,Boston,51,109619.0
4120,Gwendolyn Pena,kayla59@example.org,Austin,51,86828.0
4121,Amanda Mcbride,john98@example.org,Chicago,61,36536.0
4122,Kelli Blevins,murraycatherine@example.net,Seattle,25,58780.0
4123,Helen Wyatt,oromero@example.net,Chicago,21,34677.0
4124,Jason Andersen MD,twoods@example.org,Boston,33,38630.0
4125,Megan Burns DVM,brianramos@example.net,Chicago,35,59683.0
4126,Michael Owens,rdavis@example.net,Denver,43,81496.0
4127,Emily Johnson,vasquezamanda@example.com,Chicago,32,65162.0
4128,Brittany Gonzalez,justin33@example.com,Austin,31,52417.0
4129,Lindsey Anderson,evelyn02@example.org,Seattle,40,113479.0
4130,Zachary Taylor,kedwards@example.com,Boston,63,108159.0
4131,Michael Page,mitchellshannon@example.com,Boston,64,30407.0
4132,Amy Taylor,johnolson@example.org,Chicago,29,95960.0
4133,Ricky Rivera,richardsjennifer@example.com,Austin,65,70019.0
4134,Michael Hatfield,gentryeduardo@example.org,Seattle,28,71302.0
4135,John Jones,qmccann@example.com,Chicago,28,54555.0
4136,Rebecca Lloyd,mirandadaniel@example.net,Miami,47,48590.0
4137,Matthew Davis,timoconnor@example.org,New York,60,92206.0
4138,Erika Kim,jgarcia@example.org,Denver,39,32729.0
4139,Susan Weaver,dianachen@example.com,Dallas,34,40089.0
4140,Douglas Grant,john04@example.com,Dallas,61,31275.0
4141,Robert Peterson,brent63@example.net,Miami,48,106435.0
4142,Aaron Jimenez,sandra33@example.net,New York,49,62441.0
4143,Jason Andersen,bakermadison@example.org,Austin,25,35921.0
4144,Christopher Harmon,richardbennett@example.net,New York,54,119135.0
4145,Dr. Tiffany Coleman,whitegina@example.org,Boston,32,98848.0
4146,Jeremy Rush,moralesstephen@example.net,Dallas,66,49212.0
4147,Mason Moon,hardincarlos@example.com,Chicago,24,69924.0
4148,Carrie Brown,johnnycarr@example.com,Miami,46,94312.0
4149,John Martin,reyesjessica@example.net,Miami,52,63730.0
4150,Melissa Fischer,briannareid@example.org,Austin,34,77748.0
4151,Brooke Gillespie,danielhorn@example.org,Austin,18,76219.0
4152,Bradley Thompson,dwilliams@example.net,Boston,63,73743.0
4153,Charles Hall,rwallace@example.org,Austin,25,65381.0
4154,Anthony Mitchell,travis88@example.com,New York,27,83781.0
4155,Stephanie Mahoney,rossedward@example.net,Seattle,60,48564.0
4156,Sandra Burgess,choitina@example.org,Miami,49,34050.0
4157,Kenneth Brown,jonathan65@example.net,Seattle,54,86455.0
4158,Brenda Ibarra,kortiz@example.com,Miami,31,41701.0
4159,Samantha Lucas,scott45@example.org,Seattle,42,113720.0
4160,Daniel Pierce,taylor88@example.com,Chicago,35,112167.0
4161,Aaron Terry,robert77@example.com,Austin,51,52931.0
4162,Amy Hamilton,rebeccapalmer@example.net,Boston,61,75723.0
4163,Thomas Gardner,raymondbrown@example.net,Miami,43,107220.0
4164,Robert Thomas,emcdaniel@example.net,Denver,35,70543.0
4165,Jamie Wilson,smithjames@example.com,Seattle,20,105958.0
4166,Jose Coleman,paul68@example.net,Miami,57,46116.0
4167,Dakota Vaughn,egray@example.net,Denver,68,89641.0
4168,Makayla Thomas,priscillabeard@example.com,Miami,36,44442.0
4169,Michael Allen,emily41@example.com,New York,49,119853.0
4170,Angela Munoz,angela87@example.org,Dallas,47,119249.0
4171,Bailey Smith,gtucker@example.com,Dallas,51,67982.0
4172,John Banks,ruizjustin@example.com,Dallas,37,93809.0
4173,Jeff Kelley,jessica96@example.com,Boston,22,68630.0
4174,Maria Carter,santiagomark@example.org,New York,47,35367.0
4175,Timothy Duncan,williamstaylor@example.org,Seattle,36,107735.0
4176,Norman Johnson Jr.,brandon54@example.net,Chicago,21,94011.0
4177,Michael Conrad,jacquelinewilliamson@example.org,Boston,18,86403.0
4178,William Jackson,ndiaz@example.net,Miami,60,30084.0
4179,Matthew Craig,danielle96@example.com,New York,34,48051.0
4180,Nicole Hayes,jonathan25@example.org,Miami,36,95797.0
4181,Michael Gilbert,elizabeth20@example.com,Dallas,23,65477.0
4182,Duane Bailey,scottwilliams@example.net,Dallas,64,55785.0
4183,Anna Villanueva,johnpineda@example.net,Denver,55,40579.0
4184,Sheena Clarke,xfigueroa@example.net,Boston,32,34212.0
4185,Jamie Wilson,awang@example.net,Austin,40,62601.0
4186,Jon Davis,qturner@example.org,Denver,45,82312.0
4187,Kelly Gilbert,fblack@example.com,Chicago,34,69586.0
4188,Logan Robertson,stephanierobles@example.net,Boston,29,103912.0
4189,Douglas Williams,sean45@example.org,Denver,61,72268.0
4190,Laura Kim,jonathanhubbard@example.com,Dallas,61,56149.0
4191,Jeremy Garza,valenzuelachristopher@example.org,Boston,26,84566.0
4192,Kelly Owen,haydenjohn@example.net,Seattle,37,69976.0
4193,Jorge Spencer,candace21@example.org,Chicago,37,104273.0
4194,Kenneth Wilson,brianhopkins@example.net,Austin,52,54034.0
4195,Marilyn Steele,richbill@example.org,Denver,68,87264.0
4196,Scott Baker,christina72@example.org,Chicago,26,99018.0
4197,Gary Payne,lynnholmes@example.com,Austin,62,71059.0
4198,Kimberly Garcia,tanyanash@example.com,Miami,47,76424.0
4199,Michael Lynch,sean60@example.com,Denver,47,85116.0
4200,David Bryant,olsonamy@example.com,Denver,47,33627.0
4201,Victoria Hobbs,bakerchristian@example.org,New York,67,85170.0
4202,Mr. Robert Cooper Jr.,rodneylin@example.com,Chicago,66,48426.0
4203,Kathy Banks,ilawrence@example.net,Boston,68,61804.0
4204,John Carter,william74@example.org,Miami,26,111381.0
4205,Aaron Hull,jenniferperkins@example.net,Boston,21,81466.0
4206,Mrs. Stephanie Smith,sydney62@example.net,Dallas,43,117828.0
4207,Matthew Brown,johnhuang@example.net,New York,47,97896.0
4208,Ashley Pittman,kristin79@example.org,Austin,21,41096.0
4209,Richard Bailey,morsechad@example.com,New York,35,115181.0
4210,Robert Taylor,jacquelineallen@example.org,Chicago,39,107901.0
4211,Roberta Johnson,qrogers@example.net,Chicago,70,68086.0
4212,Eugene Hall,tjohnson@example.org,Austin,62,73425.0
4213,Thomas Allen,lewisscott@example.net,New York,25,106626.0
4214,Stephen Santos,ajones@example.net,New York,62,56878.0
4215,Diane Bryant,robert11@example.org,Dallas,53,94920.0
4216,Christine Hale,lstephens@example.net,Dallas,32,118562.0
4217,Kimberly Yates,ubutler@example.net,Dallas,37,112344.0
4218,Hannah Hensley,william63@example.com,Boston,64,30845.0
4219,Michael Phillips,martinmelissa@example.net,Austin,57,56306.0
4220,Gina Jones,robinmills@example.net,Chicago,22,30004.0
4221,Kevin Pruitt,mary94@example.com,Dallas,56,45864.0
4222,Michelle Fox,gregory82@example.net,Chicago,33,56777.0
4223,Wanda Cole,murphybradley@example.org,Chicago,48,33231.0
4224,Sara Jackson,udavis@example.org,Austin,43,37294.0
4225,Christopher Smith,hduffy@example.com,Chicago,37,83026.0
4226,Beth Ramos,igardner@example.com,Austin,29,60792.0
4227,Michaela Strickland,thomasrice@example.net,Boston,70,110315.0
4228,Allen Sanchez,wagnerroberta@example.com,Austin,60,110892.0
4229,Sandra Kim,fryeadrian@example.org,Chicago,45,49168.0
4230,Crystal Walker,lisa57@example.org,New York,29,48571.0
4231,Jeffery Lee,micheleyork@example.com,Seattle,28,97045.0
4232,Dr. Andrew Scott II,janice73@example.org,Seattle,48,92975.0
4233,Patty Walker,georgecooper@example.com,Boston,36,117495.0
4234,Alison Fletcher,bobby25@example.com,Chicago,55,94613.0
4235,Terry Boyd,tinaflynn@example.com,Miami,60,66068.0
4236,Elaine Garcia,imaddox@example.org,Denver,42,44068.0
4237,Kevin Walsh,ricardo73@example.net,Austin,44,85683.0
4238,Richard Russo,tfranklin@example.com,Dallas,19,67148.0
4239,Tammy Baker,oporter@example.org,Austin,25,103952.0
4240,Christopher Charles,justinguzman@example.com,Denver,18,106092.0
4241,Tamara Kim,hopkinsrodney@example.org,Boston,20,114555.0
4242,Lucas Case,susan64@example.org,Austin,20,76494.0
4243,Alexander Peters MD,millersherry@example.org,Dallas,47,90076.0
4244,Tyler Johnston,bensonjohn@example.net,Boston,18,50750.0
4245,Dr. James Stephens II,ddunn@example.com,Miami,50,95956.0
4246,Kimberly Bolton,fernandezandre@example.org,Seattle,40,98820.0
4247,Daniel Bryant,markellis@example.org,Denver,50,38226.0
4248,Joanna Martin,ujones@example.com,Dallas,59,49844.0
4249,Jeffrey Oliver,lterry@example.net,Miami,59,103812.0
4250,Heather Simpson,cheryl55@example.org,Miami,47,48355.0
4251,Erika Wong,tanderson@example.net,Boston,68,116303.0
4252,Brian Palmer,priscilla83@example.net,Boston,43,38940.0
4253,Christopher Edwards,douglas07@example.net,Austin,42,91833.0
4254,Maria Mason,fosterlawrence@example.org,Dallas,54,96450.0
4255,Michelle Davis,travis45@example.org,Boston,26,72477.0
4256,Dan Clarke,thomascruz@example.net,Miami,55,110933.0
4257,Julie Johnson,kevinbrown@example.net,Denver,22,35888.0
4258,Scott Jackson,floydjoann@example.com,New York,64,50863.0
4259,Donna Doyle,brandilutz@example.com,Seattle,24,117197.0
4260,Mathew Bauer,johnstonchristopher@example.net,Chicago,49,119040.0
4261,Juan Williams,michaelarmstrong@example.net,Austin,38,60347.0
4262,Michelle Campbell,qfranklin@example.org,Seattle,24,52806.0
4263,Thomas Young,markrussell@example.org,Denver,66,85057.0
4264,Linda Blevins,harriskevin@example.net,Chicago,21,110203.0
4265,Deborah Shaw,thomas33@example.net,Boston,25,34904.0
4266,Loretta Holt,apatterson@example.org,Chicago,46,79063.0
4267,David Weiss,tateedward@example.org,New York,29,72094.0
4268,Sonya Zimmerman,mcknightbenjamin@example.com,Chicago,62,88918.0
4269,Elizabeth Johnson,hawkinsdeanna@example.net,Denver,26,113544.0
4270,James Jenkins,eric19@example.org,Seattle,30,63095.0
4271,Sheila Johnson,chadrobinson@example.com,Austin,46,118978.0
4272,Justin Velasquez,clintonhaley@example.org,Boston,32,56370.0
4273,Sierra Garrett,tbrown@example.net,Dallas,45,99275.0
4274,Wanda Pruitt,smithdiana@example.net,Seattle,23,106298.0
4275,Kristine Montgomery,uroberts@example.org,New York,58,117642.0
4276,Nathan Harrington,hinesvalerie@example.com,Chicago,31,34356.0
4277,Deborah Richardson,rubiochase@example.net,Dallas,18,77128.0
4278,James Brown,wchavez@example.net,Denver,54,101641.0
4279,Michael Delgado,jeremypetersen@example.net,Chicago,39,54288.0
4280,James Conley,gmoyer@example.net,Austin,30,57194.0
4281,Matthew Farrell,stewartpamela@example.com,Austin,50,76151.0
4282,Tricia Finley,nheath@example.org,Miami,57,103229.0
4283,Sergio Johnson,brittney46@example.net,Dallas,69,38802.0
4284,Tracy Sanders,michelletaylor@example.org,Austin,45,111981.0
4285,Joel Johnson,harmonlucas@example.org,Denver,22,104599.0
4286,Lauren Delacruz,hillbrandon@example.com,Chicago,26,97796.0
4287,Clayton Evans,lloydrichard@example.net,Boston,24,45456.0
4288,Elaine Keith,cindycurtis@example.org,Austin,32,36747.0
4289,Kyle Smith,hlopez@example.com,Miami,19,59362.0
4290,Sara Thomas,andrea54@example.com,Boston,34,81173.0
4291,Seth Lewis,shannonstephanie@example.org,Miami,22,50691.0
4292,Tamara Stone,kimberlyyoung@example.com,Boston,22,100047.0
4293,Susan Kelley,kgonzalez@example.net,Seattle,51,110117.0
4294,Troy Patel,scottjoe@example.com,Boston,43,111087.0
4295,Joseph Gutierrez,zachary74@example.org,New York,52,44532.0
4296,John Davis,rossdaniel@example.com,Austin,34,115620.0
4297,Christopher Ramos,qjohnson@example.com,New York,20,74308.0
4298,Abigail Garcia,johnny15@example.com,Denver,34,56281.0
4299,Brian Collins,jacquelinesnow@example.org,Miami,66,37784.0
4300,James Garcia,mlowery@example.com,Dallas,31,101707.0
4301,Jose Jackson,pattonmatthew@example.net,Miami,66,116944.0
4302,Jamie Bell,gregory68@example.org,New York,33,94691.0
4303,Paul Buckley,vincentdavis@example.com,Chicago,69,103905.0
4304,Christina Wiley,crystal54@example.com,New York,40,39275.0
4305,Heather Jenkins,ojohnson@example.org,Denver,56,110272.0
4306,Anna Moses,edwinrowe@example.org,Chicago,53,92753.0
4307,Jamie Matthews,gloria17@example.net,Dallas,35,35471.0
4308,Christine Yates,amandabarrett@example.org,Chicago,20,95089.0
4309,Erika Shelton,ysmith@example.net,Seattle,59,75908.0
4310,Allen Moran,russellsamantha@example.com,Denver,48,69769.0
4311,Brian Lopez,melissa03@example.com,Seattle,19,37255.0
4312,Lori Hoffman,monicaali@example.com,New York,67,55712.0
4313,Michael Thompson,vreilly@example.net,Denver,61,119600.0
4314,Gabriela Mckinney,lisa95@example.com,New York,53,93199.0
4315,Paul Patterson,kelly17@example.net,New York,42,79444.0
4316,Heather Graham,gcooper@example.org,Dallas,45,85945.0
4317,Ashley Rasmussen,wongsean@example.com,Dallas,25,87403.0
4318,Kevin Logan,brenda35@example.net,Chicago,57,78196.0
4319,Jason Lewis,madelinehenderson@example.net,Miami,30,74974.0
4320,Katelyn Davis,brownsean@example.com,Denver,21,61217.0
4321,Theresa Martinez,daisy57@example.com,Seattle,23,107151.0
4322,Nancy Allen,morgan94@example.net,New York,32,84141.0
4323,Michael Castaneda,colleenvance@example.org,New York,69,31952.0
4324,Gregory Hernandez,daniellewebb@example.net,Seattle,70,37455.0
4325,Kaitlyn Howard,kbarrett@example.net,Chicago,21,46608.0
4326,Daniel Hull,ymcclure@example.com,Austin,29,67040.0
4327,Tiffany Kennedy,petersonann@example.net,New York,38,75831.0
4328,Amy Warren,rmoyer@example.net,Seattle,36,47002.0
4329,Diamond Randolph,freemanbarbara@example.org,Denver,48,116190.0
4330,Barbara Turner MD,patrick11@example.net,Chicago,60,40066.0
4331,Daisy Chang,tcox@example.org,Chicago,34,101256.0
4332,Elizabeth Hull,susanli@example.net,Seattle,49,76787.0
4333,Kimberly Pearson,tara23@example.com,Seattle,46,69677.0
4334,Miss Tracy Hansen DVM,dellis@example.com,Miami,67,102273.0
4335,Stacy Chen,john51@example.org,Boston,59,62008.0
4336,Matthew Wise,piercefrank@example.org,Boston,38,100964.0
4337,Kenneth Richards,awade@example.net,Chicago,21,75434.0
4338,Joshua Ward,andrealewis@example.net,Denver,63,111509.0
4339,Heather Brown,richard82@example.org,Austin,35,40282.0
4340,April Smith,wsmith@example.net,Seattle,26,98287.0
4341,Victoria Griffin,tonyfrank@example.net,Seattle,37,102478.0
4342,Nicole Butler,lwalton@example.org,Seattle,25,78809.0
4343,Jonathan Pittman,duncanpamela@example.net,Dallas,20,60815.0
4344,Jonathan Wheeler,tvasquez@example.net,Austin,59,89475.0
4345,Jason Sutton,ebailey@example.com,Chicago,19,95392.0
4346,Debra Peterson,scott67@example.com,New York,35,66433.0
4347,Donald Ayala,waynegriffin@example.net,Denver,37,41074.0
4348,John Bell,leematthew@example.org,New York,35,109920.0
4349,Amy Kim,randyfrey@example.org,Denver,49,32470.0
4350,Calvin Paul,michael57@example.org,Denver,42,88198.0
4351,Logan Baldwin,duartesteven@example.com,New York,32,56965.0
4352,Amanda James,christopher85@example.org,Denver,29,116497.0
4353,Denise Ross,irichardson@example.com,Denver,52,36849.0
4354,Christina Wolf,brownlauren@example.org,Boston,20,100981.0
4355,Thomas Russell,jamesvasquez@example.org,Miami,19,109788.0
4356,David Hernandez,heidi28@example.org,Miami,34,107458.0
4357,Steven Wall,tylerthompson@example.com,Seattle,66,33584.0
4358,Christine Johnson,jennifersummers@example.net,Miami,64,111465.0
4359,Stacey Smith,douglas34@example.org,Denver,45,37486.0
4360,Jeremy Adams,jesusgill@example.net,Chicago,53,80870.0
4361,Mark Eaton,amandarichardson@example.net,Boston,52,90752.0
4362,Angela Ward,omacdonald@example.org,Denver,54,104488.0
4363,Daniel Garcia,karen17@example.com,Boston,28,79976.0
4364,Janice Smith,tphillips@example.com,Austin,65,61224.0
4365,Nicholas Vazquez,richardsonelizabeth@example.net,Dallas,18,66791.0
4366,Julie Barnett,uroberts@example.org,Boston,23,62759.0
4367,Lori Cole,xboyd@example.net,Boston,39,104852.0
4368,Nicholas Anderson,cynthiaarmstrong@example.org,Denver,20,110681.0
4369,Lisa Lawson,ericamiller@example.com,Boston,41,65225.0
4370,Christopher Wheeler,katherine65@example.com,Boston,68,115594.0
4371,Melanie Luna,martinfoster@example.com,New York,25,70225.0
4372,Nancy Warren,powellstephen@example.com,Miami,34,53433.0
4373,John Pitts PhD,jwright@example.net,Austin,47,32263.0
4374,Luis Zamora,hallmatthew@example.com,Austin,18,91137.0
4375,John Jackson,nguyenashlee@example.com,New York,40,92941.0
4376,Michael Phillips,mperez@example.com,Seattle,44,37678.0
4377,Sylvia Roberts,angelabailey@example.net,Chicago,35,109996.0
4378,Jack Osborne,james70@example.net,Miami,22,87729.0
4379,Andre Hernandez PhD,batesjill@example.com,Dallas,34,66194.0
4380,Jamie Bennett,michaelmyers@example.com,Boston,49,46675.0
4381,Michael Lopez,justinwagner@example.com,Seattle,58,52871.0
4382,Linda Jones,gsmith@example.net,Dallas,57,115980.0
4383,Larry Turner,ufoster@example.org,New York,32,45000.0
4384,Christine Trevino,roberttorres@example.com,New York,29,119711.0
4385,Kristin Duncan,elizabethpalmer@example.net,Austin,55,71593.0
4386,Todd Davis,ynorton@example.net,New York,53,59878.0
4387,Linda Simpson,xcarter@example.net,New York,63,63954.0
4388,Holly Herring,smithmichael@example.com,Boston,19,118917.0
4389,Michelle Barnes,jonathan73@example.net,Miami,52,35863.0
4390,Cynthia Alexander,manningkristin@example.net,Seattle,40,44308.0
4391,Jonathan Armstrong,paul51@example.net,Chicago,50,88171.0
4392,Joshua Shannon,lramos@example.net,Chicago,50,40151.0
4393,Kimberly Young,qhill@example.com,Seattle,31,72701.0
4394,Robert Romero,wesleyfoster@example.net,Miami,70,119262.0
4395,Chase Williams,zramirez@example.net,Denver,22,114133.0
4396,Carol Arias,kim35@example.com,Denver,36,48753.0
4397,Linda Thompson,lopezcurtis@example.com,New York,38,109556.0
4398,Rodney Gordon,smithamy@example.org,Miami,39,83495.0
4399,Eric Howell,tsimmons@example.net,Miami,48,68543.0
4400,Christy Powell,bhill@example.net,New York,28,78274.0
4401,Barbara Harmon,simmonsjacob@example.org,New York,36,49669.0
4402,Amanda Webster,whale@example.net,New York,24,109827.0
4403,Michelle Dawson,littlerebecca@example.org,Seattle,69,71039.0
4404,Ronald Martinez,jasonwatson@example.net,Miami,31,79655.0
4405,Mike Morales,briggszachary@example.com,New York,60,49670.0
4406,Pamela Johnson,kristen73@example.net,Denver,66,115093.0
4407,William Wilkerson,lopezkelly@example.com,Chicago,22,59436.0
4408,Anna Weaver,angelica61@example.net,Denver,52,45891.0
4409,Keith Lane,robingarrett@example.net,New York,56,91909.0
4410,Shawn Rogers,powersjodi@example.net,Austin,38,65282.0
4411,Timothy Jenkins,bmiller@example.net,Seattle,54,68412.0
4412,John Herrera DDS,carlaharris@example.org,Seattle,39,61860.0
4413,Theresa Atkinson,andre19@example.com,Miami,32,89745.0
4414,Victor Robinson,charleslee@example.net,Miami,65,45127.0
4415,Vernon Williams,blake03@example.com,Seattle,46,83729.0
4416,Angel Hickman,jcox@example.com,Miami,23,76135.0
4417,Mitchell Scott,pricedaniel@example.net,Chicago,41,115633.0
4418,Theresa White,vmccormick@example.org,Austin,56,60192.0
4419,Marie Rangel,xvargas@example.org,Austin,68,84899.0
4420,John Davis,wilsonryan@example.net,Seattle,54,46420.0
4421,Bradley Martinez,michellepage@example.org,Seattle,67,83427.0
4422,Lisa Franklin,jameswhite@example.com,Dallas,56,64115.0
4423,Nichole Mack,brianfrench@example.org,Boston,39,71136.0
4424,Duane Bates,speters@example.net,Chicago,23,83543.0
4425,Whitney Ochoa,keithjane@example.net,Denver,50,49450.0
4426,Phillip Dalton,rasmussenmichael@example.com,Austin,58,55965.0
4427,Austin Webster,laurasmith@example.org,Dallas,47,32033.0
4428,Donald Garcia,kingjulie@example.com,Dallas,25,84870.0
4429,Sherri Miles,qmeadows@example.org,Boston,66,102689.0
4430,Kristen Young,qelliott@example.com,Austin,65,43237.0
4431,Heather Wilkins,garzalisa@example.net,Dallas,20,86547.0
4432,Terry Mason,scarey@example.com,New York,62,51880.0
4433,James Wheeler,gabriellelittle@example.com,Chicago,26,97488.0
4434,Amanda Scott,christian29@example.net,Denver,45,76447.0
4435,Manuel Gibson,lvelez@example.com,Dallas,43,102999.0
4436,Megan Burton,shawn69@example.org,Seattle,63,68455.0
4437,Renee Lee,myersmelissa@example.com,Chicago,39,74124.0
4438,Joseph Mccoy Jr.,emily68@example.com,Chicago,64,35929.0
4439,Alexis Church,zanderson@example.com,Chicago,65,76525.0
4440,Angela Blake,utaylor@example.net,Austin,44,112684.0
4441,Adam Lopez,josephpugh@example.net,Austin,65,87106.0
4442,Lynn Hartman,cwebb@example.org,Boston,66,92535.0
4443,James Combs,sunderwood@example.org,Dallas,64,54045.0
4444,Steven Underwood,ncrane@example.org,Chicago,27,31020.0
4445,Brittany Hernandez,susanpeterson@example.com,Miami,61,115118.0
4446,Jeanette Johnson,julie89@example.com,Austin,42,72000.0
4447,Sherry Chavez,coxmelinda@example.com,Austin,29,96672.0
4448,Alejandra Ward,marksaunders@example.org,Boston,67,42700.0
4449,Kayla Watson,nsmith@example.net,Seattle,37,94656.0
4450,Matthew Allen,jessicadawson@example.org,Miami,21,103941.0
4451,Sophia Morse,sabrina31@example.com,Denver,36,72310.0
4452,Margaret Jones,aguirreamanda@example.com,Denver,38,53385.0
4453,Deborah Meadows,erinreid@example.com,Dallas,20,57614.0
4454,Kimberly Norris,brandon21@example.org,Denver,51,66471.0
4455,Joseph Perez,travisbentley@example.net,Miami,24,75527.0
4456,Kelly Shaw,choilinda@example.net,Boston,28,45538.0
4457,Scott Martin,dcooper@example.net,Boston,35,93784.0
4458,Nicole Graham,erinward@example.com,Austin,32,52193.0
4459,Douglas Raymond,michelle63@example.net,Boston,34,109451.0
4460,Joseph Patel,kaitlyngay@example.net,Chicago,32,117350.0
4461,Eric Adkins,danielleharris@example.org,Boston,27,42579.0
4462,John Fox,angelarivera@example.org,Seattle,53,96676.0
4463,Jacob Spencer,williamruiz@example.org,Dallas,19,108432.0
4464,Mrs. Kaitlyn James,ierickson@example.org,New York,52,100505.0
4465,Tracy Evans,qmiller@example.org,Seattle,18,94011.0
4466,John Clark,jenniferprice@example.com,New York,41,56626.0
4467,Ashley Waters,randydavis@example.net,Boston,54,85902.0
4468,Ryan Joseph,scottstephanie@example.org,Austin,51,46538.0
4469,Robert Smith,smiller@example.com,Austin,36,44367.0
4470,Richard Harper,michael74@example.com,Chicago,46,86657.0
4471,Cindy Larson,hdavis@example.net,Austin,34,41385.0
4472,Cristina Cardenas,kristen72@example.net,Dallas,35,117649.0
4473,Luis Johnson,bradyjulie@example.net,Chicago,40,40363.0
4474,Edward Greene,tdiaz@example.net,Seattle,64,39745.0
4475,Robin Love,grossalexandra@example.org,Miami,28,96461.0
4476,Karen Powell,darrellarmstrong@example.org,Miami,35,89436.0
4477,Mr. Jesus Levine II,travisroberts@example.org,Chicago,63,71262.0
4478,Christine Wilson,jacobpitts@example.com,New York,45,43164.0
4479,Andrew Hobbs,robertsjamie@example.org,Miami,30,103160.0
4480,Dr. Sherry Humphrey,laurenpeters@example.com,New York,58,112219.0
4481,Nathan Crawford,stevensjeffrey@example.com,New York,33,47940.0
4482,Zachary Farmer,rsmith@example.com,Denver,32,118257.0
4483,Mitchell Martin,davidrasmussen@example.net,Seattle,34,91618.0
4484,Beth Carpenter,michelegordon@example.net,Dallas,49,54524.0
4485,Justin Green,qanderson@example.net,Austin,36,47274.0
4486,Linda Gonzalez,escobarjennifer@example.com,Seattle,58,41627.0
4487,Yvette Jordan,eileenjohnson@example.com,Seattle,18,86927.0
4488,Vincent Johnson,amy31@example.org,Chicago,49,103103.0
4489,Matthew Baker,adriana49@example.net,Seattle,63,53345.0
4490,Vincent Barrett,jbell@example.com,New York,44,64481.0
4491,Allen Price,taylorfleming@example.com,Denver,58,106532.0
4492,Alicia Hansen,kristinaking@example.net,Seattle,58,75705.0
4493,Michael Barber,sara85@example.net,Austin,51,116106.0
4494,Carol Dean,mberry@example.org,Dallas,37,60394.0
4495,Samuel Lee,frogers@example.org,Boston,60,93577.0
4496,Joel Stone MD,ashley58@example.com,Austin,68,112578.0
4497,Roy Parker,mscott@example.org,Denver,56,76809.0
4498,Connie Cervantes,choidenise@example.com,Austin,36,42652.0
4499,Richard Wyatt,jameslawson@example.net,Seattle,25,67653.0
4500,Sarah Wilson,johnsoncharles@example.org,Denver,46,72650.0
4501,Felicia Fox,parkerisaac@example.org,Seattle,60,85687.0
4502,David Montgomery,greenbrenda@example.org,Chicago,29,90913.0
4503,Sean Warren,ydavis@example.com,Miami,60,44881.0
4504,Michele Smith,cooperrebecca@example.org,Miami,62,82178.0
4505,Tammy James,omurray@example.com,Dallas,67,93404.0
4506,William Silva,zwilson@example.org,Austin,56,84002.0
4507,Judith Reynolds,emilybrown@example.net,Seattle,19,68132.0
4508,Latoya Gonzales,paulapruitt@example.net,Boston,50,58194.0
4509,Mrs. Sarah Brewer,robyn79@example.org,Denver,21,103696.0
4510,Shawn Owens,wilsonmatthew@example.net,Miami,34,118472.0
4511,Sandra Owens,zharris@example.org,Miami,44,81298.0
4512,Sarah Smith,aromero@example.net,Austin,45,82255.0
4513,Kimberly Davidson,cwebster@example.net,Boston,21,65168.0
4514,Larry Gonzalez,vincent79@example.com,Austin,64,58697.0
4515,Tiffany Moon,fhill@example.org,Miami,58,35980.0
4516,Curtis Burns,zbarrett@example.com,Boston,46,83714.0
4517,Rhonda Lindsey,april66@example.net,Seattle,54,51828.0
4518,Kevin Baker,wgarner@example.com,Seattle,67,111957.0
4519,Rhonda Allen,umeadows@example.net,Chicago,57,110052.0
4520,Mark King,john72@example.net,Miami,26,109293.0
4521,Kristin Nelson,oedwards@example.net,New York,64,32767.0
4522,Faith Johnson,wballard@example.com,Denver,23,73684.0
4523,Teresa Mejia,xwarren@example.org,Miami,67,102468.0
4524,Christina Ferguson,lcarpenter@example.net,Chicago,59,36450.0
4525,Danielle Burke,theresa80@example.net,Seattle,41,100185.0
4526,Roberta Johnson,stephenbrown@example.com,Seattle,28,100215.0
4527,Aaron Hobbs,gregorymayo@example.com,Denver,63,60059.0
4528,Emily Williams,rickblack@example.net,Boston,69,51155.0
4529,Kevin Harris,sandra74@example.net,Miami,39,84184.0
4530,Michael Cuevas,vshields@example.org,Seattle,53,62598.0
4531,Samuel Lynn,ygonzalez@example.net,New York,20,32625.0
4532,Deborah Rogers,kimberlyerickson@example.net,Chicago,50,82158.0
4533,Robert Brown,smithcourtney@example.com,Austin,20,50571.0
4534,Robert Rodriguez,danny48@example.com,Boston,37,33177.0
4535,Julia Knight,mharris@example.org,Seattle,58,62415.0
4536,Alison Miller,jason57@example.net,New York,35,46206.0
4537,Michael Kennedy,melissajohnson@example.com,Denver,59,82527.0
4538,Patricia Parks,wjohnson@example.com,Dallas,70,65389.0
4539,Jamie Rose,ryan70@example.com,Chicago,22,39684.0
4540,Ryan Lyons,pughcarol@example.org,Denver,19,31932.0
4541,Jennifer Davis,ashleyanderson@example.com,Dallas,24,107095.0
4542,Jack Newman,susan13@example.org,Denver,30,109389.0
4543,Dr. Jeremy Cook DDS,burnscarl@example.org,Boston,68,72431.0
4544,Nicole Kirk,david06@example.com,Denver,50,33071.0
4545,Andrew Gibson,kathleenbecker@example.com,Boston,35,90149.0
4546,Nicholas Hunt,lindaperez@example.net,Seattle,24,64638.0
4547,Heather Lewis,donna04@example.com,Austin,42,68173.0
4548,Karen Palmer,lopezmichelle@example.net,Denver,23,59131.0
4549,Katie Conner,qlara@example.org,Denver,53,66511.0
4550,Angela Vasquez,julie84@example.com,Austin,36,99888.0
4551,Stacy Pierce DDS,wendy93@example.org,Seattle,42,32256.0
4552,Cody Garrett,xsims@example.com,Austin,64,81595.0
4553,Micheal Peterson,xharvey@example.org,Miami,66,101641.0
4554,Isaiah Clark,nolancatherine@example.net,Chicago,46,59368.0
4555,Jennifer Gonzalez,chunglynn@example.org,New York,43,60423.0
4556,Heather Brandt,joseph03@example.org,Austin,41,92495.0
4557,Marvin Wilson,joshua02@example.net,Chicago,59,70712.0
4558,Tim Johnson,michelleburton@example.com,Miami,27,112564.0
4559,Justin Morse,johnsondavid@example.org,Chicago,24,103516.0
4560,Kim Lyons,imahoney@example.org,Dallas,31,94200.0
4561,Shannon Casey,knightrenee@example.org,Seattle,23,48524.0
4562,Hannah Schmidt,hrobinson@example.com,Denver,57,92064.0
4563,Roger Greene,brendafox@example.net,Seattle,21,94673.0
4564,Ronald Rivera,joel15@example.org,Boston,44,70823.0
4565,Katelyn Heath,kathyberg@example.com,Miami,27,34785.0
4566,Sarah Matthews,gordonjack@example.com,Miami,62,104096.0
4567,John Barnes,rogersmatthew@example.org,Denver,18,65146.0
4568,Timothy Martinez,nluna@example.com,Seattle,66,103716.0
4569,Deborah Shaw,zgarcia@example.com,Austin,52,95511.0
4570,Michael Phillips,brenda15@example.net,Miami,59,60898.0
4571,Kenneth Pena,richard40@example.org,Miami,47,93307.0
4572,Alyssa Cantu,xlarson@example.com,Chicago,24,85797.0
4573,Lindsay Marsh,michealcook@example.net,Chicago,42,46683.0
4574,Antonio Sherman,elizabethgriffin@example.com,New York,28,98149.0
4575,Randall Hayes,rpeck@example.com,Chicago,28,55869.0
4576,Catherine Campbell,martinezwillie@example.org,Austin,25,35119.0
4577,Nancy Burnett,timothyharrison@example.org,Denver,49,52376.0
4578,Antonio Mitchell,patricia94@example.net,Austin,26,101707.0
4579,Laura Mclaughlin,umosley@example.org,Denver,43,31213.0
4580,Casey Byrd,kristin71@example.org,Boston,25,87079.0
4581,Kevin Cooper,conradkimberly@example.com,Boston,64,118694.0
4582,Marcus Moody,yturner@example.org,Boston,51,72255.0
4583,Victoria Henry,msanders@example.org,Miami,54,115225.0
4584,Ruth Fry,joshuacrawford@example.net,Dallas,27,68036.0
4585,Amy Campbell,matthew34@example.com,Seattle,69,110478.0
4586,Victor Barron,sandra21@example.com,Miami,51,109235.0
4587,Tina Alvarado MD,wlyons@example.com,Boston,48,90670.0
4588,Anthony Hoover,katherine49@example.org,Seattle,39,47739.0
4589,Jason Robbins,james71@example.com,Dallas,51,92111.0
4590,Melanie Hansen,claytonrobbins@example.com,New York,38,84565.0
4591,Courtney Hawkins,osbornechristina@example.org,Dallas,27,91668.0
4592,Mary Fisher,debbie01@example.org,Chicago,18,70873.0
4593,Richard Arnold,davismike@example.org,Seattle,30,42300.0
4594,Christopher Mitchell,carrjames@example.net,Austin,39,42414.0
4595,Michelle Shepard,lsanchez@example.org,New York,57,91432.0
4596,Aaron Caldwell,amyfields@example.net,Dallas,22,75934.0
4597,Matthew Crane,allisoncampbell@example.com,Seattle,40,112420.0
4598,Nicole Gutierrez,preynolds@example.net,New York,30,65989.0
4599,Shirley Brock,stephenskerry@example.net,Boston,70,85858.0
4600,Edward Newton,egraham@example.com,Boston,41,111854.0
4601,Robert Parker,scottdeborah@example.org,Denver,34,103546.0
4602,Pamela Gill,crussell@example.net,Seattle,22,107678.0
4603,Erin Davis,twallace@example.com,Dallas,24,58369.0
4604,Caroline Price,talvarado@example.com,Boston,29,64463.0
4605,Leonard Mcgrath,john55@example.com,Chicago,26,98461.0
4606,Matthew Gonzalez,alejandro26@example.net,Denver,39,105452.0
4607,Sarah Mcmillan,ladams@example.com,Boston,69,110725.0
4608,Michael Morton,benjamindavid@example.net,Austin,31,52033.0
4609,Charles Harrington,johnbarton@example.net,New York,68,60386.0
4610,Maria Adams,dtaylor@example.org,Seattle,23,110599.0
4611,David Mann,brian61@example.org,Dallas,27,51603.0
4612,Katherine Turner,tyler30@example.com,Austin,18,72380.0
4613,Erin Cruz,emma76@example.net,Chicago,21,47953.0
4614,Sydney Pollard,jshaw@example.net,Austin,45,117142.0
4615,Stephen Rogers,sabrinawalsh@example.com,Austin,38,69656.0
4616,Debbie Scott,jason63@example.org,Chicago,33,103419.0
4617,Jacob Rodriguez,qkelly@example.com,Denver,42,80532.0
4618,Antonio Hernandez,dramos@example.net,Austin,40,70863.0
4619,Jacob Williams,christopher91@example.net,Miami,51,40249.0
4620,Hannah Raymond,ballardrobert@example.net,Seattle,28,113069.0
4621,Danny Koch,brandon14@example.org,Boston,63,48728.0
4622,Sandra Mckinney,anolan@example.net,Denver,53,87887.0
4623,Charlotte Burns DDS,chandavid@example.org,Austin,62,62838.0
4624,April Williams,doyletravis@example.org,Chicago,53,87070.0
4625,Cameron Miller,michael49@example.com,Miami,29,33315.0
4626,Kyle Cook,thomaswarner@example.com,Miami,47,117823.0
4627,Jessica Bernard,jason83@example.org,Miami,64,85584.0
4628,Sean Burton,vdennis@example.net,Seattle,57,103373.0
4629,Daniel Patterson,larsoneric@example.org,Seattle,42,79047.0
4630,Joshua Bryant,linda37@example.org,Dallas,65,31398.0
4631,Jeremy Levy,bradleysanchez@example.net,Seattle,46,77315.0
4632,Douglas Marsh,robertjenkins@example.com,Seattle,18,106832.0
4633,Casey Harris,strongtammy@example.com,Boston,39,42334.0
4634,Jennifer Thomas,vnguyen@example.org,Miami,34,95902.0
4635,Todd Shannon,richardsnow@example.net,New York,56,65786.0
4636,Jesse Edwards,smithsusan@example.net,New York,59,66038.0
4637,Sylvia Leblanc,lwilliams@example.org,Austin,43,35756.0
4638,Tyler Barton,christophermills@example.com,Boston,35,111955.0
4639,Michael Harris,teresadiaz@example.org,New York,54,33988.0
4640,Crystal Horton,alvingrimes@example.com,Austin,56,112868.0
4641,Morgan Haynes,pittsrobert@example.com,Austin,49,52776.0
4642,Stephanie Perkins,dustinrodriguez@example.net,Austin,65,114875.0
4643,Charles Thompson,robert85@example.net,Chicago,20,78435.0
4644,Erin Rodriguez,thomasaustin@example.org,New York,57,50079.0
4645,Marissa Brown,amy05@example.org,Dallas,26,40855.0
4646,Daniel Mitchell,jennifer36@example.org,Denver,25,37346.0
4647,Abigail Olson,holly37@example.net,Austin,58,38169.0
4648,April Weiss,david43@example.com,Miami,24,101314.0
4649,Amanda Lucas,hartmanalex@example.net,Boston,30,115865.0
4650,Antonio Fuentes,jane92@example.net,New York,39,118079.0
4651,Sandra Walker,samanthaburton@example.net,Miami,63,52179.0
4652,Anna May,oscar17@example.com,Miami,51,31857.0
4653,Jaime Gomez,snyderjodi@example.net,Denver,44,117519.0
4654,Cynthia Gallagher,pollardgina@example.net,New York,22,55289.0
4655,Roger Miller,jobrien@example.org,Dallas,64,64948.0
4656,Matthew Freeman,wandabennett@example.net,Chicago,29,88117.0
4657,Mr. Micheal Scott V,tbell@example.net,New York,35,109761.0
4658,Willie Kelly,tiffanycook@example.org,Seattle,62,96252.0
4659,Isabella Smith,yphelps@example.com,Denver,29,113270.0
4660,Dean White,harrisonnicole@example.com,New York,37,65882.0
4661,Matthew Griffith,qrodriguez@example.org,Miami,25,74754.0
4662,Peter Spence,efrench@example.org,Austin,54,41284.0
4663,Kayla Grimes,johnsoncatherine@example.org,Austin,23,45238.0
4664,Aaron Banks,megan08@example.org,Chicago,29,41326.0
4665,Amber Brennan,victorsullivan@example.org,Dallas,38,107483.0
4666,Haley Anthony,fmarshall@example.com,New York,67,52195.0
4667,Angela Lambert,yanderson@example.net,New York,31,113616.0
4668,Tyler Garcia,ronald96@example.com,Miami,47,40652.0
4669,Victor Cole,suzanne56@example.net,Seattle,37,119245.0
4670,Melissa Mooney,edwardgomez@example.org,Seattle,65,47397.0
4671,Isabella Allen,urobles@example.net,Boston,21,79716.0
4672,Lisa Bell,crawforddaniel@example.com,Boston,29,66564.0
4673,Sherry Sharp,mfowler@example.com,Dallas,54,71358.0
4674,Kristen Simon,qacosta@example.net,Denver,32,54673.0
4675,William Porter,nathanielmercer@example.net,Boston,30,53214.0
4676,Theresa Pena,javier35@example.com,Boston,34,87619.0
4677,Leslie Walton,michaelmejia@example.org,Boston,23,94210.0
4678,Amy James,ronald91@example.org,Miami,55,77659.0
4679,John Ray,khayden@example.org,Miami,67,114125.0
4680,David Johnson,sanchezangela@example.net,Austin,58,52344.0
4681,Frank Long,zacharyrojas@example.com,New York,55,80551.0
4682,David Cameron,rodneyjackson@example.org,Dallas,52,104542.0
4683,Destiny Dunn,gking@example.org,Seattle,62,86866.0
4684,Justin Powell,kellyrichardson@example.com,Miami,59,119393.0
4685,William Owen,bethmiller@example.net,Boston,31,74850.0
4686,Jeffrey Bullock,mcguireashley@example.com,Boston,23,97275.0
4687,Roberta Gonzales,stewarttammy@example.net,Seattle,34,58607.0
4688,Misty Norman,ellisjames@example.org,Austin,34,34121.0
4689,Christine Davidson,michaelshaw@example.net,Chicago,51,116288.0
4690,Michael Simpson,vincentdonald@example.com,Dallas,48,48325.0
4691,Malik Robertson,oscarmiles@example.com,Austin,55,72335.0
4692,Harold Butler,james91@example.com,Miami,54,79533.0
4693,Stacy Gibbs,drakeamanda@example.com,New York,38,43711.0
4694,Kenneth Nelson,joseph10@example.net,Miami,18,50807.0
4695,Elijah Hodge,mgreen@example.com,Denver,48,73871.0
4696,Kevin Wilson,rodriguezalicia@example.org,Miami,59,43134.0
4697,Sherry Mendez,lewiseric@example.net,Dallas,40,70144.0
4698,Jacqueline Maddox,jason48@example.net,Dallas,47,101667.0
4699,Brandon Moran,wyattkevin@example.com,Dallas,66,32850.0
4700,Marvin Harrell,rmitchell@example.org,Austin,69,110820.0
4701,Eric Everett,justin20@example.org,Austin,55,105492.0
4702,Sandra Peterson,laura92@example.org,Denver,64,82341.0
4703,Laura Smith,potterjohn@example.com,Austin,33,63105.0
4704,James Gentry,marissa47@example.net,Miami,56,74286.0
4705,Matthew Butler,sarafox@example.org,Austin,61,82579.0
4706,Kenneth Ayala,myersmatthew@example.org,Boston,20,60710.0
4707,Phillip Miller,aaronjackson@example.com,Chicago,44,85822.0
4708,Katherine Ross,mrobertson@example.com,Boston,54,82527.0
4709,Matthew Miller,joseph33@example.net,New York,28,97135.0
4710,James Simon,taylormatthew@example.net,Dallas,37,108230.0
4711,Andrea Conway,andrea79@example.org,Seattle,54,48290.0
4712,Monica Dunn,padillagregory@example.com,Dallas,60,73666.0
4713,Carolyn Olsen,daycurtis@example.com,New York,23,70537.0
4714,Kevin Lawson,robertsjustin@example.org,Dallas,69,75364.0
4715,Jose Cox,lvalenzuela@example.org,Austin,43,51671.0
4716,Diane Jackson,eric12@example.net,Austin,18,116325.0
4717,Jerry Wu,brettbarrera@example.net,Dallas,30,52553.0
4718,Eric Montgomery,npowell@example.com,Boston,37,40534.0
4719,Melissa Thomas,sheilagreene@example.org,Dallas,33,56649.0
4720,Joyce Barnett,gentrylarry@example.com,Denver,23,62077.0
4721,Laura Ferrell,james21@example.net,Dallas,61,102790.0
4722,Stephanie Garcia,holmesnicole@example.org,Miami,18,92566.0
4723,James Rich,paigeyoung@example.org,Dallas,40,43095.0
4724,Taylor Dudley,dylanbarber@example.net,Austin,53,81648.0
4725,Jennifer Bender,obass@example.org,Seattle,48,117613.0
4726,Mrs. Whitney Edwards DVM,erik86@example.com,Denver,47,61816.0
4727,Robin Wells,collinsdennis@example.net,Chicago,42,46843.0
4728,Willie Peck,bbowman@example.net,Miami,66,47501.0
4729,John Williams,itucker@example.org,Denver,67,72875.0
4730,Matthew White,megan00@example.org,Boston,70,118440.0
4731,Melissa Khan,melissa09@example.net,Denver,56,81622.0
4732,Tracy Thomas,ibrock@example.com,Chicago,40,94003.0
4733,Jeffrey Roberts,kimlisa@example.net,New York,32,109760.0
4734,Christine Thompson,wgoodwin@example.net,Dallas,67,60822.0
4735,Lauren Flores,jeffreysandoval@example.net,Miami,41,74544.0
4736,Timothy Ray,qwong@example.net,New York,57,108534.0
4737,Roy Dunn,eblack@example.net,Denver,22,114617.0
4738,Denise Curtis,michaelsloan@example.net,Seattle,26,95529.0
4739,Joseph Guzman,chadmiller@example.com,Seattle,20,57686.0
4740,Leslie Craig,lucasedwards@example.com,Boston,45,42170.0
4741,Hannah Briggs,simpsonnicholas@example.net,Miami,42,115726.0
4742,Tamara Barrera,donna99@example.com,Dallas,45,49758.0
4743,Gregory Gray,abush@example.org,Boston,37,80700.0
4744,Cynthia Michael,rhonda51@example.net,Austin,20,64212.0
4745,Dawn Ramirez,joshua22@example.com,Denver,29,51435.0
4746,Gabrielle Gonzalez,jeannewton@example.net,Denver,61,97809.0
4747,Edward Perkins,donnagomez@example.net,Chicago,47,40831.0
4748,Sydney Johnson,vjimenez@example.org,Miami,61,43291.0
4749,Vanessa Roman,wperez@example.com,Denver,69,31602.0
4750,Alexandra Castaneda,kingtravis@example.com,Dallas,38,46874.0
4751,Susan Taylor,dennis78@example.com,Denver,61,89597.0
4752,Tina Kaiser,nicolemckenzie@example.org,New York,49,115697.0
4753,Roger Rodriguez,alexanderolivia@example.net,Denver,45,37144.0
4754,Martha Hudson,michaelvalencia@example.net,Boston,45,63901.0
4755,Michael Curry,stephaniewilson@example.org,Chicago,56,89017.0
4756,Evan Perkins,katherinejimenez@example.org,Miami,67,92068.0
4757,Eric Skinner,johntravis@example.org,Miami,52,77823.0
4758,Kathy Martin MD,vdennis@example.net,Chicago,68,53440.0
4759,Megan Johnson,lisapatel@example.net,Denver,52,80262.0
4760,Dana Butler,jennifer00@example.org,Chicago,27,30911.0
4761,Christian Jones,andrew17@example.org,Miami,63,107352.0
4762,Dennis Henderson,ewalters@example.net,Boston,30,97488.0
4763,Ricky Lee,campbellcatherine@example.com,Austin,45,36362.0
4764,Sarah Clark,sydneyramirez@example.net,Austin,36,35222.0
4765,Jon Lewis,kristopheranderson@example.org,Chicago,49,90325.0
4766,Austin Williams,phillipsrandall@example.org,Miami,21,108555.0
4767,Eduardo Gonzalez,matthewcook@example.net,Miami,34,85797.0
4768,Eric Williams,jwolf@example.net,Miami,61,68816.0
4769,Meghan Carlson,rodney72@example.net,New York,52,65027.0
4770,James Norman,despinoza@example.com,Dallas,36,76777.0
4771,Nicolas Hardin,robinsontimothy@example.net,Denver,19,88559.0
4772,Richard Obrien,patelaudrey@example.net,Miami,37,113359.0
4773,Mark Martin,william30@example.com,New York,56,44638.0
4774,Kevin Flores,znoble@example.org,Miami,64,34798.0
4775,Rachel Clayton,juanryan@example.net,Denver,33,52968.0
4776,Vernon Riley,umaxwell@example.net,Chicago,52,42395.0
4777,Mark Pope,nancy58@example.com,Dallas,64,48958.0
4778,Susan Rodriguez,john62@example.org,Austin,45,66004.0
4779,Douglas Torres,katiesilva@example.com,Miami,47,110903.0
4780,Justin King,uperez@example.com,Seattle,70,98623.0
4781,Alejandra Rowland,estuart@example.com,Austin,20,40031.0
4782,Justin Ramirez,mcdanielmichael@example.net,Miami,41,35018.0
4783,Michelle Campos,joseph07@example.net,Dallas,56,113599.0
4784,Megan Bryant,dawnmerritt@example.org,Chicago,42,97191.0
4785,Rebecca Farmer,yangstanley@example.org,Chicago,39,113458.0
4786,Alexa Ramirez,troy11@example.org,Boston,45,82525.0
4787,Brian Wallace,amedina@example.com,New York,29,63666.0
4788,Stephen Cisneros,andrea67@example.org,Chicago,45,45260.0
4789,Dawn Hill,smartinez@example.com,Seattle,54,64206.0
4790,Tonya Brown,anna67@example.org,Boston,57,97376.0
4791,Alan Wilson,aowens@example.org,Seattle,62,36400.0
4792,Gabriel Frank,donna30@example.com,Miami,54,91986.0
4793,Eric Bennett,kbarton@example.net,Seattle,66,87271.0
4794,Mary Scott,fischerdanielle@example.org,Boston,65,54341.0
4795,Tyler Palmer,langscott@example.net,Boston,50,118006.0
4796,Kathryn Lawrence,joseskinner@example.org,New York,56,82254.0
4797,Alex Wyatt,garciasarah@example.org,Dallas,61,67344.0
4798,Jorge Saunders,john31@example.com,Boston,18,83370.0
4799,Melissa Ochoa,hicksdavid@example.com,Seattle,19,84306.0
4800,Bobby Montoya,smithjoseph@example.com,Dallas,35,65003.0
4801,Nicholas Moore,eshaffer@example.com,Austin,56,113211.0
4802,Robert Ponce,jason25@example.org,Miami,24,59009.0
4803,Megan Harris,underwoodjonathan@example.net,Seattle,19,72547.0
4804,Kevin Mora,bowmananthony@example.org,Seattle,22,110135.0
4805,David Morales MD,bowersmichael@example.org,Boston,64,109864.0
4806,William Parker,deborahcoleman@example.com,Austin,55,85150.0
4807,Theresa Goodman,lisa84@example.net,Miami,52,80992.0
4808,Reginald Wilson,rrodriguez@example.com,Austin,53,31647.0
4809,Lisa Baldwin,joseph26@example.net,Miami,39,71896.0
4810,Donald Wilcox,jason58@example.org,Miami,70,88246.0
4811,Cameron Davidson,brian14@example.net,Dallas,47,95401.0
4812,Sarah Collins,whitejames@example.org,Seattle,52,52283.0
4813,Jacob Hall,william35@example.net,Denver,34,82813.0
4814,Joseph Rogers,fstewart@example.net,New York,60,104883.0
4815,Anita Parks,xstokes@example.com,Chicago,58,93771.0
4816,Samantha Barr,henry77@example.com,Miami,23,57204.0
4817,Mr. Theodore Cunningham,laura30@example.com,Miami,37,68249.0
4818,Robert Williams,hughesamanda@example.net,Miami,46,118408.0
4819,Jeanette Payne,susanpowers@example.com,Austin,19,50434.0
4820,Rebekah Crawford,kristenochoa@example.net,Dallas,57,76088.0
4821,Matthew Roberts,gsmith@example.org,Denver,44,33068.0
4822,Stephen King,xmoore@example.com,Boston,53,94324.0
4823,Heather Gonzalez,wwilliams@example.com,Seattle,42,100463.0
4824,Roy Mendez,donaldchen@example.com,Dallas,42,109576.0
4825,Jeremiah Thomas,michaelhurley@example.org,Chicago,24,81871.0
4826,Elizabeth Martinez,nayala@example.org,Seattle,31,44500.0
4827,Matthew Hall,john98@example.net,Boston,29,50855.0
4828,Derek Moore,eric36@example.org,Denver,53,83545.0
4829,Kathryn Lozano,vswanson@example.com,Miami,66,58541.0
4830,Nicole Gomez,megan81@example.org,Denver,56,66553.0
4831,Corey Rodriguez,erin27@example.net,Miami,67,77602.0
4832,Darryl Horn,rachel23@example.net,Chicago,60,112984.0
4833,Jennifer Wade,thomasgarcia@example.com,Miami,50,100205.0
4834,Debra Johnson,tiffany46@example.com,Denver,32,82948.0
4835,Annette Martin,fhall@example.org,Austin,66,90806.0
4836,Hayley Pace,amandamorrison@example.org,Boston,70,88911.0
4837,Matthew Shelton,briana28@example.net,Dallas,29,82435.0
4838,Jessica Velazquez,yhenry@example.com,Boston,18,99817.0
4839,Mario Flores,jay37@example.org,Miami,66,90820.0
4840,Brandi Alexander,cathycarrillo@example.net,Dallas,61,42887.0
4841,Roger Cooper,smithnicolas@example.com,Denver,55,115603.0
4842,Christopher Scott,stephanie86@example.net,Denver,44,83778.0
4843,Janet Tyler,jay71@example.com,Seattle,58,33806.0
4844,Karen Rodriguez,kellyadam@example.net,Seattle,26,109915.0
4845,Ana Chavez,ortegaashley@example.com,Chicago,56,104787.0
4846,Marcus Skinner,ocole@example.org,Denver,19,72601.0
4847,Miss Virginia Small,shelly48@example.com,Seattle,28,104620.0
4848,William Moore,xsantiago@example.net,Austin,61,41923.0
4849,Stephanie Johnson,robertmoran@example.org,Miami,19,108819.0
4850,Kaitlyn Thompson,kmiller@example.org,Denver,53,97021.0
4851,Sarah Cantrell,hector95@example.net,Seattle,28,90000.0
4852,Andrew Young,hesslisa@example.net,Miami,64,61367.0
4853,Julie Bell,yward@example.net,Dallas,48,56186.0
4854,Christopher Smith,bauermichelle@example.net,Miami,26,68401.0
4855,Austin Rogers,stephanienavarro@example.org,Chicago,19,57132.0
4856,Tasha Williams,wsnyder@example.net,Austin,47,62118.0
4857,Kari Peterson,stefanie09@example.com,Austin,33,53183.0
4858,Anne Rogers,christine72@example.org,Austin,50,114066.0
4859,Marco Byrd,seanshaw@example.com,Chicago,69,109168.0
4860,Thomas Roberts,benjaminmcguire@example.org,Miami,28,62094.0
4861,Debra Bates,fleminghaley@example.com,Austin,64,39154.0
4862,John Hughes,sarahjacobs@example.org,New York,65,34236.0
4863,Sue Rodriguez,ccole@example.com,Denver,51,91631.0
4864,Meghan Powers,velliott@example.net,Denver,22,84668.0
4865,Theresa Patel,enelson@example.org,Boston,63,100430.0
4866,Matthew Pineda,bdavidson@example.com,Chicago,63,109557.0
4867,Kathy Weber,umedina@example.org,New York,46,93020.0
4868,Anthony Rasmussen,bailey16@example.net,New York,36,82218.0
4869,Michael Harper,saragreen@example.org,New York,41,82354.0
4870,Mrs. Alexis Alexander,benjamin93@example.com,Austin,45,46260.0
4871,Robert Massey,phillip92@example.com,Chicago,27,64406.0
4872,Stephanie Taylor,basskiara@example.org,Chicago,64,52145.0
4873,Tiffany Moore,tamaraparsons@example.org,Miami,44,116053.0
4874,James Webb,vanessamoore@example.org,Miami,27,61859.0
4875,Juan Peterson,kristin15@example.org,Austin,31,64669.0
4876,Eric Peterson,ajames@example.net,Chicago,39,114152.0
4877,Misty Smith,sabrina83@example.com,Chicago,47,94431.0
4878,Amber Mckay,harrisrenee@example.org,Seattle,66,64078.0
4879,Vanessa Underwood,mmorgan@example.org,Miami,36,88284.0
4880,Erica Oconnor,christina97@example.net,Miami,68,89031.0
4881,Rose Johnson,bsolis@example.org,Boston,54,66083.0
4882,Dominic Bennett,kristin37@example.org,New York,66,48352.0
4883,Rachel Quinn MD,sbraun@example.org,Dallas,51,67805.0
4884,Jeffrey Keller,sallen@example.com,New York,32,78608.0
4885,Shaun Knox,zzimmerman@example.com,Miami,63,68170.0
4886,Nancy Scott,martha66@example.org,Boston,63,50749.0
4887,Donna Ryan,rparker@example.org,Boston,48,87653.0
4888,Isaiah Hall Jr.,swansoncassandra@example.net,Boston,27,46849.0
4889,Jason Fletcher,christophermartin@example.org,Dallas,56,68316.0
4890,Laura Richards,davidhart@example.org,Denver,34,113461.0
4891,Michael Martinez,dorothysmith@example.net,Seattle,19,57742.0
4892,Jorge Leblanc,robert71@example.com,Boston,27,106576.0
4893,Mary Rodriguez,ysantos@example.com,New York,34,77731.0
4894,Ethan Kelley,barbaramcclain@example.com,Denver,48,111062.0
4895,Nancy Wood,yvasquez@example.net,Dallas,40,114390.0
4896,Nicole Ross,lisa66@example.com,Dallas,55,95679.0
4897,Karen Long,david85@example.net,Miami,51,79068.0
4898,Jeffrey Rivera,sara17@example.com,Denver,49,114984.0
4899,Kenneth Medina,lmoreno@example.net,Dallas,51,93183.0
4900,Whitney Mcdonald,joy22@example.org,Dallas,48,79790.0
4901,Michael Spencer,perrycatherine@example.net,New York,60,38487.0
4902,Julie Shelton,rglover@example.org,Miami,32,70541.0
4903,Robert Taylor,bvalencia@example.org,Seattle,32,49672.0
4904,Danielle Mcbride,scottbrian@example.org,Boston,56,45675.0
4905,Cheryl Knight,johnsmith@example.org,Seattle,40,95377.0
4906,Brian Melton,elizabeth65@example.com,Austin,54,113707.0
4907,Erica Mills,nathan45@example.org,New York,65,98697.0
4908,Ashley Jones,robertellis@example.com,Seattle,65,56546.0
4909,Michael Mills,charles79@example.net,Miami,60,34304.0
4910,Jonathan Marquez,douglasmark@example.com,Denver,58,42955.0
4911,Suzanne Reynolds,dianeharris@example.net,Miami,50,38807.0
4912,Laura Page,ebeck@example.com,Boston,53,100091.0
4913,Tammy Murphy,smckee@example.org,Chicago,69,37336.0
4914,Nicole Kaiser,banderson@example.net,Austin,54,98543.0
4915,John Padilla,brittanylong@example.net,Seattle,33,63563.0
4916,Diane Reynolds,mary79@example.com,Dallas,62,115302.0
4917,John Acosta,davisnatalie@example.org,Seattle,32,89777.0
4918,Tara Sweeney,lawsonbrian@example.net,Dallas,20,109840.0
4919,Nathan Lowe,marylopez@example.net,Boston,53,66369.0
4920,Brian Anderson,dana90@example.net,Chicago,65,54905.0
4921,Guy Hogan,margaretochoa@example.net,Chicago,26,98492.0
4922,Michael Hernandez,myersronald@example.org,Boston,21,57227.0
4923,Cynthia Lewis,benjamin24@example.org,Seattle,33,106765.0
4924,Janet Morris,bestalexis@example.org,Austin,47,42880.0
4925,Emily Blackburn,cameron42@example.org,New York,38,113087.0
4926,Douglas Evans,brandon45@example.org,Chicago,30,92691.0
4927,Nichole Lewis,shellyrobertson@example.net,Chicago,46,40929.0
4928,Sonia Franklin,qjohnson@example.com,Austin,30,43090.0
4929,Timothy Harris,solomonalexander@example.com,Seattle,56,93862.0
4930,Justin Young,jacqueline32@example.com,Boston,54,31258.0
4931,Marvin Burns,matthew76@example.org,Denver,25,88017.0
4932,Jeremy Alvarez,matthewcollins@example.org,Seattle,55,113221.0
4933,Timothy White,gsullivan@example.com,Austin,18,62997.0
4934,Danielle Robinson,catherinewhite@example.net,Denver,56,65486.0
4935,Charles Jones,peckcorey@example.com,Austin,58,53138.0
4936,Courtney Wright,kimthomas@example.net,Miami,50,93344.0
4937,Lisa Mcclure,patriciaburnett@example.com,Boston,59,69274.0
4938,Michael Collier,guerracarrie@example.net,Boston,52,62639.0
4939,Connie Ellison,hernandezscott@example.net,Miami,35,118846.0
4940,Michael Cox,fcontreras@example.com,Boston,58,87677.0
4941,Angela Stevenson,lshepard@example.org,Chicago,66,53878.0
4942,Timothy Myers,carly00@example.net,Austin,18,71839.0
4943,David Long,philiproberts@example.org,Austin,49,51381.0
4944,Nicole Elliott,qchapman@example.org,Dallas,22,86625.0
4945,Philip Leblanc,welchsteven@example.org,Boston,24,88090.0
4946,Steve Alexander,luismurray@example.org,Miami,58,100594.0
4947,Katie Khan,udorsey@example.net,Dallas,30,44249.0
4948,Mr. Thomas Lopez,jeffery00@example.net,Seattle,31,70265.0
4949,Anthony Henderson,matthewsimon@example.com,Boston,38,99520.0
4950,Karen Griffin,justin58@example.com,Austin,24,119751.0
4951,Christopher Barrett,ppena@example.com,Boston,57,57563.0
4952,Jason Robinson,jenniferwilkins@example.com,Dallas,38,50498.0
4953,Valerie Santiago,shawna15@example.com,Seattle,67,81935.0
4954,Nancy Cook,nedwards@example.com,Dallas,28,109970.0
4955,Nicole Roth,daniel76@example.net,Dallas,38,97694.0
4956,Heather Montoya,robin65@example.com,Austin,59,108017.0
4957,Richard Davidson,janicewest@example.com,Denver,67,65308.0
4958,Keith Foster,zachary21@example.org,Seattle,34,91863.0
4959,Catherine Clay,christopher45@example.com,Boston,41,49003.0
4960,Kevin Richardson,shawnanderson@example.com,Boston,39,76390.0
4961,Andrew Jones,shariparker@example.org,Miami,46,70372.0
4962,Ryan Williams,walkertommy@example.org,Denver,54,81582.0
4963,Brenda Smith,michaeltodd@example.com,Denver,18,82963.0
4964,Megan Obrien,catherinewood@example.org,New York,44,76348.0
4965,Megan Raymond,ashley28@example.com,Dallas,47,65940.0
4966,Robert Rhodes,james08@example.com,New York,70,56504.0
4967,Christy Lutz,karen67@example.net,Seattle,60,63545.0
4968,Amber Rowland,lanceross@example.com,Boston,41,33103.0
4969,Eric Hoffman,anoble@example.net,Miami,45,80122.0
4970,Madeline Clark,rwagner@example.net,Miami,53,103396.0
4971,Nicholas Moreno,beth56@example.org,Seattle,69,58177.0
4972,Rebecca Bennett,jasongentry@example.org,Austin,35,44003.0
4973,Nicholas Moore,crystaltorres@example.com,Chicago,33,51026.0
4974,Sally Obrien,thomasbrown@example.net,Miami,64,92872.0
4975,Christopher Norman,jonking@example.com,Austin,20,116431.0
4976,Brian Gomez,carol61@example.net,Denver,62,93837.0
4977,James Palmer,waynedunn@example.net,Seattle,35,109522.0
4978,Melissa Sosa,josephking@example.com,Denver,21,43295.0
4979,Nicole Frazier,christopher69@example.net,New York,58,74917.0
4980,Robert Hall,joshua88@example.org,Boston,52,78424.0
4981,Cynthia Garcia,amymartinez@example.net,Austin,36,44553.0
4982,Debra Fisher,ballarddeanna@example.org,Austin,26,39697.0
4983,Johnny Montes II,davisemily@example.org,Miami,67,84234.0
4984,Robert Jones,codyduran@example.org,Dallas,27,107307.0
4985,Mark Allen,coxjavier@example.org,Boston,54,56213.0
4986,Roger Walsh,erikacarter@example.org,Chicago,46,62142.0
4987,Cassandra Jackson,whitedavid@example.net,Miami,54,101642.0
4988,Karen Johnson,whitemichael@example.org,Boston,53,99602.0
4989,Tiffany Davis,utucker@example.com,Boston,62,32864.0
4990,Melissa Smith,vaughndiana@example.net,Dallas,67,38913.0
4991,Dr. Tiffany Bennett MD,lorithompson@example.com,Miami,41,88437.0
4992,Kendra Scott,kristendixon@example.com,Seattle,29,72109.0
4993,Thomas Edwards,ntorres@example.org,Austin,32,90398.0
4994,William Brown,esmith@example.org,Miami,39,56081.0
4995,Charlotte Johnson,brian93@example.net,Boston,34,109117.0
4996,Michelle Smith DVM,justinreeves@example.net,New York,26,45622.0
4997,Ryan Jackson,awade@example.org,Denver,45,81944.0
4998,Kyle Mckinney,josephjones@example.org,Austin,69,36295.0
4999,Noah Bell,xcruz@example.org,New York,50,78952.0
5000,Amanda Martin,danielkim@example.net,New York,54,87305.0
1502,Mary Johnson,sharon95@example.com,Austin,65,115638.0
2587,Matthew Ellis,woodwarderin@example.org,Dallas,66,42387.0
2654,Alexander Merritt,daniel13@example.net,Denver,40,92367.0
1056,Lauren Miller,richard07@example.org,Seattle,37,34224.0
706,Mary Lin,carternicole@example.com,Denver,57,84805.0
107,Dennis Moody,ronaldstephens@example.net,Seattle,55,107924.0
590,Andrew Berry,dennishunt@example.net,Austin,62,48191.0
2469,Jenna Watson,fletcherjanet@example.org,Miami,36,61334.0
2414,Kevin Werner,rodriguezchristina@example.net,Dallas,31,48754.0
1601,Katherine Wells,johnsonanthony@example.net,Dallas,19,90191.0
2465,Michael Davis,gonzalezkendra@example.org,Denver,48,42844.0
229,Amanda Hernandez,xrush@example.com,Seattle,47,63586.0
916,Victoria Dixon,katrinarodriguez@example.com,Boston,68,82022.0
795,Richard King,joshua40@example.net,Denver,70,86059.0
3022,Melissa Barnes,huynhdouglas@example.com,Dallas,50,46662.0
3544,Gary Jones,jrios@example.net,Boston,62,108139.0
1074,Randy Terry,martinezmitchell@example.org,Denver,46,39898.0
3352,Daniel Jones III,garciaalex@example.com,Miami,38,52756.0
1745,William Rodriguez,amarshall@example.net,Denver,43,110473.0
1085,Michael Rosario,jamesmurphy@example.org,Miami,61,36345.0
927,Gregory Howard,brian33@example.org,New York,32,57710.0
3050,Robert Ruiz,kelleyderek@example.net,Boston,59,41603.0
1118,Emily Reyes,scottbaker@example.org,Chicago,33,102534.0
643,David Manning,clarkrandy@example.org,Austin,20,46545.0
4768,Eric Williams,jwolf@example.net,Miami,61,68816.0
502,Martin Wise,wheelerbrandon@example.org,Denver,52,60161.0
4067,Joseph Smith,melvin99@example.net,Austin,49,114029.0
334,Emily Rodriguez,hahnsean@example.com,Chicago,47,45396.0
4685,William Owen,bethmiller@example.net,Boston,31,74850.0
487,Sarah Pittman,kellyruiz@example.net,New York,61,40693.0
