order_id,customer_id,order_date,status,payment_method
1,517,2025-08-28,Delivered,Debit Card
2,730,2026-05-14,Cancelled,UPI
3,511,2026-07-22,Cancelled,Cash on Delivery
4,755,2025-12-07,Pending,Debit Card
5,491,2025-12-25,Returned,Net Banking
6,455,2025-09-13,Pending,UPI
7,269,2026-02-27,Returned,Credit Card
8,271,2026-04-17,Pending,Debit Card
9,308,2025-07-10,Cancelled,Debit Card
10,731,2026-01-03,Cancelled,Net Banking
11,766,2026-04-01,Pending,Debit Card
12,123,2025-01-16,Cancelled,Credit Card
13,415,2025-05-18,Pending,Debit Card
14,763,2026-05-06,Delivered,Credit Card
15,647,2024-10-11,Returned,Credit Card
16,158,2025-02-24,Cancelled,Credit Card
17,798,2026-04-11,Cancelled,Cash on Delivery
18,125,2024-10-25,Delivered,Credit Card
19,966,2025-11-15,Delivered,Cash on Delivery
20,710,2024-11-15,Delivered,Net Banking
21,761,2025-02-02,Cancelled,Credit Card
22,149,2025-03-15,Delivered,Cash on Delivery
23,308,2024-12-15,Pending,UPI
24,510,2026-01-08,Delivered,Cash on Delivery
25,363,2025-03-28,Delivered,UPI
26,650,2024-09-12,Delivered,Net Banking
27,257,2024-11-07,Returned,Debit Card
28,15,2025-07-12,Delivered,Credit Card
29,782,2025-07-26,Pending,Credit Card
30,178,2024-12-17,Delivered,Debit Card
31,532,2025-05-18,Returned,Net Banking
32,487,2025-05-22,Returned,UPI
33,555,2025-08-10,Cancelled,UPI
34,799,2025-04-23,Cancelled,Net Banking
35,740,2026-05-15,Returned,Cash on Delivery
36,954,2026-05-21,Returned,Credit Card
37,327,2024-12-10,Delivered,UPI
38,356,2025-02-24,Returned,UPI
39,122,2026-02-14,Pending,UPI
40,698,2024-11-15,Delivered,UPI
41,936,2025-11-20,Cancelled,Debit Card
42,580,2026-06-28,Returned,Debit Card
43,463,2026-06-07,Returned,Credit Card
44,599,2025-11-14,Pending,UPI
45,289,2025-12-30,Pending,Debit Card
46,354,2026-05-03,Pending,Cash on Delivery
47,997,2026-03-12,Returned,UPI
48,346,2024-12-31,Delivered,Net Banking
49,386,2026-01-08,Pending,Credit Card
50,946,2025-05-16,Delivered,Debit Card
51,588,2024-12-27,Cancelled,Debit Card
52,391,2025-01-06,Returned,Debit Card
53,391,2025-04-24,Delivered,Debit Card
54,965,2024-10-14,Cancelled,Credit Card
55,726,2026-03-24,Delivered,Cash on Delivery
56,782,2025-07-13,Pending,Credit Card
57,736,2025-08-30,Returned,Debit Card
58,550,2026-05-26,Delivered,UPI
59,556,2026-02-13,Pending,Credit Card
60,136,2026-05-10,Cancelled,Cash on Delivery
61,555,2025-05-20,Delivered,Credit Card
62,936,2025-08-29,Pending,Cash on Delivery
63,197,2024-10-27,Pending,Cash on Delivery
64,984,2025-09-28,Delivered,Cash on Delivery
65,940,2025-12-25,Returned,UPI
66,859,2026-01-11,Delivered,Net Banking
67,300,2025-02-10,Delivered,Credit Card
68,462,2025-03-18,Returned,Cash on Delivery
69,456,2026-04-14,Cancelled,Net Banking
70,279,2026-05-24,Pending,Credit Card
72,165,2025-03-14,Delivered,Credit Card
73,471,2025-02-02,Cancelled,UPI
74,311,2026-07-21,Cancelled,UPI
75,517,2025-06-03,Returned,Cash on Delivery
76,47,2025-02-09,Delivered,Cash on Delivery
77,986,2024-12-06,Pending,Cash on Delivery
78,299,2025-09-14,Delivered,Debit Card
79,584,2024-08-07,Cancelled,Debit Card
80,385,2026-03-31,Pending,Credit Card
81,240,2025-01-18,Returned,Net Banking
82,732,2024-08-17,Pending,UPI
83,327,2026-07-22,Delivered,Credit Card
84,804,2026-03-13,Delivered,Debit Card
85,893,2025-12-07,Cancelled,Net Banking
86,120,2025-01-07,Pending,Net Banking
87,582,2025-12-05,Returned,Credit Card
88,470,2026-01-05,Returned,Debit Card
89,446,2026-05-09,Returned,UPI
90,569,2026-02-20,Pending,Debit Card
91,247,2026-01-08,Returned,Debit Card
92,306,2025-03-23,Cancelled,Credit Card
93,247,2026-07-04,Returned,Cash on Delivery
94,53,2026-03-12,Cancelled,Credit Card
95,633,2025-06-27,Cancelled,Net Banking
96,12,2025-06-25,Delivered,Debit Card
97,740,2026-02-23,Pending,Net Banking
98,409,2026-07-28,Returned,Cash on Delivery
99,676,2024-09-24,Returned,Cash on Delivery
100,566,2026-02-10,Pending,Net Banking
101,890,2025-01-18,Returned,UPI
102,453,2025-01-12,Cancelled,Cash on Delivery
103,187,2026-05-03,Cancelled,Debit Card
104,717,2026-01-20,Cancelled,Debit Card
105,607,2025-10-14,Delivered,UPI
106,929,2025-01-07,Returned,Cash on Delivery
107,384,2024-08-22,Cancelled,Debit Card
108,75,2025-08-14,Returned,Credit Card
109,256,2025-04-11,Cancelled,Debit Card
110,350,2025-12-17,Cancelled,Credit Card
111,585,2025-05-07,Cancelled,Debit Card
112,304,2026-06-21,Returned,Cash on Delivery
113,839,2025-10-12,Delivered,Credit Card
114,707,2024-09-15,Returned,Debit Card
115,896,2025-11-22,Returned,Debit Card
116,359,2026-02-12,Delivered,UPI
117,84,2025-10-19,Cancelled,Cash on Delivery
118,112,2026-04-26,Delivered,Debit Card
119,908,2024-08-08,Pending,Debit Card
120,358,2025-04-28,Pending,Cash on Delivery
121,529,2025-06-11,Returned,UPI
122,861,2025-03-04,Pending,Debit Card
123,474,2025-05-01,Returned,UPI
124,559,2026-06-27,Delivered,Cash on Delivery
125,369,2026-03-16,Returned,Cash on Delivery
126,105,2026-07-26,Pending,Net Banking
127,88,2025-04-25,Pending,Debit Card
128,139,2025-03-21,Pending,UPI
129,839,2025-08-25,Cancelled,UPI
130,864,2026-01-29,Returned,UPI
131,434,2026-07-16,Delivered,Credit Card
132,130,2026-01-29,Returned,Credit Card
133,26,2026-07-04,Returned,Credit Card
134,92,2024-08-31,Delivered,Net Banking
135,260,2025-01-01,Pending,Net Banking
136,305,2025-04-15,Delivered,Net Banking
137,912,2025-10-10,Pending,Net Banking
138,473,2025-12-25,Cancelled,Credit Card
139,225,2026-04-01,Returned,Debit Card
140,204,2026-04-12,Cancelled,Net Banking
141,572,2026-05-16,Delivered,Credit Card
142,876,2024-08-27,Delivered,Net Banking
143,675,2026-04-30,Delivered,Cash on Delivery
144,972,2026-07-12,Pending,UPI
145,585,2025-07-23,Pending,Credit Card
146,267,2024-10-20,Delivered,UPI
147,162,2025-08-16,Pending,UPI
148,580,2025-04-25,Returned,Net Banking
149,396,2026-04-18,Delivered,Debit Card
150,783,2024-08-25,Returned,Credit Card
151,836,2025-11-17,Delivered,UPI
152,198,2025-11-14,Pending,Net Banking
153,599,2025-12-17,Returned,UPI
154,232,2026-02-04,Cancelled,Credit Card
155,423,2025-04-05,Delivered,Debit Card
156,849,2026-06-02,Pending,Cash on Delivery
157,866,2025-02-16,Delivered,Credit Card
158,331,2026-02-03,Pending,UPI
159,963,2025-05-28,Delivered,Credit Card
160,926,2026-06-27,Returned,Credit Card
161,684,2025-05-15,Pending,Credit Card
162,893,2026-06-07,Pending,UPI
163,351,2025-08-02,Cancelled,Cash on Delivery
164,377,2026-02-16,Cancelled,Cash on Delivery
165,468,2026-07-20,Returned,UPI
166,528,2025-03-17,Delivered,UPI
167,718,2025-06-03,Returned,Debit Card
168,134,2025-04-29,Pending,Credit Card
169,297,2026-03-02,Returned,UPI
170,511,2025-11-25,Cancelled,Cash on Delivery
171,257,2025-09-24,Cancelled,Cash on Delivery
172,192,2025-01-20,Returned,UPI
173,103,2025-04-28,Cancelled,Cash on Delivery
174,501,2024-12-05,Returned,Net Banking
175,364,2025-09-19,Delivered,UPI
176,608,2025-04-30,Pending,Net Banking
177,897,2025-08-25,Pending,Credit Card
178,549,2026-01-10,Cancelled,Credit Card
179,826,2026-03-17,Returned,Debit Card
180,916,2025-07-06,Returned,Net Banking
181,591,2025-07-31,Cancelled,Net Banking
182,109,2025-05-20,Delivered,Net Banking
183,481,2026-01-28,Returned,UPI
184,701,2025-08-22,Pending,Credit Card
185,68,2025-07-01,Returned,Credit Card
186,125,2024-09-24,Returned,Cash on Delivery
187,708,2025-08-25,Cancelled,UPI
188,239,2025-04-21,Delivered,Net Banking
189,287,2025-01-03,Returned,Credit Card
190,265,2026-05-08,Delivered,Net Banking
191,668,2025-06-06,Returned,Net Banking
192,44,2024-09-12,Cancelled,UPI
193,981,2025-07-10,Returned,Debit Card
194,220,2024-10-09,Delivered,Credit Card
195,644,2025-06-18,Cancelled,Credit Card
196,432,2024-10-03,Pending,Credit Card
197,979,2025-09-06,Cancelled,Debit Card
198,596,2025-09-25,Cancelled,Debit Card
199,391,2025-11-12,Returned,Cash on Delivery
200,399,2026-01-13,Cancelled,Debit Card
201,927,2025-05-12,Returned,Net Banking
202,603,2025-09-20,Delivered,Net Banking
203,845,2024-10-30,Pending,Credit Card
204,559,2026-04-10,Delivered,UPI
205,280,2026-03-07,Pending,Credit Card
206,5,2025-07-09,Cancelled,UPI
207,480,2026-07-10,Returned,UPI
208,815,2026-01-26,Cancelled,Debit Card
209,684,2026-02-27,Cancelled,Cash on Delivery
210,317,2025-05-21,Cancelled,Credit Card
211,666,2026-02-07,Returned,Credit Card
212,532,2024-09-02,Cancelled,Credit Card
213,613,2025-02-12,Delivered,Debit Card
214,29,2024-08-12,Pending,UPI
215,282,2025-10-29,Returned,Net Banking
216,779,2024-12-03,Pending,Net Banking
217,657,2024-10-04,Pending,Credit Card
218,99,2025-07-11,Pending,Debit Card
219,862,2025-11-28,Cancelled,Cash on Delivery
220,806,2026-03-25,Pending,Cash on Delivery
221,614,2025-12-07,Cancelled,Cash on Delivery
222,416,2025-03-13,Cancelled,UPI
223,769,2025-12-13,Cancelled,Credit Card
224,470,2025-07-10,Delivered,Credit Card
225,258,2024-12-08,Delivered,Net Banking
226,688,2025-06-03,Cancelled,Cash on Delivery
227,589,2026-03-19,Pending,Cash on Delivery
228,885,2026-07-07,Cancelled,Debit Card
229,251,2025-02-21,Cancelled,Cash on Delivery
230,779,2025-08-09,Cancelled,Credit Card
231,980,2025-08-24,Returned,UPI
232,899,2024-09-03,Returned,Credit Card
233,980,2026-02-04,Delivered,Debit Card
234,133,2026-05-31,Cancelled,Credit Card
235,701,2025-01-18,Returned,Debit Card
236,553,2025-02-06,Cancelled,UPI
237,682,2024-09-28,Cancelled,Net Banking
238,993,2025-09-12,Cancelled,Cash on Delivery
239,984,2025-06-28,Cancelled,Credit Card
240,765,2025-09-08,Pending,Cash on Delivery
241,751,2024-12-21,Cancelled,Debit Card
242,850,2026-02-17,Cancelled,UPI
243,259,2026-05-21,Returned,Cash on Delivery
244,746,2025-11-28,Cancelled,Debit Card
245,501,2026-02-26,Cancelled,Net Banking
246,301,2025-02-08,Returned,Debit Card
247,419,2026-04-05,Pending,Credit Card
248,791,2025-03-19,Pending,Cash on Delivery
249,657,2026-05-17,Returned,Net Banking
250,756,2025-02-09,Cancelled,Cash on Delivery
251,911,2025-12-20,Cancelled,Credit Card
252,712,2025-06-06,Cancelled,UPI
253,731,2026-04-14,Delivered,Credit Card
254,272,2025-03-02,Pending,Credit Card
255,818,2025-10-11,Returned,Net Banking
256,776,2025-02-04,Returned,Net Banking
257,233,2024-11-29,Returned,Credit Card
258,755,2024-08-15,Pending,Cash on Delivery
259,680,2025-06-17,Returned,Cash on Delivery
260,923,2026-01-21,Pending,Credit Card
261,771,2025-10-18,Cancelled,Net Banking
262,224,2026-03-02,Cancelled,UPI
263,579,2025-03-16,Delivered,UPI
264,901,2025-08-05,Returned,Debit Card
265,162,2024-11-02,Returned,UPI
266,689,2024-11-13,Cancelled,Cash on Delivery
267,218,2025-10-23,Delivered,Credit Card
268,184,2025-07-17,Cancelled,Debit Card
269,433,2025-05-10,Cancelled,Net Banking
270,219,2025-10-07,Cancelled,Cash on Delivery
271,286,2024-11-25,Returned,UPI
272,662,2024-08-07,Returned,UPI
273,82,2024-10-25,Delivered,Credit Card
274,119,2026-01-15,Returned,Net Banking
275,145,2024-08-28,Pending,Credit Card
276,544,2026-07-01,Pending,Net Banking
277,859,2025-02-16,Pending,Cash on Delivery
278,293,2025-10-13,Pending,Cash on Delivery
279,930,2025-12-02,Pending,Cash on Delivery
280,208,2025-07-14,Pending,Cash on Delivery
281,778,2024-12-09,Delivered,Net Banking
282,355,2026-02-13,Returned,Credit Card
283,374,2025-09-08,Pending,Debit Card
284,487,2025-02-11,Pending,UPI
285,911,2024-08-16,Returned,Credit Card
286,209,2026-06-21,Cancelled,Debit Card
287,737,2026-01-11,Delivered,Net Banking
288,870,2025-04-19,Cancelled,UPI
289,963,2025-01-07,Delivered,Debit Card
290,467,2024-09-13,Pending,Cash on Delivery
291,772,2025-05-14,Cancelled,Debit Card
292,637,2025-11-18,Cancelled,Net Banking
293,640,2024-12-11,Cancelled,Credit Card
294,66,2025-10-05,Pending,Net Banking
295,400,2024-12-13,Delivered,Cash on Delivery
296,392,2024-10-13,Returned,Credit Card
297,246,2025-08-16,Delivered,UPI
298,76,2024-10-23,Pending,Credit Card
299,352,2024-09-01,Returned,Credit Card
300,809,2025-07-15,Pending,Cash on Delivery
301,712,2025-08-14,Pending,UPI
302,331,2024-11-09,Cancelled,Net Banking
303,304,2025-01-29,Pending,Net Banking
304,761,2025-07-30,Cancelled,Debit Card
305,443,2025-07-17,Delivered,Debit Card
306,447,2026-04-25,Delivered,Cash on Delivery
307,32,2026-02-15,Cancelled,Credit Card
308,455,2024-09-22,Cancelled,Cash on Delivery
309,74,2025-12-05,Cancelled,Net Banking
310,433,2025-10-03,Returned,Cash on Delivery
311,734,2025-08-20,Returned,UPI
312,555,2025-04-02,Pending,Net Banking
313,516,2025-02-01,Pending,Cash on Delivery
314,62,2026-07-26,Cancelled,UPI
315,920,2024-11-13,Returned,Debit Card
316,826,2025-03-06,Cancelled,UPI
317,417,2025-11-13,Delivered,Net Banking
318,402,2025-02-04,Cancelled,Cash on Delivery
319,199,2025-12-04,Delivered,Debit Card
320,997,2025-08-05,Returned,Cash on Delivery
321,198,2025-05-03,Cancelled,Cash on Delivery
322,621,2026-02-22,Returned,Credit Card
323,14,2025-03-13,Returned,Credit Card
324,208,2025-02-28,Cancelled,Debit Card
325,194,2024-08-18,Returned,UPI
326,44,2024-09-06,Returned,Net Banking
327,579,2024-10-26,Cancelled,Cash on Delivery
328,467,2026-02-26,Pending,Net Banking
329,422,2025-11-27,Pending,Debit Card
330,593,2024-12-04,Returned,Debit Card
331,672,2026-02-03,Pending,Net Banking
332,940,2024-09-15,Delivered,Net Banking
333,206,2025-01-14,Cancelled,Debit Card
334,1000,2026-04-23,Returned,Credit Card
335,907,2024-11-14,Cancelled,Cash on Delivery
336,43,2024-08-29,Delivered,UPI
337,335,2026-07-19,Cancelled,Credit Card
338,141,2026-05-15,Pending,Cash on Delivery
339,222,2025-02-04,Pending,UPI
340,56,2025-09-07,Delivered,Net Banking
341,481,2025-08-03,Pending,Net Banking
342,173,2026-07-27,Returned,Net Banking
343,605,2026-03-04,Pending,Debit Card
344,737,2025-07-31,Cancelled,Credit Card
345,690,2026-04-02,Pending,Credit Card
346,61,2026-05-06,Pending,Cash on Delivery
347,374,2024-10-03,Pending,Credit Card
348,787,2025-08-11,Pending,Net Banking
349,528,2025-09-13,Pending,Credit Card
350,840,2026-05-12,Returned,Net Banking
351,457,2026-07-17,Returned,UPI
352,162,2025-07-24,Returned,Debit Card
353,775,2026-03-24,Delivered,Cash on Delivery
354,240,2025-07-12,Returned,UPI
355,319,2025-06-14,Returned,Net Banking
356,832,2025-03-14,Cancelled,Cash on Delivery
357,370,2026-07-19,Delivered,Net Banking
358,125,2025-03-07,Cancelled,UPI
359,313,2024-08-05,Pending,Debit Card
360,146,2026-07-18,Cancelled,Credit Card
361,343,2024-09-14,Returned,Credit Card
362,673,2025-09-30,Cancelled,Debit Card
363,579,2025-08-31,Delivered,Credit Card
364,761,2026-02-25,Cancelled,Debit Card
366,967,2025-11-17,Delivered,Debit Card
367,499,2024-08-21,Returned,UPI
368,213,2025-01-21,Pending,Credit Card
369,187,2025-05-09,Delivered,Net Banking
370,576,2026-02-21,Pending,Credit Card
371,833,2026-01-23,Delivered,Cash on Delivery
372,516,2025-11-11,Returned,Credit Card
373,284,2024-08-30,Cancelled,UPI
374,956,2025-04-21,Pending,Net Banking
375,883,2024-08-24,Cancelled,Cash on Delivery
376,915,2026-02-17,Pending,UPI
377,949,2026-03-08,Cancelled,Cash on Delivery
379,380,2025-11-29,Cancelled,Net Banking
380,110,2025-06-12,Cancelled,Credit Card
381,110,2025-02-01,Pending,Net Banking
382,632,2026-05-11,Cancelled,Net Banking
383,460,2024-12-10,Cancelled,UPI
384,935,2024-10-19,Delivered,Debit Card
385,376,2026-07-02,Pending,Net Banking
386,809,2024-11-08,Returned,Cash on Delivery
387,653,2024-10-22,Pending,Net Banking
388,806,2025-03-18,Returned,Credit Card
389,686,2024-11-01,Returned,UPI
390,144,2025-01-02,Delivered,Cash on Delivery
391,287,2026-06-16,Cancelled,UPI
392,42,2024-12-26,Cancelled,UPI
393,343,2025-06-20,Returned,Cash on Delivery
394,944,2026-02-23,Pending,Credit Card
395,322,2024-11-21,Cancelled,Debit Card
396,346,2026-03-22,Returned,Net Banking
397,30,2024-12-10,Cancelled,Debit Card
398,485,2026-03-27,Pending,Cash on Delivery
399,699,2026-01-29,Delivered,Credit Card
400,910,2025-08-21,Returned,Cash on Delivery
401,520,2025-02-04,Delivered,Debit Card
402,126,2026-06-09,Pending,Net Banking
403,596,2025-04-29,Returned,UPI
404,125,2026-02-04,Pending,Debit Card
405,4,2025-11-23,Delivered,Debit Card
406,749,2025-10-21,Delivered,Credit Card
407,949,2026-01-24,Cancelled,Cash on Delivery
408,998,2025-03-25,Cancelled,Net Banking
409,520,2025-05-27,Pending,UPI
410,971,2026-06-01,Delivered,Net Banking
411,536,2025-12-01,Cancelled,UPI
412,405,2025-05-01,Cancelled,Debit Card
413,370,2025-02-18,Pending,Cash on Delivery
414,933,2025-10-19,Cancelled,UPI
415,837,2026-04-27,Cancelled,Cash on Delivery
416,191,2025-10-18,Delivered,Net Banking
417,114,2024-12-24,Pending,Cash on Delivery
418,60,2025-01-07,Cancelled,Net Banking
419,632,2026-01-30,Returned,Net Banking
420,61,2025-07-01,Delivered,Net Banking
421,566,2025-12-19,Delivered,UPI
422,176,2024-12-14,Pending,UPI
423,464,2026-03-20,Delivered,Credit Card
424,853,2024-12-27,Returned,Debit Card
425,781,2026-01-24,Returned,Debit Card
426,88,2025-11-30,Delivered,Net Banking
427,703,2024-09-26,Pending,Credit Card
428,682,2025-09-28,Delivered,Cash on Delivery
429,446,2024-10-03,Pending,Cash on Delivery
430,836,2026-05-01,Returned,Net Banking
431,46,2025-12-22,Delivered,Debit Card
432,544,2025-05-31,Delivered,Cash on Delivery
433,617,2025-02-16,Returned,Net Banking
434,448,2025-12-05,Returned,UPI
435,509,2026-05-23,Returned,Cash on Delivery
436,370,2025-09-28,Returned,Net Banking
437,247,2024-09-07,Delivered,Debit Card
438,884,2025-01-31,Returned,UPI
439,718,2024-08-10,Pending,Credit Card
440,940,2026-05-17,Pending,Debit Card
441,975,2025-01-13,Pending,Net Banking
442,999,2025-03-05,Pending,Debit Card
443,239,2026-01-22,Pending,Net Banking
444,353,2026-06-11,Cancelled,Debit Card
445,642,2025-05-02,Cancelled,Credit Card
446,482,2026-05-26,Cancelled,Credit Card
447,307,2026-05-31,Returned,Debit Card
448,810,2025-01-09,Delivered,Debit Card
449,399,2025-04-03,Delivered,Debit Card
450,779,2026-01-26,Cancelled,Debit Card
451,158,2024-09-15,Delivered,Cash on Delivery
452,781,2025-09-01,Delivered,UPI
453,920,2025-06-04,Cancelled,UPI
454,753,2025-12-26,Returned,Credit Card
455,838,2026-01-05,Pending,Credit Card
456,163,2025-12-22,Pending,Credit Card
457,571,2026-03-05,Pending,Cash on Delivery
458,591,2026-02-08,Pending,UPI
459,75,2025-03-26,Cancelled,Debit Card
461,952,2026-06-25,Cancelled,UPI
462,183,2026-05-02,Cancelled,UPI
463,564,2025-07-09,Delivered,Net Banking
464,400,2024-08-21,Delivered,Cash on Delivery
465,209,2024-09-07,Delivered,Credit Card
466,64,2024-12-26,Pending,Cash on Delivery
467,146,2025-02-17,Delivered,Net Banking
468,964,2025-07-06,Returned,UPI
469,894,2026-01-27,Delivered,Credit Card
470,587,2024-09-25,Cancelled,Credit Card
471,230,2026-07-16,Returned,Credit Card
472,261,2025-02-27,Pending,Cash on Delivery
473,423,2025-08-12,Cancelled,Credit Card
474,577,2026-01-16,Pending,Net Banking
475,218,2025-02-18,Returned,UPI
476,308,2024-08-09,Returned,Debit Card
477,917,2024-11-27,Returned,Cash on Delivery
478,706,2025-02-26,Cancelled,Net Banking
479,500,2026-03-18,Returned,Net Banking
480,992,2024-10-24,Pending,Cash on Delivery
481,38,2026-07-29,Returned,UPI
482,225,2024-11-24,Delivered,Net Banking
483,811,2025-06-15,Pending,Net Banking
484,266,2024-12-22,Delivered,Net Banking
485,972,2025-06-30,Cancelled,Debit Card
486,9,2025-05-11,Returned,Net Banking
487,657,2026-04-15,Pending,Cash on Delivery
488,359,2025-05-12,Delivered,UPI
489,690,2025-02-06,Cancelled,Cash on Delivery
490,606,2025-01-02,Delivered,Credit Card
491,347,2025-07-24,Delivered,UPI
492,272,2026-02-06,Cancelled,Net Banking
493,268,2025-09-30,Pending,Cash on Delivery
494,353,2025-05-20,Delivered,Credit Card
495,37,2025-07-10,Cancelled,UPI
496,747,2024-12-10,Delivered,UPI
497,741,2025-11-13,Pending,Cash on Delivery
498,12,2026-03-19,Pending,Cash on Delivery
499,561,2025-11-21,Cancelled,Cash on Delivery
500,406,2025-06-01,Cancelled,UPI
501,348,2026-04-04,Cancelled,Credit Card
502,260,2025-06-01,Pending,Net Banking
503,190,2024-11-08,Returned,UPI
504,546,2025-11-08,Delivered,UPI
505,698,2026-07-01,Delivered,Debit Card
506,813,2025-10-04,Pending,Cash on Delivery
507,790,2025-03-01,Returned,Credit Card
508,728,2025-12-16,Returned,Credit Card
509,386,2025-06-05,Delivered,Net Banking
510,692,2026-02-07,Cancelled,Credit Card
511,272,2026-04-26,Pending,Debit Card
512,111,2026-04-16,Pending,Net Banking
513,673,2026-01-18,Returned,UPI
514,582,2026-07-23,Returned,Net Banking
515,959,2024-11-12,Returned,Credit Card
516,790,2026-05-14,Cancelled,Net Banking
517,65,2026-06-16,Pending,Cash on Delivery
518,104,2026-04-10,Pending,UPI
519,529,2025-07-07,Pending,Debit Card
520,139,2025-03-03,Returned,Debit Card
521,121,2024-12-20,Delivered,Cash on Delivery
522,774,2024-08-29,Returned,Debit Card
523,901,2024-08-06,Returned,Cash on Delivery
524,31,2025-01-06,Pending,Credit Card
525,91,2024-10-28,Delivered,Net Banking
526,986,2025-01-09,Cancelled,Credit Card
527,666,2024-08-15,Cancelled,UPI
528,478,2025-04-18,Pending,UPI
529,963,2025-01-09,Cancelled,UPI
530,701,2024-08-08,Returned,Credit Card
531,779,2025-12-05,Delivered,Net Banking
532,276,2024-08-25,Returned,UPI
533,349,2025-08-23,Pending,UPI
534,241,2025-11-27,Cancelled,Debit Card
535,361,2026-06-11,Cancelled,Cash on Delivery
536,963,2026-05-28,Returned,Net Banking
537,4,2025-11-01,Delivered,UPI
538,483,2025-04-22,Cancelled,Cash on Delivery
539,964,2026-05-14,Returned,Debit Card
540,100,2026-06-29,Returned,UPI
541,403,2026-05-03,Delivered,UPI
542,153,2026-04-14,Delivered,Net Banking
543,585,2026-02-28,Returned,Credit Card
544,143,2024-09-09,Returned,UPI
545,789,2025-06-20,Pending,Credit Card
546,821,2026-04-22,Pending,Credit Card
547,317,2025-10-18,Pending,Credit Card
548,818,2025-09-14,Pending,Debit Card
549,243,2026-01-08,Cancelled,UPI
550,848,2025-07-26,Pending,Debit Card
551,923,2025-07-30,Returned,UPI
552,785,2026-05-26,Returned,Debit Card
553,311,2026-04-21,Returned,Net Banking
554,533,2024-10-17,Returned,Debit Card
555,589,2026-05-10,Pending,Net Banking
556,713,2025-07-27,Cancelled,Cash on Delivery
557,915,2025-11-21,Pending,UPI
558,165,2026-02-24,Returned,UPI
559,428,2024-12-19,Delivered,UPI
560,103,2026-02-11,Pending,Debit Card
561,953,2025-05-21,Returned,Credit Card
562,588,2026-04-05,Delivered,Debit Card
563,750,2025-03-31,Returned,Debit Card
564,153,2024-12-18,Delivered,Credit Card
565,187,2025-12-09,Delivered,Cash on Delivery
566,873,2026-05-30,Cancelled,Cash on Delivery
567,557,2026-05-17,Cancelled,Debit Card
568,164,2025-04-01,Returned,Cash on Delivery
569,960,2026-06-27,Returned,Credit Card
570,579,2025-12-18,Cancelled,Credit Card
571,23,2024-11-18,Cancelled,Cash on Delivery
572,224,2025-11-15,Delivered,UPI
573,257,2025-01-26,Returned,Cash on Delivery
574,990,2024-09-10,Pending,UPI
575,522,2025-05-10,Cancelled,Credit Card
576,500,2024-11-07,Delivered,Net Banking
577,994,2025-05-24,Returned,Net Banking
578,660,2025-07-23,Returned,Credit Card
579,864,2025-05-17,Cancelled,Credit Card
580,36,2025-03-27,Delivered,Debit Card
581,369,2025-05-23,Cancelled,UPI
582,851,2025-10-17,Returned,Debit Card
583,508,2025-07-12,Returned,Cash on Delivery
584,144,2025-04-27,Returned,Net Banking
585,321,2025-02-10,Cancelled,Net Banking
586,956,2024-12-01,Cancelled,Cash on Delivery
587,324,2025-05-13,Cancelled,Debit Card
588,994,2026-05-01,Cancelled,Net Banking
589,564,2024-12-28,Pending,Net Banking
590,22,2025-07-06,Delivered,Cash on Delivery
591,393,2026-07-29,Cancelled,Debit Card
592,396,2026-07-20,Cancelled,UPI
593,193,2025-02-07,Pending,Debit Card
594,173,2025-08-08,Pending,Net Banking
595,10,2026-07-22,Delivered,Credit Card
596,91,2024-08-05,Cancelled,Debit Card
597,39,2026-06-02,Returned,Credit Card
598,597,2025-02-16,Pending,Debit Card
599,938,2025-02-27,Returned,Debit Card
600,558,2024-08-09,Cancelled,UPI
601,994,2024-11-12,Pending,Debit Card
602,954,2026-03-01,Pending,Credit Card
603,378,2026-07-27,Returned,Debit Card
604,889,2026-02-21,Returned,Net Banking
605,263,2025-01-02,Returned,UPI
606,621,2026-06-28,Delivered,Credit Card
607,899,2025-06-09,Pending,UPI
608,443,2025-01-04,Returned,Credit Card
609,765,2025-05-18,Cancelled,UPI
610,459,2026-01-01,Cancelled,Net Banking
611,137,2024-09-20,Pending,Net Banking
612,333,2025-12-03,Returned,Debit Card
613,414,2024-10-05,Pending,Credit Card
614,565,2026-05-31,Pending,UPI
615,103,2025-07-02,Cancelled,Net Banking
616,838,2025-07-16,Returned,Cash on Delivery
617,59,2024-10-04,Cancelled,Credit Card
618,506,2024-09-06,Pending,Net Banking
619,882,2025-07-13,Cancelled,Credit Card
620,267,2025-06-05,Cancelled,UPI
621,231,2025-01-18,Delivered,Credit Card
622,431,2025-02-02,Pending,Debit Card
623,211,2025-04-10,Returned,UPI
624,686,2025-09-02,Delivered,UPI
625,88,2025-04-30,Delivered,UPI
626,981,2026-05-09,Pending,Debit Card
627,890,2026-02-16,Returned,Net Banking
628,159,2025-09-10,Pending,Net Banking
629,73,2026-05-09,Pending,Net Banking
630,921,2024-08-25,Returned,Net Banking
631,734,2025-05-18,Returned,Net Banking
632,24,2026-05-18,Pending,Credit Card
633,429,2026-04-13,Returned,UPI
634,224,2025-03-02,Returned,Debit Card
635,978,2026-07-28,Returned,Debit Card
636,806,2026-01-12,Pending,Debit Card
637,750,2025-05-24,Pending,Net Banking
638,812,2025-12-29,Pending,Debit Card
639,988,2025-08-16,Cancelled,Cash on Delivery
640,688,2025-04-08,Delivered,UPI
641,147,2025-07-17,Cancelled,Debit Card
642,703,2026-03-06,Cancelled,Net Banking
643,990,2024-10-04,Delivered,Debit Card
644,994,2024-12-24,Returned,Credit Card
645,836,2025-12-28,Delivered,Debit Card
646,357,2025-12-15,Cancelled,Cash on Delivery
647,553,2025-06-12,Delivered,Net Banking
648,911,2025-07-12,Delivered,Cash on Delivery
649,55,2024-10-02,Delivered,UPI
650,590,2026-05-24,Returned,Credit Card
651,23,2025-12-23,Pending,UPI
652,428,2026-04-21,Delivered,UPI
653,725,2024-08-25,Returned,Cash on Delivery
654,564,2025-06-27,Returned,Debit Card
655,293,2025-09-23,Delivered,Cash on Delivery
656,398,2026-04-17,Delivered,Cash on Delivery
657,843,2026-07-16,Cancelled,Net Banking
658,195,2026-06-21,Returned,Net Banking
659,907,2024-12-26,Returned,Debit Card
660,203,2025-01-31,Cancelled,Credit Card
661,545,2025-04-30,Returned,Cash on Delivery
662,699,2026-02-08,Pending,Cash on Delivery
663,203,2025-09-15,Delivered,Net Banking
664,243,2026-05-25,Returned,Net Banking
665,652,2025-06-13,Cancelled,Net Banking
666,236,2025-09-11,Delivered,Credit Card
667,701,2026-05-22,Delivered,UPI
668,958,2024-12-09,Delivered,Cash on Delivery
669,544,2025-12-28,Returned,UPI
670,309,2026-04-25,Returned,UPI
671,438,2025-11-26,Pending,Net Banking
672,901,2026-03-10,Returned,Cash on Delivery
673,81,2025-01-08,Delivered,UPI
674,975,2025-03-02,Cancelled,Credit Card
675,400,2026-07-23,Cancelled,UPI
676,866,2025-05-29,Pending,Debit Card
677,54,2026-05-02,Delivered,Cash on Delivery
678,856,2024-11-11,Returned,Cash on Delivery
679,536,2025-11-04,Cancelled,Cash on Delivery
680,896,2025-10-20,Delivered,Debit Card
681,646,2024-12-10,Cancelled,Debit Card
682,148,2025-10-05,Pending,Credit Card
683,656,2025-06-13,Pending,Debit Card
684,95,2025-06-18,Cancelled,Cash on Delivery
685,155,2025-01-08,Delivered,Debit Card
686,969,2025-05-25,Cancelled,Net Banking
687,903,2025-02-28,Pending,Cash on Delivery
688,133,2025-07-07,Pending,Credit Card
689,979,2026-06-18,Returned,UPI
690,422,2025-10-29,Pending,Credit Card
691,298,2024-11-09,Cancelled,Net Banking
692,304,2026-06-02,Delivered,Cash on Delivery
693,998,2026-07-14,Cancelled,Cash on Delivery
694,458,2025-07-22,Returned,Debit Card
695,514,2025-09-06,Delivered,Net Banking
696,652,2024-08-22,Pending,Net Banking
697,718,2025-08-03,Returned,Cash on Delivery
698,349,2025-03-12,Pending,Credit Card
699,406,2024-10-05,Delivered,Debit Card
700,630,2024-12-13,Returned,UPI
701,783,2026-06-14,Pending,UPI
702,426,2025-07-16,Delivered,Cash on Delivery
703,926,2026-06-02,Cancelled,Credit Card
704,102,2026-05-19,Pending,UPI
705,371,2025-07-02,Cancelled,Debit Card
706,595,2025-06-09,Returned,Cash on Delivery
707,689,2025-01-19,Returned,Net Banking
708,6,2026-05-16,Cancelled,UPI
709,345,2024-10-27,Delivered,UPI
710,823,2024-08-29,Returned,Credit Card
711,333,2025-04-02,Cancelled,Credit Card
712,177,2025-09-26,Delivered,Credit Card
713,773,2026-03-11,Delivered,UPI
714,203,2025-03-23,Cancelled,Net Banking
715,781,2026-04-19,Cancelled,Net Banking
717,50,2026-01-02,Pending,UPI
718,289,2025-03-14,Returned,Debit Card
719,627,2024-10-17,Cancelled,Debit Card
720,327,2024-09-21,Delivered,UPI
721,346,2025-12-24,Pending,Debit Card
722,737,2025-04-02,Pending,Credit Card
723,639,2024-12-20,Returned,Credit Card
724,159,2024-11-15,Delivered,Net Banking
725,193,2025-10-03,Pending,Credit Card
726,738,2026-03-12,Pending,Credit Card
727,332,2025-05-11,Pending,Net Banking
728,720,2025-11-08,Delivered,Net Banking
729,882,2026-01-03,Pending,Credit Card
730,286,2024-08-13,Returned,UPI
731,66,2025-08-10,Pending,UPI
732,252,2024-12-11,Cancelled,Credit Card
733,338,2025-09-09,Pending,Net Banking
734,26,2026-05-11,Delivered,UPI
735,329,2025-05-09,Cancelled,Cash on Delivery
736,748,2024-12-18,Cancelled,Cash on Delivery
737,467,2025-10-26,Pending,Debit Card
738,598,2025-04-14,Delivered,Net Banking
739,61,2025-12-16,Pending,Net Banking
740,326,2025-03-02,Cancelled,Net Banking
741,305,2025-08-23,Delivered,Net Banking
742,48,2025-09-24,Cancelled,UPI
743,94,2026-06-26,Cancelled,Debit Card
744,820,2026-02-14,Returned,Debit Card
745,417,2025-04-11,Pending,Credit Card
746,860,2025-04-07,Cancelled,Cash on Delivery
747,48,2025-05-12,Delivered,Credit Card
748,932,2025-05-23,Pending,Net Banking
749,683,2025-07-25,Cancelled,Debit Card
750,308,2025-04-24,Cancelled,Credit Card
751,511,2026-03-18,Cancelled,Credit Card
752,894,2026-03-19,Pending,Credit Card
753,394,2025-05-23,Cancelled,Cash on Delivery
754,27,2025-03-25,Delivered,Cash on Delivery
755,914,2024-10-26,Returned,UPI
756,972,2024-10-15,Pending,Credit Card
757,73,2025-04-05,Pending,UPI
758,91,2024-11-06,Pending,Credit Card
759,170,2025-06-05,Cancelled,Credit Card
760,537,2026-05-26,Pending,Net Banking
761,437,2025-06-18,Delivered,Cash on Delivery
762,383,2026-04-20,Cancelled,Cash on Delivery
763,36,2025-06-16,Pending,UPI
764,872,2026-03-27,Delivered,Debit Card
765,446,2025-05-01,Delivered,Net Banking
766,894,2025-02-16,Pending,Cash on Delivery
767,29,2024-12-02,Cancelled,Credit Card
768,3,2025-02-15,Returned,Debit Card
769,809,2025-05-31,Delivered,Credit Card
770,291,2025-06-26,Pending,Credit Card
771,185,2026-01-28,Pending,Credit Card
772,837,2025-04-26,Returned,Net Banking
773,436,2025-03-23,Pending,Credit Card
774,484,2025-05-22,Pending,Credit Card
775,499,2024-12-15,Delivered,UPI
776,817,2026-05-05,Pending,Cash on Delivery
777,530,2024-08-30,Pending,Cash on Delivery
778,377,2025-02-12,Returned,Cash on Delivery
779,117,2026-06-13,Delivered,UPI
780,964,2024-08-07,Pending,Credit Card
781,754,2026-02-05,Returned,Credit Card
782,76,2025-07-14,Returned,Credit Card
783,482,2025-09-29,Delivered,Net Banking
784,848,2026-06-23,Pending,Net Banking
785,375,2024-09-17,Cancelled,Net Banking
786,843,2025-02-15,Delivered,Debit Card
787,123,2025-02-28,Returned,Net Banking
788,903,2026-05-10,Delivered,UPI
789,291,2025-12-12,Cancelled,Net Banking
790,685,2025-12-08,Cancelled,Cash on Delivery
791,419,2024-10-19,Pending,Debit Card
792,332,2026-01-12,Delivered,Debit Card
793,194,2024-12-24,Cancelled,Credit Card
794,398,2026-06-12,Pending,Debit Card
795,701,2025-12-05,Cancelled,Net Banking
796,83,2026-07-30,Returned,UPI
797,644,2025-04-05,Returned,Net Banking
798,376,2026-04-27,Pending,UPI
799,671,2025-05-11,Pending,Debit Card
800,533,2025-02-21,Cancelled,Cash on Delivery
801,6,2025-12-08,Delivered,Debit Card
802,290,2025-01-23,Pending,Cash on Delivery
803,207,2026-04-06,Cancelled,Credit Card
804,979,2024-11-19,Delivered,UPI
805,155,2025-02-08,Pending,Cash on Delivery
806,778,2025-03-09,Cancelled,Net Banking
807,578,2026-01-16,Pending,Cash on Delivery
808,743,2026-03-15,Delivered,Debit Card
809,473,2025-05-10,Delivered,Debit Card
810,99,2024-11-12,Returned,UPI
811,284,2026-06-22,Pending,Cash on Delivery
812,734,2026-06-19,Delivered,Credit Card
813,158,2024-08-28,Returned,UPI
814,885,2026-05-12,Returned,Credit Card
815,308,2025-08-21,Returned,Debit Card
816,711,2025-08-20,Cancelled,Cash on Delivery
817,213,2024-12-17,Returned,Debit Card
818,263,2025-05-09,Cancelled,Credit Card
819,166,2026-02-26,Pending,Net Banking
820,735,2024-12-04,Returned,Cash on Delivery
821,937,2024-11-25,Cancelled,Net Banking
822,964,2025-06-01,Delivered,Debit Card
823,724,2025-11-26,Cancelled,Cash on Delivery
824,332,2026-04-10,Pending,UPI
825,813,2025-03-22,Delivered,Credit Card
826,793,2024-11-19,Delivered,Debit Card
827,591,2024-08-28,Pending,Debit Card
828,824,2025-01-07,Delivered,UPI
829,190,2026-07-10,Returned,Cash on Delivery
830,677,2025-06-05,Returned,Net Banking
831,679,2024-12-26,Delivered,Debit Card
832,343,2026-03-20,Returned,Debit Card
833,860,2026-04-08,Cancelled,Cash on Delivery
834,364,2026-04-01,Delivered,UPI
835,439,2025-04-20,Returned,Debit Card
836,292,2025-08-02,Returned,Cash on Delivery
837,823,2025-07-09,Pending,Debit Card
838,838,2025-04-27,Cancelled,Credit Card
839,98,2025-08-10,Delivered,UPI
840,253,2025-09-15,Returned,Credit Card
841,443,2024-08-03,Cancelled,Cash on Delivery
842,873,2024-12-30,Pending,Cash on Delivery
843,896,2026-06-29,Pending,UPI
844,539,2025-04-29,Pending,Cash on Delivery
845,183,2025-02-27,Cancelled,UPI
846,280,2026-01-12,Cancelled,Credit Card
847,556,2024-09-11,Delivered,Credit Card
848,111,2026-07-22,Pending,Debit Card
849,297,2025-08-01,Returned,UPI
850,212,2026-07-04,Returned,Credit Card
851,411,2026-03-15,Delivered,Debit Card
852,822,2025-09-21,Returned,Credit Card
853,359,2025-10-02,Returned,Cash on Delivery
854,365,2025-02-06,Returned,Net Banking
855,8,2025-10-25,Cancelled,Debit Card
856,42,2024-09-16,Pending,Net Banking
857,863,2024-12-26,Delivered,Debit Card
858,522,2024-10-03,Pending,Cash on Delivery
859,722,2025-03-19,Cancelled,Cash on Delivery
860,154,2026-03-30,Delivered,Cash on Delivery
861,223,2024-08-13,Pending,UPI
862,742,2025-10-08,Delivered,Debit Card
863,225,2025-03-04,Returned,Cash on Delivery
864,152,2026-04-16,Cancelled,Cash on Delivery
865,865,2024-11-23,Cancelled,Cash on Delivery
866,573,2025-07-23,Cancelled,Debit Card
867,821,2025-10-06,Cancelled,Cash on Delivery
868,352,2025-08-03,Pending,UPI
869,530,2025-09-07,Delivered,Cash on Delivery
870,23,2024-11-07,Returned,Credit Card
871,964,2024-09-25,Returned,Credit Card
872,110,2026-05-07,Pending,Debit Card
873,671,2025-09-27,Cancelled,Credit Card
874,669,2026-02-18,Cancelled,Debit Card
875,297,2024-12-05,Returned,Cash on Delivery
876,460,2025-02-26,Returned,UPI
877,847,2026-07-19,Pending,Credit Card
878,327,2024-10-26,Cancelled,UPI
879,579,2025-05-20,Cancelled,UPI
880,209,2025-09-09,Returned,Net Banking
881,913,2025-04-16,Pending,Debit Card
882,602,2025-06-08,Returned,Net Banking
883,866,2025-09-16,Returned,Debit Card
884,936,2024-08-24,Delivered,Debit Card
885,267,2026-03-06,Cancelled,Debit Card
886,326,2025-09-23,Returned,Net Banking
887,656,2025-03-07,Delivered,Cash on Delivery
888,945,2026-03-04,Cancelled,Net Banking
889,75,2025-10-03,Pending,Net Banking
890,767,2025-04-20,Returned,Net Banking
891,395,2024-09-30,Cancelled,Credit Card
892,563,2025-05-20,Delivered,Net Banking
893,267,2024-12-13,Delivered,Net Banking
894,225,2024-10-31,Returned,UPI
895,799,2026-01-17,Returned,Credit Card
896,98,2025-08-02,Pending,Credit Card
897,799,2025-07-20,Cancelled,Credit Card
898,701,2025-06-13,Returned,Credit Card
899,448,2025-11-09,Cancelled,Cash on Delivery
900,140,2024-11-27,Delivered,UPI
901,26,2024-12-07,Cancelled,Credit Card
902,695,2024-09-02,Cancelled,Cash on Delivery
903,310,2025-05-31,Cancelled,Cash on Delivery
904,202,2024-09-09,Pending,Cash on Delivery
905,841,2025-06-11,Delivered,Debit Card
906,252,2025-07-07,Pending,Credit Card
907,782,2025-12-03,Cancelled,Cash on Delivery
908,74,2024-08-04,Delivered,Net Banking
909,392,2026-04-30,Pending,Net Banking
910,572,2025-11-03,Delivered,Credit Card
911,88,2026-04-14,Returned,UPI
912,736,2025-10-13,Delivered,Debit Card
913,950,2025-04-01,Cancelled,Debit Card
914,459,2026-03-20,Cancelled,Credit Card
916,958,2025-03-31,Returned,Debit Card
917,979,2025-05-07,Returned,Credit Card
918,890,2026-06-03,Delivered,UPI
919,670,2025-11-19,Pending,Net Banking
920,318,2025-10-16,Cancelled,Cash on Delivery
921,124,2024-08-06,Pending,Cash on Delivery
922,609,2026-04-29,Pending,Cash on Delivery
923,880,2025-03-30,Cancelled,UPI
924,676,2026-02-12,Returned,Net Banking
925,400,2024-09-18,Returned,Debit Card
926,272,2025-03-14,Cancelled,Cash on Delivery
927,210,2024-11-01,Pending,Net Banking
928,346,2025-03-01,Returned,Net Banking
929,438,2025-08-31,Cancelled,UPI
930,19,2026-01-30,Returned,Cash on Delivery
931,421,2024-11-07,Delivered,Debit Card
932,944,2025-04-26,Returned,Debit Card
933,636,2026-01-13,Returned,Debit Card
934,190,2025-03-22,Returned,Credit Card
935,940,2024-12-29,Delivered,UPI
936,716,2026-07-02,Returned,Credit Card
937,851,2024-12-08,Pending,Debit Card
938,550,2025-05-21,Delivered,Cash on Delivery
939,254,2024-12-02,Delivered,Debit Card
940,116,2025-09-30,Pending,Credit Card
941,285,2025-06-08,Returned,Cash on Delivery
942,801,2026-07-03,Delivered,Debit Card
943,544,2025-02-16,Pending,UPI
944,685,2025-08-30,Returned,Cash on Delivery
945,318,2025-12-26,Returned,Credit Card
946,926,2025-10-27,Cancelled,Credit Card
947,47,2024-08-09,Cancelled,Debit Card
948,57,2024-09-11,Pending,Cash on Delivery
949,752,2025-05-25,Pending,UPI
950,408,2025-03-19,Returned,Debit Card
951,219,2025-01-28,Returned,Debit Card
952,724,2026-07-06,Cancelled,Debit Card
953,959,2024-11-08,Delivered,UPI
954,504,2025-06-17,Returned,Cash on Delivery
955,378,2025-04-25,Returned,Debit Card
956,794,2026-02-14,Returned,Credit Card
957,778,2025-07-25,Delivered,Credit Card
958,720,2025-11-29,Returned,UPI
959,110,2025-03-13,Delivered,Net Banking
960,660,2026-07-16,Returned,UPI
961,501,2026-04-01,Delivered,Net Banking
962,424,2024-09-18,Delivered,Debit Card
963,504,2025-12-16,Returned,UPI
964,645,2026-01-28,Delivered,UPI
965,716,2026-06-21,Delivered,Debit Card
966,558,2026-07-01,Pending,Cash on Delivery
967,794,2025-07-14,Cancelled,Net Banking
968,751,2025-10-24,Cancelled,Cash on Delivery
969,592,2026-02-04,Cancelled,Cash on Delivery
970,193,2025-05-14,Pending,Credit Card
971,30,2026-02-07,Cancelled,Debit Card
972,541,2026-01-12,Pending,Cash on Delivery
973,451,2025-03-29,Delivered,Credit Card
974,309,2025-02-13,Pending,UPI
975,394,2024-08-24,Returned,Cash on Delivery
976,318,2024-08-18,Returned,Debit Card
977,695,2025-12-08,Cancelled,Debit Card
978,704,2024-11-23,Delivered,Credit Card
979,202,2024-09-13,Delivered,Cash on Delivery
980,250,2025-07-29,Cancelled,Cash on Delivery
981,253,2026-04-29,Returned,Debit Card
982,692,2025-04-09,Cancelled,Credit Card
983,207,2025-03-13,Returned,Credit Card
984,125,2025-08-24,Pending,Debit Card
985,646,2024-08-09,Returned,Cash on Delivery
986,18,2024-11-17,Returned,Net Banking
987,616,2026-01-29,Returned,Cash on Delivery
988,85,2025-11-02,Cancelled,Debit Card
989,156,2026-02-07,Cancelled,UPI
990,691,2025-05-09,Delivered,Debit Card
991,356,2026-06-25,Returned,Credit Card
992,272,2025-09-03,Cancelled,UPI
993,483,2025-06-11,Cancelled,Cash on Delivery
994,937,2024-10-18,Returned,UPI
995,563,2025-03-03,Delivered,Cash on Delivery
996,565,2025-01-31,Delivered,UPI
997,295,2025-03-31,Cancelled,Cash on Delivery
998,90,2025-04-05,Delivered,Credit Card
999,785,2025-09-16,Delivered,Cash on Delivery
1000,719,2024-11-19,Cancelled,Credit Card
1001,322,2026-06-13,Pending,Credit Card
1002,791,2025-02-17,Returned,Net Banking
1003,674,2025-07-18,Cancelled,UPI
1004,1,2026-03-16,Delivered,Debit Card
1005,673,2026-01-19,Returned,Credit Card
1006,356,2025-09-25,Cancelled,Cash on Delivery
1007,345,2025-11-18,Cancelled,UPI
1008,23,2025-10-26,Cancelled,UPI
1009,754,2025-11-28,Delivered,Net Banking
1010,143,2025-04-17,Returned,UPI
1011,768,2025-09-30,Returned,Cash on Delivery
1012,28,2025-08-15,Pending,Cash on Delivery
1013,629,2025-07-17,Cancelled,Net Banking
1014,745,2024-08-13,Pending,Net Banking
1016,752,2026-03-08,Pending,Debit Card
1017,291,2025-05-05,Returned,UPI
1018,352,2026-06-23,Pending,Debit Card
1019,253,2025-04-30,Returned,Debit Card
1020,620,2025-07-19,Returned,Net Banking
1021,88,2024-10-21,Pending,UPI
1022,488,2025-11-12,Delivered,Debit Card
1023,259,2024-09-10,Returned,Net Banking
1024,13,2026-05-22,Pending,Credit Card
1025,809,2025-12-31,Cancelled,Cash on Delivery
1026,628,2026-05-16,Delivered,UPI
1027,217,2024-09-18,Returned,UPI
1028,531,2024-11-20,Cancelled,Credit Card
1029,212,2025-06-05,Pending,Debit Card
1030,639,2025-09-13,Pending,Net Banking
1031,664,2024-09-26,Cancelled,Credit Card
1032,945,2024-12-03,Cancelled,Debit Card
1033,449,2025-12-04,Pending,UPI
1034,454,2025-06-07,Returned,UPI
1035,577,2025-11-07,Delivered,Net Banking
1036,735,2025-08-06,Pending,Cash on Delivery
1037,11,2025-08-28,Pending,Net Banking
1038,670,2024-09-23,Returned,Net Banking
1039,633,2025-11-25,Cancelled,Net Banking
1040,696,2024-11-20,Pending,Debit Card
1041,114,2025-08-05,Delivered,Cash on Delivery
1042,292,2025-03-25,Returned,Credit Card
1043,512,2025-10-07,Delivered,Net Banking
1044,516,2024-12-18,Cancelled,Credit Card
1045,784,2026-06-03,Returned,Cash on Delivery
1046,363,2025-05-30,Cancelled,Debit Card
1047,967,2025-05-15,Cancelled,UPI
1048,979,2025-08-03,Returned,UPI
1049,111,2024-12-18,Delivered,Cash on Delivery
1050,14,2026-01-14,Returned,Cash on Delivery
1051,692,2026-02-23,Pending,Net Banking
1052,895,2024-12-08,Returned,Credit Card
1053,245,2025-02-02,Returned,Credit Card
1054,664,2025-09-04,Pending,Net Banking
1055,670,2025-12-31,Delivered,Net Banking
1056,28,2025-08-23,Cancelled,Debit Card
1057,712,2024-09-08,Returned,Net Banking
1058,692,2024-08-13,Pending,Debit Card
1059,494,2024-08-25,Cancelled,Credit Card
1060,208,2025-11-08,Cancelled,Credit Card
1061,785,2024-12-12,Pending,Cash on Delivery
1062,294,2025-06-05,Cancelled,UPI
1063,994,2026-04-01,Cancelled,Debit Card
1064,779,2025-10-13,Pending,Cash on Delivery
1065,503,2025-04-10,Pending,Debit Card
1066,953,2026-02-27,Returned,Debit Card
1067,964,2026-03-05,Returned,UPI
1068,180,2026-06-08,Delivered,UPI
1069,37,2025-02-28,Cancelled,Cash on Delivery
1070,229,2025-12-12,Delivered,Net Banking
1071,404,2025-10-03,Pending,Debit Card
1072,901,2024-10-19,Pending,Net Banking
1073,397,2025-01-01,Returned,Debit Card
1074,303,2024-10-28,Pending,Cash on Delivery
1075,59,2025-05-10,Pending,UPI
1076,917,2026-04-29,Delivered,Debit Card
1077,476,2024-11-30,Cancelled,UPI
1078,668,2024-12-15,Cancelled,Net Banking
1079,522,2026-04-13,Returned,Net Banking
1080,456,2026-02-14,Delivered,Cash on Delivery
1081,651,2025-03-29,Cancelled,Net Banking
1082,156,2025-02-14,Returned,Cash on Delivery
1083,142,2025-10-19,Pending,Credit Card
1084,398,2024-09-05,Cancelled,Net Banking
1085,231,2026-01-17,Pending,UPI
1086,663,2025-10-15,Returned,Credit Card
1087,876,2026-02-12,Returned,UPI
1088,776,2024-11-05,Returned,Net Banking
1089,936,2026-05-11,Delivered,UPI
1090,971,2025-08-02,Cancelled,Credit Card
1091,954,2025-12-30,Pending,UPI
1092,969,2025-02-04,Delivered,Debit Card
1093,602,2026-06-06,Returned,Cash on Delivery
1094,616,2025-03-20,Cancelled,UPI
1095,615,2026-05-12,Cancelled,Cash on Delivery
1096,273,2024-12-19,Returned,UPI
1097,479,2025-10-06,Cancelled,UPI
1098,725,2026-01-17,Delivered,Credit Card
1099,625,2025-01-02,Returned,Cash on Delivery
1100,513,2024-11-17,Cancelled,Debit Card
1101,308,2025-01-06,Returned,Credit Card
1102,90,2026-04-24,Returned,Cash on Delivery
1103,686,2025-07-03,Cancelled,Debit Card
1104,985,2026-03-21,Delivered,Cash on Delivery
1105,787,2025-02-04,Returned,Credit Card
1106,611,2025-11-06,Pending,Net Banking
1107,203,2024-12-31,Returned,Debit Card
1108,654,2026-06-30,Delivered,Net Banking
1109,385,2025-05-07,Pending,Debit Card
1110,941,2025-07-28,Returned,Debit Card
1111,283,2024-11-15,Delivered,Cash on Delivery
1112,721,2025-04-27,Returned,Credit Card
1113,522,2025-03-06,Cancelled,Credit Card
1114,83,2025-10-21,Pending,Cash on Delivery
1115,609,2024-09-20,Pending,Net Banking
1116,719,2025-09-05,Delivered,UPI
1117,139,2025-05-22,Pending,Cash on Delivery
1118,371,2026-01-23,Cancelled,Cash on Delivery
1119,520,2025-11-01,Returned,Debit Card
1120,974,2025-08-09,Cancelled,UPI
1121,544,2026-05-07,Pending,UPI
1122,51,2026-07-03,Cancelled,Net Banking
1123,33,2025-02-15,Cancelled,Cash on Delivery
1124,185,2025-04-17,Pending,Cash on Delivery
1125,63,2026-07-23,Delivered,Net Banking
1126,963,2025-08-15,Returned,Credit Card
1127,224,2025-12-06,Pending,Credit Card
1128,674,2024-09-17,Cancelled,Debit Card
1129,600,2026-01-31,Pending,Debit Card
1130,865,2025-08-21,Delivered,Cash on Delivery
1131,590,2025-07-09,Delivered,Net Banking
1132,140,2024-12-17,Cancelled,Credit Card
1133,583,2026-07-30,Cancelled,Cash on Delivery
1134,26,2024-08-27,Delivered,Net Banking
1135,227,2025-07-24,Delivered,UPI
1136,873,2024-08-03,Delivered,Credit Card
1137,24,2025-02-07,Cancelled,UPI
1138,428,2025-09-02,Returned,Credit Card
1139,915,2026-05-07,Cancelled,UPI
1140,437,2024-08-21,Cancelled,Debit Card
1141,662,2026-01-29,Delivered,Cash on Delivery
1142,319,2026-05-05,Pending,Net Banking
1143,881,2025-03-15,Returned,Net Banking
1144,992,2025-10-27,Cancelled,Cash on Delivery
1145,711,2026-07-23,Cancelled,UPI
1146,397,2026-02-04,Returned,Cash on Delivery
1147,646,2024-09-24,Returned,UPI
1148,240,2026-02-11,Delivered,Net Banking
1149,514,2024-12-21,Cancelled,UPI
1150,250,2025-10-26,Delivered,UPI
1151,487,2024-10-10,Pending,UPI
1152,988,2026-02-08,Delivered,Credit Card
1153,770,2026-02-22,Delivered,UPI
1154,20,2026-07-12,Delivered,Net Banking
1155,791,2025-11-23,Cancelled,Cash on Delivery
1156,595,2025-01-10,Pending,Debit Card
1157,622,2024-11-13,Delivered,Cash on Delivery
1158,440,2025-09-16,Cancelled,Cash on Delivery
1159,596,2025-02-04,Returned,Debit Card
1160,90,2025-12-29,Delivered,Credit Card
1161,563,2025-08-11,Pending,Credit Card
1162,74,2025-12-21,Pending,UPI
1163,527,2025-08-12,Cancelled,Net Banking
1164,739,2026-05-13,Cancelled,Cash on Delivery
1165,528,2026-01-01,Cancelled,Debit Card
1166,469,2026-05-20,Returned,Net Banking
1167,357,2024-10-29,Cancelled,Net Banking
1168,419,2025-01-12,Delivered,Credit Card
1169,617,2026-03-26,Cancelled,Net Banking
1170,861,2025-02-17,Cancelled,Debit Card
1171,642,2026-01-04,Pending,Cash on Delivery
1172,76,2024-12-29,Pending,Credit Card
1173,389,2026-04-03,Pending,Debit Card
1174,574,2024-09-22,Returned,UPI
1175,277,2024-09-01,Cancelled,UPI
1176,372,2025-10-27,Delivered,Cash on Delivery
1177,538,2025-11-25,Pending,Credit Card
1178,558,2024-12-01,Pending,Cash on Delivery
1179,21,2026-07-09,Cancelled,Debit Card
1180,488,2025-03-07,Delivered,UPI
1181,485,2025-06-22,Returned,UPI
1182,151,2026-04-19,Returned,Debit Card
1183,419,2026-06-05,Delivered,UPI
1184,366,2026-04-29,Returned,Net Banking
1185,544,2026-06-10,Pending,UPI
1186,470,2026-02-11,Cancelled,Cash on Delivery
1187,402,2026-06-03,Delivered,Debit Card
1188,185,2026-06-10,Returned,Debit Card
1189,639,2026-03-31,Cancelled,UPI
1190,501,2024-12-04,Cancelled,Net Banking
1191,111,2026-03-12,Cancelled,UPI
1192,392,2025-03-21,Delivered,Debit Card
1193,912,2026-02-19,Returned,Cash on Delivery
1194,277,2025-10-17,Returned,Net Banking
1195,835,2026-02-01,Pending,UPI
1196,982,2025-08-07,Cancelled,Net Banking
1197,240,2025-01-09,Pending,UPI
1198,434,2025-06-01,Delivered,UPI
1199,39,2024-11-02,Delivered,Cash on Delivery
1200,810,2024-09-26,Cancelled,Credit Card
1201,654,2024-10-24,Cancelled,Credit Card
1202,176,2025-01-09,Cancelled,Net Banking
1203,287,2025-10-29,Cancelled,Debit Card
1204,282,2025-08-31,Pending,Net Banking
1205,395,2024-08-07,Pending,Net Banking
1206,452,2024-12-28,Pending,Debit Card
1207,638,2025-12-26,Cancelled,Net Banking
1208,82,2024-08-13,Pending,UPI
1209,472,2024-12-26,Returned,UPI
1210,480,2026-01-24,Cancelled,UPI
1211,415,2024-08-11,Cancelled,Net Banking
1212,341,2026-01-07,Pending,UPI
1213,234,2025-03-03,Cancelled,Debit Card
1214,957,2025-11-13,Returned,Cash on Delivery
1215,582,2025-12-25,Cancelled,UPI
1216,822,2025-05-09,Delivered,Cash on Delivery
1217,492,2026-01-13,Returned,Net Banking
1218,816,2025-04-10,Pending,Credit Card
1219,884,2024-08-16,Delivered,Credit Card
1220,431,2025-10-06,Cancelled,Debit Card
1221,286,2025-05-28,Pending,UPI
1222,116,2025-03-15,Pending,Debit Card
1223,35,2025-12-19,Returned,UPI
1224,681,2025-03-25,Pending,Cash on Delivery
1225,821,2024-09-18,Pending,UPI
1226,562,2025-07-26,Cancelled,Cash on Delivery
1227,333,2025-03-28,Delivered,Credit Card
1228,413,2025-11-26,Pending,Net Banking
1229,68,2025-09-01,Cancelled,UPI
1230,855,2025-10-02,Delivered,UPI
1231,591,2025-03-21,Cancelled,Net Banking
1232,49,2024-09-13,Pending,UPI
1233,29,2025-04-11,Cancelled,UPI
1234,759,2025-04-15,Delivered,UPI
1235,250,2026-05-11,Delivered,Debit Card
1236,966,2025-06-29,Returned,Debit Card
1237,192,2026-06-19,Pending,Net Banking
1238,12,2025-11-29,Returned,UPI
1239,83,2024-11-13,Returned,Credit Card
1240,412,2025-12-05,Cancelled,UPI
1241,203,2026-04-23,Pending,UPI
1242,76,2024-11-09,Cancelled,Debit Card
1243,555,2026-02-23,Delivered,Credit Card
1244,228,2025-02-13,Cancelled,Debit Card
1245,465,2025-04-17,Cancelled,UPI
1246,95,2026-05-14,Pending,Net Banking
1247,238,2024-10-17,Cancelled,Credit Card
1248,392,2025-08-13,Returned,UPI
1249,508,2026-06-02,Cancelled,Cash on Delivery
1250,120,2026-02-16,Pending,Debit Card
1251,767,2025-10-24,Cancelled,Net Banking
1252,426,2025-07-25,Pending,Net Banking
1253,48,2025-12-18,Cancelled,UPI
1254,519,2026-05-08,Cancelled,Credit Card
1255,850,2025-05-17,Returned,Cash on Delivery
1256,733,2025-08-05,Pending,UPI
1257,12,2025-05-24,Pending,Credit Card
1258,304,2026-05-27,Delivered,UPI
1259,534,2024-12-28,Delivered,UPI
1260,449,2026-05-17,Returned,Cash on Delivery
1261,648,2025-10-08,Pending,UPI
1262,229,2025-12-06,Returned,Cash on Delivery
1263,438,2026-01-05,Returned,UPI
1264,401,2025-11-14,Cancelled,Debit Card
1265,109,2025-11-06,Cancelled,Debit Card
1266,619,2025-06-10,Delivered,Debit Card
1267,336,2025-08-25,Cancelled,Credit Card
1268,469,2026-04-10,Returned,Cash on Delivery
1269,903,2024-10-23,Returned,Debit Card
1270,831,2024-09-30,Returned,Credit Card
1271,342,2025-09-17,Returned,Debit Card
1272,918,2025-06-19,Returned,UPI
1273,35,2026-03-08,Delivered,UPI
1274,913,2025-04-16,Cancelled,Cash on Delivery
1275,703,2024-12-06,Returned,Credit Card
1276,705,2025-07-18,Returned,Credit Card
1277,681,2025-01-25,Cancelled,UPI
1278,521,2026-04-14,Cancelled,Debit Card
1279,697,2024-12-02,Cancelled,UPI
1280,749,2025-10-10,Cancelled,Net Banking
1281,486,2026-03-17,Delivered,Credit Card
1282,255,2024-08-18,Cancelled,Net Banking
1283,659,2025-04-22,Returned,UPI
1284,417,2025-09-11,Returned,Debit Card
1285,333,2025-08-22,Cancelled,Debit Card
1286,331,2024-11-24,Returned,Net Banking
1287,604,2025-12-07,Delivered,UPI
1288,88,2026-03-06,Returned,Cash on Delivery
1289,882,2025-01-06,Returned,UPI
1290,751,2024-10-09,Pending,Credit Card
1291,74,2024-12-30,Pending,UPI
1292,167,2024-11-06,Pending,Credit Card
1293,703,2025-09-12,Delivered,Credit Card
1294,348,2025-03-10,Returned,Cash on Delivery
1295,800,2024-10-04,Cancelled,UPI
1296,38,2025-06-27,Returned,Cash on Delivery
1297,74,2026-07-30,Cancelled,UPI
1298,696,2025-07-04,Pending,Debit Card
1299,47,2026-07-27,Returned,Net Banking
1300,26,2025-04-20,Pending,Net Banking
1301,890,2025-04-10,Returned,Net Banking
1302,440,2025-06-05,Cancelled,Net Banking
1303,242,2025-03-08,Delivered,Cash on Delivery
1304,411,2025-01-04,Pending,Cash on Delivery
1305,99,2024-09-17,Returned,Debit Card
1306,10,2024-12-15,Pending,Net Banking
1307,249,2025-08-09,Cancelled,Net Banking
1308,877,2025-11-08,Cancelled,Cash on Delivery
1309,117,2025-08-01,Cancelled,Debit Card
1310,738,2025-02-09,Cancelled,UPI
1311,882,2025-07-01,Delivered,Credit Card
1312,30,2026-01-06,Pending,Net Banking
1313,136,2026-07-12,Cancelled,Debit Card
1314,605,2025-08-27,Pending,Net Banking
1315,879,2024-12-26,Pending,Debit Card
1316,523,2025-04-03,Cancelled,Debit Card
1317,584,2025-05-02,Cancelled,Credit Card
1318,749,2025-05-29,Pending,Cash on Delivery
1319,667,2026-05-05,Cancelled,Credit Card
1320,638,2025-05-26,Returned,Cash on Delivery
1321,255,2025-10-18,Returned,UPI
1322,723,2026-01-15,Pending,Cash on Delivery
1323,356,2024-11-03,Returned,Cash on Delivery
1324,366,2024-09-05,Pending,Credit Card
1325,670,2025-09-03,Pending,Debit Card
1326,433,2025-03-12,Pending,UPI
1327,786,2026-05-16,Pending,UPI
1328,587,2026-03-13,Cancelled,Net Banking
1329,629,2026-06-07,Returned,UPI
1330,261,2025-01-17,Delivered,UPI
1331,568,2025-01-02,Delivered,Cash on Delivery
1332,475,2025-07-01,Pending,Debit Card
1333,854,2026-01-01,Cancelled,UPI
1334,623,2025-11-06,Returned,Credit Card
1335,882,2025-02-23,Delivered,Debit Card
1336,729,2026-04-25,Delivered,Net Banking
1337,731,2025-08-09,Delivered,Credit Card
1338,482,2026-05-01,Returned,UPI
1339,377,2026-04-04,Pending,UPI
1340,324,2025-03-14,Returned,Debit Card
1341,29,2025-11-14,Delivered,Cash on Delivery
1342,385,2025-08-11,Returned,Net Banking
1343,620,2025-12-09,Returned,Net Banking
1344,330,2024-10-03,Cancelled,Cash on Delivery
1345,382,2026-05-28,Pending,Credit Card
1346,10,2026-07-27,Cancelled,Cash on Delivery
1347,620,2024-10-18,Pending,Cash on Delivery
1348,492,2026-06-17,Delivered,UPI
1349,961,2024-09-06,Delivered,Cash on Delivery
1350,403,2025-01-12,Delivered,Debit Card
1351,757,2026-06-18,Returned,Net Banking
1352,716,2026-05-13,Cancelled,Cash on Delivery
1353,882,2025-04-26,Returned,Net Banking
1354,796,2025-08-08,Delivered,UPI
1355,654,2025-02-11,Cancelled,Net Banking
1357,528,2024-08-20,Pending,Debit Card
1358,584,2024-12-13,Pending,Net Banking
1359,402,2026-01-19,Pending,Credit Card
1360,342,2025-12-24,Cancelled,Credit Card
1361,466,2025-09-29,Cancelled,Cash on Delivery
1362,446,2024-08-24,Pending,Net Banking
1363,884,2025-06-04,Pending,UPI
1364,505,2025-10-31,Cancelled,Debit Card
1365,69,2025-01-17,Delivered,UPI
1366,306,2024-12-29,Cancelled,Credit Card
1367,685,2026-02-21,Returned,Debit Card
1368,418,2026-03-31,Pending,Net Banking
1369,77,2025-11-18,Delivered,Debit Card
1370,573,2025-08-05,Delivered,UPI
1371,999,2025-01-06,Delivered,Cash on Delivery
1372,765,2025-03-24,Pending,Cash on Delivery
1373,828,2025-02-19,Delivered,Credit Card
1374,185,2025-10-08,Pending,UPI
1375,326,2025-10-22,Delivered,UPI
1376,110,2026-06-13,Returned,UPI
1377,31,2025-10-28,Cancelled,Net Banking
1378,221,2024-09-30,Returned,Credit Card
1379,702,2024-12-16,Pending,Debit Card
1380,976,2026-02-03,Returned,Net Banking
1381,603,2025-01-19,Pending,Net Banking
1382,114,2025-02-21,Cancelled,Debit Card
1383,287,2024-11-28,Pending,Net Banking
1384,905,2025-11-25,Pending,UPI
1385,725,2025-04-18,Pending,Net Banking
1386,911,2026-03-03,Cancelled,Credit Card
1387,976,2026-03-03,Delivered,Cash on Delivery
1388,410,2025-06-29,Delivered,Debit Card
1389,926,2025-10-10,Delivered,Cash on Delivery
1390,128,2025-11-03,Cancelled,UPI
1391,385,2025-12-05,Cancelled,Debit Card
1392,247,2026-04-29,Pending,Credit Card
1393,491,2026-01-28,Returned,Credit Card
1394,136,2025-09-03,Delivered,UPI
1395,632,2026-03-07,Delivered,Debit Card
1396,309,2025-01-13,Cancelled,Cash on Delivery
1397,690,2025-06-05,Delivered,Credit Card
1398,438,2025-10-23,Cancelled,UPI
1399,695,2025-02-24,Delivered,Cash on Delivery
1400,651,2025-07-23,Pending,Credit Card
1401,689,2025-11-04,Returned,Cash on Delivery
1402,346,2024-11-11,Pending,Credit Card
1404,405,2025-11-22,Delivered,Cash on Delivery
1405,303,2025-08-02,Pending,Net Banking
1406,607,2024-12-20,Returned,Cash on Delivery
1407,282,2026-06-04,Cancelled,UPI
1408,214,2026-03-06,Delivered,UPI
1409,352,2025-01-08,Pending,Credit Card
1410,305,2026-03-22,Pending,Cash on Delivery
1411,118,2025-06-07,Returned,Net Banking
1412,85,2024-12-22,Delivered,Credit Card
1413,189,2026-03-05,Returned,Credit Card
1414,779,2025-07-18,Returned,Debit Card
1415,962,2026-05-16,Pending,UPI
1416,730,2025-12-18,Cancelled,Credit Card
1417,548,2025-06-26,Delivered,Debit Card
1418,366,2026-02-28,Cancelled,Credit Card
1419,116,2025-05-18,Pending,Debit Card
1420,878,2026-07-04,Pending,Net Banking
1421,224,2026-05-06,Returned,Net Banking
1422,312,2024-10-25,Cancelled,Net Banking
1423,573,2025-03-26,Cancelled,Credit Card
1424,319,2025-03-10,Delivered,UPI
1425,853,2025-03-22,Pending,Net Banking
1426,785,2024-10-15,Delivered,Cash on Delivery
1427,865,2025-11-13,Cancelled,Net Banking
1428,233,2024-12-20,Pending,Credit Card
1429,543,2026-07-31,Delivered,Cash on Delivery
1430,843,2025-04-12,Cancelled,UPI
1431,274,2026-04-25,Pending,Net Banking
1432,787,2024-09-07,Delivered,UPI
1433,709,2026-01-20,Pending,Cash on Delivery
1434,25,2026-03-21,Pending,Cash on Delivery
1435,39,2025-10-05,Cancelled,UPI
1436,108,2026-03-04,Pending,Net Banking
1437,446,2025-01-19,Returned,UPI
1438,999,2025-03-16,Returned,Debit Card
1439,334,2025-11-12,Cancelled,Cash on Delivery
1440,206,2026-04-17,Returned,Net Banking
1441,183,2025-02-18,Pending,Debit Card
1442,989,2025-05-21,Cancelled,Net Banking
1443,401,2026-05-06,Pending,Cash on Delivery
1444,694,2025-10-26,Delivered,Credit Card
1445,908,2025-02-26,Delivered,Debit Card
1446,104,2025-05-13,Delivered,Debit Card
1447,813,2026-07-23,Returned,Cash on Delivery
1448,781,2026-04-15,Delivered,Debit Card
1449,280,2026-03-12,Delivered,Net Banking
1450,205,2025-03-28,Delivered,Net Banking
1451,788,2026-06-24,Returned,Credit Card
1452,13,2026-05-03,Pending,Debit Card
1453,872,2025-10-03,Pending,Credit Card
1454,275,2025-04-13,Returned,Cash on Delivery
1455,197,2024-08-07,Pending,Credit Card
1456,56,2025-12-10,Delivered,Debit Card
1457,351,2025-10-26,Delivered,Debit Card
1458,991,2024-10-24,Cancelled,Cash on Delivery
1459,437,2026-01-18,Delivered,Net Banking
1460,301,2026-02-01,Pending,Credit Card
1461,917,2025-10-18,Returned,Cash on Delivery
1462,595,2024-08-20,Delivered,Credit Card
1463,810,2024-09-04,Returned,Debit Card
1464,365,2024-12-05,Delivered,UPI
1465,683,2024-09-30,Cancelled,Net Banking
1466,550,2024-11-21,Returned,Net Banking
1467,591,2025-05-04,Pending,Net Banking
1468,471,2025-03-11,Pending,Credit Card
1469,292,2026-02-24,Pending,Net Banking
1470,290,2025-09-17,Pending,UPI
1471,818,2025-09-10,Pending,Cash on Delivery
1472,209,2025-05-31,Pending,Debit Card
1473,27,2025-01-10,Delivered,Cash on Delivery
1474,846,2026-04-23,Pending,Net Banking
1475,632,2025-05-17,Pending,Cash on Delivery
1476,567,2025-07-10,Returned,UPI
1477,61,2025-02-21,Cancelled,Credit Card
1478,918,2025-01-26,Pending,UPI
1479,979,2024-11-22,Cancelled,UPI
1480,349,2026-02-13,Cancelled,Debit Card
1481,962,2024-09-03,Cancelled,Credit Card
1482,397,2025-07-19,Returned,UPI
1483,908,2024-10-18,Delivered,Cash on Delivery
1484,453,2025-04-18,Delivered,UPI
1485,242,2024-11-29,Delivered,UPI
1486,462,2025-05-09,Pending,Cash on Delivery
1487,379,2024-12-02,Pending,UPI
1488,80,2025-01-05,Returned,UPI
1489,919,2025-06-03,Cancelled,Net Banking
1490,806,2026-01-09,Cancelled,Net Banking
1491,980,2025-11-29,Pending,Net Banking
1492,32,2025-07-13,Delivered,UPI
1493,212,2024-11-19,Cancelled,Cash on Delivery
1494,667,2026-04-28,Pending,Debit Card
1495,374,2024-10-26,Pending,Cash on Delivery
1496,403,2025-07-11,Cancelled,UPI
1497,766,2026-06-01,Pending,Cash on Delivery
1498,134,2025-08-14,Pending,Cash on Delivery
1499,926,2024-12-10,Delivered,Debit Card
1500,948,2025-12-12,Pending,Debit Card
1501,657,2026-04-14,Pending,Debit Card
1502,264,2025-07-29,Returned,Debit Card
1503,746,2025-09-20,Delivered,Debit Card
1504,847,2025-07-09,Delivered,Credit Card
1505,914,2025-12-15,Delivered,Credit Card
1506,75,2026-01-03,Cancelled,Cash on Delivery
1507,794,2024-09-20,Cancelled,Cash on Delivery
1508,866,2026-07-02,Pending,Credit Card
1509,365,2026-06-06,Pending,Credit Card
1510,192,2025-05-28,Returned,Credit Card
1511,155,2026-04-07,Delivered,Credit Card
1512,461,2025-02-22,Returned,Credit Card
1513,345,2026-03-11,Cancelled,Debit Card
1514,812,2024-11-21,Cancelled,UPI
1515,191,2025-10-16,Returned,Credit Card
1516,947,2025-11-25,Cancelled,Debit Card
1517,132,2024-11-26,Delivered,Credit Card
1518,86,2026-04-09,Pending,Debit Card
1519,563,2024-12-30,Delivered,Net Banking
1520,827,2024-11-02,Delivered,Net Banking
1521,145,2024-11-25,Returned,Net Banking
1522,30,2025-07-31,Returned,Debit Card
1523,729,2025-12-09,Returned,Net Banking
1524,54,2025-08-24,Returned,Debit Card
1525,976,2025-01-15,Returned,Net Banking
1526,848,2025-08-25,Delivered,Credit Card
1527,807,2026-02-17,Returned,Net Banking
1528,573,2024-10-03,Delivered,Cash on Delivery
1529,789,2025-10-27,Cancelled,Cash on Delivery
1530,580,2026-01-21,Cancelled,Net Banking
1531,227,2025-02-09,Cancelled,Credit Card
1532,457,2025-09-21,Delivered,UPI
1533,528,2025-10-13,Pending,Credit Card
1534,397,2025-02-07,Cancelled,UPI
1535,636,2025-11-19,Cancelled,Debit Card
1536,77,2024-10-20,Delivered,Credit Card
1537,680,2026-04-11,Cancelled,Credit Card
1538,621,2025-11-08,Delivered,Cash on Delivery
1539,277,2025-09-26,Cancelled,Debit Card
1540,35,2024-10-27,Delivered,Credit Card
1541,758,2026-04-24,Cancelled,Credit Card
1542,481,2025-06-03,Pending,Debit Card
1543,944,2025-12-05,Cancelled,Credit Card
1544,800,2025-09-17,Delivered,Cash on Delivery
1545,522,2025-05-02,Pending,Net Banking
1546,944,2024-12-06,Pending,Cash on Delivery
1547,236,2025-04-22,Delivered,UPI
1548,638,2025-02-13,Returned,Debit Card
1549,886,2024-10-16,Returned,Net Banking
1550,821,2025-10-09,Pending,Credit Card
1551,99,2025-10-01,Returned,Credit Card
1552,93,2025-09-15,Returned,Cash on Delivery
1553,805,2026-02-24,Delivered,Net Banking
1554,306,2025-05-23,Returned,Credit Card
1555,977,2025-08-31,Pending,Credit Card
1556,155,2025-12-27,Cancelled,Debit Card
1557,829,2025-03-18,Delivered,Credit Card
1558,177,2026-05-15,Cancelled,Net Banking
1559,646,2025-07-03,Cancelled,Cash on Delivery
1560,457,2024-11-29,Cancelled,Debit Card
1561,513,2024-09-22,Delivered,Cash on Delivery
1562,507,2026-02-26,Pending,Net Banking
1563,391,2025-10-09,Returned,UPI
1564,7,2025-07-31,Delivered,Debit Card
1565,429,2025-06-11,Delivered,Debit Card
1566,978,2026-03-05,Delivered,Net Banking
1567,383,2024-10-06,Cancelled,Credit Card
1568,224,2026-06-15,Delivered,Net Banking
1569,600,2025-04-14,Cancelled,UPI
1570,616,2025-01-24,Delivered,Cash on Delivery
1571,674,2024-10-03,Pending,UPI
1572,207,2025-09-01,Returned,UPI
1573,532,2024-12-23,Returned,Debit Card
1574,762,2025-10-24,Delivered,Net Banking
1575,275,2025-04-21,Cancelled,UPI
1576,163,2025-12-19,Cancelled,UPI
1577,30,2025-09-11,Returned,UPI
1578,557,2025-03-28,Delivered,Cash on Delivery
1579,603,2024-09-15,Delivered,Cash on Delivery
1580,883,2025-12-10,Returned,Debit Card
1581,835,2025-10-13,Cancelled,Net Banking
1582,356,2026-04-02,Delivered,Net Banking
1583,638,2025-11-02,Returned,UPI
1584,443,2026-06-11,Delivered,Cash on Delivery
1585,430,2025-01-13,Pending,Credit Card
1586,18,2025-01-21,Returned,UPI
1587,264,2026-07-30,Pending,Cash on Delivery
1588,704,2024-12-29,Pending,UPI
1589,732,2025-09-24,Pending,Cash on Delivery
1590,123,2026-05-05,Returned,Credit Card
1591,136,2024-08-24,Delivered,UPI
1592,312,2025-09-18,Returned,Credit Card
1593,287,2026-01-18,Cancelled,Credit Card
1594,198,2026-03-27,Pending,Cash on Delivery
1595,396,2024-09-15,Delivered,Credit Card
1596,425,2025-09-26,Pending,UPI
1597,533,2025-07-25,Cancelled,Debit Card
1598,86,2025-05-27,Pending,Net Banking
1599,109,2025-06-12,Pending,UPI
1600,449,2024-09-19,Pending,Net Banking
1601,108,2025-07-06,Delivered,Net Banking
1602,137,2024-08-17,Cancelled,UPI
1603,333,2026-03-04,Pending,UPI
1604,346,2024-09-08,Cancelled,UPI
1605,521,2025-09-14,Delivered,Cash on Delivery
1606,99,2025-09-05,Cancelled,Credit Card
1607,22,2024-11-16,Delivered,UPI
1608,82,2024-11-27,Delivered,Debit Card
1609,893,2025-11-03,Cancelled,UPI
1610,840,2026-06-23,Pending,UPI
1611,78,2026-04-26,Pending,Credit Card
1612,451,2025-06-27,Delivered,Cash on Delivery
1613,759,2025-03-22,Returned,Net Banking
1614,333,2025-05-03,Returned,Net Banking
1615,828,2025-07-18,Pending,Credit Card
1616,557,2024-11-23,Pending,Net Banking
1617,370,2026-02-03,Delivered,Debit Card
1618,316,2024-09-26,Pending,Net Banking
1619,386,2025-12-29,Returned,UPI
1620,919,2024-11-03,Returned,Cash on Delivery
1621,664,2025-07-05,Pending,Net Banking
1622,641,2025-08-26,Pending,Credit Card
1623,714,2025-06-02,Returned,Cash on Delivery
1624,668,2025-10-17,Delivered,Debit Card
1625,853,2026-06-04,Delivered,Credit Card
1626,133,2025-07-23,Cancelled,Debit Card
1627,346,2024-10-12,Cancelled,Debit Card
1628,818,2025-05-24,Pending,Net Banking
1629,636,2024-10-28,Cancelled,Debit Card
1630,977,2025-03-30,Cancelled,UPI
1631,798,2026-01-30,Delivered,Credit Card
1632,343,2026-01-20,Pending,Debit Card
1633,948,2026-06-23,Delivered,Net Banking
1634,427,2026-04-15,Delivered,UPI
1635,889,2025-04-18,Delivered,UPI
1637,701,2025-06-11,Cancelled,Credit Card
1638,171,2025-06-07,Delivered,Net Banking
1639,820,2025-10-18,Pending,Credit Card
1640,281,2025-07-09,Delivered,Credit Card
1641,561,2024-10-03,Cancelled,UPI
1642,35,2024-12-06,Returned,UPI
1643,174,2024-09-27,Returned,Credit Card
1644,743,2024-09-18,Pending,Cash on Delivery
1645,437,2025-09-07,Returned,Cash on Delivery
1646,835,2025-02-26,Pending,Debit Card
1647,183,2026-06-12,Delivered,Cash on Delivery
1648,820,2025-06-24,Delivered,Credit Card
1649,609,2025-06-24,Pending,Net Banking
1650,31,2024-12-04,Returned,Debit Card
1651,747,2024-10-11,Returned,Net Banking
1652,358,2025-08-29,Delivered,Credit Card
1653,104,2026-06-03,Returned,Credit Card
1654,635,2026-07-31,Delivered,Net Banking
1655,385,2025-06-14,Returned,Credit Card
1656,406,2025-06-12,Delivered,Net Banking
1657,721,2025-05-31,Delivered,Debit Card
1658,431,2025-03-11,Delivered,Debit Card
1659,462,2025-11-18,Cancelled,UPI
1660,270,2024-08-16,Delivered,Debit Card
1661,881,2024-12-07,Cancelled,Net Banking
1662,566,2025-07-08,Returned,Net Banking
1663,535,2026-06-21,Returned,Credit Card
1664,420,2024-09-04,Delivered,Debit Card
1665,796,2025-09-28,Pending,Debit Card
1666,872,2024-11-29,Returned,UPI
1667,486,2025-08-01,Pending,Credit Card
1668,598,2025-03-21,Delivered,Net Banking
1669,919,2025-01-05,Cancelled,Credit Card
1670,110,2025-07-04,Pending,Debit Card
1671,16,2025-02-17,Delivered,Credit Card
1672,208,2025-01-22,Returned,Net Banking
1673,878,2025-01-14,Delivered,UPI
1674,222,2026-01-03,Cancelled,Debit Card
1675,421,2024-09-22,Returned,Net Banking
1676,68,2026-07-25,Returned,Cash on Delivery
1677,946,2024-08-29,Cancelled,Net Banking
1678,579,2025-09-05,Returned,Net Banking
1679,636,2025-03-16,Returned,UPI
1680,201,2025-08-30,Delivered,UPI
1681,897,2025-05-10,Cancelled,Credit Card
1682,618,2024-11-18,Pending,Cash on Delivery
1683,653,2025-10-26,Pending,Cash on Delivery
1684,262,2025-01-12,Cancelled,Net Banking
1685,48,2025-04-16,Cancelled,Credit Card
1686,494,2026-02-10,Cancelled,Net Banking
1687,911,2025-01-12,Returned,UPI
1688,38,2025-05-18,Cancelled,Net Banking
1689,694,2025-12-24,Delivered,Cash on Delivery
1690,1000,2025-11-30,Cancelled,Cash on Delivery
1691,742,2026-04-05,Pending,UPI
1692,642,2024-08-17,Delivered,Net Banking
1693,78,2026-07-17,Delivered,Net Banking
1694,369,2025-09-06,Returned,Cash on Delivery
1695,629,2025-07-19,Returned,UPI
1696,553,2026-02-14,Returned,Debit Card
1697,745,2026-07-26,Delivered,UPI
1698,605,2025-07-27,Pending,Net Banking
1699,955,2024-11-07,Cancelled,Cash on Delivery
1700,746,2025-03-27,Delivered,Debit Card
1701,783,2025-04-29,Returned,Cash on Delivery
1702,151,2026-06-14,Pending,Debit Card
1703,754,2025-10-16,Pending,UPI
1704,129,2026-05-10,Returned,Net Banking
1705,449,2026-06-17,Pending,Credit Card
1706,324,2024-09-14,Cancelled,Cash on Delivery
1707,570,2026-02-21,Cancelled,Net Banking
1708,395,2025-05-02,Returned,Credit Card
1709,396,2025-04-05,Returned,UPI
1710,628,2025-04-21,Delivered,Debit Card
1711,624,2025-10-14,Delivered,Net Banking
1712,63,2025-06-03,Cancelled,Credit Card
1713,437,2024-08-02,Returned,Credit Card
1714,174,2024-08-10,Pending,Credit Card
1715,318,2024-08-12,Returned,Credit Card
1716,361,2025-09-28,Cancelled,Net Banking
1717,617,2025-02-23,Pending,Net Banking
1718,323,2025-12-27,Pending,Debit Card
1719,108,2025-11-28,Returned,Credit Card
1720,70,2026-07-03,Pending,Credit Card
1721,834,2024-10-19,Pending,Net Banking
1722,32,2026-02-20,Pending,Net Banking
1723,28,2025-08-25,Pending,Debit Card
1724,371,2025-11-07,Pending,Net Banking
1725,854,2024-11-29,Cancelled,Net Banking
1726,493,2024-11-03,Cancelled,Debit Card
1727,586,2025-08-07,Delivered,Debit Card
1728,725,2026-07-24,Pending,Net Banking
1729,772,2025-03-01,Cancelled,Net Banking
1730,324,2024-09-09,Cancelled,Debit Card
1731,387,2026-06-05,Cancelled,Debit Card
1732,946,2025-10-10,Returned,Net Banking
1733,518,2025-06-27,Pending,Debit Card
1734,840,2024-12-23,Delivered,Net Banking
1735,634,2025-06-08,Returned,Cash on Delivery
1736,683,2024-09-11,Delivered,Net Banking
1737,561,2024-08-12,Cancelled,Credit Card
1738,712,2025-08-28,Returned,Debit Card
1739,928,2025-10-17,Cancelled,Cash on Delivery
1740,249,2026-01-14,Cancelled,Debit Card
1741,969,2026-02-03,Delivered,Credit Card
1742,305,2026-05-01,Returned,UPI
1743,269,2026-07-05,Returned,Credit Card
1744,248,2025-07-07,Pending,Credit Card
1745,15,2025-01-20,Cancelled,Cash on Delivery
1746,502,2024-11-09,Pending,UPI
1747,548,2024-09-17,Delivered,Cash on Delivery
1748,36,2024-12-20,Cancelled,Debit Card
1749,879,2025-04-11,Returned,UPI
1750,63,2025-12-26,Delivered,Cash on Delivery
1751,287,2026-06-12,Cancelled,Cash on Delivery
1752,173,2025-07-31,Cancelled,Credit Card
1753,388,2024-10-01,Delivered,Net Banking
1754,882,2025-07-02,Returned,Cash on Delivery
1755,177,2024-10-08,Returned,Debit Card
1756,105,2025-08-01,Returned,Cash on Delivery
1757,699,2024-10-31,Delivered,Credit Card
1758,409,2026-06-05,Returned,UPI
1759,184,2025-08-02,Cancelled,Cash on Delivery
1760,627,2026-02-14,Pending,UPI
1761,798,2024-11-16,Pending,Cash on Delivery
1762,769,2025-04-14,Cancelled,UPI
1763,233,2025-06-09,Returned,Cash on Delivery
1764,282,2026-02-19,Returned,UPI
1765,650,2025-07-10,Pending,Debit Card
1766,477,2026-03-30,Cancelled,UPI
1767,405,2025-02-13,Pending,Net Banking
1768,106,2025-10-10,Cancelled,Cash on Delivery
1769,272,2025-06-16,Returned,Credit Card
1770,572,2024-11-30,Pending,UPI
1771,585,2025-06-28,Pending,Debit Card
1772,713,2026-06-01,Delivered,UPI
1773,474,2024-08-03,Returned,Credit Card
1774,498,2025-11-25,Pending,UPI
1775,255,2024-10-08,Pending,Net Banking
1776,114,2025-05-14,Delivered,Credit Card
1777,685,2026-06-17,Returned,Credit Card
1778,91,2025-03-30,Cancelled,UPI
1779,873,2024-11-09,Delivered,UPI
1780,130,2025-02-08,Delivered,Credit Card
1781,737,2025-08-21,Delivered,Cash on Delivery
1782,97,2026-01-09,Delivered,Cash on Delivery
1783,453,2024-10-23,Returned,Debit Card
1784,631,2026-02-23,Delivered,Net Banking
1785,184,2026-02-14,Delivered,Cash on Delivery
1786,913,2026-07-29,Pending,Credit Card
1787,172,2025-05-06,Delivered,UPI
1788,46,2026-04-06,Delivered,Cash on Delivery
1789,527,2025-10-06,Cancelled,Credit Card
1790,615,2025-03-08,Returned,UPI
1791,942,2026-01-29,Pending,Credit Card
1792,899,2025-10-09,Delivered,Cash on Delivery
1793,77,2026-04-27,Pending,UPI
1794,98,2026-02-12,Pending,Cash on Delivery
1795,815,2025-06-04,Pending,Debit Card
1796,348,2025-02-20,Returned,Cash on Delivery
1797,630,2025-08-23,Delivered,Net Banking
1798,915,2026-06-20,Cancelled,UPI
1799,983,2025-05-19,Cancelled,UPI
1800,819,2026-01-31,Pending,Debit Card
1801,836,2025-01-11,Returned,UPI
1802,883,2025-08-25,Returned,UPI
1803,974,2026-07-06,Returned,Credit Card
1804,316,2024-09-23,Pending,Net Banking
1805,183,2024-08-27,Pending,Debit Card
1806,980,2024-11-26,Cancelled,Cash on Delivery
1807,626,2024-08-11,Pending,Credit Card
1808,532,2025-01-22,Delivered,Net Banking
1809,241,2025-07-19,Delivered,Cash on Delivery
1810,146,2025-04-11,Cancelled,Cash on Delivery
1811,997,2025-04-24,Pending,Credit Card
1812,150,2025-11-22,Cancelled,Cash on Delivery
1813,441,2025-10-13,Delivered,Cash on Delivery
1814,797,2026-05-21,Pending,UPI
1815,787,2026-04-27,Pending,Credit Card
1816,207,2026-05-26,Cancelled,Debit Card
1817,217,2024-12-15,Delivered,Net Banking
1818,422,2025-05-16,Cancelled,Cash on Delivery
1819,826,2026-02-06,Returned,UPI
1820,821,2025-04-28,Returned,UPI
1821,629,2025-01-21,Delivered,Cash on Delivery
1822,243,2025-01-22,Cancelled,Debit Card
1823,281,2024-10-14,Pending,Net Banking
1824,727,2025-09-01,Cancelled,Credit Card
1825,172,2026-03-27,Returned,Net Banking
1826,551,2024-10-23,Returned,Net Banking
1827,190,2025-03-11,Delivered,UPI
1828,298,2025-01-13,Delivered,Net Banking
1829,604,2024-09-30,Delivered,UPI
1830,188,2025-04-06,Delivered,Cash on Delivery
1831,37,2026-02-03,Returned,Cash on Delivery
1832,273,2024-12-26,Delivered,Debit Card
1833,616,2026-07-15,Returned,Debit Card
1834,716,2025-06-14,Returned,Debit Card
1835,10,2025-07-18,Cancelled,Net Banking
1836,815,2025-09-07,Cancelled,Debit Card
1837,8,2025-05-17,Delivered,Debit Card
1838,129,2024-12-29,Cancelled,Cash on Delivery
1839,193,2025-09-16,Returned,UPI
1840,447,2026-06-04,Returned,Debit Card
1841,6,2025-04-23,Cancelled,Net Banking
1842,407,2026-02-18,Delivered,Credit Card
1843,745,2026-03-02,Pending,Cash on Delivery
1844,923,2024-08-12,Cancelled,Credit Card
1845,675,2025-10-27,Returned,Debit Card
1846,843,2024-12-23,Delivered,Debit Card
1847,464,2026-06-20,Pending,Net Banking
1848,597,2025-07-23,Pending,UPI
1849,417,2024-09-19,Returned,Cash on Delivery
1850,863,2025-12-14,Returned,UPI
1851,974,2024-08-10,Cancelled,Net Banking
1852,775,2024-11-02,Pending,Net Banking
1853,329,2026-01-02,Pending,Cash on Delivery
1854,72,2025-11-01,Delivered,Debit Card
1855,531,2025-08-24,Cancelled,Net Banking
1856,964,2024-12-10,Cancelled,UPI
1857,184,2025-01-27,Pending,UPI
1858,321,2025-12-14,Returned,Net Banking
1859,679,2026-07-01,Pending,UPI
1860,472,2026-04-14,Delivered,Net Banking
1861,783,2026-01-28,Returned,Credit Card
1862,981,2025-03-27,Cancelled,Cash on Delivery
1863,510,2025-02-19,Pending,Cash on Delivery
1864,190,2025-06-05,Cancelled,Credit Card
1865,328,2025-05-04,Pending,Net Banking
1866,861,2024-12-09,Pending,Credit Card
1867,891,2026-01-19,Delivered,UPI
1868,627,2024-10-02,Cancelled,UPI
1869,299,2024-08-05,Pending,UPI
1870,640,2024-11-13,Returned,UPI
1871,218,2026-06-18,Cancelled,Net Banking
1872,511,2025-08-29,Delivered,Net Banking
1873,388,2025-10-27,Cancelled,Debit Card
1874,844,2026-03-30,Returned,Debit Card
1875,311,2024-08-08,Delivered,Debit Card
1876,334,2025-03-27,Returned,Cash on Delivery
1877,783,2026-01-15,Cancelled,Debit Card
1878,228,2025-10-18,Returned,UPI
1879,19,2024-12-07,Pending,Net Banking
1880,957,2024-08-15,Pending,Net Banking
1881,563,2024-11-19,Returned,Credit Card
1882,316,2026-04-12,Returned,Debit Card
1883,463,2026-03-05,Returned,Credit Card
1884,8,2025-07-07,Cancelled,Net Banking
1885,727,2025-05-30,Pending,UPI
1886,43,2024-11-25,Pending,Debit Card
1887,717,2025-05-19,Cancelled,Credit Card
1888,542,2026-03-11,Delivered,Debit Card
1889,823,2024-10-06,Delivered,Debit Card
1890,807,2026-05-14,Pending,Credit Card
1891,506,2025-07-11,Delivered,Credit Card
1892,435,2026-05-29,Pending,Debit Card
1893,676,2025-08-18,Pending,UPI
1894,392,2026-03-11,Returned,Cash on Delivery
1895,386,2026-02-10,Cancelled,Cash on Delivery
1896,143,2026-05-14,Pending,Debit Card
1897,998,2024-10-09,Cancelled,Net Banking
1898,58,2025-01-21,Delivered,Credit Card
1899,606,2024-12-24,Pending,UPI
1900,822,2025-06-14,Returned,Net Banking
1901,895,2025-10-07,Cancelled,Net Banking
1902,566,2025-02-09,Cancelled,Debit Card
1903,825,2026-04-15,Cancelled,Cash on Delivery
1904,246,2024-09-17,Pending,UPI
1905,84,2026-01-14,Pending,UPI
1907,288,2025-06-28,Cancelled,Net Banking
1908,379,2025-06-25,Cancelled,Net Banking
1909,785,2024-11-15,Pending,Net Banking
1910,68,2026-06-26,Returned,UPI
1911,840,2026-04-09,Pending,Cash on Delivery
1912,257,2024-12-24,Cancelled,UPI
1913,640,2024-08-06,Cancelled,Net Banking
1914,365,2025-04-14,Returned,UPI
1915,234,2026-05-01,Pending,Credit Card
1916,464,2024-11-12,Cancelled,Cash on Delivery
1917,507,2025-11-29,Pending,Debit Card
1918,421,2024-10-15,Pending,Credit Card
1919,413,2026-03-14,Delivered,Credit Card
1920,537,2026-05-15,Returned,Cash on Delivery
1921,163,2025-10-02,Delivered,Debit Card
1922,178,2024-09-30,Delivered,UPI
1923,708,2024-12-02,Cancelled,Debit Card
1924,685,2025-01-15,Returned,Cash on Delivery
1925,582,2025-05-30,Pending,UPI
1926,122,2024-08-24,Cancelled,Net Banking
1927,547,2024-11-10,Delivered,Credit Card
1928,769,2025-03-03,Cancelled,Credit Card
1929,231,2025-06-05,Cancelled,Debit Card
1930,49,2026-03-23,Delivered,Credit Card
1931,954,2025-09-21,Pending,Cash on Delivery
1932,590,2025-06-08,Returned,Cash on Delivery
1933,376,2026-06-24,Delivered,Net Banking
1934,178,2026-01-02,Delivered,Net Banking
1935,97,2025-04-29,Returned,Cash on Delivery
1936,397,2024-10-31,Returned,Net Banking
1937,522,2024-08-01,Cancelled,UPI
1938,6,2025-02-01,Returned,Net Banking
1939,272,2025-07-29,Delivered,Debit Card
1940,911,2026-06-23,Returned,UPI
1941,602,2026-03-11,Pending,UPI
1942,409,2026-03-01,Cancelled,Credit Card
1943,270,2025-10-12,Delivered,UPI
1944,318,2025-10-15,Delivered,Credit Card
1945,69,2025-02-08,Pending,UPI
1946,652,2026-02-18,Pending,UPI
1947,864,2026-01-28,Returned,Net Banking
1948,560,2026-06-02,Returned,Debit Card
1949,533,2025-01-21,Delivered,Credit Card
1950,710,2025-10-11,Pending,Credit Card
1951,351,2026-07-29,Cancelled,Credit Card
1952,144,2026-07-27,Returned,Debit Card
1953,276,2024-10-09,Cancelled,Debit Card
1954,958,2025-11-03,Returned,Debit Card
1955,113,2024-12-12,Delivered,UPI
1956,181,2025-02-11,Delivered,Net Banking
1957,463,2024-12-18,Cancelled,Net Banking
1958,365,2026-03-29,Delivered,Net Banking
1959,988,2025-01-05,Cancelled,Credit Card
1960,281,2025-04-16,Cancelled,Credit Card
1961,954,2025-12-10,Pending,Credit Card
1962,417,2025-05-20,Cancelled,Cash on Delivery
1963,734,2025-03-10,Returned,UPI
1964,570,2025-10-28,Pending,Debit Card
1965,112,2025-08-20,Delivered,Cash on Delivery
1966,106,2026-06-24,Delivered,UPI
1967,808,2025-02-19,Pending,Cash on Delivery
1968,588,2025-11-30,Returned,Cash on Delivery
1969,843,2025-10-19,Pending,Debit Card
1970,294,2025-05-01,Returned,Net Banking
1972,803,2025-02-27,Pending,UPI
1973,726,2026-05-22,Pending,Net Banking
1974,646,2025-12-24,Returned,UPI
1975,990,2025-04-02,Pending,Credit Card
1976,40,2025-06-06,Cancelled,Cash on Delivery
1977,961,2026-06-01,Delivered,Debit Card
1978,895,2026-02-13,Delivered,Net Banking
1979,815,2025-07-12,Cancelled,Credit Card
1980,892,2026-05-27,Pending,Cash on Delivery
1981,554,2025-03-20,Delivered,Cash on Delivery
1982,505,2026-06-30,Pending,Cash on Delivery
1983,110,2026-03-15,Cancelled,UPI
1984,29,2024-11-19,Returned,Debit Card
1985,797,2025-04-03,Cancelled,UPI
1986,1,2025-10-25,Returned,Net Banking
1987,20,2024-09-30,Pending,Cash on Delivery
1988,92,2026-04-28,Returned,Debit Card
1989,45,2025-11-01,Delivered,Credit Card
1990,828,2024-10-31,Delivered,UPI
1991,203,2025-11-22,Cancelled,Net Banking
1992,426,2025-04-29,Delivered,UPI
1993,90,2026-05-18,Pending,Net Banking
1994,471,2025-03-13,Pending,Credit Card
1995,346,2025-07-30,Returned,Debit Card
1996,771,2025-12-08,Returned,Debit Card
1997,110,2025-09-12,Pending,Cash on Delivery
1998,316,2026-07-12,Delivered,Debit Card
1999,326,2025-05-30,Returned,UPI
2000,164,2025-02-19,Delivered,Credit Card
2001,241,2025-05-06,Pending,Credit Card
2002,95,2026-07-12,Pending,Net Banking
2003,728,2025-10-02,Pending,Net Banking
2004,796,2026-06-18,Returned,UPI
2005,313,2026-01-22,Delivered,Net Banking
2006,785,2026-03-11,Cancelled,Net Banking
2007,19,2024-12-28,Pending,Cash on Delivery
2008,443,2026-04-21,Delivered,Cash on Delivery
2009,16,2026-04-30,Returned,Debit Card
2010,461,2024-10-08,Cancelled,Credit Card
2011,42,2024-09-25,Returned,Credit Card
2012,878,2026-06-10,Delivered,Cash on Delivery
2013,46,2024-12-08,Delivered,UPI
2014,660,2025-08-01,Cancelled,Cash on Delivery
2015,868,2025-08-23,Returned,Cash on Delivery
2016,859,2025-05-13,Cancelled,Debit Card
2017,42,2024-09-09,Pending,Net Banking
2018,778,2025-11-29,Delivered,UPI
2019,772,2025-04-07,Delivered,Debit Card
2020,773,2024-08-10,Returned,Credit Card
2021,51,2026-02-03,Delivered,UPI
2022,30,2026-05-18,Cancelled,Credit Card
2023,705,2026-05-02,Cancelled,Cash on Delivery
2024,889,2025-02-26,Pending,Cash on Delivery
2025,917,2025-03-29,Cancelled,UPI
2026,399,2026-06-08,Delivered,Cash on Delivery
2027,57,2026-05-01,Cancelled,Debit Card
2028,552,2024-12-05,Cancelled,Credit Card
2029,957,2025-11-24,Cancelled,Debit Card
2030,766,2026-03-27,Delivered,Debit Card
2031,417,2025-07-05,Returned,UPI
2032,817,2025-12-10,Returned,UPI
2033,932,2025-06-12,Returned,Net Banking
2034,808,2025-12-09,Pending,UPI
2035,572,2025-10-17,Pending,Cash on Delivery
2036,274,2025-08-09,Cancelled,Credit Card
2037,823,2026-03-15,Pending,Credit Card
2038,583,2026-04-02,Returned,Net Banking
2039,458,2025-03-26,Cancelled,Cash on Delivery
2040,374,2025-09-17,Delivered,Debit Card
2041,255,2026-05-10,Pending,Net Banking
2042,940,2025-01-25,Pending,UPI
2043,776,2026-01-13,Pending,Debit Card
2044,178,2025-09-28,Delivered,UPI
2045,304,2025-05-21,Delivered,Debit Card
2046,997,2024-12-01,Pending,UPI
2047,745,2024-08-17,Pending,UPI
2048,782,2025-12-02,Returned,Debit Card
2049,246,2024-10-13,Pending,Net Banking
2050,906,2024-11-25,Returned,Cash on Delivery
2051,555,2024-08-07,Delivered,Credit Card
2052,100,2024-08-13,Pending,UPI
2053,321,2025-07-20,Delivered,Net Banking
2054,79,2026-06-02,Returned,Net Banking
2055,683,2026-05-28,Pending,UPI
2056,14,2025-03-16,Returned,Cash on Delivery
2057,726,2026-04-06,Cancelled,UPI
2058,221,2025-07-11,Returned,Cash on Delivery
2059,888,2025-12-02,Cancelled,Credit Card
2060,350,2025-09-10,Returned,Debit Card
2061,668,2026-06-27,Returned,Cash on Delivery
2062,700,2024-10-01,Cancelled,UPI
2063,165,2025-11-06,Cancelled,UPI
2064,774,2026-05-11,Delivered,Debit Card
2065,206,2025-06-22,Pending,Debit Card
2066,832,2026-05-11,Pending,Cash on Delivery
2067,412,2025-03-27,Cancelled,Credit Card
2068,412,2024-09-27,Pending,Net Banking
2069,451,2024-11-23,Delivered,UPI
2070,295,2025-09-30,Returned,Cash on Delivery
2071,408,2025-07-05,Pending,Cash on Delivery
2072,580,2025-07-25,Delivered,UPI
2073,396,2025-04-25,Pending,Cash on Delivery
2074,322,2026-02-14,Returned,Credit Card
2075,742,2024-09-02,Pending,Cash on Delivery
2076,498,2025-02-14,Delivered,Debit Card
2077,865,2026-01-17,Pending,Credit Card
2078,310,2026-04-06,Returned,UPI
2079,835,2025-04-15,Returned,Credit Card
2080,665,2024-10-17,Returned,UPI
2081,850,2025-04-23,Returned,Cash on Delivery
2082,797,2026-03-22,Returned,Cash on Delivery
2083,855,2024-08-15,Cancelled,Credit Card
2084,164,2024-10-26,Delivered,Debit Card
2085,634,2025-06-08,Pending,Debit Card
2086,147,2026-02-06,Cancelled,Cash on Delivery
2087,81,2025-08-19,Cancelled,Credit Card
2088,787,2026-05-21,Pending,Debit Card
2089,282,2026-03-11,Pending,Cash on Delivery
2090,887,2025-08-03,Cancelled,UPI
2091,320,2025-08-26,Pending,Debit Card
2092,728,2025-02-11,Delivered,Net Banking
2093,17,2025-03-20,Returned,UPI
2094,473,2025-06-12,Returned,Debit Card
2095,129,2025-10-10,Cancelled,Net Banking
2096,562,2026-04-03,Pending,UPI
2097,761,2025-07-13,Pending,UPI
2098,74,2024-11-26,Pending,Net Banking
2099,476,2024-12-18,Cancelled,Debit Card
2100,180,2026-01-12,Delivered,Cash on Delivery
2101,85,2024-10-25,Returned,Net Banking
2102,579,2026-06-25,Delivered,Net Banking
2103,713,2025-03-24,Cancelled,UPI
2104,460,2026-07-14,Returned,Net Banking
2105,85,2025-12-05,Pending,Cash on Delivery
2106,661,2025-06-23,Pending,Cash on Delivery
2107,562,2025-12-29,Cancelled,UPI
2108,164,2025-02-13,Returned,Debit Card
2109,227,2024-10-27,Cancelled,Debit Card
2110,27,2026-03-22,Delivered,Debit Card
2111,251,2024-11-19,Cancelled,UPI
2112,242,2026-07-17,Cancelled,Net Banking
2113,495,2025-01-31,Cancelled,Credit Card
2114,422,2024-12-23,Cancelled,Debit Card
2115,547,2026-04-04,Returned,Debit Card
2116,102,2026-05-23,Returned,UPI
2117,11,2025-07-28,Returned,Credit Card
2118,329,2026-01-14,Cancelled,Net Banking
2119,943,2025-05-27,Cancelled,Debit Card
2120,170,2025-11-23,Cancelled,Debit Card
2121,617,2025-10-18,Delivered,Net Banking
2122,553,2024-12-24,Pending,Credit Card
2123,258,2024-08-02,Delivered,Credit Card
2124,631,2024-12-30,Returned,Debit Card
2125,410,2025-12-03,Delivered,Debit Card
2126,24,2024-08-18,Pending,Credit Card
2127,806,2025-12-07,Cancelled,Credit Card
2128,79,2025-02-24,Cancelled,Debit Card
2129,861,2025-10-31,Pending,Debit Card
2130,494,2025-03-08,Cancelled,Cash on Delivery
2131,892,2025-07-13,Delivered,Net Banking
2132,970,2025-01-25,Returned,Net Banking
2133,635,2025-04-14,Pending,UPI
2134,604,2025-08-24,Cancelled,Credit Card
2135,885,2025-11-30,Cancelled,Debit Card
2136,184,2026-04-06,Pending,UPI
2137,640,2025-03-14,Pending,UPI
2138,136,2026-03-08,Pending,Net Banking
2139,210,2025-04-11,Delivered,Credit Card
2140,863,2026-01-14,Pending,Cash on Delivery
2141,232,2025-03-07,Returned,Debit Card
2142,828,2026-05-02,Returned,Cash on Delivery
2143,224,2025-05-04,Returned,UPI
2144,276,2024-10-23,Cancelled,Cash on Delivery
2145,93,2025-08-16,Returned,UPI
2146,191,2024-12-01,Delivered,Debit Card
2147,436,2026-02-07,Cancelled,Cash on Delivery
2148,764,2025-04-22,Delivered,Debit Card
2149,643,2025-08-20,Delivered,UPI
2150,939,2024-11-08,Cancelled,Net Banking
2151,864,2025-03-18,Returned,Net Banking
2152,562,2024-11-30,Delivered,Net Banking
2153,173,2026-04-30,Cancelled,UPI
2154,668,2026-07-18,Delivered,Debit Card
2155,88,2025-03-04,Delivered,Net Banking
2156,494,2025-04-29,Cancelled,Credit Card
2157,53,2025-11-01,Returned,Debit Card
2158,583,2026-07-07,Returned,Debit Card
2159,687,2026-05-04,Returned,Debit Card
2160,606,2026-05-14,Returned,Debit Card
2161,191,2026-04-02,Returned,Debit Card
2162,464,2026-06-04,Returned,Debit Card
2163,741,2026-06-02,Pending,Net Banking
2164,98,2025-03-09,Returned,Net Banking
2165,390,2026-07-03,Delivered,Debit Card
2166,907,2026-04-03,Returned,UPI
2167,275,2024-09-02,Pending,Net Banking
2168,74,2024-12-05,Returned,UPI
2169,711,2024-10-06,Returned,Net Banking
2170,532,2026-01-04,Returned,Cash on Delivery
2171,96,2026-07-24,Delivered,Net Banking
2172,167,2024-12-31,Cancelled,Net Banking
2173,908,2025-09-09,Cancelled,Debit Card
2174,178,2025-01-19,Pending,UPI
2175,156,2025-05-16,Pending,Credit Card
2176,859,2025-11-21,Pending,Credit Card
2177,554,2025-06-03,Returned,Net Banking
2178,173,2024-09-06,Returned,Debit Card
2179,777,2025-05-27,Returned,Net Banking
2180,770,2025-07-04,Cancelled,Debit Card
2181,180,2025-03-11,Returned,Credit Card
2182,376,2024-08-14,Delivered,Cash on Delivery
2183,812,2024-12-15,Cancelled,UPI
2184,309,2025-08-16,Pending,UPI
2185,534,2026-01-02,Pending,Credit Card
2186,8,2025-06-03,Delivered,Net Banking
2187,881,2025-10-07,Returned,Net Banking
2188,585,2025-01-18,Cancelled,UPI
2189,489,2025-01-14,Pending,Credit Card
2190,363,2025-12-21,Delivered,Net Banking
2191,764,2025-05-26,Returned,Debit Card
2192,312,2026-04-28,Returned,Cash on Delivery
2193,975,2024-11-09,Cancelled,Net Banking
2194,61,2025-02-05,Pending,Credit Card
2195,908,2026-07-31,Delivered,Cash on Delivery
2196,668,2025-02-11,Returned,Cash on Delivery
2197,574,2024-10-20,Returned,Credit Card
2198,239,2025-11-17,Delivered,Net Banking
2199,643,2025-10-22,Returned,UPI
2200,154,2025-12-14,Returned,Debit Card
2201,432,2025-02-20,Pending,Cash on Delivery
2202,507,2025-09-09,Returned,Debit Card
2203,969,2025-04-29,Delivered,UPI
2204,982,2026-04-22,Pending,Debit Card
2205,955,2026-01-17,Pending,Net Banking
2206,717,2024-09-28,Cancelled,Debit Card
2207,336,2026-02-22,Cancelled,Credit Card
2208,781,2024-09-06,Pending,UPI
2209,837,2024-11-03,Delivered,UPI
2210,952,2026-02-14,Delivered,UPI
2211,189,2026-03-11,Pending,Credit Card
2212,546,2026-03-05,Pending,UPI
2213,252,2024-09-18,Returned,UPI
2214,38,2026-01-10,Pending,Debit Card
2215,514,2025-06-07,Returned,Debit Card
2216,481,2025-02-27,Delivered,Credit Card
2217,878,2026-05-25,Pending,Credit Card
2218,640,2026-06-08,Delivered,Credit Card
2219,430,2026-07-24,Delivered,Credit Card
2220,247,2024-08-21,Delivered,Credit Card
2221,933,2024-10-31,Pending,Net Banking
2222,108,2024-09-09,Pending,Debit Card
2223,40,2026-04-28,Cancelled,Cash on Delivery
2224,231,2025-12-18,Delivered,Debit Card
2225,943,2024-10-16,Pending,Credit Card
2226,402,2024-08-15,Delivered,Cash on Delivery
2227,895,2024-11-28,Delivered,Cash on Delivery
2228,502,2026-03-12,Delivered,Net Banking
2229,957,2025-02-06,Delivered,Credit Card
2230,27,2024-12-01,Cancelled,Cash on Delivery
2231,641,2025-10-19,Pending,UPI
2232,537,2025-01-23,Delivered,Debit Card
2233,865,2024-08-15,Delivered,Net Banking
2234,901,2026-06-20,Pending,Credit Card
2235,298,2024-08-21,Pending,Debit Card
2236,549,2025-07-31,Delivered,UPI
2237,565,2026-04-25,Returned,UPI
2238,251,2025-03-27,Delivered,Cash on Delivery
2239,409,2025-03-08,Pending,UPI
2240,643,2025-08-17,Delivered,Cash on Delivery
2241,149,2025-03-05,Cancelled,Debit Card
2242,456,2024-12-27,Returned,Debit Card
2243,81,2025-08-26,Delivered,UPI
2244,536,2026-02-26,Returned,UPI
2245,785,2025-02-04,Pending,UPI
2246,928,2025-03-16,Cancelled,UPI
2247,327,2025-12-01,Returned,Net Banking
2248,586,2026-03-23,Delivered,Debit Card
2249,477,2026-05-15,Cancelled,Credit Card
2250,587,2025-04-30,Returned,Debit Card
2251,362,2025-07-20,Cancelled,Net Banking
2252,8,2025-04-19,Pending,UPI
2253,835,2024-09-19,Pending,Credit Card
2254,134,2025-07-07,Returned,Debit Card
2255,192,2025-10-23,Delivered,Credit Card
2256,336,2026-02-05,Cancelled,Debit Card
2257,98,2026-07-19,Delivered,UPI
2258,785,2024-08-26,Delivered,Cash on Delivery
2259,335,2026-07-21,Cancelled,Net Banking
2260,776,2024-09-16,Delivered,Cash on Delivery
2261,893,2025-10-14,Returned,Credit Card
2262,312,2025-10-23,Returned,Cash on Delivery
2263,636,2025-08-26,Delivered,Cash on Delivery
2264,293,2026-06-14,Cancelled,Credit Card
2265,844,2026-01-13,Delivered,Debit Card
2266,713,2025-12-04,Delivered,Debit Card
2267,651,2024-10-17,Returned,Net Banking
2268,113,2024-08-05,Cancelled,Credit Card
2269,975,2025-10-01,Pending,Cash on Delivery
2270,360,2026-03-04,Returned,UPI
2271,99,2024-12-24,Cancelled,Cash on Delivery
2272,730,2026-03-18,Returned,Debit Card
2273,100,2026-06-22,Returned,Net Banking
2274,166,2025-01-07,Cancelled,Credit Card
2275,780,2026-04-21,Cancelled,UPI
2276,179,2026-05-13,Delivered,UPI
2277,670,2026-06-25,Delivered,Debit Card
2278,940,2025-07-29,Returned,UPI
2279,564,2025-03-28,Returned,Cash on Delivery
2280,538,2025-11-12,Returned,Credit Card
2281,93,2026-04-11,Returned,Net Banking
2282,227,2025-02-05,Delivered,Net Banking
2283,581,2024-08-07,Pending,Credit Card
2284,352,2025-05-21,Cancelled,Net Banking
2285,987,2025-02-25,Cancelled,Credit Card
2286,958,2026-05-28,Returned,UPI
2287,669,2025-10-08,Delivered,Debit Card
2288,223,2025-12-15,Pending,Net Banking
2289,180,2026-02-28,Delivered,Net Banking
2290,153,2025-08-19,Cancelled,Credit Card
2291,62,2025-12-18,Delivered,Debit Card
2292,146,2025-05-31,Returned,Net Banking
2293,166,2026-04-22,Pending,Credit Card
2294,810,2026-01-22,Cancelled,Net Banking
2295,979,2025-03-10,Cancelled,Cash on Delivery
2296,29,2025-07-08,Returned,Debit Card
2297,846,2025-11-13,Returned,Net Banking
2298,918,2026-07-02,Returned,Net Banking
2299,24,2024-11-28,Cancelled,UPI
2300,274,2025-05-06,Cancelled,UPI
2301,111,2024-11-04,Returned,Net Banking
2302,563,2025-04-05,Pending,Debit Card
2303,880,2025-04-18,Cancelled,Debit Card
2304,990,2024-12-12,Delivered,Credit Card
2305,396,2024-12-21,Cancelled,Debit Card
2306,797,2025-11-09,Pending,Net Banking
2307,34,2024-09-06,Pending,Credit Card
2308,572,2025-09-21,Returned,UPI
2309,800,2025-11-04,Pending,Debit Card
2310,657,2024-11-15,Returned,Credit Card
2311,400,2025-12-05,Delivered,Cash on Delivery
2312,721,2025-10-16,Delivered,UPI
2313,68,2025-01-27,Cancelled,Credit Card
2314,642,2026-06-20,Delivered,Debit Card
2315,92,2025-12-13,Delivered,Net Banking
2316,19,2026-03-13,Returned,Debit Card
2317,226,2024-10-14,Pending,Debit Card
2318,210,2026-03-09,Cancelled,UPI
2319,60,2026-06-19,Pending,Cash on Delivery
2320,510,2025-06-22,Returned,Debit Card
2321,927,2026-02-15,Returned,Credit Card
2322,916,2025-12-05,Cancelled,Debit Card
2323,603,2025-05-21,Delivered,Cash on Delivery
2324,233,2025-03-29,Pending,Cash on Delivery
2325,377,2024-09-27,Delivered,Debit Card
2326,681,2026-08-01,Cancelled,Net Banking
2327,999,2025-02-17,Delivered,Net Banking
2328,72,2026-07-25,Returned,Cash on Delivery
2329,125,2025-04-02,Delivered,Net Banking
2330,914,2026-04-16,Pending,Credit Card
2331,517,2026-06-07,Pending,Net Banking
2332,43,2026-03-22,Pending,Cash on Delivery
2333,156,2024-10-28,Delivered,Net Banking
2334,808,2026-01-01,Delivered,Net Banking
2335,783,2025-09-29,Returned,UPI
2336,544,2026-04-28,Returned,Cash on Delivery
2337,34,2024-09-12,Cancelled,UPI
2338,297,2026-04-07,Pending,Credit Card
2339,281,2025-06-26,Pending,Net Banking
2340,264,2025-02-09,Cancelled,Credit Card
2341,88,2026-05-29,Cancelled,Credit Card
2342,600,2026-02-12,Returned,Credit Card
2343,295,2025-06-21,Returned,Credit Card
2344,440,2026-05-28,Pending,UPI
2345,831,2025-03-19,Pending,Cash on Delivery
2346,311,2025-03-29,Cancelled,Cash on Delivery
2347,637,2024-08-15,Pending,Net Banking
2348,266,2025-11-11,Delivered,Debit Card
2349,238,2024-10-15,Pending,Debit Card
2350,813,2025-06-07,Returned,Net Banking
2351,885,2025-02-06,Cancelled,UPI
2352,299,2025-11-10,Returned,UPI
2353,364,2025-02-10,Returned,Net Banking
2354,543,2025-09-30,Cancelled,Credit Card
2355,420,2025-06-29,Delivered,Cash on Delivery
2356,793,2026-04-25,Cancelled,Net Banking
2357,147,2025-11-21,Cancelled,Net Banking
2358,464,2025-11-07,Returned,Cash on Delivery
2359,172,2025-03-09,Delivered,Net Banking
2360,1,2025-10-07,Delivered,UPI
2361,494,2024-11-18,Pending,Debit Card
2362,89,2026-02-20,Pending,Debit Card
2363,254,2024-12-18,Delivered,Credit Card
2364,187,2025-03-26,Cancelled,Net Banking
2365,29,2025-02-14,Pending,Net Banking
2366,310,2024-11-23,Delivered,Debit Card
2367,348,2024-08-19,Cancelled,Cash on Delivery
2368,524,2025-01-20,Cancelled,Net Banking
2369,572,2024-11-26,Delivered,Net Banking
2370,704,2024-09-26,Cancelled,Credit Card
2371,58,2025-04-07,Returned,Net Banking
2372,810,2025-06-13,Pending,UPI
2373,118,2025-11-05,Cancelled,Credit Card
2374,963,2026-04-01,Delivered,UPI
2375,940,2025-03-04,Cancelled,Debit Card
2376,674,2025-06-23,Delivered,Net Banking
2377,26,2025-08-23,Pending,UPI
2378,482,2026-03-17,Returned,Credit Card
2379,359,2025-12-14,Cancelled,UPI
2380,747,2025-10-07,Pending,Debit Card
2381,898,2024-09-10,Returned,Debit Card
2382,351,2024-12-07,Cancelled,Cash on Delivery
2383,687,2026-04-19,Returned,Debit Card
2384,324,2026-05-02,Delivered,UPI
2385,706,2025-01-21,Delivered,Net Banking
2386,104,2025-08-23,Pending,Debit Card
2387,157,2026-04-29,Returned,Debit Card
2388,782,2025-03-13,Delivered,Net Banking
2389,578,2025-02-08,Returned,Credit Card
2390,854,2026-03-29,Cancelled,Cash on Delivery
2391,220,2025-02-09,Returned,UPI
2392,944,2025-09-29,Delivered,Debit Card
2393,332,2026-06-29,Cancelled,Cash on Delivery
2394,890,2025-07-21,Delivered,Debit Card
2395,157,2024-08-28,Returned,UPI
2396,794,2026-05-04,Returned,Net Banking
2397,136,2025-10-31,Delivered,Debit Card
2398,587,2026-01-31,Delivered,Net Banking
2399,970,2026-03-16,Returned,Credit Card
2400,996,2026-04-06,Cancelled,UPI
2401,525,2026-03-29,Pending,UPI
2402,762,2025-03-04,Delivered,Credit Card
2403,935,2025-07-27,Delivered,UPI
2404,23,2025-07-01,Returned,UPI
2405,388,2024-09-07,Returned,Net Banking
2406,586,2025-01-21,Cancelled,UPI
2407,302,2024-10-22,Cancelled,Net Banking
2408,734,2025-05-22,Pending,Cash on Delivery
2409,940,2025-05-28,Pending,Cash on Delivery
2410,159,2026-03-15,Cancelled,UPI
2411,816,2026-02-08,Pending,UPI
2412,407,2026-07-26,Cancelled,Credit Card
2413,274,2026-06-11,Returned,UPI
2414,322,2025-08-05,Delivered,Cash on Delivery
2415,405,2025-09-24,Delivered,Cash on Delivery
2416,217,2026-04-12,Cancelled,Cash on Delivery
2417,446,2025-01-19,Returned,Net Banking
2418,278,2024-09-04,Cancelled,Cash on Delivery
2419,640,2025-11-17,Pending,UPI
2420,531,2024-08-21,Delivered,Debit Card
2421,677,2025-09-13,Cancelled,Cash on Delivery
2422,446,2026-03-15,Returned,Credit Card
2423,313,2026-04-10,Returned,UPI
2424,924,2026-06-24,Returned,Cash on Delivery
2425,430,2025-07-07,Delivered,UPI
2426,131,2025-10-27,Returned,Cash on Delivery
2427,631,2024-12-03,Returned,Debit Card
2428,205,2024-09-18,Cancelled,Debit Card
2429,794,2024-09-18,Pending,Net Banking
2430,429,2026-06-22,Returned,Cash on Delivery
2431,52,2024-10-22,Cancelled,Debit Card
2432,716,2025-10-08,Returned,Cash on Delivery
2433,70,2026-03-14,Cancelled,Net Banking
2434,979,2025-10-01,Pending,Cash on Delivery
2435,166,2025-06-05,Cancelled,UPI
2436,718,2026-06-29,Pending,Net Banking
2437,684,2026-02-23,Delivered,UPI
2438,892,2025-09-04,Returned,Net Banking
2439,595,2025-01-21,Returned,Credit Card
2440,532,2024-08-11,Cancelled,Credit Card
2441,578,2026-05-28,Pending,Net Banking
2442,466,2025-06-28,Returned,Credit Card
2443,754,2024-08-01,Pending,Debit Card
2444,773,2025-05-22,Delivered,Net Banking
2445,605,2025-11-21,Cancelled,Debit Card
2446,135,2025-10-29,Pending,Cash on Delivery
2447,660,2026-01-18,Returned,Debit Card
2448,803,2026-02-07,Delivered,Credit Card
2449,589,2026-06-03,Cancelled,Credit Card
2450,969,2025-10-12,Pending,Debit Card
2451,242,2025-10-13,Returned,UPI
2452,108,2026-05-22,Cancelled,Net Banking
2453,126,2026-02-13,Delivered,Debit Card
2454,785,2025-11-29,Delivered,Cash on Delivery
2455,440,2025-08-15,Returned,UPI
2456,946,2026-05-24,Delivered,Credit Card
2457,150,2024-08-14,Delivered,Credit Card
2458,340,2024-12-25,Pending,Net Banking
2459,897,2026-05-07,Pending,Debit Card
2460,617,2025-07-17,Returned,UPI
2461,368,2025-04-02,Pending,Net Banking
2462,829,2026-02-06,Returned,Debit Card
2463,735,2024-12-12,Returned,UPI
2464,755,2024-11-26,Pending,Cash on Delivery
2465,50,2025-08-28,Returned,Cash on Delivery
2466,236,2025-05-16,Returned,UPI
2467,44,2025-11-03,Pending,Credit Card
2468,338,2024-08-25,Returned,Net Banking
2469,694,2025-01-17,Returned,Cash on Delivery
2470,145,2026-02-13,Pending,Cash on Delivery
2471,923,2025-05-09,Cancelled,Net Banking
2472,340,2026-05-09,Delivered,Net Banking
2473,203,2025-03-31,Cancelled,Debit Card
2474,927,2025-04-11,Returned,Net Banking
2475,215,2026-06-15,Cancelled,Cash on Delivery
2476,326,2026-06-24,Pending,Credit Card
2477,92,2025-05-22,Cancelled,Credit Card
2478,620,2024-08-23,Returned,UPI
2479,354,2025-11-13,Cancelled,UPI
2480,515,2025-04-03,Pending,Cash on Delivery
2481,600,2024-11-07,Delivered,Net Banking
2482,669,2025-11-03,Returned,Net Banking
2483,518,2025-02-25,Returned,Net Banking
2484,875,2026-04-24,Returned,Credit Card
2485,114,2026-02-17,Delivered,Credit Card
2486,188,2026-05-22,Cancelled,Credit Card
2487,57,2025-04-22,Delivered,Credit Card
2488,566,2024-08-05,Cancelled,UPI
2489,875,2024-10-09,Pending,Net Banking
2490,436,2025-02-03,Pending,Credit Card
2491,313,2025-12-15,Delivered,Net Banking
2492,565,2025-09-12,Delivered,Net Banking
2493,617,2026-04-05,Pending,UPI
2494,57,2026-04-24,Pending,UPI
2495,939,2025-04-13,Returned,UPI
2496,198,2025-11-30,Cancelled,Debit Card
2497,561,2025-07-31,Returned,Net Banking
2498,662,2024-12-11,Returned,Net Banking
2499,452,2026-01-11,Delivered,Cash on Delivery
2500,520,2025-08-22,Cancelled,Net Banking
2501,463,2025-08-27,Delivered,Debit Card
2503,367,2026-07-06,Returned,UPI
2504,920,2026-04-07,Pending,Net Banking
2505,13,2025-03-11,Cancelled,Net Banking
2506,2,2025-10-25,Delivered,Cash on Delivery
2507,789,2025-12-20,Pending,Net Banking
2508,790,2025-04-04,Cancelled,Net Banking
2509,346,2026-01-27,Pending,Debit Card
2510,701,2025-04-12,Returned,Cash on Delivery
2511,769,2025-06-01,Delivered,UPI
2512,299,2025-03-09,Pending,UPI
2513,708,2025-07-15,Pending,Credit Card
2514,240,2026-04-17,Delivered,Cash on Delivery
2515,913,2025-09-28,Returned,Debit Card
2516,503,2024-09-23,Returned,UPI
2517,840,2025-11-05,Pending,Debit Card
2518,72,2024-11-26,Pending,UPI
2519,465,2024-08-24,Cancelled,Cash on Delivery
2520,830,2025-02-21,Delivered,Debit Card
2521,669,2025-01-02,Cancelled,Net Banking
2522,724,2024-09-17,Delivered,Credit Card
2523,709,2025-06-16,Pending,UPI
2524,98,2026-06-21,Cancelled,Net Banking
2525,66,2024-08-17,Returned,UPI
2526,698,2026-05-29,Cancelled,Net Banking
2527,614,2025-08-30,Pending,UPI
2528,670,2025-11-13,Pending,UPI
2529,93,2024-08-17,Delivered,Cash on Delivery
2530,184,2024-12-19,Returned,Net Banking
2531,974,2024-11-25,Returned,Net Banking
2532,102,2025-03-12,Returned,UPI
2533,901,2025-02-06,Returned,Cash on Delivery
2534,933,2025-06-06,Pending,Cash on Delivery
2535,686,2025-02-01,Pending,UPI
2536,982,2026-04-19,Cancelled,UPI
2537,727,2025-12-17,Delivered,Debit Card
2538,639,2026-03-31,Pending,Debit Card
2539,955,2025-12-17,Cancelled,Cash on Delivery
2540,983,2025-09-21,Cancelled,Cash on Delivery
2541,425,2024-11-08,Returned,Debit Card
2542,656,2025-12-05,Returned,Cash on Delivery
2543,104,2025-05-19,Returned,Net Banking
2544,444,2025-08-08,Pending,Net Banking
2545,283,2024-11-29,Delivered,Net Banking
2546,971,2025-11-08,Pending,Credit Card
2547,648,2025-03-11,Returned,Cash on Delivery
2548,891,2026-07-10,Delivered,Credit Card
2549,200,2025-03-10,Returned,Debit Card
2550,650,2024-09-18,Cancelled,Debit Card
2551,268,2025-10-09,Delivered,Credit Card
2552,529,2025-07-21,Pending,Net Banking
2553,928,2025-09-28,Pending,Debit Card
2554,24,2026-03-20,Delivered,Credit Card
2555,357,2025-06-20,Cancelled,Net Banking
2556,354,2026-02-07,Delivered,UPI
2557,381,2026-04-18,Pending,Net Banking
2558,955,2024-08-04,Cancelled,UPI
2559,143,2025-08-03,Returned,Cash on Delivery
2560,138,2024-12-02,Delivered,Cash on Delivery
2561,881,2025-07-16,Pending,Credit Card
2562,869,2025-01-28,Cancelled,Debit Card
2563,168,2025-01-16,Cancelled,Net Banking
2564,352,2026-03-25,Returned,Debit Card
2565,200,2025-07-16,Pending,Credit Card
2566,763,2026-02-24,Delivered,Net Banking
2567,264,2025-07-24,Returned,Cash on Delivery
2568,743,2025-12-07,Returned,Credit Card
2569,690,2024-10-25,Returned,Net Banking
2570,346,2025-01-04,Cancelled,Cash on Delivery
2571,476,2025-04-07,Delivered,Credit Card
2572,613,2024-11-17,Delivered,Cash on Delivery
2573,909,2025-06-17,Pending,Cash on Delivery
2574,301,2025-12-07,Delivered,Cash on Delivery
2575,394,2025-10-06,Pending,Cash on Delivery
2576,915,2024-10-09,Pending,Credit Card
2577,979,2026-05-11,Returned,Credit Card
2578,846,2025-11-16,Cancelled,Credit Card
2579,596,2025-05-03,Cancelled,Credit Card
2580,391,2025-01-19,Cancelled,Net Banking
2581,326,2025-02-28,Pending,Debit Card
2582,273,2026-01-26,Returned,Net Banking
2583,499,2026-01-10,Delivered,UPI
2584,732,2025-04-06,Pending,Cash on Delivery
2585,612,2025-05-23,Cancelled,UPI
2586,475,2026-03-24,Returned,Net Banking
2587,954,2025-08-21,Delivered,Cash on Delivery
2588,978,2025-06-04,Delivered,UPI
2589,549,2026-06-22,Delivered,UPI
2590,703,2025-06-05,Pending,UPI
2591,738,2024-08-29,Delivered,UPI
2592,390,2026-01-29,Returned,UPI
2593,814,2026-04-26,Cancelled,UPI
2594,556,2026-02-15,Cancelled,Net Banking
2595,114,2026-05-21,Returned,UPI
2596,697,2025-08-04,Delivered,Net Banking
2597,221,2024-12-01,Cancelled,Debit Card
2598,945,2024-09-07,Delivered,Net Banking
2599,972,2026-04-07,Pending,Credit Card
2600,549,2024-09-17,Delivered,UPI
2601,287,2025-05-16,Returned,Net Banking
2602,820,2025-02-07,Pending,Cash on Delivery
2603,680,2024-11-21,Delivered,UPI
2604,457,2026-01-25,Delivered,Net Banking
2605,912,2025-03-07,Delivered,Debit Card
2606,960,2024-12-15,Pending,Credit Card
2607,235,2025-05-29,Returned,Net Banking
2608,754,2025-12-28,Delivered,Net Banking
2609,858,2025-09-03,Delivered,Credit Card
2610,766,2025-02-23,Delivered,Cash on Delivery
2611,333,2026-06-05,Cancelled,Debit Card
2612,377,2024-08-11,Pending,UPI
2613,295,2025-06-02,Cancelled,Credit Card
2614,21,2025-06-12,Cancelled,Cash on Delivery
2615,1000,2025-10-11,Cancelled,Cash on Delivery
2616,641,2026-06-08,Cancelled,Credit Card
2617,38,2025-05-15,Returned,Credit Card
2618,227,2026-02-14,Pending,Credit Card
2619,474,2026-06-02,Returned,Net Banking
2620,638,2026-05-10,Cancelled,Debit Card
2621,57,2024-09-09,Cancelled,UPI
2622,486,2025-01-06,Cancelled,Cash on Delivery
2623,298,2025-12-31,Cancelled,Credit Card
2624,831,2026-06-24,Cancelled,Cash on Delivery
2625,79,2024-08-15,Delivered,UPI
2626,80,2025-11-06,Delivered,Debit Card
2627,973,2025-04-03,Cancelled,Credit Card
2628,126,2025-10-15,Returned,Net Banking
2629,196,2026-04-29,Cancelled,UPI
2630,333,2026-05-20,Delivered,Net Banking
2631,510,2026-06-03,Returned,Credit Card
2632,88,2025-12-16,Delivered,Debit Card
2633,658,2024-10-21,Cancelled,Cash on Delivery
2634,832,2026-03-27,Delivered,Net Banking
2635,916,2024-12-06,Returned,Net Banking
2636,482,2024-09-16,Pending,Net Banking
2637,852,2025-08-10,Delivered,UPI
2638,235,2024-09-05,Delivered,Net Banking
2639,591,2026-07-05,Returned,Credit Card
2640,603,2025-09-18,Cancelled,Credit Card
2641,844,2024-12-24,Returned,Credit Card
2642,780,2026-06-06,Pending,Net Banking
2643,301,2025-02-04,Cancelled,Cash on Delivery
2644,102,2026-03-13,Returned,Credit Card
2645,334,2026-03-12,Returned,Credit Card
2646,296,2024-11-21,Cancelled,UPI
2647,2,2025-01-10,Pending,Credit Card
2648,143,2025-09-28,Returned,Debit Card
2649,898,2025-08-22,Returned,Cash on Delivery
2650,84,2025-03-24,Delivered,UPI
2651,778,2025-07-08,Pending,UPI
2652,684,2025-07-04,Delivered,UPI
2653,639,2025-03-18,Pending,Cash on Delivery
2654,521,2025-06-21,Pending,Cash on Delivery
2655,942,2025-11-25,Pending,Net Banking
2656,127,2025-05-09,Cancelled,Net Banking
2657,851,2025-02-12,Cancelled,UPI
2658,93,2025-09-10,Returned,Net Banking
2659,700,2025-08-30,Delivered,Cash on Delivery
2660,744,2024-11-20,Delivered,Debit Card
2661,992,2024-09-09,Pending,Credit Card
2662,781,2025-02-19,Pending,Net Banking
2663,451,2024-09-26,Returned,Debit Card
2664,518,2025-01-10,Delivered,Credit Card
2665,751,2025-09-30,Delivered,Net Banking
2666,419,2024-12-23,Cancelled,Net Banking
2667,803,2026-05-26,Pending,Credit Card
2668,501,2025-09-06,Pending,Credit Card
2669,112,2025-03-05,Cancelled,Debit Card
2670,61,2025-08-30,Delivered,Net Banking
2671,439,2024-11-29,Cancelled,UPI
2672,808,2025-04-29,Pending,Net Banking
2673,811,2025-10-10,Cancelled,Debit Card
2674,883,2025-09-14,Pending,Net Banking
2675,485,2026-07-02,Returned,Debit Card
2676,3,2024-08-19,Cancelled,Cash on Delivery
2677,833,2024-09-22,Returned,Net Banking
2678,370,2025-12-07,Delivered,Debit Card
2679,648,2026-02-09,Returned,UPI
2680,767,2025-03-29,Pending,Cash on Delivery
2681,548,2025-11-01,Pending,Debit Card
2682,492,2025-01-13,Returned,Net Banking
2683,225,2025-06-26,Pending,UPI
2684,62,2025-03-29,Cancelled,Net Banking
2685,663,2025-06-14,Pending,Debit Card
2686,124,2025-12-07,Cancelled,Debit Card
2687,771,2025-01-28,Delivered,Credit Card
2688,282,2025-06-05,Returned,Cash on Delivery
2689,920,2025-01-05,Returned,Credit Card
2690,651,2025-01-22,Cancelled,UPI
2691,332,2024-11-27,Returned,Debit Card
2692,305,2025-01-18,Delivered,Debit Card
2693,51,2026-07-11,Delivered,Net Banking
2694,606,2024-09-09,Delivered,Credit Card
2695,478,2024-08-22,Pending,Net Banking
2696,254,2024-12-10,Cancelled,Cash on Delivery
2697,12,2025-01-29,Cancelled,Debit Card
2698,424,2024-12-26,Pending,Net Banking
2699,170,2025-08-08,Cancelled,Net Banking
2700,776,2025-05-02,Cancelled,Net Banking
2701,584,2025-07-16,Returned,Credit Card
2702,7,2025-07-15,Pending,Debit Card
2703,793,2026-04-01,Cancelled,Net Banking
2704,939,2024-12-27,Cancelled,Cash on Delivery
2705,760,2026-04-08,Returned,Net Banking
2706,62,2024-08-11,Cancelled,Debit Card
2707,485,2024-10-24,Cancelled,Net Banking
2708,614,2026-05-30,Delivered,Credit Card
2709,90,2025-11-19,Delivered,Credit Card
2710,332,2024-10-14,Delivered,Net Banking
2711,584,2024-10-14,Returned,UPI
2712,323,2025-01-15,Cancelled,UPI
2713,568,2025-06-10,Delivered,Credit Card
2714,119,2024-08-20,Pending,UPI
2715,395,2025-12-31,Cancelled,Debit Card
2716,614,2025-10-27,Delivered,Cash on Delivery
2717,51,2025-09-26,Pending,Net Banking
2718,10,2024-10-20,Pending,Net Banking
2719,244,2025-09-15,Cancelled,UPI
2720,323,2024-12-25,Cancelled,Credit Card
2721,261,2026-04-15,Cancelled,Net Banking
2722,537,2026-02-26,Returned,Cash on Delivery
2723,919,2026-07-18,Pending,UPI
2724,700,2025-12-16,Delivered,UPI
2725,787,2025-05-11,Pending,Cash on Delivery
2726,748,2025-04-10,Cancelled,Debit Card
2727,957,2025-03-29,Delivered,Credit Card
2728,179,2025-01-11,Pending,Cash on Delivery
2729,794,2024-10-28,Pending,Credit Card
2730,768,2025-05-13,Delivered,Credit Card
2731,444,2026-03-09,Cancelled,UPI
2732,578,2026-05-21,Delivered,Cash on Delivery
2733,670,2026-01-06,Delivered,UPI
2734,900,2024-08-22,Pending,Net Banking
2735,810,2025-10-08,Returned,Credit Card
2736,849,2026-06-04,Delivered,UPI
2737,249,2024-11-07,Delivered,UPI
2738,406,2025-09-12,Returned,UPI
2739,65,2025-12-11,Returned,Debit Card
2740,984,2025-12-22,Delivered,Cash on Delivery
2741,908,2025-02-21,Delivered,Cash on Delivery
2742,404,2024-09-19,Returned,Net Banking
2743,304,2024-11-30,Delivered,Net Banking
2744,101,2025-12-14,Pending,Net Banking
2745,495,2026-01-29,Returned,UPI
2746,632,2025-07-21,Pending,Net Banking
2747,580,2025-10-19,Delivered,Debit Card
2748,70,2025-03-02,Cancelled,Cash on Delivery
2749,101,2026-05-12,Pending,Cash on Delivery
2750,29,2025-06-26,Delivered,Debit Card
2751,108,2024-12-02,Cancelled,Credit Card
2752,870,2025-07-19,Delivered,Cash on Delivery
2753,467,2026-05-14,Delivered,UPI
2754,842,2025-05-18,Delivered,Credit Card
2755,561,2024-09-30,Returned,UPI
2756,639,2026-07-15,Cancelled,Cash on Delivery
2757,787,2025-01-14,Returned,UPI
2758,828,2024-12-29,Cancelled,Debit Card
2759,545,2025-03-26,Returned,Net Banking
2760,991,2026-04-30,Delivered,UPI
2761,171,2025-07-23,Pending,Net Banking
2762,545,2025-03-18,Pending,UPI
2763,765,2026-06-26,Delivered,UPI
2764,886,2025-03-19,Pending,UPI
2765,526,2026-05-30,Pending,Debit Card
2766,617,2026-04-20,Cancelled,Cash on Delivery
2767,554,2026-05-23,Delivered,Credit Card
2768,814,2026-07-23,Cancelled,Net Banking
2769,878,2026-05-04,Cancelled,Debit Card
2770,297,2024-09-22,Returned,Credit Card
2772,231,2024-08-13,Pending,Credit Card
2773,86,2025-11-29,Delivered,UPI
2774,862,2024-10-22,Cancelled,UPI
2775,798,2024-12-04,Cancelled,Credit Card
2776,697,2024-10-23,Cancelled,UPI
2777,846,2025-10-31,Cancelled,Debit Card
2778,894,2025-10-14,Cancelled,Net Banking
2779,258,2026-01-24,Delivered,Net Banking
2780,912,2026-04-19,Cancelled,Credit Card
2781,325,2025-06-13,Delivered,Net Banking
2782,740,2025-03-24,Returned,Credit Card
2783,236,2025-06-14,Returned,UPI
2784,606,2025-04-01,Cancelled,Debit Card
2785,925,2024-12-20,Pending,Cash on Delivery
2786,669,2025-04-08,Pending,Cash on Delivery
2787,25,2026-01-01,Cancelled,Net Banking
2788,586,2026-04-11,Returned,UPI
2789,611,2025-05-11,Cancelled,Cash on Delivery
2790,645,2026-06-29,Returned,Debit Card
2791,19,2025-05-02,Cancelled,Cash on Delivery
2792,689,2025-04-29,Cancelled,Net Banking
2793,485,2025-06-12,Pending,Debit Card
2794,388,2025-01-02,Cancelled,UPI
2795,213,2025-09-29,Returned,Debit Card
2796,491,2026-01-22,Pending,Debit Card
2797,801,2025-11-03,Cancelled,UPI
2798,714,2025-06-03,Cancelled,Net Banking
2799,245,2025-08-02,Returned,Cash on Delivery
2800,859,2026-07-26,Cancelled,Cash on Delivery
2801,579,2025-05-17,Pending,Credit Card
2802,164,2025-09-01,Pending,Cash on Delivery
2803,962,2026-06-24,Cancelled,Credit Card
2804,954,2025-11-02,Returned,UPI
2805,146,2026-07-22,Delivered,Credit Card
2806,179,2026-07-08,Delivered,Credit Card
2807,4,2025-10-30,Returned,UPI
2808,965,2026-07-15,Returned,Net Banking
2809,3,2024-11-27,Returned,Cash on Delivery
2810,171,2026-04-27,Pending,UPI
2811,93,2025-11-21,Returned,UPI
2812,662,2025-07-22,Returned,Net Banking
2813,862,2025-09-25,Delivered,Cash on Delivery
2814,225,2025-08-05,Cancelled,Credit Card
2815,897,2024-09-27,Delivered,Debit Card
2816,553,2025-12-02,Delivered,UPI
2817,351,2025-06-20,Returned,UPI
2818,705,2026-07-22,Cancelled,Credit Card
2819,781,2025-03-07,Pending,Cash on Delivery
2820,873,2025-08-01,Pending,Credit Card
2821,828,2025-03-16,Cancelled,Credit Card
2822,784,2026-03-26,Returned,Net Banking
2823,229,2024-10-09,Cancelled,Credit Card
2824,3,2026-05-23,Cancelled,Debit Card
2825,737,2024-08-21,Cancelled,Debit Card
2826,372,2025-06-30,Cancelled,Credit Card
2827,178,2026-03-18,Pending,Credit Card
2828,462,2024-09-28,Pending,UPI
2829,676,2025-06-18,Pending,Cash on Delivery
2830,846,2024-12-13,Pending,Net Banking
2831,153,2024-08-03,Pending,Cash on Delivery
2832,858,2025-01-07,Cancelled,UPI
2833,53,2026-02-06,Cancelled,Credit Card
2834,332,2025-08-15,Returned,Debit Card
2835,824,2026-03-20,Returned,Credit Card
2836,955,2025-05-12,Pending,UPI
2837,635,2024-11-25,Delivered,Credit Card
2838,420,2024-09-27,Returned,Net Banking
2839,344,2026-05-24,Returned,Debit Card
2840,642,2024-10-25,Cancelled,Credit Card
2841,418,2025-11-16,Cancelled,UPI
2842,957,2026-08-01,Returned,UPI
2843,844,2025-03-23,Delivered,Net Banking
2844,489,2024-10-25,Pending,Cash on Delivery
2845,917,2025-12-12,Delivered,Debit Card
2846,378,2024-08-23,Cancelled,Credit Card
2847,980,2026-05-02,Returned,Debit Card
2848,562,2026-05-13,Pending,Net Banking
2849,395,2024-09-21,Delivered,Cash on Delivery
2850,943,2025-11-01,Returned,Credit Card
2851,451,2026-07-18,Pending,UPI
2852,842,2026-04-08,Pending,Net Banking
2853,826,2026-01-09,Pending,Cash on Delivery
2854,897,2025-09-18,Returned,Credit Card
2855,160,2025-08-19,Delivered,Debit Card
2856,461,2024-12-03,Returned,Debit Card
2857,190,2025-01-19,Pending,Debit Card
2858,168,2025-03-24,Delivered,Cash on Delivery
2859,269,2026-01-17,Delivered,Debit Card
2860,85,2025-06-28,Pending,Cash on Delivery
2861,527,2024-09-30,Returned,Credit Card
2862,445,2025-08-15,Delivered,Net Banking
2863,13,2024-10-05,Delivered,Cash on Delivery
2864,423,2026-07-20,Returned,Debit Card
2865,791,2025-06-25,Cancelled,Cash on Delivery
2866,91,2024-08-28,Cancelled,UPI
2867,763,2025-05-30,Pending,Cash on Delivery
2868,836,2025-03-28,Pending,Net Banking
2869,511,2024-12-06,Delivered,Debit Card
2870,537,2024-10-03,Delivered,Debit Card
2871,602,2025-04-19,Cancelled,Credit Card
2872,33,2025-02-05,Delivered,UPI
2873,63,2025-04-06,Pending,Credit Card
2874,463,2025-07-05,Delivered,UPI
2875,670,2025-11-29,Returned,UPI
2876,255,2025-03-02,Cancelled,UPI
2877,548,2026-01-07,Cancelled,Cash on Delivery
2878,690,2024-08-24,Delivered,Debit Card
2879,231,2025-08-08,Returned,Net Banking
2880,302,2026-01-19,Delivered,Cash on Delivery
2881,640,2025-04-12,Pending,Net Banking
2882,939,2026-05-12,Delivered,UPI
2883,63,2026-07-03,Delivered,UPI
2884,799,2026-04-15,Returned,Debit Card
2885,784,2024-11-29,Delivered,Net Banking
2886,643,2024-12-12,Delivered,Cash on Delivery
2887,600,2024-12-31,Returned,Net Banking
2888,481,2025-04-10,Returned,Net Banking
2889,385,2026-04-12,Returned,UPI
2890,70,2025-02-14,Delivered,Net Banking
2891,922,2025-12-23,Pending,Debit Card
2892,929,2025-09-07,Cancelled,UPI
2893,949,2025-05-27,Pending,Debit Card
2894,781,2026-01-22,Delivered,Cash on Delivery
2895,351,2026-04-07,Returned,Debit Card
2896,82,2024-11-28,Cancelled,UPI
2897,941,2026-04-22,Delivered,Debit Card
2898,358,2025-08-21,Delivered,Net Banking
2899,913,2024-09-28,Cancelled,Debit Card
2901,206,2026-07-08,Returned,Cash on Delivery
2902,947,2025-12-02,Pending,Net Banking
2903,211,2025-04-02,Delivered,Debit Card
2904,413,2025-05-08,Returned,Debit Card
2905,172,2024-10-26,Cancelled,Net Banking
2906,392,2026-06-15,Cancelled,Credit Card
2907,40,2025-07-05,Cancelled,Net Banking
2908,816,2025-01-23,Returned,UPI
2909,72,2026-04-05,Pending,Credit Card
2910,26,2024-09-07,Returned,Cash on Delivery
2911,47,2026-04-03,Returned,UPI
2912,375,2026-01-07,Cancelled,UPI
2913,567,2024-08-02,Returned,Cash on Delivery
2914,29,2025-04-30,Delivered,Cash on Delivery
2915,462,2026-01-20,Pending,Cash on Delivery
2916,347,2024-11-09,Cancelled,Debit Card
2917,347,2024-12-04,Cancelled,UPI
2918,132,2024-12-26,Returned,Credit Card
2919,595,2025-09-15,Returned,Net Banking
2920,985,2026-03-19,Returned,Net Banking
2921,644,2026-06-14,Cancelled,UPI
2922,283,2025-01-28,Cancelled,UPI
2923,276,2026-04-20,Cancelled,UPI
2924,395,2025-10-02,Pending,UPI
2925,344,2025-04-20,Pending,Cash on Delivery
2926,826,2026-02-20,Delivered,Credit Card
2927,577,2025-05-17,Delivered,Cash on Delivery
2928,455,2026-07-26,Delivered,Debit Card
2929,563,2026-07-17,Pending,Cash on Delivery
2930,292,2025-03-30,Delivered,UPI
2931,142,2025-05-12,Delivered,Cash on Delivery
2932,922,2024-11-12,Delivered,Cash on Delivery
2933,488,2025-09-22,Delivered,UPI
2934,847,2026-01-09,Cancelled,Credit Card
2935,905,2025-12-02,Cancelled,UPI
2936,550,2026-04-08,Pending,Debit Card
2937,736,2024-12-28,Delivered,UPI
2938,474,2025-10-30,Delivered,UPI
2939,711,2025-10-12,Returned,UPI
2940,784,2025-07-25,Delivered,Credit Card
2941,773,2025-12-03,Returned,Cash on Delivery
2942,281,2025-09-06,Pending,Cash on Delivery
2943,17,2026-01-24,Cancelled,Debit Card
2944,158,2025-08-18,Cancelled,Cash on Delivery
2945,628,2024-08-06,Cancelled,Net Banking
2946,182,2024-09-05,Delivered,Cash on Delivery
2947,633,2026-07-23,Delivered,UPI
2948,801,2026-02-21,Returned,Credit Card
2949,64,2025-09-19,Delivered,UPI
2950,427,2025-01-08,Cancelled,Credit Card
2951,719,2026-07-05,Returned,Cash on Delivery
2952,884,2025-02-26,Returned,Net Banking
2953,245,2024-08-29,Pending,Credit Card
2954,487,2024-11-24,Delivered,Debit Card
2955,773,2026-04-20,Pending,Credit Card
2956,273,2026-02-24,Pending,Credit Card
2957,552,2026-07-02,Pending,Debit Card
2958,660,2025-05-10,Delivered,Net Banking
2959,455,2026-05-31,Delivered,Net Banking
2960,953,2025-05-25,Cancelled,UPI
2961,228,2024-08-31,Pending,Credit Card
2962,379,2025-03-24,Pending,UPI
2963,699,2026-01-12,Returned,Cash on Delivery
2964,9,2025-08-16,Pending,Debit Card
2965,340,2025-09-13,Returned,Net Banking
2966,67,2026-02-21,Cancelled,UPI
2967,464,2026-02-01,Pending,Debit Card
2969,555,2025-05-27,Delivered,Credit Card
2970,820,2026-01-12,Pending,Credit Card
2971,125,2025-02-07,Returned,Credit Card
2972,687,2025-07-26,Cancelled,Net Banking
2973,998,2026-02-06,Returned,UPI
2974,669,2024-10-20,Cancelled,Credit Card
2975,769,2026-04-27,Pending,Debit Card
2976,652,2025-08-26,Returned,Cash on Delivery
2977,15,2024-08-07,Delivered,Net Banking
2978,48,2025-06-20,Returned,Credit Card
2979,175,2026-06-29,Cancelled,UPI
2980,603,2025-05-10,Delivered,UPI
2981,45,2025-12-09,Cancelled,Debit Card
2982,350,2026-05-20,Delivered,UPI
2983,334,2026-07-20,Delivered,Cash on Delivery
2984,980,2025-02-19,Delivered,UPI
2985,957,2025-06-18,Delivered,Debit Card
2986,492,2025-05-12,Delivered,Debit Card
2987,42,2025-07-20,Pending,Cash on Delivery
2988,839,2026-01-19,Delivered,Net Banking
2989,853,2025-02-15,Delivered,UPI
2990,187,2025-12-07,Cancelled,Net Banking
2991,114,2025-06-25,Delivered,Debit Card
2992,309,2026-01-01,Pending,Debit Card
2993,109,2026-05-17,Pending,Net Banking
2994,525,2025-08-17,Returned,Credit Card
2995,190,2026-01-16,Returned,Debit Card
2996,253,2025-05-31,Cancelled,Debit Card
2997,702,2025-07-13,Returned,Net Banking
2998,310,2025-01-02,Cancelled,Cash on Delivery
2999,735,2024-10-25,Pending,Net Banking
3000,274,2025-09-25,Pending,Net Banking
3001,102,2025-03-06,Returned,Credit Card
3002,472,2025-06-26,Cancelled,UPI
3003,79,2024-10-18,Cancelled,Debit Card
3004,553,2026-01-15,Returned,Debit Card
3005,638,2024-08-04,Returned,Cash on Delivery
3006,549,2026-04-03,Delivered,Debit Card
3007,163,2026-03-30,Cancelled,Net Banking
3008,606,2024-11-25,Delivered,Credit Card
3009,283,2025-01-09,Returned,Cash on Delivery
3010,534,2025-02-22,Delivered,Cash on Delivery
3011,470,2024-09-19,Delivered,Debit Card
3012,123,2026-07-13,Pending,Cash on Delivery
3013,571,2026-07-31,Cancelled,UPI
3014,691,2024-11-06,Cancelled,UPI
3015,178,2026-02-01,Pending,Credit Card
3016,5,2026-03-19,Cancelled,UPI
3017,384,2025-08-13,Cancelled,Debit Card
3018,518,2026-04-26,Cancelled,Debit Card
3019,724,2024-08-26,Returned,Credit Card
3020,795,2026-01-22,Returned,UPI
3021,321,2025-01-23,Pending,UPI
3022,479,2025-05-20,Returned,Net Banking
3023,390,2025-10-19,Pending,Credit Card
3024,33,2026-05-13,Pending,Credit Card
3025,245,2026-01-12,Returned,UPI
3026,31,2025-10-26,Cancelled,Cash on Delivery
3027,618,2026-06-08,Returned,UPI
3028,903,2026-06-14,Delivered,Credit Card
3029,609,2025-05-29,Delivered,Debit Card
3030,295,2025-01-29,Cancelled,Cash on Delivery
3031,563,2026-03-17,Cancelled,Debit Card
3032,351,2024-08-28,Delivered,UPI
3033,382,2025-06-02,Cancelled,Cash on Delivery
3034,305,2025-10-27,Cancelled,Debit Card
3035,605,2025-10-14,Cancelled,UPI
3036,193,2025-01-01,Cancelled,Debit Card
3037,302,2026-04-15,Pending,Net Banking
3038,103,2026-01-03,Cancelled,UPI
3039,508,2024-08-04,Delivered,Debit Card
3040,725,2024-11-07,Pending,Debit Card
3041,952,2024-11-24,Cancelled,Cash on Delivery
3042,430,2026-07-12,Delivered,Debit Card
3043,694,2025-05-29,Cancelled,UPI
3044,818,2025-08-19,Pending,UPI
3045,105,2026-04-19,Pending,Net Banking
3046,731,2025-03-04,Delivered,Net Banking
3047,177,2025-09-15,Returned,Cash on Delivery
3048,845,2026-04-24,Pending,UPI
3049,706,2025-08-24,Cancelled,UPI
3050,347,2024-10-09,Delivered,Net Banking
3051,995,2025-12-20,Cancelled,Credit Card
3052,44,2026-02-22,Pending,Net Banking
3053,971,2025-08-01,Pending,Debit Card
3054,779,2025-06-06,Cancelled,UPI
3055,361,2024-11-17,Delivered,Debit Card
3056,798,2025-06-23,Pending,Cash on Delivery
3057,296,2025-04-13,Delivered,UPI
3058,248,2024-10-17,Returned,Debit Card
3059,159,2026-07-24,Pending,Net Banking
3060,6,2025-05-17,Returned,Debit Card
3061,254,2025-10-11,Pending,Cash on Delivery
3062,553,2025-07-07,Returned,Credit Card
3063,827,2024-09-08,Returned,UPI
3064,880,2024-10-01,Cancelled,Credit Card
3065,28,2025-06-20,Cancelled,UPI
3066,555,2025-11-15,Delivered,Cash on Delivery
3067,422,2024-08-01,Cancelled,Debit Card
3068,945,2024-11-23,Pending,Cash on Delivery
3069,347,2025-08-25,Pending,UPI
3070,694,2026-07-03,Delivered,Cash on Delivery
3071,978,2025-01-04,Delivered,UPI
3072,989,2025-04-27,Delivered,UPI
3073,390,2024-12-22,Pending,UPI
3074,365,2025-10-05,Pending,Credit Card
3075,115,2024-09-07,Pending,Net Banking
3076,281,2024-12-20,Returned,Credit Card
3077,194,2025-05-10,Delivered,UPI
3078,916,2025-08-26,Cancelled,Cash on Delivery
3079,917,2024-10-22,Cancelled,Credit Card
3080,802,2025-06-07,Cancelled,Credit Card
3081,669,2025-05-20,Pending,Credit Card
3082,531,2024-08-01,Cancelled,Net Banking
3083,106,2025-02-25,Delivered,Debit Card
3084,338,2025-08-25,Delivered,Cash on Delivery
3085,30,2025-12-22,Returned,Net Banking
3086,202,2025-03-27,Cancelled,Net Banking
3087,210,2025-07-16,Returned,Net Banking
3088,95,2025-04-18,Pending,UPI
3089,655,2025-04-22,Pending,Credit Card
3090,79,2025-09-28,Pending,Credit Card
3091,682,2024-12-10,Cancelled,Net Banking
3093,938,2026-02-16,Returned,Debit Card
3094,42,2024-08-29,Returned,Credit Card
3095,899,2025-02-12,Returned,Cash on Delivery
3096,781,2024-12-11,Cancelled,Credit Card
3097,308,2025-12-24,Delivered,Net Banking
3098,398,2026-04-15,Returned,Cash on Delivery
3099,665,2025-05-25,Delivered,UPI
3100,714,2025-09-20,Delivered,Cash on Delivery
3101,26,2026-01-30,Cancelled,Net Banking
3102,868,2025-04-11,Delivered,Debit Card
3103,801,2026-03-25,Pending,Debit Card
3104,526,2025-07-09,Pending,UPI
3105,588,2025-08-25,Cancelled,Net Banking
3106,351,2025-11-03,Pending,Debit Card
3107,845,2025-10-23,Pending,Cash on Delivery
3108,235,2024-09-15,Returned,Debit Card
3109,669,2026-05-08,Cancelled,UPI
3110,749,2026-05-22,Delivered,Cash on Delivery
3111,728,2024-08-24,Pending,Debit Card
3112,122,2025-08-06,Cancelled,Debit Card
3113,918,2024-12-29,Pending,Credit Card
3114,127,2025-10-25,Cancelled,Credit Card
3115,136,2025-08-20,Delivered,Net Banking
3116,338,2024-08-29,Delivered,Cash on Delivery
3117,187,2024-10-05,Pending,Cash on Delivery
3118,423,2025-11-01,Returned,UPI
3119,570,2025-10-05,Pending,UPI
3120,375,2025-12-09,Delivered,Net Banking
3121,883,2025-05-16,Pending,Net Banking
3122,449,2024-10-25,Cancelled,Cash on Delivery
3123,684,2025-02-25,Returned,Net Banking
3124,427,2026-04-09,Cancelled,Debit Card
3125,425,2026-01-05,Pending,UPI
3126,653,2025-01-28,Delivered,Cash on Delivery
3127,70,2025-11-16,Delivered,UPI
3128,687,2025-03-22,Cancelled,Credit Card
3129,836,2025-11-05,Delivered,Net Banking
3130,144,2026-01-20,Returned,Cash on Delivery
3131,126,2025-08-05,Returned,Net Banking
3132,876,2026-05-30,Pending,UPI
3133,376,2024-11-28,Delivered,Credit Card
3134,421,2025-10-26,Pending,Cash on Delivery
3135,548,2025-12-23,Cancelled,Debit Card
3136,994,2024-12-20,Pending,Debit Card
3137,790,2024-09-21,Returned,Debit Card
3138,183,2024-10-15,Delivered,Net Banking
3139,698,2025-02-10,Pending,Net Banking
3140,339,2025-05-12,Returned,Net Banking
3141,172,2024-10-08,Pending,Debit Card
3142,317,2026-06-24,Returned,UPI
3143,809,2024-09-22,Returned,Credit Card
3144,132,2024-09-20,Returned,Credit Card
3145,574,2025-08-15,Pending,Debit Card
3146,739,2024-08-20,Returned,Debit Card
3147,448,2025-09-26,Cancelled,Net Banking
3148,43,2025-02-12,Delivered,Credit Card
3149,308,2025-07-13,Cancelled,Debit Card
3150,368,2025-05-14,Cancelled,Cash on Delivery
3151,32,2026-01-26,Cancelled,Cash on Delivery
3152,850,2026-01-14,Cancelled,Net Banking
3153,413,2026-05-04,Pending,Credit Card
3154,434,2025-09-05,Delivered,Debit Card
3155,314,2024-09-03,Delivered,Credit Card
3156,203,2026-03-14,Returned,Cash on Delivery
3157,942,2024-10-12,Delivered,Credit Card
3158,161,2025-01-23,Returned,Credit Card
3159,486,2026-05-25,Cancelled,Net Banking
3160,453,2025-12-04,Returned,UPI
3161,465,2026-05-24,Delivered,UPI
3162,770,2025-12-01,Cancelled,UPI
3163,16,2026-01-12,Returned,Cash on Delivery
3164,601,2025-11-29,Cancelled,Cash on Delivery
3165,697,2024-09-28,Pending,Credit Card
3166,37,2025-01-06,Delivered,Debit Card
3167,810,2024-09-29,Pending,Credit Card
3168,60,2025-06-22,Delivered,Credit Card
3169,282,2026-04-15,Delivered,Debit Card
3170,517,2026-05-03,Pending,Credit Card
3171,265,2025-05-23,Delivered,Credit Card
3172,675,2025-05-05,Delivered,Debit Card
3173,674,2025-10-04,Returned,Cash on Delivery
3174,524,2025-05-01,Returned,UPI
3175,596,2024-09-06,Cancelled,Credit Card
3176,390,2025-09-25,Delivered,UPI
3177,344,2026-04-02,Returned,Cash on Delivery
3178,576,2024-10-20,Delivered,Cash on Delivery
3179,479,2025-06-14,Cancelled,Debit Card
3180,315,2024-09-07,Returned,Credit Card
3181,676,2024-10-14,Pending,Net Banking
3182,346,2026-06-15,Pending,Credit Card
3183,455,2026-03-27,Delivered,Credit Card
3184,532,2024-08-23,Delivered,Cash on Delivery
3185,500,2024-12-02,Cancelled,Net Banking
3186,586,2025-03-15,Delivered,Debit Card
3187,352,2026-06-21,Returned,UPI
3188,657,2024-11-09,Returned,Credit Card
3189,910,2025-11-09,Pending,Credit Card
3190,978,2025-10-27,Delivered,Net Banking
3191,548,2025-06-10,Delivered,Credit Card
3192,501,2026-04-29,Returned,Cash on Delivery
3193,354,2025-03-26,Pending,Debit Card
3194,957,2024-12-25,Cancelled,Net Banking
3195,347,2024-11-19,Pending,Net Banking
3196,53,2025-12-03,Pending,Cash on Delivery
3197,433,2025-03-23,Delivered,Net Banking
3198,807,2025-10-25,Pending,Debit Card
3199,106,2026-03-19,Pending,Cash on Delivery
3200,623,2025-05-12,Delivered,Cash on Delivery
3201,823,2026-05-05,Returned,UPI
3202,705,2024-12-06,Cancelled,Net Banking
3203,501,2025-02-04,Cancelled,Cash on Delivery
3204,914,2024-12-22,Returned,UPI
3205,191,2025-12-04,Pending,Credit Card
3206,685,2025-04-12,Returned,Debit Card
3207,657,2024-11-23,Returned,Debit Card
3208,405,2026-07-24,Pending,Credit Card
3209,875,2026-01-02,Cancelled,Debit Card
3210,842,2025-01-18,Pending,Net Banking
3211,729,2024-10-01,Delivered,Cash on Delivery
3212,475,2025-07-21,Pending,Credit Card
3213,79,2024-10-09,Pending,Debit Card
3214,541,2026-07-29,Pending,Net Banking
3215,705,2026-01-12,Returned,Credit Card
3216,163,2025-01-08,Returned,Credit Card
3217,469,2025-12-11,Delivered,Cash on Delivery
3218,230,2025-06-28,Returned,Net Banking
3219,120,2025-09-06,Cancelled,Credit Card
3220,857,2025-02-21,Returned,Credit Card
3221,683,2026-02-21,Cancelled,UPI
3222,557,2024-11-30,Pending,UPI
3223,107,2025-08-16,Returned,Cash on Delivery
3224,560,2024-09-07,Returned,Debit Card
3225,996,2024-11-15,Returned,UPI
3226,452,2026-07-24,Delivered,Net Banking
3227,1,2025-01-30,Pending,UPI
3228,929,2025-11-07,Cancelled,Credit Card
3229,199,2026-04-01,Delivered,Debit Card
3230,391,2025-04-14,Pending,Debit Card
3231,320,2025-11-16,Pending,Net Banking
3232,803,2026-03-30,Returned,UPI
3233,841,2026-05-12,Delivered,Debit Card
3234,665,2025-03-15,Pending,Net Banking
3235,606,2025-11-20,Cancelled,Cash on Delivery
3236,149,2025-04-14,Returned,Debit Card
3237,638,2024-12-24,Returned,UPI
3238,289,2025-02-01,Pending,UPI
3239,255,2024-10-31,Cancelled,Debit Card
3240,559,2025-12-13,Returned,Debit Card
3241,2,2026-05-04,Delivered,UPI
3242,662,2025-11-28,Pending,Debit Card
3243,908,2025-10-05,Pending,Debit Card
3244,53,2025-07-26,Cancelled,Net Banking
3245,854,2025-03-24,Cancelled,Debit Card
3246,666,2025-10-04,Delivered,Cash on Delivery
3247,371,2026-01-25,Returned,Net Banking
3248,787,2026-05-13,Returned,Net Banking
3249,433,2024-10-09,Delivered,Credit Card
3250,183,2024-10-05,Delivered,Credit Card
3251,827,2025-05-03,Delivered,Credit Card
3252,976,2025-11-18,Returned,Credit Card
3253,151,2025-10-21,Pending,UPI
3254,271,2026-03-19,Pending,Net Banking
3255,12,2024-11-18,Pending,Debit Card
3256,957,2026-06-10,Returned,Net Banking
3257,710,2026-03-31,Cancelled,Cash on Delivery
3258,482,2025-11-23,Returned,UPI
3259,635,2026-02-20,Pending,UPI
3260,387,2025-05-26,Returned,Credit Card
3261,72,2026-07-10,Returned,Credit Card
3262,664,2025-12-25,Returned,Cash on Delivery
3263,437,2026-05-24,Delivered,Credit Card
3264,778,2026-02-10,Delivered,UPI
3265,254,2026-01-14,Pending,UPI
3266,232,2026-06-03,Returned,Credit Card
3267,783,2025-03-30,Delivered,Net Banking
3268,890,2026-07-14,Delivered,Credit Card
3270,462,2025-09-18,Delivered,Debit Card
3271,482,2025-08-09,Cancelled,Net Banking
3272,966,2026-03-06,Delivered,Net Banking
3273,61,2025-06-09,Pending,Credit Card
3274,358,2026-07-26,Returned,Debit Card
3275,255,2025-08-30,Delivered,Debit Card
3276,753,2026-06-24,Delivered,Net Banking
3277,204,2026-03-05,Pending,Cash on Delivery
3278,902,2026-02-06,Pending,UPI
3279,567,2025-06-18,Cancelled,Credit Card
3280,465,2026-07-30,Pending,Net Banking
3281,834,2026-01-07,Cancelled,Credit Card
3282,459,2025-08-17,Pending,Net Banking
3283,396,2024-09-13,Delivered,Debit Card
3284,823,2025-01-25,Delivered,UPI
3285,412,2025-04-12,Pending,Credit Card
3286,70,2026-03-17,Delivered,Cash on Delivery
3287,665,2025-05-11,Cancelled,UPI
3288,400,2024-09-30,Delivered,Cash on Delivery
3289,697,2024-09-16,Delivered,Net Banking
3290,479,2025-05-12,Pending,Debit Card
3291,337,2025-06-07,Delivered,Net Banking
3292,241,2026-01-16,Cancelled,Cash on Delivery
3293,322,2026-03-16,Pending,Credit Card
3294,520,2025-01-11,Cancelled,Credit Card
3295,752,2026-03-23,Pending,Net Banking
3296,496,2026-06-13,Returned,Net Banking
3297,226,2026-03-16,Returned,Net Banking
3298,602,2025-02-20,Cancelled,Credit Card
3299,382,2025-05-23,Cancelled,Net Banking
3300,506,2026-01-01,Pending,Cash on Delivery
3301,737,2024-08-15,Pending,Credit Card
3302,497,2026-02-08,Cancelled,Cash on Delivery
3303,911,2025-03-26,Pending,Credit Card
3304,468,2025-10-31,Returned,Cash on Delivery
3305,399,2025-02-07,Pending,UPI
3306,293,2025-12-31,Delivered,Debit Card
3307,684,2025-09-26,Returned,UPI
3308,3,2025-02-06,Delivered,Debit Card
3309,521,2025-05-19,Returned,Net Banking
3310,473,2025-10-30,Returned,Net Banking
3311,552,2024-09-10,Cancelled,Credit Card
3312,118,2025-02-20,Cancelled,UPI
3313,844,2026-04-03,Returned,Debit Card
3314,241,2026-02-17,Delivered,Cash on Delivery
3315,968,2025-06-19,Pending,Credit Card
3316,949,2025-03-01,Pending,Credit Card
3317,837,2024-12-10,Returned,Cash on Delivery
3318,39,2025-04-17,Pending,Net Banking
3319,753,2026-02-28,Returned,Credit Card
3320,978,2026-04-16,Returned,Net Banking
3321,67,2026-01-31,Cancelled,Cash on Delivery
3322,649,2024-09-11,Cancelled,Debit Card
3323,427,2024-11-11,Delivered,Debit Card
3324,460,2026-06-22,Pending,Credit Card
3325,131,2024-09-24,Returned,Debit Card
3326,36,2026-03-12,Delivered,UPI
3327,644,2025-05-13,Returned,Credit Card
3328,977,2024-12-19,Cancelled,UPI
3329,124,2026-04-17,Cancelled,Cash on Delivery
3330,352,2026-02-10,Pending,Credit Card
3331,910,2024-08-17,Pending,Cash on Delivery
3332,185,2025-05-08,Cancelled,Credit Card
3333,170,2026-06-13,Delivered,UPI
3334,822,2024-09-05,Pending,Credit Card
3335,404,2025-08-10,Cancelled,Debit Card
3336,304,2025-03-25,Cancelled,Credit Card
3337,738,2025-09-13,Pending,UPI
3338,340,2025-06-24,Pending,Credit Card
3339,51,2025-05-13,Pending,Cash on Delivery
3340,44,2025-04-17,Returned,UPI
3341,74,2025-09-15,Pending,UPI
3342,359,2026-04-05,Returned,Cash on Delivery
3343,651,2024-10-07,Returned,Cash on Delivery
3344,723,2025-05-23,Pending,Cash on Delivery
3345,496,2025-08-26,Pending,UPI
3346,287,2026-07-18,Cancelled,Credit Card
3347,60,2025-04-07,Pending,Debit Card
3348,645,2024-10-18,Delivered,Cash on Delivery
3349,884,2026-01-22,Pending,Net Banking
3350,809,2025-10-14,Delivered,Debit Card
3351,144,2024-09-05,Cancelled,Debit Card
3352,913,2026-05-31,Pending,UPI
3353,232,2025-06-19,Delivered,Debit Card
3354,796,2025-09-04,Cancelled,UPI
3355,870,2026-01-17,Returned,Credit Card
3356,394,2025-05-21,Cancelled,UPI
3357,520,2025-12-09,Delivered,Net Banking
3358,647,2025-08-09,Pending,Cash on Delivery
3359,446,2025-11-26,Cancelled,Cash on Delivery
3360,354,2025-11-30,Cancelled,UPI
3361,628,2024-10-24,Pending,UPI
3362,1,2024-08-20,Returned,Cash on Delivery
3363,629,2025-10-26,Cancelled,Net Banking
3364,23,2025-01-11,Pending,Cash on Delivery
3365,897,2026-03-21,Pending,Net Banking
3366,62,2025-04-06,Cancelled,Net Banking
3367,883,2026-04-13,Pending,Cash on Delivery
3368,96,2025-11-04,Delivered,Net Banking
3369,523,2025-04-05,Delivered,UPI
3370,254,2026-02-22,Returned,Cash on Delivery
3371,419,2025-10-08,Delivered,Net Banking
3372,942,2025-03-30,Returned,UPI
3373,642,2026-05-23,Returned,Credit Card
3374,410,2025-01-30,Delivered,Credit Card
3375,701,2026-02-03,Cancelled,UPI
3376,238,2024-08-13,Pending,Debit Card
3377,483,2025-12-24,Cancelled,Debit Card
3378,37,2025-07-10,Delivered,UPI
3379,725,2025-05-16,Returned,UPI
3380,172,2025-05-03,Delivered,Net Banking
3381,168,2024-09-03,Delivered,Cash on Delivery
3382,948,2026-03-02,Cancelled,Credit Card
3383,499,2025-12-24,Pending,Net Banking
3384,865,2026-07-01,Returned,Net Banking
3385,973,2024-09-20,Returned,Credit Card
3386,350,2026-05-16,Delivered,Net Banking
3387,474,2026-01-25,Cancelled,Cash on Delivery
3388,4,2025-09-07,Returned,UPI
3389,820,2026-04-02,Returned,Net Banking
3390,587,2025-08-01,Cancelled,Net Banking
3391,219,2026-04-27,Returned,Debit Card
3392,470,2024-09-25,Delivered,Cash on Delivery
3393,100,2025-01-05,Delivered,UPI
3394,10,2025-05-18,Delivered,Debit Card
3395,352,2025-08-16,Pending,Cash on Delivery
3396,272,2025-06-22,Delivered,Cash on Delivery
3397,384,2026-03-25,Delivered,Credit Card
3398,78,2024-12-28,Cancelled,UPI
3399,641,2025-04-28,Pending,UPI
3400,467,2025-01-04,Cancelled,Net Banking
3401,102,2025-06-14,Delivered,Credit Card
3402,746,2025-06-22,Returned,Credit Card
3403,828,2025-06-15,Returned,Net Banking
3404,997,2025-04-06,Cancelled,Debit Card
3405,159,2025-05-27,Pending,Debit Card
3406,78,2024-11-27,Cancelled,Net Banking
3407,89,2025-09-29,Returned,Credit Card
3408,881,2024-12-27,Delivered,Net Banking
3409,806,2024-08-31,Pending,Credit Card
3410,114,2025-06-18,Pending,Debit Card
3411,123,2025-12-14,Returned,Cash on Delivery
3412,699,2024-09-09,Pending,Debit Card
3413,642,2025-02-07,Cancelled,Credit Card
3414,512,2025-02-16,Pending,Debit Card
3415,725,2025-05-18,Pending,Cash on Delivery
3416,89,2025-11-03,Returned,Cash on Delivery
3417,868,2024-08-05,Cancelled,Debit Card
3418,904,2024-08-03,Cancelled,Net Banking
3419,556,2024-10-02,Returned,Cash on Delivery
3420,195,2024-09-18,Returned,Net Banking
3421,214,2024-12-19,Returned,Debit Card
3422,484,2026-06-17,Pending,Cash on Delivery
3423,846,2025-06-14,Returned,Net Banking
3424,338,2026-01-21,Delivered,Net Banking
3425,326,2026-03-23,Pending,Debit Card
3426,152,2025-08-20,Pending,UPI
3427,782,2025-11-30,Returned,UPI
3428,587,2025-11-23,Cancelled,Net Banking
3429,995,2025-12-27,Delivered,UPI
3430,125,2024-12-08,Cancelled,Debit Card
3431,441,2025-12-24,Cancelled,Credit Card
3432,573,2024-08-24,Pending,Debit Card
3433,355,2025-01-01,Returned,Credit Card
3434,559,2025-10-30,Pending,Net Banking
3435,362,2026-01-07,Pending,Net Banking
3436,739,2026-01-07,Pending,Cash on Delivery
3437,675,2026-06-18,Cancelled,Net Banking
3438,362,2026-04-28,Delivered,Credit Card
3439,956,2025-04-02,Pending,Net Banking
3440,33,2024-11-18,Returned,Credit Card
3441,747,2025-12-07,Returned,Cash on Delivery
3442,976,2025-11-20,Pending,Credit Card
3443,557,2025-05-02,Returned,Credit Card
3444,674,2024-12-10,Returned,Debit Card
3445,279,2025-01-29,Cancelled,Cash on Delivery
3446,263,2025-07-23,Returned,UPI
3447,281,2025-09-28,Pending,UPI
3448,211,2025-03-11,Returned,Debit Card
3449,84,2025-07-20,Pending,Cash on Delivery
3450,749,2025-06-08,Cancelled,Cash on Delivery
3451,792,2026-07-25,Pending,Debit Card
3452,538,2025-05-21,Delivered,Credit Card
3453,491,2026-06-01,Delivered,Credit Card
3454,761,2026-04-09,Pending,UPI
3455,539,2024-09-12,Delivered,UPI
3456,835,2025-10-03,Delivered,Net Banking
3457,78,2024-12-15,Delivered,Cash on Delivery
3458,801,2025-05-11,Cancelled,Net Banking
3459,48,2024-08-16,Cancelled,Credit Card
3460,77,2026-04-10,Returned,Cash on Delivery
3461,894,2024-12-29,Pending,Cash on Delivery
3462,15,2026-04-17,Delivered,UPI
3463,126,2025-09-28,Delivered,Net Banking
3464,749,2024-12-23,Cancelled,Cash on Delivery
3465,777,2025-03-17,Delivered,Cash on Delivery
3466,130,2026-03-12,Cancelled,Net Banking
3467,912,2025-02-27,Pending,Credit Card
3468,666,2025-09-26,Returned,Net Banking
3469,284,2025-09-19,Cancelled,Debit Card
3470,669,2026-07-10,Cancelled,Cash on Delivery
3471,55,2025-06-09,Delivered,Cash on Delivery
3472,979,2026-03-09,Pending,UPI
3473,658,2025-02-25,Returned,Credit Card
3474,646,2024-08-12,Pending,Cash on Delivery
3475,349,2025-01-25,Cancelled,Net Banking
3476,767,2025-07-23,Pending,Cash on Delivery
3477,545,2025-10-02,Delivered,UPI
3478,679,2025-01-22,Pending,Debit Card
3479,274,2025-09-25,Cancelled,Debit Card
3480,323,2025-06-08,Delivered,Net Banking
3481,500,2024-11-05,Cancelled,Cash on Delivery
3482,800,2025-06-10,Cancelled,Credit Card
3483,520,2025-01-02,Pending,Cash on Delivery
3484,796,2024-08-23,Returned,Debit Card
3485,495,2024-12-01,Returned,Cash on Delivery
3486,228,2026-01-10,Delivered,Cash on Delivery
3487,588,2026-03-24,Cancelled,Net Banking
3488,812,2024-11-18,Pending,Cash on Delivery
3489,323,2025-05-18,Pending,UPI
3490,689,2025-01-22,Delivered,Net Banking
3491,519,2026-02-28,Cancelled,Debit Card
3492,924,2025-08-01,Delivered,Debit Card
3493,507,2025-07-20,Pending,Cash on Delivery
3494,921,2024-10-07,Delivered,UPI
3495,775,2025-07-28,Cancelled,Debit Card
3496,667,2025-06-05,Pending,Net Banking
3497,213,2025-03-10,Cancelled,Cash on Delivery
3498,433,2025-12-09,Cancelled,Debit Card
3499,290,2025-07-08,Returned,Debit Card
3500,567,2025-02-09,Delivered,Debit Card
3501,997,2026-04-07,Cancelled,Net Banking
3502,919,2024-09-11,Cancelled,Credit Card
3503,930,2025-03-20,Delivered,Net Banking
3504,646,2025-05-27,Pending,Net Banking
3505,108,2025-08-12,Cancelled,UPI
3506,104,2024-09-03,Pending,Debit Card
3507,904,2026-01-16,Cancelled,Debit Card
3508,904,2025-06-17,Cancelled,UPI
3509,667,2026-02-25,Delivered,UPI
3510,278,2025-04-19,Pending,Cash on Delivery
3511,922,2025-06-20,Pending,UPI
3512,336,2025-01-14,Cancelled,UPI
3513,930,2024-09-02,Returned,Debit Card
3514,228,2025-11-18,Pending,Debit Card
3515,412,2025-03-13,Returned,Net Banking
3516,498,2024-08-16,Pending,Net Banking
3517,796,2025-06-25,Cancelled,UPI
3518,627,2026-03-16,Pending,UPI
3519,65,2026-04-09,Delivered,Net Banking
3520,534,2026-02-22,Pending,UPI
3521,586,2024-09-29,Delivered,Credit Card
3522,799,2025-01-23,Pending,Cash on Delivery
3523,545,2025-05-23,Returned,Credit Card
3524,395,2024-08-25,Cancelled,Net Banking
3525,996,2024-09-12,Cancelled,Cash on Delivery
3526,312,2025-10-20,Pending,Net Banking
3527,654,2025-12-29,Pending,Cash on Delivery
3528,444,2025-06-06,Returned,Cash on Delivery
3529,473,2024-11-26,Delivered,Credit Card
3530,561,2026-01-21,Pending,Net Banking
3531,122,2025-09-15,Pending,UPI
3532,429,2025-11-24,Returned,UPI
3533,839,2025-01-09,Returned,UPI
3534,751,2026-04-24,Delivered,Credit Card
3535,123,2026-05-04,Cancelled,Debit Card
3536,363,2024-10-12,Delivered,Debit Card
3537,645,2025-01-20,Delivered,Credit Card
3538,639,2025-12-18,Cancelled,Credit Card
3539,929,2025-01-30,Pending,Credit Card
3540,143,2026-07-14,Delivered,Credit Card
3541,186,2025-04-11,Cancelled,Cash on Delivery
3542,939,2026-04-01,Delivered,Credit Card
3543,550,2024-12-19,Cancelled,Credit Card
3544,318,2025-04-17,Pending,Net Banking
3545,199,2024-09-16,Cancelled,Debit Card
3546,723,2025-12-18,Delivered,Debit Card
3547,720,2025-06-23,Returned,Net Banking
3548,114,2025-04-17,Pending,UPI
3549,576,2024-10-09,Returned,Cash on Delivery
3550,668,2026-03-16,Pending,UPI
3551,526,2024-08-05,Cancelled,UPI
3552,196,2025-07-11,Delivered,UPI
3553,887,2025-08-31,Delivered,Debit Card
3554,965,2026-01-27,Pending,Credit Card
3555,58,2024-11-30,Pending,Credit Card
3556,538,2024-09-17,Pending,Net Banking
3557,844,2025-01-27,Cancelled,Credit Card
3558,421,2025-08-31,Pending,Debit Card
3559,230,2025-07-20,Cancelled,Debit Card
3560,613,2026-04-14,Returned,Credit Card
3561,849,2025-04-30,Returned,Cash on Delivery
3562,893,2025-09-12,Pending,Debit Card
3563,116,2024-08-12,Pending,Credit Card
3564,734,2025-06-21,Pending,Net Banking
3565,59,2025-05-30,Delivered,Cash on Delivery
3566,479,2025-09-21,Delivered,UPI
3567,271,2024-08-20,Pending,Credit Card
3568,507,2025-09-20,Pending,UPI
3569,959,2026-06-19,Delivered,Net Banking
3570,362,2025-08-10,Cancelled,Credit Card
3571,823,2026-01-06,Delivered,UPI
3572,661,2025-07-13,Returned,Net Banking
3573,66,2025-12-02,Delivered,Net Banking
3574,993,2025-04-09,Returned,Debit Card
3575,746,2025-03-16,Returned,Debit Card
3576,178,2026-01-03,Pending,Cash on Delivery
3577,88,2025-06-15,Pending,Cash on Delivery
3578,171,2025-02-23,Returned,Cash on Delivery
3579,928,2026-01-08,Delivered,UPI
3580,400,2025-09-07,Pending,Debit Card
3581,271,2026-05-13,Cancelled,Net Banking
3582,438,2025-04-06,Pending,Credit Card
3583,260,2024-12-12,Cancelled,Net Banking
3584,832,2026-04-17,Pending,Debit Card
3585,429,2024-11-27,Pending,Debit Card
3586,554,2025-04-11,Delivered,Net Banking
3587,328,2025-05-21,Delivered,Cash on Delivery
3588,213,2024-08-12,Cancelled,Net Banking
3589,339,2025-03-26,Returned,Cash on Delivery
3590,980,2026-07-17,Returned,Net Banking
3591,54,2026-03-16,Cancelled,Net Banking
3592,523,2026-07-30,Returned,Cash on Delivery
3593,823,2025-04-12,Cancelled,Debit Card
3594,193,2024-09-17,Returned,Debit Card
3595,78,2026-01-18,Cancelled,UPI
3596,965,2025-07-29,Returned,UPI
3597,714,2026-01-09,Returned,Cash on Delivery
3598,410,2025-03-14,Returned,Cash on Delivery
3599,863,2026-05-22,Delivered,Debit Card
3600,79,2024-08-22,Pending,UPI
3601,573,2024-10-29,Pending,Net Banking
3602,136,2026-05-06,Cancelled,UPI
3603,790,2025-02-23,Cancelled,Cash on Delivery
3604,976,2024-10-02,Returned,UPI
3605,435,2025-09-19,Cancelled,Net Banking
3606,950,2026-06-20,Pending,Debit Card
3607,16,2026-04-23,Pending,Debit Card
3608,816,2025-02-25,Cancelled,Debit Card
3609,253,2026-03-11,Pending,Debit Card
3610,423,2026-07-10,Pending,Credit Card
3611,3,2026-03-05,Delivered,Debit Card
3612,890,2024-11-30,Delivered,Debit Card
3613,203,2025-03-02,Pending,Cash on Delivery
3614,821,2025-08-22,Pending,Net Banking
3615,391,2026-02-18,Cancelled,Net Banking
3616,220,2026-03-06,Returned,Net Banking
3617,993,2025-08-21,Delivered,Net Banking
3618,742,2026-03-19,Returned,Net Banking
3619,258,2026-02-26,Cancelled,Cash on Delivery
3620,672,2024-11-05,Delivered,Net Banking
3621,455,2025-02-11,Cancelled,UPI
3622,922,2026-01-11,Delivered,Net Banking
3623,827,2026-05-21,Cancelled,Credit Card
3624,789,2025-04-08,Pending,UPI
3625,170,2025-10-03,Returned,Cash on Delivery
3626,386,2025-01-07,Cancelled,Net Banking
3627,159,2025-09-26,Returned,Credit Card
3628,481,2025-02-22,Pending,UPI
3629,525,2025-06-03,Delivered,Debit Card
3630,479,2026-02-01,Pending,Credit Card
3631,222,2025-06-28,Delivered,Net Banking
3632,179,2026-02-08,Cancelled,Debit Card
3633,924,2025-12-23,Pending,Net Banking
3634,126,2024-09-16,Cancelled,UPI
3635,963,2025-02-28,Cancelled,Cash on Delivery
3636,441,2024-08-19,Pending,Cash on Delivery
3637,156,2025-12-24,Pending,Credit Card
3638,289,2025-05-21,Cancelled,Cash on Delivery
3639,56,2025-07-14,Pending,UPI
3640,639,2026-05-21,Pending,Debit Card
3641,306,2025-12-28,Returned,Net Banking
3642,442,2025-03-25,Pending,Debit Card
3643,381,2025-11-25,Pending,UPI
3644,761,2024-08-29,Cancelled,Debit Card
3645,391,2025-02-17,Cancelled,Debit Card
3646,122,2026-07-31,Cancelled,Cash on Delivery
3647,326,2026-05-07,Cancelled,Credit Card
3648,10,2025-11-23,Returned,UPI
3649,690,2024-10-31,Returned,UPI
3650,916,2025-07-15,Delivered,Net Banking
3651,604,2025-05-12,Returned,Net Banking
3652,159,2026-05-09,Cancelled,UPI
3653,927,2025-05-22,Pending,UPI
3654,455,2024-09-10,Cancelled,Credit Card
3655,721,2024-08-03,Cancelled,Net Banking
3656,256,2026-06-04,Returned,Credit Card
3657,257,2026-03-14,Delivered,UPI
3658,829,2026-06-24,Pending,Net Banking
3659,629,2026-04-01,Delivered,Debit Card
3660,648,2025-10-15,Returned,Debit Card
3661,894,2025-07-21,Delivered,Net Banking
3662,471,2026-04-14,Pending,UPI
3663,310,2024-11-19,Pending,Cash on Delivery
3664,636,2026-06-11,Delivered,Cash on Delivery
3665,738,2025-11-27,Returned,Debit Card
3666,97,2025-12-05,Pending,Cash on Delivery
3667,770,2025-07-19,Returned,UPI
3668,515,2026-03-13,Cancelled,Debit Card
3669,123,2026-05-29,Delivered,UPI
3670,636,2024-12-18,Cancelled,UPI
3671,214,2024-10-31,Returned,Credit Card
3672,163,2025-01-05,Pending,Cash on Delivery
3673,353,2025-09-12,Delivered,Debit Card
3674,863,2026-05-13,Returned,Credit Card
3675,171,2026-05-07,Returned,Credit Card
3676,442,2026-07-02,Pending,Credit Card
3677,936,2024-12-13,Cancelled,Net Banking
3678,993,2026-03-08,Returned,UPI
3679,952,2025-05-03,Returned,UPI
3680,384,2025-10-10,Returned,Credit Card
3681,468,2025-07-22,Returned,Debit Card
3682,791,2025-07-26,Pending,UPI
3683,188,2024-12-20,Returned,Cash on Delivery
3684,561,2026-05-21,Delivered,Cash on Delivery
3685,474,2026-04-11,Returned,Credit Card
3686,56,2025-02-02,Delivered,Credit Card
3687,256,2024-12-31,Pending,Debit Card
3688,608,2026-03-13,Delivered,Debit Card
3689,424,2026-06-05,Cancelled,Debit Card
3690,123,2026-02-18,Delivered,Cash on Delivery
3691,618,2024-09-27,Returned,Net Banking
3692,428,2024-11-11,Returned,Net Banking
3693,625,2025-07-16,Delivered,UPI
3694,244,2025-05-10,Returned,Credit Card
3695,201,2026-07-01,Delivered,Debit Card
3696,403,2024-09-03,Delivered,Net Banking
3697,829,2025-05-05,Delivered,Credit Card
3698,607,2025-03-25,Returned,Debit Card
3699,719,2026-04-12,Cancelled,Net Banking
3700,508,2024-10-01,Cancelled,Cash on Delivery
3701,133,2024-08-06,Cancelled,Credit Card
3702,302,2025-10-17,Cancelled,Credit Card
3703,133,2026-01-26,Delivered,Credit Card
3704,663,2025-08-29,Pending,Cash on Delivery
3705,527,2024-08-19,Delivered,Net Banking
3706,517,2026-07-28,Cancelled,Credit Card
3707,922,2025-03-30,Cancelled,Debit Card
3708,202,2025-04-27,Pending,Debit Card
3709,541,2026-04-27,Delivered,Debit Card
3710,122,2025-09-13,Returned,Debit Card
3711,641,2026-04-25,Returned,Cash on Delivery
3712,755,2026-02-28,Delivered,Credit Card
3713,630,2025-02-02,Returned,UPI
3714,165,2026-04-10,Returned,Credit Card
3715,820,2026-03-16,Returned,Cash on Delivery
3716,803,2026-01-05,Cancelled,UPI
3717,713,2025-03-24,Pending,Cash on Delivery
3718,840,2024-11-22,Pending,Credit Card
3719,140,2024-09-06,Returned,Credit Card
3720,407,2025-02-11,Returned,Credit Card
3721,757,2026-03-15,Delivered,Net Banking
3722,390,2025-07-13,Delivered,Debit Card
3723,213,2025-10-01,Delivered,Credit Card
3724,270,2024-11-01,Returned,Debit Card
3725,907,2025-02-28,Returned,Credit Card
3726,1000,2024-10-26,Delivered,Net Banking
3727,495,2025-03-03,Returned,Cash on Delivery
3728,750,2025-12-25,Pending,Debit Card
3729,456,2025-11-19,Returned,UPI
3730,369,2025-10-24,Returned,Debit Card
3731,37,2024-10-05,Delivered,UPI
3732,848,2026-02-08,Delivered,Net Banking
3733,638,2025-06-27,Returned,UPI
3734,453,2024-08-29,Cancelled,Credit Card
3735,986,2026-06-26,Returned,Debit Card
3736,520,2026-04-17,Pending,Net Banking
3737,570,2024-12-12,Delivered,UPI
3738,216,2026-01-21,Cancelled,Debit Card
3739,203,2025-06-08,Cancelled,Cash on Delivery
3740,778,2025-08-07,Delivered,Debit Card
3741,453,2026-08-01,Pending,Credit Card
3742,827,2025-07-04,Cancelled,Cash on Delivery
3743,432,2025-06-07,Delivered,Debit Card
3744,129,2026-02-01,Cancelled,Cash on Delivery
3745,954,2025-07-24,Pending,Debit Card
3746,547,2025-12-14,Cancelled,Credit Card
3747,258,2025-05-17,Delivered,Cash on Delivery
3748,829,2025-03-10,Cancelled,Debit Card
3749,799,2025-09-09,Pending,Credit Card
3750,261,2026-01-12,Pending,Cash on Delivery
3751,957,2026-07-09,Cancelled,UPI
3752,591,2025-06-15,Pending,Cash on Delivery
3753,464,2024-08-03,Pending,Credit Card
3754,949,2024-08-15,Returned,Net Banking
3755,699,2025-10-25,Returned,Debit Card
3756,363,2025-07-25,Returned,Cash on Delivery
3757,647,2024-09-20,Delivered,Debit Card
3758,618,2026-07-13,Cancelled,Credit Card
3759,244,2024-09-06,Pending,Debit Card
3760,31,2025-07-27,Cancelled,Cash on Delivery
3761,505,2025-11-22,Pending,Cash on Delivery
3762,971,2025-01-13,Delivered,UPI
3763,550,2025-12-20,Delivered,Net Banking
3764,176,2025-09-22,Returned,Credit Card
3765,14,2026-07-29,Delivered,Net Banking
3766,474,2025-06-22,Delivered,Credit Card
3767,316,2026-07-10,Pending,Debit Card
3768,519,2024-12-20,Pending,Debit Card
3769,768,2026-04-18,Returned,Cash on Delivery
3770,364,2024-11-03,Cancelled,Cash on Delivery
3771,882,2024-11-09,Pending,Net Banking
3772,370,2025-12-24,Pending,Credit Card
3773,181,2024-11-06,Cancelled,Debit Card
3774,519,2025-10-20,Cancelled,Net Banking
3775,552,2026-07-22,Cancelled,Credit Card
3776,86,2026-02-15,Delivered,Cash on Delivery
3777,845,2025-12-20,Pending,Credit Card
3778,350,2024-09-24,Pending,Net Banking
3779,468,2026-04-03,Returned,UPI
3780,1000,2025-12-28,Pending,Cash on Delivery
3781,880,2025-08-31,Pending,Credit Card
3782,309,2024-12-01,Delivered,UPI
3783,509,2026-02-14,Pending,Cash on Delivery
3784,675,2025-11-17,Cancelled,Cash on Delivery
3785,170,2025-03-01,Returned,UPI
3786,63,2025-05-04,Returned,UPI
3787,974,2025-04-22,Returned,Debit Card
3788,649,2025-12-11,Pending,UPI
3789,318,2026-06-21,Returned,UPI
3790,312,2025-01-03,Returned,Net Banking
3791,19,2025-12-03,Cancelled,Debit Card
3792,484,2026-01-25,Cancelled,UPI
3793,48,2025-09-03,Delivered,Net Banking
3794,64,2026-04-27,Delivered,UPI
3795,928,2025-11-06,Delivered,UPI
3796,688,2025-10-11,Pending,Net Banking
3797,50,2026-01-16,Delivered,Credit Card
3798,881,2026-01-08,Pending,Cash on Delivery
3799,250,2026-06-10,Cancelled,Debit Card
3800,579,2025-06-07,Delivered,Credit Card
3801,956,2024-10-20,Pending,Net Banking
3802,242,2024-08-11,Cancelled,Net Banking
3803,20,2025-09-25,Cancelled,Debit Card
3804,501,2025-07-08,Pending,Debit Card
3805,438,2025-12-16,Returned,Net Banking
3806,510,2025-05-20,Returned,Debit Card
3807,331,2026-02-03,Cancelled,Cash on Delivery
3808,608,2026-05-20,Cancelled,UPI
3809,971,2025-07-27,Delivered,Cash on Delivery
3810,431,2025-09-27,Pending,UPI
3811,551,2025-01-22,Pending,Debit Card
3812,590,2024-12-17,Cancelled,Debit Card
3813,964,2026-03-14,Returned,Credit Card
3814,47,2025-12-21,Cancelled,Net Banking
3815,286,2024-11-05,Delivered,Cash on Delivery
3816,701,2024-12-30,Pending,Cash on Delivery
3817,292,2026-03-29,Delivered,Net Banking
3818,15,2025-08-05,Returned,Cash on Delivery
3819,973,2025-03-21,Cancelled,Cash on Delivery
3820,372,2025-07-04,Cancelled,Debit Card
3821,501,2025-04-24,Delivered,Net Banking
3822,247,2025-06-14,Pending,Net Banking
3823,902,2025-04-05,Delivered,Credit Card
3824,603,2025-12-03,Cancelled,UPI
3825,735,2024-08-25,Cancelled,UPI
3826,342,2026-05-04,Cancelled,Net Banking
3827,632,2024-10-27,Pending,Cash on Delivery
3828,483,2026-01-16,Cancelled,Cash on Delivery
3829,371,2025-05-15,Pending,Cash on Delivery
3830,912,2025-10-14,Pending,Cash on Delivery
3831,615,2024-11-12,Delivered,UPI
3832,255,2026-05-28,Cancelled,Credit Card
3833,173,2025-11-08,Returned,Cash on Delivery
3834,632,2026-04-08,Cancelled,UPI
3835,175,2026-06-23,Returned,Cash on Delivery
3836,879,2026-02-16,Delivered,Credit Card
3837,257,2024-11-30,Pending,Cash on Delivery
3838,987,2025-06-18,Pending,Cash on Delivery
3839,368,2025-11-17,Pending,UPI
3840,728,2025-03-30,Returned,Credit Card
3841,831,2025-02-14,Cancelled,Net Banking
3842,939,2025-02-21,Returned,UPI
3843,337,2024-11-25,Pending,Net Banking
3844,142,2024-12-18,Returned,Net Banking
3846,386,2026-06-19,Delivered,UPI
3847,464,2025-07-20,Pending,Net Banking
3848,900,2025-04-11,Delivered,Cash on Delivery
3849,885,2025-02-25,Cancelled,Credit Card
3850,486,2026-05-02,Pending,Net Banking
3851,548,2024-10-28,Cancelled,Debit Card
3852,500,2025-09-01,Delivered,Credit Card
3853,53,2024-08-20,Returned,UPI
3854,955,2025-04-24,Delivered,UPI
3855,379,2024-12-26,Delivered,Net Banking
3856,904,2024-08-11,Cancelled,UPI
3857,855,2025-07-25,Returned,Cash on Delivery
3858,225,2026-01-14,Delivered,Debit Card
3859,327,2025-10-03,Pending,Cash on Delivery
3860,64,2025-03-16,Cancelled,UPI
3861,197,2025-07-10,Returned,Debit Card
3862,120,2025-04-09,Pending,Debit Card
3863,386,2024-10-18,Delivered,Net Banking
3864,799,2025-04-24,Returned,Debit Card
3865,384,2025-04-14,Cancelled,Cash on Delivery
3866,464,2024-10-16,Delivered,Credit Card
3867,704,2025-02-24,Delivered,Cash on Delivery
3868,837,2025-08-08,Cancelled,Debit Card
3869,816,2025-06-27,Cancelled,UPI
3870,674,2025-09-21,Delivered,Credit Card
3871,858,2026-03-18,Pending,UPI
3872,411,2024-09-01,Cancelled,Net Banking
3873,686,2024-09-27,Pending,Cash on Delivery
3874,422,2025-12-10,Pending,Credit Card
3875,56,2025-12-02,Returned,UPI
3876,590,2025-06-24,Delivered,Cash on Delivery
3877,996,2025-04-16,Delivered,Credit Card
3878,626,2025-08-13,Returned,Debit Card
3879,87,2025-06-24,Returned,Credit Card
3880,85,2025-06-21,Cancelled,Cash on Delivery
3881,557,2024-12-01,Delivered,Credit Card
3882,716,2024-09-07,Delivered,Cash on Delivery
3883,430,2024-09-10,Returned,Debit Card
3884,762,2025-04-01,Delivered,Credit Card
3885,425,2025-09-28,Returned,Credit Card
3886,834,2026-07-08,Cancelled,Cash on Delivery
3887,300,2026-04-08,Delivered,Cash on Delivery
3888,318,2025-08-15,Pending,Debit Card
3889,618,2024-12-08,Returned,Net Banking
3890,446,2024-08-15,Cancelled,UPI
3891,563,2026-03-09,Returned,Credit Card
3892,816,2024-08-21,Delivered,Credit Card
3893,913,2025-08-16,Returned,Debit Card
3894,915,2025-04-11,Delivered,Credit Card
3895,698,2026-03-02,Delivered,Net Banking
3896,283,2025-05-26,Returned,Cash on Delivery
3897,536,2024-08-19,Returned,Net Banking
3898,826,2025-11-09,Pending,Net Banking
3899,531,2026-06-28,Delivered,Credit Card
3900,793,2025-11-20,Cancelled,Cash on Delivery
3901,478,2025-01-24,Delivered,Credit Card
3902,880,2026-04-23,Returned,Credit Card
3903,192,2026-06-10,Returned,Credit Card
3904,685,2025-11-05,Delivered,Debit Card
3905,683,2024-12-29,Cancelled,Net Banking
3906,649,2026-01-20,Pending,Credit Card
3907,132,2024-11-27,Cancelled,Debit Card
3908,821,2026-03-25,Cancelled,Cash on Delivery
3909,647,2026-02-09,Returned,Net Banking
3910,86,2026-04-12,Delivered,Cash on Delivery
3911,217,2024-12-28,Pending,Credit Card
3912,122,2025-07-10,Cancelled,Debit Card
3913,982,2024-09-23,Delivered,Net Banking
3914,772,2025-07-25,Delivered,Cash on Delivery
3915,471,2024-08-03,Cancelled,Credit Card
3916,372,2025-06-08,Cancelled,Cash on Delivery
3917,250,2026-02-07,Delivered,Debit Card
3918,759,2025-05-26,Returned,Credit Card
3919,240,2025-01-21,Cancelled,Debit Card
3920,930,2024-08-15,Cancelled,Cash on Delivery
3921,239,2026-02-24,Cancelled,UPI
3922,911,2025-05-25,Returned,UPI
3923,242,2024-09-07,Cancelled,Debit Card
3924,729,2025-04-21,Pending,Net Banking
3925,803,2025-12-03,Returned,Net Banking
3926,601,2024-11-11,Pending,UPI
3927,677,2026-02-10,Pending,Cash on Delivery
3928,876,2025-07-16,Pending,UPI
3929,481,2024-11-14,Pending,Debit Card
3930,339,2025-05-14,Pending,Debit Card
3931,857,2024-09-21,Returned,Credit Card
3932,824,2025-09-23,Delivered,UPI
3933,694,2025-09-03,Cancelled,Credit Card
3934,267,2025-01-11,Delivered,Cash on Delivery
3935,675,2026-03-10,Pending,UPI
3936,522,2025-07-16,Cancelled,UPI
3937,631,2024-08-24,Delivered,UPI
3938,403,2025-11-16,Pending,Cash on Delivery
3939,535,2025-05-17,Returned,Net Banking
3940,402,2025-09-17,Returned,Net Banking
3941,286,2025-01-21,Returned,UPI
3942,506,2024-10-31,Cancelled,Debit Card
3943,116,2026-01-02,Pending,Net Banking
3944,309,2024-11-16,Returned,UPI
3945,772,2025-05-24,Returned,Debit Card
3946,538,2025-07-15,Pending,Net Banking
3948,627,2024-08-01,Returned,Cash on Delivery
3949,117,2025-04-06,Cancelled,Credit Card
3950,904,2024-10-09,Pending,Cash on Delivery
3951,202,2024-08-18,Pending,Credit Card
3952,893,2026-03-06,Pending,Debit Card
3953,488,2025-07-14,Cancelled,Net Banking
3954,865,2024-09-02,Cancelled,UPI
3955,430,2024-09-03,Cancelled,UPI
3956,908,2025-11-30,Delivered,Cash on Delivery
3957,892,2025-06-16,Delivered,UPI
3958,375,2025-04-22,Delivered,Credit Card
3959,635,2026-01-20,Pending,Credit Card
3960,17,2025-09-11,Cancelled,Debit Card
3961,9,2024-08-22,Delivered,Debit Card
3962,571,2024-11-23,Returned,Debit Card
3963,131,2024-10-14,Pending,UPI
3964,274,2025-04-29,Cancelled,Credit Card
3965,893,2026-02-09,Pending,Net Banking
3966,263,2026-03-27,Pending,Credit Card
3967,270,2024-08-04,Returned,Debit Card
3968,9,2024-12-30,Returned,Debit Card
3969,766,2026-03-13,Returned,Net Banking
3970,203,2025-08-03,Returned,Net Banking
3971,174,2024-11-15,Delivered,Cash on Delivery
3972,820,2026-01-03,Delivered,Net Banking
3973,37,2024-08-05,Cancelled,Credit Card
3974,189,2026-05-06,Pending,Credit Card
3975,891,2025-06-24,Delivered,UPI
3976,441,2025-08-27,Pending,Net Banking
3977,97,2025-02-14,Pending,UPI
3978,677,2025-01-19,Delivered,Cash on Delivery
3979,426,2025-02-03,Cancelled,Credit Card
3980,795,2025-10-04,Returned,UPI
3981,279,2026-05-27,Returned,Net Banking
3982,783,2024-10-31,Pending,Cash on Delivery
3983,763,2025-07-19,Returned,Credit Card
3984,998,2025-08-16,Cancelled,UPI
3985,892,2026-07-24,Returned,UPI
3986,717,2025-03-27,Delivered,Debit Card
3987,927,2024-11-04,Pending,Net Banking
3988,765,2025-01-24,Cancelled,Credit Card
3989,428,2024-08-12,Returned,Credit Card
3990,965,2025-10-28,Delivered,UPI
3991,464,2026-04-21,Returned,Cash on Delivery
3992,507,2024-12-24,Pending,UPI
3993,215,2025-12-27,Delivered,Cash on Delivery
3994,280,2026-03-23,Returned,Net Banking
3995,85,2025-03-20,Cancelled,Credit Card
3996,357,2025-04-11,Delivered,UPI
3997,953,2026-06-23,Pending,Debit Card
3998,131,2026-04-01,Delivered,Cash on Delivery
3999,636,2025-06-09,Cancelled,Cash on Delivery
4000,9,2026-03-24,Returned,Cash on Delivery
4001,149,2026-01-23,Cancelled,Debit Card
4002,770,2025-02-04,Pending,UPI
4003,634,2025-11-11,Cancelled,Cash on Delivery
4004,271,2025-06-18,Cancelled,Credit Card
4005,671,2026-03-27,Delivered,Credit Card
4006,294,2025-01-06,Cancelled,Debit Card
4007,175,2026-02-12,Delivered,Net Banking
4008,220,2025-02-03,Delivered,Cash on Delivery
4009,772,2025-10-19,Cancelled,Net Banking
4010,667,2025-06-26,Cancelled,Cash on Delivery
4011,15,2025-07-25,Delivered,Debit Card
4012,752,2024-10-16,Delivered,Cash on Delivery
4013,10,2024-11-26,Returned,Net Banking
4014,624,2026-05-04,Cancelled,Cash on Delivery
4015,982,2026-01-22,Returned,Credit Card
4016,602,2024-08-21,Returned,Debit Card
4017,260,2025-02-24,Returned,Net Banking
4018,517,2026-06-05,Pending,Credit Card
4019,58,2025-10-21,Returned,UPI
4020,470,2025-07-05,Returned,UPI
4021,710,2024-09-02,Returned,Credit Card
4022,33,2024-11-24,Cancelled,Debit Card
4023,225,2025-12-21,Pending,UPI
4024,419,2025-11-09,Delivered,Debit Card
4025,948,2024-12-05,Cancelled,Debit Card
4026,451,2024-12-11,Returned,Credit Card
4027,63,2026-07-24,Returned,Debit Card
4028,114,2025-10-18,Pending,UPI
4029,380,2025-04-01,Returned,UPI
4030,404,2025-01-08,Cancelled,Cash on Delivery
4031,166,2024-11-08,Delivered,Debit Card
4032,777,2024-10-08,Cancelled,Cash on Delivery
4033,414,2025-11-26,Delivered,Cash on Delivery
4034,222,2025-09-03,Cancelled,Net Banking
4035,67,2024-12-02,Cancelled,Debit Card
4036,116,2026-06-12,Pending,Net Banking
4037,262,2024-10-04,Returned,UPI
4038,183,2025-06-25,Pending,Debit Card
4039,138,2024-10-03,Returned,Cash on Delivery
4040,677,2026-06-22,Pending,UPI
4041,386,2025-06-18,Cancelled,UPI
4042,203,2024-08-27,Cancelled,Debit Card
4043,78,2024-11-20,Delivered,Cash on Delivery
4044,566,2026-02-07,Delivered,Debit Card
4045,600,2025-04-19,Returned,UPI
4046,844,2025-07-03,Delivered,Net Banking
4047,53,2024-10-22,Cancelled,Debit Card
4048,170,2026-07-29,Cancelled,Net Banking
4049,384,2024-08-06,Delivered,Debit Card
4050,799,2025-11-21,Returned,Debit Card
4051,142,2025-03-04,Returned,Debit Card
4052,446,2025-06-17,Returned,Debit Card
4053,274,2025-07-25,Pending,Credit Card
4054,842,2024-10-03,Pending,Credit Card
4055,562,2025-06-04,Cancelled,Net Banking
4056,642,2025-10-13,Delivered,UPI
4057,500,2025-10-07,Cancelled,Credit Card
4058,605,2025-01-23,Returned,Net Banking
4059,239,2024-10-30,Delivered,Credit Card
4060,777,2026-07-19,Pending,Debit Card
4061,800,2026-06-28,Returned,Cash on Delivery
4062,795,2025-05-14,Pending,UPI
4063,663,2025-06-23,Pending,Debit Card
4064,388,2024-11-13,Cancelled,Cash on Delivery
4065,14,2025-10-03,Pending,Cash on Delivery
4066,473,2026-03-12,Delivered,Credit Card
4067,508,2024-12-17,Delivered,Debit Card
4068,708,2024-11-04,Cancelled,Cash on Delivery
4069,914,2025-11-02,Pending,Debit Card
4070,999,2025-05-02,Delivered,UPI
4071,567,2025-10-28,Cancelled,Net Banking
4072,466,2024-12-29,Returned,UPI
4073,127,2024-10-15,Returned,Net Banking
4074,280,2025-04-05,Pending,Credit Card
4075,100,2026-01-20,Returned,UPI
4076,224,2024-12-09,Cancelled,Credit Card
4077,427,2024-11-26,Cancelled,Credit Card
4078,225,2024-11-18,Pending,UPI
4079,425,2026-01-10,Delivered,UPI
4080,414,2025-02-18,Pending,UPI
4081,792,2025-06-03,Returned,Credit Card
4082,430,2026-03-28,Returned,Debit Card
4083,7,2025-06-12,Cancelled,Net Banking
4084,373,2025-11-09,Returned,Debit Card
4085,142,2025-09-07,Delivered,UPI
4086,710,2025-02-01,Pending,Debit Card
4087,854,2025-05-27,Delivered,Net Banking
4088,189,2024-12-10,Delivered,Cash on Delivery
4089,904,2024-09-25,Delivered,Net Banking
4090,154,2024-09-30,Returned,Credit Card
4091,589,2026-01-24,Returned,Cash on Delivery
4092,249,2026-03-05,Cancelled,Credit Card
4093,20,2024-12-12,Pending,Debit Card
4094,21,2025-10-29,Cancelled,UPI
4095,578,2026-07-30,Cancelled,UPI
4096,85,2024-11-28,Delivered,Credit Card
4097,717,2025-10-22,Returned,Net Banking
4098,799,2025-07-16,Delivered,UPI
4099,650,2025-03-12,Returned,Debit Card
4100,308,2026-06-02,Pending,Credit Card
4101,463,2024-11-20,Cancelled,UPI
4102,947,2024-09-10,Returned,Net Banking
4103,919,2026-01-03,Returned,Debit Card
4104,601,2026-03-23,Cancelled,Net Banking
4105,991,2025-02-10,Cancelled,Net Banking
4106,126,2024-10-11,Delivered,Cash on Delivery
4107,346,2025-08-24,Pending,Debit Card
4108,924,2025-02-16,Returned,UPI
4109,76,2024-12-20,Cancelled,Credit Card
4110,702,2025-05-26,Cancelled,Cash on Delivery
4111,761,2025-12-02,Delivered,Cash on Delivery
4112,946,2025-05-09,Cancelled,Net Banking
4113,845,2026-07-04,Delivered,Net Banking
4114,537,2024-09-10,Returned,Credit Card
4115,830,2025-05-31,Pending,Debit Card
4116,415,2025-02-21,Pending,Credit Card
4118,385,2025-03-27,Returned,Credit Card
4119,603,2026-02-17,Delivered,Debit Card
4120,54,2024-12-09,Pending,UPI
4121,94,2025-12-24,Pending,UPI
4122,16,2025-10-28,Returned,Debit Card
4123,788,2024-09-10,Returned,UPI
4124,627,2026-05-30,Cancelled,Net Banking
4125,550,2025-03-28,Cancelled,UPI
4126,675,2025-02-15,Delivered,Net Banking
4127,334,2025-12-19,Pending,Credit Card
4128,167,2024-10-14,Delivered,UPI
4129,882,2024-11-16,Cancelled,Debit Card
4130,602,2024-12-28,Cancelled,Debit Card
4131,808,2025-03-11,Returned,Net Banking
4132,787,2026-07-08,Cancelled,Net Banking
4133,907,2025-02-18,Returned,Net Banking
4134,237,2025-03-30,Pending,Debit Card
4135,852,2024-09-21,Delivered,Credit Card
4136,826,2024-09-21,Delivered,Debit Card
4137,862,2025-08-05,Returned,Debit Card
4138,825,2025-11-01,Delivered,Cash on Delivery
4139,660,2024-08-16,Delivered,UPI
4140,966,2025-11-08,Returned,UPI
4141,136,2026-02-19,Pending,Debit Card
4142,795,2024-08-14,Pending,Net Banking
4143,976,2025-05-23,Returned,Cash on Delivery
4144,809,2024-08-01,Pending,UPI
4145,590,2025-10-25,Cancelled,Net Banking
4146,66,2024-12-09,Returned,UPI
4147,619,2025-11-11,Cancelled,Cash on Delivery
4148,802,2026-03-06,Delivered,Cash on Delivery
4149,397,2025-05-30,Pending,UPI
4150,778,2025-10-31,Pending,Credit Card
4151,75,2025-10-05,Delivered,UPI
4152,918,2025-03-17,Cancelled,Debit Card
4153,217,2025-11-21,Delivered,Debit Card
4154,518,2025-05-26,Cancelled,Credit Card
4155,362,2026-05-30,Returned,UPI
4156,198,2026-02-02,Cancelled,UPI
4157,990,2024-10-06,Returned,Debit Card
4158,909,2026-05-24,Pending,Cash on Delivery
4159,425,2025-02-03,Returned,UPI
4160,440,2024-11-28,Pending,Debit Card
4161,46,2026-04-13,Delivered,Credit Card
4162,456,2024-12-27,Returned,Credit Card
4163,19,2026-03-20,Cancelled,Credit Card
4164,957,2025-12-03,Delivered,Credit Card
4165,799,2026-02-18,Cancelled,Debit Card
4166,141,2025-06-22,Pending,Cash on Delivery
4167,647,2024-12-19,Pending,Net Banking
4168,976,2025-07-20,Cancelled,Debit Card
4169,42,2024-09-24,Returned,Cash on Delivery
4170,93,2024-12-19,Cancelled,Cash on Delivery
4171,250,2024-08-26,Returned,Credit Card
4172,255,2025-07-13,Cancelled,Cash on Delivery
4173,381,2025-03-30,Returned,Credit Card
4174,200,2024-12-05,Cancelled,Debit Card
4175,226,2026-04-17,Pending,Net Banking
4176,430,2025-04-01,Cancelled,UPI
4177,952,2025-01-20,Delivered,Credit Card
4178,23,2024-08-08,Delivered,Credit Card
4179,851,2025-06-11,Returned,Cash on Delivery
4180,566,2025-04-17,Pending,Credit Card
4181,620,2026-02-02,Delivered,UPI
4182,141,2025-10-08,Cancelled,Net Banking
4183,858,2025-09-02,Cancelled,Debit Card
4184,116,2025-08-13,Pending,UPI
4185,347,2026-04-29,Pending,Net Banking
4186,367,2025-03-13,Cancelled,Debit Card
4187,766,2024-11-14,Pending,Credit Card
4188,482,2024-09-20,Pending,UPI
4189,567,2025-08-07,Returned,Debit Card
4190,15,2026-02-09,Cancelled,Cash on Delivery
4191,216,2026-07-08,Returned,UPI
4192,934,2024-11-22,Delivered,Debit Card
4193,789,2025-01-03,Cancelled,Credit Card
4194,36,2026-06-10,Pending,Cash on Delivery
4195,749,2025-04-20,Delivered,Debit Card
4196,555,2026-05-21,Cancelled,Net Banking
4197,565,2025-06-19,Returned,UPI
4198,776,2024-10-05,Cancelled,Debit Card
4199,828,2026-03-20,Delivered,Debit Card
4200,36,2026-02-10,Returned,UPI
4201,997,2025-08-31,Pending,Cash on Delivery
4203,808,2024-11-06,Returned,Credit Card
4204,72,2026-02-25,Returned,Debit Card
4205,51,2026-01-15,Pending,Cash on Delivery
4206,913,2025-12-14,Returned,UPI
4207,293,2025-05-03,Delivered,Credit Card
4208,400,2025-10-20,Delivered,Debit Card
4209,737,2026-01-18,Pending,Debit Card
4210,960,2026-04-26,Pending,Net Banking
4211,565,2026-01-30,Returned,Credit Card
4212,628,2024-09-12,Cancelled,UPI
4213,293,2026-07-19,Pending,Net Banking
4214,744,2025-09-23,Pending,Credit Card
4215,639,2025-09-05,Cancelled,Net Banking
4216,694,2025-03-07,Delivered,Net Banking
4217,167,2026-01-05,Returned,Net Banking
4218,891,2025-10-31,Delivered,Cash on Delivery
4219,302,2026-01-07,Pending,Credit Card
4220,908,2026-04-15,Pending,UPI
4221,197,2025-11-08,Pending,Debit Card
4222,243,2025-08-11,Delivered,Cash on Delivery
4223,872,2025-12-04,Returned,Cash on Delivery
4224,471,2025-01-27,Pending,UPI
4225,70,2025-03-28,Pending,Debit Card
4226,714,2025-08-06,Pending,Net Banking
4227,515,2025-01-07,Delivered,Net Banking
4228,581,2025-03-15,Cancelled,Credit Card
4229,326,2025-10-18,Returned,UPI
4230,821,2025-10-26,Cancelled,Net Banking
4231,624,2026-02-05,Pending,Credit Card
4232,99,2025-12-05,Cancelled,Debit Card
4233,632,2026-02-16,Delivered,Net Banking
4234,623,2024-11-03,Cancelled,Credit Card
4235,384,2025-08-31,Returned,Cash on Delivery
4236,662,2026-03-26,Returned,Net Banking
4237,865,2026-03-06,Returned,Debit Card
4238,207,2025-07-17,Returned,Cash on Delivery
4239,919,2025-12-17,Returned,Net Banking
4240,894,2026-02-11,Delivered,Credit Card
4241,308,2026-04-01,Returned,UPI
4242,842,2024-10-22,Delivered,Credit Card
4243,561,2026-05-19,Returned,Debit Card
4244,681,2025-10-01,Pending,Cash on Delivery
4245,912,2025-02-05,Cancelled,Cash on Delivery
4246,56,2025-12-21,Cancelled,Debit Card
4247,28,2025-08-25,Cancelled,Net Banking
4248,37,2025-10-16,Pending,Cash on Delivery
4249,720,2025-05-16,Cancelled,Debit Card
4250,740,2024-08-31,Cancelled,Credit Card
4251,809,2026-02-07,Pending,Net Banking
4252,455,2024-12-28,Delivered,Net Banking
4253,57,2026-04-18,Delivered,Cash on Delivery
4254,555,2026-04-07,Cancelled,UPI
4255,585,2025-10-18,Delivered,Debit Card
4256,576,2025-01-26,Returned,Net Banking
4257,992,2026-02-19,Pending,UPI
4258,206,2026-05-09,Cancelled,UPI
4259,39,2025-12-15,Delivered,UPI
4260,928,2024-10-28,Delivered,Cash on Delivery
4261,648,2025-06-11,Pending,Credit Card
4262,577,2025-06-11,Delivered,Cash on Delivery
4263,286,2025-05-19,Pending,Credit Card
4264,425,2025-05-12,Pending,Debit Card
4265,596,2025-12-05,Delivered,Debit Card
4266,208,2026-05-10,Delivered,Cash on Delivery
4267,341,2026-01-04,Delivered,Credit Card
4268,445,2025-11-24,Pending,Credit Card
4269,629,2024-10-16,Cancelled,Cash on Delivery
4270,912,2026-05-17,Returned,Net Banking
4271,568,2026-05-11,Delivered,Credit Card
4272,557,2026-07-22,Pending,UPI
4273,170,2025-03-29,Delivered,UPI
4274,370,2025-03-07,Delivered,Net Banking
4275,127,2025-07-23,Cancelled,Net Banking
4276,26,2026-03-26,Delivered,Net Banking
4277,101,2025-03-15,Cancelled,Credit Card
4278,825,2026-07-29,Cancelled,Net Banking
4279,88,2026-06-19,Delivered,Net Banking
4280,36,2024-09-24,Cancelled,Debit Card
4281,236,2025-09-29,Delivered,Net Banking
4282,754,2025-10-25,Returned,Cash on Delivery
4283,426,2026-05-15,Returned,UPI
4284,985,2026-02-08,Delivered,UPI
4285,567,2024-08-20,Delivered,Net Banking
4286,233,2025-02-05,Pending,UPI
4287,377,2025-09-13,Delivered,Debit Card
4288,366,2026-01-23,Returned,Cash on Delivery
4289,870,2024-09-09,Cancelled,UPI
4290,408,2026-03-11,Returned,Cash on Delivery
4291,769,2024-08-23,Delivered,UPI
4292,376,2026-06-01,Cancelled,UPI
4293,45,2025-09-01,Pending,Credit Card
4294,109,2025-05-21,Returned,Cash on Delivery
4295,966,2024-09-03,Pending,Net Banking
4296,154,2025-07-18,Cancelled,Credit Card
4297,142,2025-07-21,Cancelled,Debit Card
4298,596,2024-11-24,Cancelled,UPI
4299,671,2026-03-04,Returned,Credit Card
4300,509,2026-02-20,Returned,Debit Card
4301,610,2025-05-17,Cancelled,Credit Card
4302,963,2026-05-25,Cancelled,UPI
4303,245,2025-10-26,Delivered,Net Banking
4304,494,2025-01-12,Cancelled,Credit Card
4305,105,2026-04-09,Delivered,UPI
4306,222,2025-01-09,Pending,UPI
4307,913,2026-04-27,Delivered,Debit Card
4308,608,2024-11-26,Pending,Cash on Delivery
4309,789,2024-11-06,Pending,Cash on Delivery
4310,854,2024-10-20,Pending,Cash on Delivery
4311,837,2025-10-08,Pending,Net Banking
4312,533,2024-10-23,Returned,Credit Card
4313,198,2025-11-04,Pending,Debit Card
4314,92,2024-12-23,Delivered,Net Banking
4315,997,2024-11-11,Pending,UPI
4316,120,2026-07-06,Returned,Credit Card
4317,245,2025-01-17,Pending,Debit Card
4318,748,2025-01-13,Cancelled,Credit Card
4319,666,2026-03-03,Pending,UPI
4320,532,2025-09-23,Delivered,Debit Card
4321,449,2024-09-27,Cancelled,Credit Card
4322,793,2025-08-02,Pending,Net Banking
4323,88,2025-10-06,Pending,Credit Card
4324,536,2025-10-05,Returned,Net Banking
4325,633,2025-07-12,Delivered,Cash on Delivery
4326,289,2024-08-16,Delivered,Credit Card
4327,780,2025-09-07,Pending,Net Banking
4328,326,2026-01-09,Returned,UPI
4329,955,2026-01-11,Delivered,Credit Card
4330,394,2025-03-08,Cancelled,UPI
4331,571,2026-06-29,Pending,Cash on Delivery
4332,262,2025-06-03,Delivered,UPI
4333,527,2025-05-04,Returned,Net Banking
4334,48,2025-01-20,Pending,Net Banking
4335,736,2024-09-19,Delivered,Net Banking
4336,468,2025-07-15,Pending,UPI
4337,172,2025-02-11,Pending,UPI
4338,356,2025-08-21,Delivered,Net Banking
4339,659,2026-02-23,Delivered,Cash on Delivery
4340,733,2026-01-18,Pending,Debit Card
4341,367,2025-04-06,Pending,UPI
4342,508,2026-03-05,Cancelled,Debit Card
4343,712,2026-07-22,Cancelled,Cash on Delivery
4344,72,2026-06-30,Returned,UPI
4345,210,2026-03-30,Pending,UPI
4346,413,2026-07-29,Cancelled,Credit Card
4347,89,2024-09-20,Returned,Net Banking
4348,449,2025-10-27,Pending,Net Banking
4349,53,2026-04-18,Returned,Debit Card
4350,505,2025-11-20,Cancelled,Cash on Delivery
4351,230,2026-04-16,Cancelled,Credit Card
4352,891,2025-10-30,Pending,UPI
4353,22,2026-04-03,Returned,UPI
4354,276,2026-04-21,Returned,Cash on Delivery
4355,870,2025-05-02,Pending,Cash on Delivery
4356,751,2025-01-08,Delivered,Cash on Delivery
4357,614,2026-02-28,Cancelled,Cash on Delivery
4358,500,2026-03-13,Delivered,Cash on Delivery
4359,467,2026-07-19,Cancelled,Credit Card
4360,336,2025-08-25,Returned,Net Banking
4361,446,2024-09-11,Cancelled,Debit Card
4362,48,2024-08-28,Pending,UPI
4363,213,2025-02-09,Returned,Cash on Delivery
4364,581,2024-11-16,Delivered,Net Banking
4365,837,2025-04-02,Pending,Cash on Delivery
4366,764,2024-11-03,Delivered,UPI
4367,549,2026-03-16,Cancelled,UPI
4368,986,2024-10-22,Delivered,Cash on Delivery
4369,463,2024-08-16,Cancelled,UPI
4370,152,2024-11-29,Delivered,Net Banking
4371,890,2025-09-17,Delivered,Cash on Delivery
4372,982,2025-11-16,Pending,UPI
4373,637,2025-08-18,Pending,UPI
4374,466,2025-04-11,Cancelled,Cash on Delivery
4375,151,2024-12-27,Pending,Credit Card
4376,442,2025-04-02,Pending,Credit Card
4377,276,2026-01-24,Pending,Credit Card
4378,167,2025-06-28,Pending,Debit Card
4379,341,2025-09-08,Cancelled,UPI
4380,751,2025-02-17,Cancelled,UPI
4381,178,2026-04-29,Returned,Credit Card
4382,209,2025-11-24,Delivered,Cash on Delivery
4383,799,2025-09-04,Delivered,Credit Card
4384,863,2025-07-04,Returned,Net Banking
4385,905,2026-01-12,Pending,Debit Card
4386,973,2024-12-26,Returned,Credit Card
4387,916,2025-08-16,Returned,Net Banking
4388,185,2026-03-31,Delivered,Cash on Delivery
4389,743,2026-07-01,Cancelled,Net Banking
4390,481,2025-05-12,Returned,Cash on Delivery
4391,183,2024-11-29,Pending,Debit Card
4392,924,2024-12-25,Pending,UPI
4393,202,2026-05-04,Delivered,Debit Card
4394,60,2025-05-10,Delivered,Net Banking
4395,140,2026-07-08,Pending,Cash on Delivery
4396,818,2025-05-02,Cancelled,UPI
4397,348,2025-03-02,Cancelled,Net Banking
4398,69,2026-04-09,Cancelled,Debit Card
4399,509,2026-05-25,Pending,Cash on Delivery
4400,62,2025-03-14,Returned,Cash on Delivery
4401,413,2026-06-16,Pending,UPI
4402,159,2025-12-25,Cancelled,Credit Card
4403,47,2025-02-23,Pending,Credit Card
4404,614,2024-09-03,Pending,Net Banking
4405,929,2025-04-14,Cancelled,Credit Card
4406,108,2026-05-07,Pending,Debit Card
4407,774,2025-06-23,Returned,Debit Card
4408,494,2024-08-24,Delivered,Net Banking
4409,16,2025-09-19,Delivered,Debit Card
4410,568,2025-01-20,Delivered,Net Banking
4411,335,2025-02-28,Cancelled,Debit Card
4412,577,2026-02-10,Cancelled,Credit Card
4413,975,2025-02-17,Returned,Net Banking
4414,973,2025-10-20,Cancelled,Cash on Delivery
4415,438,2025-12-26,Cancelled,Net Banking
4416,932,2025-03-15,Pending,Debit Card
4417,360,2025-08-26,Pending,Debit Card
4418,464,2024-11-23,Pending,Credit Card
4419,606,2026-03-12,Pending,Cash on Delivery
4420,175,2025-05-22,Delivered,Net Banking
4421,679,2026-01-27,Pending,UPI
4422,843,2025-07-07,Returned,Net Banking
4423,733,2026-06-07,Cancelled,Credit Card
4424,552,2024-11-10,Cancelled,Debit Card
4425,813,2024-08-08,Returned,Net Banking
4426,626,2025-04-21,Returned,Debit Card
4427,36,2024-09-06,Returned,UPI
4428,274,2025-09-13,Delivered,UPI
4429,767,2024-11-03,Returned,UPI
4430,22,2025-02-09,Delivered,Debit Card
4431,733,2026-07-25,Returned,Debit Card
4432,475,2026-06-17,Returned,UPI
4433,630,2025-01-02,Pending,Debit Card
4434,634,2026-03-03,Delivered,Debit Card
4435,671,2024-11-25,Cancelled,Net Banking
4436,679,2025-02-19,Cancelled,Debit Card
4437,399,2026-06-07,Delivered,UPI
4438,988,2026-01-29,Cancelled,UPI
4439,169,2025-07-15,Returned,Debit Card
4440,823,2025-04-21,Cancelled,Credit Card
4441,387,2025-04-12,Delivered,Cash on Delivery
4442,76,2026-04-27,Cancelled,Credit Card
4443,700,2025-05-25,Returned,UPI
4444,357,2025-01-16,Pending,Cash on Delivery
4445,815,2025-06-09,Cancelled,Debit Card
4446,739,2025-01-06,Delivered,Debit Card
4447,755,2025-03-03,Delivered,Net Banking
4448,671,2025-12-01,Pending,Cash on Delivery
4449,301,2026-03-15,Delivered,Cash on Delivery
4450,821,2024-12-11,Cancelled,Net Banking
4451,764,2024-09-11,Pending,Cash on Delivery
4452,739,2025-03-02,Returned,Credit Card
4453,208,2025-11-21,Delivered,Cash on Delivery
4454,88,2024-11-07,Returned,Credit Card
4455,196,2025-03-24,Returned,Net Banking
4456,905,2025-11-19,Returned,Cash on Delivery
4457,341,2026-04-08,Cancelled,Credit Card
4458,836,2026-07-03,Delivered,Debit Card
4459,985,2026-07-18,Delivered,Credit Card
4460,936,2025-02-26,Cancelled,Net Banking
4461,94,2024-11-30,Delivered,Credit Card
4462,365,2025-08-04,Cancelled,Credit Card
4463,72,2025-04-17,Cancelled,Credit Card
4464,29,2025-08-25,Cancelled,Credit Card
4465,742,2026-02-13,Delivered,Net Banking
4466,384,2025-03-24,Returned,Net Banking
4467,561,2025-08-11,Returned,Credit Card
4468,824,2025-08-22,Delivered,Net Banking
4469,789,2026-03-23,Cancelled,Cash on Delivery
4470,581,2025-11-01,Returned,UPI
4471,154,2026-05-27,Cancelled,Cash on Delivery
4472,522,2025-02-07,Cancelled,Debit Card
4473,293,2025-10-10,Pending,Net Banking
4474,686,2026-06-28,Delivered,Credit Card
4475,710,2025-12-05,Delivered,UPI
4476,949,2024-12-18,Cancelled,Debit Card
4477,876,2025-12-27,Returned,Credit Card
4478,341,2025-06-17,Pending,Debit Card
4479,595,2026-02-24,Cancelled,Debit Card
4480,546,2026-03-05,Delivered,Credit Card
4481,818,2024-11-02,Pending,Credit Card
4482,236,2025-05-20,Pending,Debit Card
4483,440,2026-03-23,Pending,Net Banking
4484,560,2026-05-14,Delivered,Credit Card
4485,211,2025-05-22,Delivered,Credit Card
4486,289,2024-11-07,Cancelled,Credit Card
4487,136,2026-01-04,Returned,Credit Card
4488,141,2025-07-06,Delivered,UPI
4489,119,2025-10-16,Cancelled,UPI
4490,415,2025-04-07,Pending,Debit Card
4491,815,2025-04-01,Delivered,Credit Card
4492,597,2026-07-01,Pending,Debit Card
4493,631,2024-12-12,Returned,Credit Card
4494,321,2024-09-29,Returned,Cash on Delivery
4495,445,2025-02-11,Cancelled,Net Banking
4496,274,2026-03-18,Delivered,Cash on Delivery
4497,97,2026-05-28,Delivered,UPI
4498,561,2025-01-30,Pending,Cash on Delivery
4499,587,2024-08-18,Returned,UPI
4501,308,2024-11-03,Cancelled,Cash on Delivery
4502,988,2026-01-05,Delivered,Credit Card
4503,621,2025-04-22,Cancelled,Cash on Delivery
4504,842,2025-11-22,Delivered,Debit Card
4505,584,2025-09-11,Cancelled,Net Banking
4506,192,2024-09-23,Delivered,Credit Card
4507,738,2025-01-22,Pending,UPI
4508,860,2026-04-14,Returned,Credit Card
4509,244,2026-07-11,Delivered,Cash on Delivery
4510,395,2025-09-11,Returned,Debit Card
4511,621,2025-10-17,Pending,Debit Card
4512,872,2025-08-31,Delivered,Debit Card
4513,379,2025-12-10,Pending,Net Banking
4514,965,2024-12-02,Delivered,Debit Card
4515,955,2025-02-19,Returned,Debit Card
4516,98,2024-11-19,Delivered,Cash on Delivery
4517,617,2025-10-07,Cancelled,Cash on Delivery
4518,66,2025-01-30,Pending,Net Banking
4519,372,2025-03-28,Returned,Credit Card
4520,568,2024-10-23,Pending,UPI
4521,749,2026-05-27,Pending,UPI
4522,823,2025-01-14,Delivered,Credit Card
4523,536,2024-08-24,Cancelled,UPI
4524,768,2026-07-23,Pending,UPI
4525,605,2024-10-02,Returned,Credit Card
4526,438,2024-08-23,Cancelled,Credit Card
4527,244,2026-03-18,Cancelled,Credit Card
4528,55,2025-12-23,Delivered,Net Banking
4529,642,2025-08-26,Returned,Debit Card
4530,509,2026-06-14,Pending,Cash on Delivery
4531,879,2025-04-23,Returned,Credit Card
4532,362,2024-12-01,Pending,Net Banking
4533,249,2026-07-31,Delivered,UPI
4534,573,2026-05-15,Pending,Debit Card
4535,836,2024-08-26,Delivered,Net Banking
4536,82,2025-06-20,Cancelled,Debit Card
4537,238,2026-04-13,Returned,Credit Card
4538,411,2025-12-17,Pending,Cash on Delivery
4539,736,2024-11-03,Cancelled,Cash on Delivery
4540,489,2026-06-15,Returned,Net Banking
4541,426,2026-02-18,Delivered,UPI
4542,480,2025-07-03,Returned,Cash on Delivery
4543,422,2024-08-23,Cancelled,Debit Card
4544,421,2026-02-25,Pending,Net Banking
4545,795,2025-08-04,Pending,Debit Card
4546,364,2025-07-29,Cancelled,Net Banking
4547,212,2025-03-21,Pending,Credit Card
4548,209,2025-07-02,Pending,Cash on Delivery
4549,401,2025-07-16,Delivered,Debit Card
4550,873,2025-12-06,Delivered,Cash on Delivery
4551,979,2024-11-19,Returned,UPI
4552,980,2026-02-28,Cancelled,Credit Card
4553,670,2025-08-19,Cancelled,Cash on Delivery
4554,767,2026-01-21,Delivered,Debit Card
4555,511,2025-01-01,Pending,Net Banking
4556,159,2024-08-28,Delivered,Net Banking
4557,58,2025-06-22,Delivered,Debit Card
4558,21,2025-01-26,Delivered,Net Banking
4559,62,2025-01-09,Cancelled,Net Banking
4560,301,2025-05-24,Cancelled,Net Banking
4561,131,2026-06-30,Returned,Cash on Delivery
4562,733,2026-06-04,Delivered,Debit Card
4563,623,2025-03-06,Returned,Credit Card
4564,497,2025-08-19,Returned,Net Banking
4565,581,2024-08-23,Delivered,Credit Card
4566,827,2024-12-06,Returned,Credit Card
4567,84,2026-07-18,Returned,UPI
4568,499,2026-01-31,Cancelled,UPI
4569,330,2024-10-10,Cancelled,Cash on Delivery
4570,849,2026-05-21,Delivered,Net Banking
4571,345,2025-04-23,Pending,Net Banking
4572,529,2024-12-15,Returned,Net Banking
4573,25,2025-12-15,Cancelled,UPI
4574,819,2025-05-15,Pending,Cash on Delivery
4575,109,2025-09-20,Cancelled,Net Banking
4576,121,2026-01-20,Returned,UPI
4577,411,2025-05-06,Returned,Credit Card
4578,762,2025-09-25,Pending,Cash on Delivery
4579,726,2025-08-02,Delivered,UPI
4580,143,2025-12-26,Returned,Debit Card
4581,28,2025-09-01,Cancelled,Debit Card
4582,743,2025-11-15,Delivered,Debit Card
4583,820,2026-03-08,Returned,Credit Card
4584,299,2025-09-23,Returned,Debit Card
4585,558,2024-12-23,Pending,Debit Card
4586,442,2025-08-31,Pending,UPI
4587,635,2025-01-28,Pending,Credit Card
4588,432,2025-05-15,Returned,UPI
4589,826,2025-12-27,Returned,Cash on Delivery
4590,915,2025-03-23,Cancelled,Net Banking
4591,434,2025-08-04,Delivered,UPI
4592,485,2026-03-03,Pending,Cash on Delivery
4593,668,2024-12-03,Cancelled,Net Banking
4594,664,2025-04-23,Pending,Debit Card
4595,132,2025-08-08,Returned,Debit Card
4596,347,2026-03-11,Pending,Net Banking
4597,172,2025-06-12,Pending,Net Banking
4598,400,2025-04-23,Returned,Cash on Delivery
4599,155,2025-11-23,Returned,Credit Card
4600,38,2025-10-08,Returned,UPI
4601,978,2025-12-16,Delivered,Credit Card
4602,341,2024-11-08,Returned,UPI
4603,30,2024-10-11,Returned,Cash on Delivery
4604,916,2024-11-23,Delivered,Cash on Delivery
4605,724,2026-03-23,Cancelled,Debit Card
4606,959,2025-06-13,Returned,UPI
4607,952,2026-05-31,Cancelled,Credit Card
4608,9,2024-09-27,Returned,Debit Card
4609,485,2026-01-06,Delivered,Debit Card
4610,864,2025-11-12,Returned,Cash on Delivery
4611,482,2025-12-31,Cancelled,UPI
4612,192,2025-04-16,Cancelled,Cash on Delivery
4613,731,2025-06-17,Returned,Net Banking
4614,162,2025-07-08,Delivered,Credit Card
4615,674,2025-10-05,Pending,Credit Card
4616,753,2025-03-15,Delivered,UPI
4617,617,2025-04-13,Returned,Credit Card
4618,971,2026-08-01,Returned,Credit Card
4619,180,2025-03-01,Delivered,UPI
4620,602,2026-01-05,Cancelled,Credit Card
4621,810,2025-12-22,Returned,Credit Card
4622,423,2025-06-18,Delivered,Cash on Delivery
4623,711,2025-06-11,Delivered,Credit Card
4624,170,2026-02-09,Returned,Net Banking
4625,896,2026-03-04,Pending,UPI
4626,564,2024-08-13,Delivered,Net Banking
4627,663,2024-08-16,Returned,Debit Card
4628,868,2025-10-29,Pending,UPI
4629,647,2025-04-29,Cancelled,Credit Card
4630,832,2026-03-31,Pending,Cash on Delivery
4631,646,2024-09-11,Returned,Cash on Delivery
4632,773,2025-11-22,Returned,Cash on Delivery
4633,805,2025-09-25,Delivered,Debit Card
4634,541,2025-08-09,Cancelled,Cash on Delivery
4635,197,2025-03-11,Pending,UPI
4636,104,2026-03-21,Delivered,Debit Card
4637,325,2025-12-24,Returned,UPI
4638,319,2025-07-31,Cancelled,Cash on Delivery
4639,339,2026-05-21,Returned,Cash on Delivery
4640,352,2025-06-12,Returned,Cash on Delivery
4641,268,2025-10-31,Cancelled,Credit Card
4642,180,2026-04-21,Cancelled,Debit Card
4643,554,2025-09-08,Delivered,Debit Card
4644,657,2026-02-15,Delivered,Net Banking
4645,865,2025-07-11,Pending,Cash on Delivery
4646,810,2024-09-07,Delivered,Debit Card
4647,923,2025-09-14,Returned,Credit Card
4648,227,2026-05-01,Pending,Net Banking
4649,239,2026-01-03,Cancelled,Net Banking
4650,706,2024-12-31,Returned,UPI
4651,934,2024-08-02,Pending,Credit Card
4652,56,2025-02-18,Delivered,Debit Card
4653,720,2025-05-31,Delivered,Cash on Delivery
4654,529,2024-10-05,Returned,Cash on Delivery
4655,580,2025-03-16,Pending,Debit Card
4656,945,2024-12-31,Pending,Net Banking
4657,901,2025-09-02,Delivered,Net Banking
4658,881,2025-08-01,Returned,Credit Card
4659,561,2025-07-18,Returned,Debit Card
4660,591,2026-04-11,Returned,Credit Card
4661,622,2026-01-26,Cancelled,Cash on Delivery
4662,657,2025-06-25,Cancelled,Net Banking
4663,777,2025-04-12,Delivered,Cash on Delivery
4664,966,2025-11-18,Delivered,Net Banking
4665,280,2025-01-01,Returned,Credit Card
4666,349,2026-01-20,Delivered,Credit Card
4667,351,2026-04-04,Cancelled,UPI
4668,359,2025-01-18,Pending,Net Banking
4669,825,2026-03-15,Returned,Debit Card
4670,902,2026-05-25,Delivered,Debit Card
4671,200,2024-11-27,Delivered,Credit Card
4672,263,2025-06-22,Pending,Cash on Delivery
4673,776,2025-12-15,Pending,Cash on Delivery
4674,613,2025-05-01,Delivered,Debit Card
4675,345,2025-05-01,Delivered,Net Banking
4676,498,2024-09-09,Cancelled,Cash on Delivery
4677,984,2025-01-31,Returned,Credit Card
4678,371,2026-04-25,Pending,Debit Card
4679,937,2026-04-01,Pending,Credit Card
4680,386,2025-12-03,Pending,Debit Card
4681,590,2026-03-20,Returned,Net Banking
4682,322,2025-08-14,Returned,Net Banking
4683,199,2025-05-14,Delivered,Debit Card
4684,463,2024-12-05,Returned,Cash on Delivery
4685,802,2026-03-14,Pending,UPI
4686,267,2024-10-13,Delivered,UPI
4687,709,2025-05-31,Delivered,UPI
4688,114,2026-03-22,Pending,Debit Card
4689,273,2025-07-10,Pending,UPI
4690,340,2026-06-06,Delivered,UPI
4691,714,2025-10-18,Cancelled,Net Banking
4692,12,2026-03-10,Delivered,UPI
4693,226,2025-12-14,Delivered,Debit Card
4694,395,2026-03-05,Cancelled,Debit Card
4695,215,2026-05-31,Pending,Cash on Delivery
4696,46,2025-06-07,Delivered,Debit Card
4697,357,2026-03-31,Cancelled,UPI
4698,505,2024-09-12,Returned,Debit Card
4699,659,2025-11-08,Pending,Credit Card
4700,836,2025-10-10,Returned,Credit Card
4701,946,2026-07-14,Returned,Net Banking
4702,117,2025-03-24,Returned,Cash on Delivery
4703,569,2026-01-23,Delivered,Debit Card
4704,420,2025-09-30,Returned,Cash on Delivery
4705,233,2026-01-31,Cancelled,Net Banking
4706,880,2026-06-13,Delivered,Credit Card
4707,463,2024-08-19,Returned,Debit Card
4708,464,2026-06-02,Returned,UPI
4709,249,2026-02-24,Pending,UPI
4710,737,2026-01-27,Delivered,Credit Card
4711,232,2026-04-25,Pending,UPI
4712,221,2025-06-06,Pending,Net Banking
4713,206,2026-07-16,Returned,Cash on Delivery
4714,308,2025-02-22,Delivered,Debit Card
4715,524,2025-05-30,Delivered,Cash on Delivery
4716,257,2025-08-03,Delivered,Credit Card
4717,309,2026-05-23,Delivered,Net Banking
4718,79,2024-08-12,Pending,Debit Card
4719,852,2026-06-01,Delivered,Credit Card
4720,58,2026-06-15,Pending,Net Banking
4721,800,2025-11-22,Delivered,UPI
4722,788,2025-02-15,Delivered,Net Banking
4723,14,2025-07-04,Cancelled,Credit Card
4724,701,2026-03-14,Delivered,UPI
4725,418,2025-08-25,Delivered,Cash on Delivery
4726,461,2024-09-29,Delivered,Debit Card
4727,933,2025-04-22,Cancelled,Net Banking
4728,94,2025-05-03,Delivered,Net Banking
4729,75,2025-05-08,Cancelled,Net Banking
4730,560,2024-08-03,Pending,Net Banking
4731,43,2026-07-26,Cancelled,Cash on Delivery
4732,661,2026-05-03,Delivered,Net Banking
4733,630,2025-07-25,Returned,Credit Card
4734,756,2025-09-22,Returned,Debit Card
4735,712,2025-01-30,Delivered,Cash on Delivery
4736,763,2025-02-27,Delivered,UPI
4737,848,2025-03-03,Pending,UPI
4738,644,2025-07-11,Pending,Credit Card
4739,602,2025-02-13,Delivered,Cash on Delivery
4740,534,2026-01-01,Pending,Debit Card
4741,838,2026-05-14,Pending,Cash on Delivery
4743,486,2025-05-16,Returned,Credit Card
4744,742,2025-04-06,Returned,Net Banking
4745,854,2025-11-26,Returned,UPI
4746,802,2025-10-08,Pending,Cash on Delivery
4747,814,2024-10-29,Delivered,Debit Card
4748,709,2025-10-21,Cancelled,Credit Card
4749,737,2025-01-19,Pending,Cash on Delivery
4750,305,2026-07-11,Pending,Credit Card
4751,283,2025-02-06,Pending,Debit Card
4752,367,2024-12-27,Delivered,UPI
4753,587,2024-10-26,Returned,Credit Card
4754,896,2025-02-01,Returned,Net Banking
4755,451,2024-09-23,Delivered,Credit Card
4756,494,2026-05-10,Pending,Cash on Delivery
4757,216,2024-11-11,Delivered,Credit Card
4758,741,2025-01-15,Returned,UPI
4759,130,2026-07-19,Pending,Credit Card
4760,668,2026-03-08,Pending,UPI
4761,484,2025-08-01,Delivered,Credit Card
4762,418,2025-07-05,Pending,Credit Card
4763,949,2024-09-27,Returned,Debit Card
4764,685,2026-01-12,Delivered,Cash on Delivery
4765,753,2025-04-26,Cancelled,Net Banking
4766,13,2026-02-10,Cancelled,Cash on Delivery
4767,383,2025-12-08,Delivered,Debit Card
4768,962,2025-03-30,Pending,Debit Card
4769,596,2026-07-18,Delivered,Debit Card
4770,757,2026-01-07,Returned,UPI
4771,641,2025-11-23,Delivered,UPI
4772,41,2026-01-19,Pending,Cash on Delivery
4773,738,2026-02-04,Pending,Debit Card
4774,326,2024-12-09,Delivered,Cash on Delivery
4775,723,2024-08-17,Returned,Credit Card
4776,202,2025-01-14,Returned,Net Banking
4777,458,2024-11-11,Returned,Credit Card
4778,351,2026-07-13,Pending,Net Banking
4779,176,2026-07-14,Returned,Net Banking
4780,775,2025-03-26,Returned,UPI
4781,426,2024-10-15,Returned,UPI
4782,928,2024-11-12,Pending,Credit Card
4783,399,2025-02-01,Cancelled,Credit Card
4784,26,2024-11-29,Cancelled,UPI
4785,959,2026-07-19,Cancelled,Cash on Delivery
4786,569,2024-10-30,Pending,Cash on Delivery
4787,180,2025-02-09,Cancelled,Net Banking
4788,111,2026-06-27,Cancelled,Cash on Delivery
4789,877,2025-09-14,Returned,Debit Card
4790,548,2025-04-28,Pending,Credit Card
4791,312,2026-05-25,Cancelled,Debit Card
4792,65,2024-08-04,Cancelled,Net Banking
4793,877,2025-10-06,Delivered,Cash on Delivery
4794,165,2025-09-06,Pending,UPI
4795,390,2025-12-31,Delivered,UPI
4796,211,2026-03-11,Pending,UPI
4797,903,2025-05-24,Returned,UPI
4798,172,2025-08-10,Returned,Cash on Delivery
4799,897,2026-02-27,Pending,Cash on Delivery
4800,911,2026-04-26,Pending,Cash on Delivery
4801,12,2025-08-24,Pending,UPI
4802,388,2025-02-15,Cancelled,Net Banking
4803,885,2025-04-08,Returned,Debit Card
4804,366,2025-07-13,Returned,Cash on Delivery
4805,361,2026-07-21,Returned,UPI
4806,415,2024-12-30,Cancelled,Cash on Delivery
4807,45,2026-03-12,Returned,Cash on Delivery
4808,295,2026-07-12,Cancelled,UPI
4809,108,2025-01-10,Pending,Cash on Delivery
4810,441,2026-05-02,Delivered,Net Banking
4811,453,2026-03-20,Returned,Debit Card
4812,707,2026-06-22,Delivered,Net Banking
4813,903,2024-09-15,Delivered,UPI
4814,469,2025-11-17,Cancelled,UPI
4815,959,2026-01-12,Delivered,UPI
4816,916,2025-05-11,Cancelled,Cash on Delivery
4817,7,2025-02-01,Delivered,Credit Card
4818,730,2026-01-12,Pending,Net Banking
4819,176,2025-02-16,Cancelled,Debit Card
4820,709,2025-06-20,Cancelled,Credit Card
4821,284,2025-01-29,Delivered,Net Banking
4822,886,2026-04-12,Pending,Net Banking
4823,735,2024-10-16,Pending,UPI
4824,456,2025-05-25,Returned,Credit Card
4825,624,2025-07-16,Returned,Cash on Delivery
4826,383,2026-05-30,Delivered,UPI
4827,489,2026-07-31,Pending,Net Banking
4828,56,2025-09-03,Delivered,Cash on Delivery
4829,267,2025-10-12,Cancelled,Cash on Delivery
4830,394,2025-09-27,Delivered,Net Banking
4831,710,2025-11-05,Returned,Cash on Delivery
4832,80,2025-01-15,Delivered,Debit Card
4833,536,2026-02-01,Delivered,Net Banking
4834,283,2026-01-08,Pending,UPI
4835,157,2026-06-25,Returned,Credit Card
4836,133,2024-12-27,Delivered,Debit Card
4837,586,2026-01-13,Cancelled,Net Banking
4838,306,2025-04-19,Returned,Net Banking
4839,471,2026-02-27,Pending,Net Banking
4840,847,2025-09-14,Cancelled,Net Banking
4841,943,2026-02-15,Delivered,Debit Card
4842,533,2025-05-17,Pending,Net Banking
4843,38,2024-12-24,Returned,Credit Card
4844,899,2025-12-08,Delivered,Credit Card
4845,180,2025-07-27,Pending,Credit Card
4846,884,2024-10-06,Returned,Debit Card
4847,446,2024-11-24,Returned,Cash on Delivery
4848,757,2026-04-30,Cancelled,Credit Card
4849,931,2026-02-07,Cancelled,Cash on Delivery
4850,733,2024-09-12,Cancelled,Net Banking
4851,845,2025-06-14,Returned,Credit Card
4852,616,2026-04-26,Pending,Net Banking
4853,248,2025-01-16,Pending,UPI
4854,512,2025-08-24,Returned,Cash on Delivery
4855,692,2025-10-05,Returned,UPI
4856,613,2024-10-28,Cancelled,Credit Card
4857,468,2024-11-25,Returned,Cash on Delivery
4858,172,2024-11-17,Pending,Net Banking
4859,123,2026-05-31,Pending,Credit Card
4860,209,2025-04-20,Pending,Cash on Delivery
4861,930,2025-02-12,Delivered,Debit Card
4862,731,2025-05-22,Pending,Credit Card
4863,545,2024-12-22,Returned,Debit Card
4864,214,2026-01-05,Pending,Cash on Delivery
4865,805,2026-01-02,Cancelled,Net Banking
4866,31,2025-03-02,Pending,Credit Card
4867,95,2025-12-14,Returned,Cash on Delivery
4868,694,2024-10-10,Pending,Credit Card
4869,612,2025-09-07,Returned,Debit Card
4870,128,2025-12-09,Pending,Credit Card
4871,880,2026-04-15,Pending,UPI
4872,312,2026-01-15,Delivered,Debit Card
4873,353,2024-12-14,Pending,Net Banking
4874,932,2025-02-11,Returned,Credit Card
4875,720,2025-12-17,Delivered,Cash on Delivery
4876,218,2025-06-07,Delivered,UPI
4877,395,2024-08-04,Cancelled,Credit Card
4878,283,2025-03-08,Delivered,Debit Card
4879,149,2025-12-31,Cancelled,Credit Card
4880,520,2024-12-15,Returned,UPI
4881,561,2024-08-01,Delivered,Cash on Delivery
4882,959,2026-04-22,Delivered,Credit Card
4883,156,2026-02-12,Pending,Debit Card
4884,672,2025-08-05,Cancelled,UPI
4885,566,2025-07-25,Pending,UPI
4886,369,2025-05-31,Pending,UPI
4887,671,2024-11-16,Returned,Net Banking
4888,69,2024-08-06,Returned,Cash on Delivery
4889,955,2025-09-06,Cancelled,Debit Card
4890,79,2026-05-10,Cancelled,Credit Card
4891,348,2026-07-28,Pending,Cash on Delivery
4892,11,2026-07-24,Returned,Credit Card
4893,84,2025-03-13,Delivered,Cash on Delivery
4894,969,2024-12-24,Pending,Credit Card
4895,937,2026-03-06,Pending,Cash on Delivery
4896,454,2025-02-09,Pending,Net Banking
4897,137,2026-07-27,Pending,UPI
4898,61,2026-06-13,Returned,Cash on Delivery
4899,975,2025-09-13,Delivered,Cash on Delivery
4900,458,2025-10-14,Returned,Debit Card
4901,171,2024-08-12,Cancelled,UPI
4902,453,2026-02-04,Delivered,Net Banking
4903,577,2026-02-27,Delivered,Credit Card
4904,511,2025-06-06,Returned,Credit Card
4905,760,2024-10-04,Returned,Credit Card
4906,897,2025-10-11,Delivered,UPI
4907,174,2025-07-31,Pending,Net Banking
4908,676,2026-04-02,Returned,Net Banking
4909,363,2026-07-27,Delivered,Credit Card
4910,582,2025-10-16,Returned,UPI
4911,72,2025-07-08,Delivered,Credit Card
4912,754,2026-06-06,Delivered,Credit Card
4913,113,2024-12-06,Delivered,Net Banking
4914,470,2026-01-25,Cancelled,UPI
4915,937,2025-05-12,Returned,Debit Card
4916,850,2025-07-26,Returned,Debit Card
4917,109,2024-09-27,Delivered,Debit Card
4918,997,2026-03-28,Cancelled,Debit Card
4919,615,2025-05-02,Returned,Debit Card
4920,635,2024-10-28,Pending,Cash on Delivery
4921,682,2025-02-14,Cancelled,Cash on Delivery
4922,248,2025-05-21,Returned,Credit Card
4923,703,2025-06-17,Cancelled,UPI
4924,391,2026-07-06,Returned,UPI
4925,820,2025-01-02,Pending,Credit Card
4926,584,2024-11-14,Delivered,Credit Card
4927,337,2026-04-05,Returned,Net Banking
4928,459,2026-01-01,Cancelled,Net Banking
4929,515,2026-04-01,Cancelled,Cash on Delivery
4930,666,2026-06-25,Delivered,Debit Card
4931,259,2026-07-29,Delivered,UPI
4932,233,2025-07-21,Returned,Net Banking
4933,905,2025-03-30,Pending,Cash on Delivery
4934,237,2026-07-02,Returned,Net Banking
4935,10,2025-03-22,Delivered,Debit Card
4936,899,2025-03-04,Returned,Credit Card
4937,705,2024-11-27,Pending,UPI
4938,369,2026-01-10,Returned,Credit Card
4939,970,2025-06-16,Delivered,UPI
4940,579,2025-09-06,Pending,Cash on Delivery
4941,883,2026-07-09,Delivered,Cash on Delivery
4942,25,2026-07-20,Returned,UPI
4943,379,2026-03-13,Delivered,Cash on Delivery
4944,905,2025-09-03,Delivered,Debit Card
4945,359,2025-01-20,Pending,Debit Card
4946,859,2025-04-27,Returned,Credit Card
4947,416,2025-02-28,Delivered,Debit Card
4948,628,2025-10-22,Returned,Debit Card
4949,353,2024-12-05,Cancelled,Credit Card
4950,818,2025-05-29,Returned,Net Banking
4951,212,2025-08-27,Cancelled,Net Banking
4952,129,2024-11-01,Returned,Credit Card
4953,720,2026-04-20,Cancelled,Credit Card
4954,610,2025-03-21,Returned,Net Banking
4955,520,2026-04-15,Pending,Net Banking
4956,760,2026-06-18,Cancelled,UPI
4957,474,2026-01-10,Delivered,Cash on Delivery
4959,713,2024-09-08,Returned,Net Banking
4960,225,2025-09-29,Returned,Net Banking
4961,205,2026-01-08,Delivered,Credit Card
4962,214,2026-04-17,Cancelled,UPI
4963,827,2025-02-07,Cancelled,Cash on Delivery
4964,786,2025-11-24,Pending,Net Banking
4965,994,2025-12-23,Returned,Debit Card
4966,546,2025-12-31,Cancelled,Debit Card
4967,86,2025-10-15,Pending,Credit Card
4968,59,2025-01-18,Pending,Credit Card
4969,352,2026-07-30,Pending,Net Banking
4970,234,2024-09-09,Pending,Debit Card
4971,818,2025-11-04,Cancelled,UPI
4972,966,2025-09-17,Returned,Cash on Delivery
4973,667,2025-08-26,Returned,Debit Card
4974,454,2026-03-06,Cancelled,Cash on Delivery
4975,465,2026-06-17,Pending,Debit Card
4976,707,2026-03-25,Pending,Cash on Delivery
4977,116,2025-11-03,Returned,Net Banking
4978,340,2024-10-27,Cancelled,UPI
4979,152,2026-05-30,Delivered,Net Banking
4980,852,2025-05-05,Pending,Cash on Delivery
4981,648,2025-05-15,Cancelled,Cash on Delivery
4982,699,2025-04-22,Returned,Debit Card
4983,14,2025-06-23,Returned,Debit Card
4984,348,2026-07-21,Returned,Cash on Delivery
4985,526,2025-12-31,Delivered,Cash on Delivery
4986,719,2025-10-08,Pending,Credit Card
4987,701,2024-12-02,Cancelled,UPI
4988,601,2024-12-15,Pending,Debit Card
4989,224,2025-08-02,Returned,Cash on Delivery
4990,218,2025-01-12,Delivered,Credit Card
4991,214,2025-07-27,Delivered,Net Banking
4992,567,2024-12-25,Cancelled,Net Banking
4993,53,2025-09-23,Cancelled,UPI
4994,318,2026-05-26,Returned,UPI
4995,685,2026-02-04,Delivered,Debit Card
4996,687,2025-04-04,Cancelled,Cash on Delivery
4997,821,2025-03-24,Returned,Credit Card
4998,343,2025-08-28,Returned,Credit Card
4999,376,2025-10-23,Pending,Cash on Delivery
5000,211,2026-02-14,Returned,UPI
